{"type":"FeatureCollection","features":[{"type":"Feature","geometry":{"type":"Polygon","coordinates":[[[126.97689,37.57565],[126.97382,37.57937],[126.96281,37.57945],[126.96284,37.57666],[126.96905,37.56819],[126.97537,37.56932],[126.97703,37.56919],[126.97689,37.57565]]]},"properties":{"code":"1111053000","name":"사직동","parent":"11110"}},{"type":"Feature","geometry":{"type":"Polygon","coordinates":[[[126.98269,37.59507],[126.97585,37.59656],[126.97359,37.59329],[126.97897,37.58718],[126.97959,37.57598],[126.98553,37.57667],[126.98284,37.58272],[126.98908,37.59139],[126.98269,37.59507]]]},"properties":{"code":"1111054000","name":"삼청동","parent":"11110"}},{"type":"Feature","geometry":{"type":"Polygon","coordinates":[[[126.97585,37.59656],[126.96715,37.60029],[126.96107,37.60697],[126.95815,37.60353],[126.95338,37.60537],[126.95275,37.60041],[126.9563,37.59566],[126.95689,37.58542],[126.9579,37.58381],[126.96643,37.59293],[126.97359,37.59329],[126.97585,37.59656]]]},"properties":{"code":"1111055000","name":"부암동","parent":"11110"}},{"type":"Feature","geometry":{"type":"Polygon","coordinates":[[[126.97507,37.63139],[126.97179,37.63229],[126.96925,37.63022],[126.95954,37.62848],[126.95318,37.62517],[126.95033,37.61836],[126.94998,37.60971],[126.95038,37.60788],[126.95338,37.60537],[126.95815,37.60353],[126.96107,37.60697],[126.96715,37.60029],[126.97585,37.59656],[126.98269,37.59507],[126.98157,37.59914],[126.98774,37.60122],[126.9859,37.60714],[126.9867,37.61468],[126.98281,37.61669],[126.97921,37.62457],[126.98013,37.62835],[126.97507,37.63139]]]},"properties":{"code":"1111056000","name":"평창동","parent":"11110"}},{"type":"Feature","geometry":{"type":"Polygon","coordinates":[[[126.96067,37.5808],[126.95356,37.57888],[126.95392,37.57849],[126.95957,37.57296],[126.96284,37.57666],[126.96281,37.57945],[126.96067,37.5808]]]},"properties":{"code":"1111057000","name":"무악동","parent":"11110"}},{"type":"Feature","geometry":{"type":"Polygon","coordinates":[[[126.96905,37.56819],[126.96284,37.57666],[126.95957,37.57296],[126.96581,37.56667],[126.96677,37.56579],[126.96905,37.56819]]]},"properties":{"code":"1111058000","name":"교남동","parent":"11110"}},{"type":"Feature","geometry":{"type":"Polygon","coordinates":[[[126.98914,37.59131],[126.98908,37.59139],[126.98284,37.58272],[126.98553,37.57667],[126.9893,37.57739],[126.98831,37.58747],[126.98914,37.59131]]]},"properties":{"code":"1111060000","name":"가회동","parent":"11110"}},{"type":"Feature","geometry":{"type":"Polygon","coordinates":[[[126.9965,37.58102],[126.99329,37.58693],[126.98831,37.58747],[126.9893,37.57739],[126.98553,37.57667],[126.97959,37.57598],[126.97689,37.57565],[126.97703,37.56919],[126.99087,37.56824],[127.00162,37.56959],[126.99968,37.5759],[126.9965,37.58102]]]},"properties":{"code":"1111061500","name":"종로1·2·3·4가동","parent":"11110"}},{"type":"Feature","geometry":{"type":"Polygon","coordinates":[[[127.01016,37.57157],[127.00861,37.57671],[126.99968,37.5759],[127.00162,37.56959],[127.00668,37.56965],[127.00959,37.56978],[127.01016,37.57157]]]},"properties":{"code":"1111063000","name":"종로5·6가동","parent":"11110"}},{"type":"Feature","geometry":{"type":"Polygon","coordinates":[[[127.00733,37.5832],[127.0058,37.58476],[126.9965,37.58102],[126.99968,37.5759],[127.00861,37.57671],[127.00884,37.58045],[127.00733,37.5832]]]},"properties":{"code":"1111064000","name":"이화동","parent":"11110"}},{"type":"Feature","geometry":{"type":"Polygon","coordinates":[[[127.01573,37.57298],[127.01548,37.57681],[127.01265,37.57538],[127.01016,37.57157],[127.00959,37.56978],[127.01751,37.57029],[127.01882,37.57098],[127.01573,37.57298]]]},"properties":{"code":"1111067000","name":"창신1동","parent":"11110"}},{"type":"Feature","geometry":{"type":"Polygon","coordinates":[[[127.01048,37.58034],[127.00884,37.58045],[127.00861,37.57671],[127.01016,37.57157],[127.01265,37.57538],[127.01048,37.58034]]]},"properties":{"code":"1111068000","name":"창신2동","parent":"11110"}},{"type":"Feature","geometry":{"type":"Polygon","coordinates":[[[127.01495,37.58213],[127.01469,37.58223],[127.01048,37.58034],[127.01265,37.57538],[127.01548,37.57681],[127.01495,37.58213]]]},"properties":{"code":"1111069000","name":"창신3동","parent":"11110"}},{"type":"Feature","geometry":{"type":"Polygon","coordinates":[[[127.01875,37.57753],[127.01495,37.58213],[127.01548,37.57681],[127.01573,37.57298],[127.01875,37.57753]]]},"properties":{"code":"1111070000","name":"숭인1동","parent":"11110"}},{"type":"Feature","geometry":{"type":"Polygon","coordinates":[[[127.02317,37.57804],[127.01875,37.57753],[127.01573,37.57298],[127.01882,37.57098],[127.02337,37.57174],[127.02317,37.57804]]]},"properties":{"code":"1111071000","name":"숭인2동","parent":"11110"}},{"type":"Feature","geometry":{"type":"Polygon","coordinates":[[[126.97359,37.59329],[126.96643,37.59293],[126.9579,37.58381],[126.96067,37.5808],[126.96281,37.57945],[126.97382,37.57937],[126.97689,37.57565],[126.97959,37.57598],[126.97897,37.58718],[126.97359,37.59329]]]},"properties":{"code":"1111051500","name":"청운효자동","parent":"11110"}},{"type":"Feature","geometry":{"type":"Polygon","coordinates":[[[127.00419,37.58795],[126.99853,37.59251],[126.98914,37.59131],[126.98831,37.58747],[126.99329,37.58693],[126.9965,37.58102],[127.0058,37.58476],[127.00733,37.5832],[127.00419,37.58795]]]},"properties":{"code":"1111065000","name":"혜화동","parent":"11110"}},{"type":"Feature","geometry":{"type":"Polygon","coordinates":[[[126.98109,37.5618],[126.97537,37.56932],[126.96905,37.56819],[126.96677,37.56579],[126.96959,37.56201],[126.9714,37.5596],[126.98109,37.5618]]]},"properties":{"code":"1114052000","name":"소공동","parent":"11140"}},{"type":"Feature","geometry":{"type":"Polygon","coordinates":[[[126.98536,37.55424],[126.98109,37.5618],[126.9714,37.5596],[126.96849,37.55538],[126.96907,37.5539],[126.97666,37.55271],[126.98543,37.55374],[126.98536,37.55424]]]},"properties":{"code":"1114054000","name":"회현동","parent":"11140"}},{"type":"Feature","geometry":{"type":"Polygon","coordinates":[[[126.97703,37.56919],[126.97537,37.56932],[126.98109,37.5618],[126.98536,37.55424],[126.99032,37.56296],[126.99087,37.56824],[126.97703,37.56919]]]},"properties":{"code":"1114055000","name":"명동","parent":"11140"}},{"type":"Feature","geometry":{"type":"Polygon","coordinates":[[[126.99347,37.563],[126.99032,37.56296],[126.98536,37.55424],[126.98543,37.55374],[126.98781,37.55149],[126.99236,37.55009],[127.00251,37.55585],[127.00117,37.56288],[126.99347,37.563]]]},"properties":{"code":"1114057000","name":"필동","parent":"11140"}},{"type":"Feature","geometry":{"type":"Polygon","coordinates":[[[127.00957,37.56303],[127.00117,37.56288],[127.00251,37.55585],[126.99236,37.55009],[126.99319,37.54906],[126.99532,37.54724],[127.00423,37.55038],[127.00453,37.55393],[127.00936,37.56205],[127.00957,37.56303]]]},"properties":{"code":"1114058000","name":"장충동","parent":"11140"}},{"type":"Feature","geometry":{"type":"Polygon","coordinates":[[[127.00957,37.56303],[127.00959,37.56978],[127.00668,37.56965],[127.00153,37.56588],[126.99347,37.563],[127.00117,37.56288],[127.00957,37.56303]]]},"properties":{"code":"1114059000","name":"광희동","parent":"11140"}},{"type":"Feature","geometry":{"type":"Polygon","coordinates":[[[126.99347,37.563],[127.00153,37.56588],[127.00668,37.56965],[127.00162,37.56959],[126.99087,37.56824],[126.99032,37.56296],[126.99347,37.563]]]},"properties":{"code":"1114060500","name":"을지로동","parent":"11140"}},{"type":"Feature","geometry":{"type":"Polygon","coordinates":[[[127.02362,37.56517],[127.01807,37.56557],[127.01599,37.56412],[127.02333,37.56074],[127.02671,37.56499],[127.02362,37.56517]]]},"properties":{"code":"1114065000","name":"신당5동","parent":"11140"}},{"type":"Feature","geometry":{"type":"Polygon","coordinates":[[[127.02362,37.56517],[127.02337,37.57174],[127.01882,37.57098],[127.01751,37.57029],[127.01807,37.56557],[127.02362,37.56517]]]},"properties":{"code":"1114067000","name":"황학동","parent":"11140"}},{"type":"Feature","geometry":{"type":"Polygon","coordinates":[[[126.9714,37.5596],[126.96959,37.56201],[126.96207,37.55926],[126.96148,37.55885],[126.96239,37.5515],[126.96849,37.55538],[126.9714,37.5596]]]},"properties":{"code":"1114068000","name":"중림동","parent":"11140"}},{"type":"Feature","geometry":{"type":"Polygon","coordinates":[[[127.01807,37.56557],[127.01751,37.57029],[127.00959,37.56978],[127.00957,37.56303],[127.00936,37.56205],[127.01285,37.56058],[127.01426,37.56108],[127.01599,37.56412],[127.01807,37.56557]]]},"properties":{"code":"1114061500","name":"신당동","parent":"11140"}},{"type":"Feature","geometry":{"type":"Polygon","coordinates":[[[127.01285,37.56058],[127.00936,37.56205],[127.00453,37.55393],[127.00423,37.55038],[127.00531,37.54771],[127.01106,37.55553],[127.01285,37.56058]]]},"properties":{"code":"1114062500","name":"다산동","parent":"11140"}},{"type":"Feature","geometry":{"type":"Polygon","coordinates":[[[127.01631,37.55301],[127.01106,37.55553],[127.00531,37.54771],[127.00861,37.54398],[127.01321,37.54994],[127.01631,37.55301]]]},"properties":{"code":"1114063500","name":"약수동","parent":"11140"}},{"type":"Feature","geometry":{"type":"Polygon","coordinates":[[[127.01937,37.5575],[127.01426,37.56108],[127.01285,37.56058],[127.01106,37.55553],[127.01631,37.55301],[127.01946,37.55734],[127.01937,37.5575]]]},"properties":{"code":"1114064500","name":"청구동","parent":"11140"}},{"type":"Feature","geometry":{"type":"Polygon","coordinates":[[[127.02333,37.56074],[127.01599,37.56412],[127.01426,37.56108],[127.01937,37.5575],[127.02286,37.55787],[127.02333,37.56074]]]},"properties":{"code":"1114066500","name":"동화동","parent":"11140"}},{"type":"Feature","geometry":{"type":"Polygon","coordinates":[[[126.98543,37.55374],[126.97666,37.55271],[126.97441,37.54898],[126.97851,37.54604],[126.9838,37.54653],[126.98781,37.55149],[126.98543,37.55374]]]},"properties":{"code":"1117051000","name":"후암동","parent":"11170"}},{"type":"Feature","geometry":{"type":"Polygon","coordinates":[[[126.99236,37.55009],[126.98781,37.55149],[126.9838,37.54653],[126.97851,37.54604],[126.9806,37.53471],[126.97977,37.52608],[126.99167,37.52722],[126.99133,37.52947],[126.98789,37.53438],[126.98856,37.54305],[126.99319,37.54906],[126.99236,37.55009]]]},"properties":{"code":"1117052000","name":"용산2가동","parent":"11170"}},{"type":"Feature","geometry":{"type":"Polygon","coordinates":[[[126.97666,37.55271],[126.96907,37.5539],[126.9709,37.54853],[126.97071,37.5416],[126.97086,37.53914],[126.97613,37.53457],[126.9806,37.53471],[126.97851,37.54604],[126.97441,37.54898],[126.97666,37.55271]]]},"properties":{"code":"1117053000","name":"남영동","parent":"11170"}},{"type":"Feature","geometry":{"type":"Polygon","coordinates":[[[126.9607,37.5357],[126.95301,37.53785],[126.94467,37.53375],[126.94864,37.52855],[126.95461,37.53153],[126.96159,37.53315],[126.9607,37.5357]]]},"properties":{"code":"1117057000","name":"원효로2동","parent":"11170"}},{"type":"Feature","geometry":{"type":"Polygon","coordinates":[[[126.9632,37.54868],[126.95863,37.54558],[126.95651,37.5407],[126.96386,37.53861],[126.96488,37.54147],[126.9632,37.54868]]]},"properties":{"code":"1117058000","name":"효창동","parent":"11170"}},{"type":"Feature","geometry":{"type":"Polygon","coordinates":[[[126.96386,37.53861],[126.95651,37.5407],[126.9564,37.54058],[126.95301,37.53785],[126.9607,37.5357],[126.96386,37.53861]]]},"properties":{"code":"1117059000","name":"용문동","parent":"11170"}},{"type":"Feature","geometry":{"type":"Polygon","coordinates":[[[126.97623,37.52179],[126.97206,37.52304],[126.96176,37.52263],[126.9572,37.51541],[126.96174,37.51283],[126.97405,37.50733],[126.98013,37.50649],[126.98073,37.50657],[126.98296,37.51939],[126.97623,37.52179]]]},"properties":{"code":"1117063000","name":"이촌1동","parent":"11170"}},{"type":"Feature","geometry":{"type":"Polygon","coordinates":[[[126.96176,37.52263],[126.95545,37.52697],[126.95461,37.53153],[126.94864,37.52855],[126.94956,37.51781],[126.9572,37.51541],[126.96176,37.52263]]]},"properties":{"code":"1117064000","name":"이촌2동","parent":"11170"}},{"type":"Feature","geometry":{"type":"Polygon","coordinates":[[[126.99787,37.53261],[126.99534,37.53897],[126.98789,37.53438],[126.99133,37.52947],[126.9948,37.52873],[126.99787,37.53261]]]},"properties":{"code":"1117065000","name":"이태원1동","parent":"11170"}},{"type":"Feature","geometry":{"type":"Polygon","coordinates":[[[126.99532,37.54724],[126.99319,37.54906],[126.98856,37.54305],[126.98789,37.53438],[126.99534,37.53897],[126.99786,37.54222],[126.99532,37.54724]]]},"properties":{"code":"1117066000","name":"이태원2동","parent":"11170"}},{"type":"Feature","geometry":{"type":"Polygon","coordinates":[[[126.99133,37.52947],[126.99167,37.52722],[126.97977,37.52608],[126.97623,37.52179],[126.98296,37.51939],[126.98073,37.50657],[126.98568,37.50663],[126.99062,37.51303],[126.99594,37.51574],[127.00039,37.51795],[127.0004,37.52211],[126.9948,37.52873],[126.99133,37.52947]]]},"properties":{"code":"1117069000","name":"서빙고동","parent":"11170"}},{"type":"Feature","geometry":{"type":"Polygon","coordinates":[[[127.00797,37.52459],[126.99787,37.53261],[126.9948,37.52873],[127.0004,37.52211],[127.00039,37.51795],[127.00443,37.52026],[127.00797,37.52459]]]},"properties":{"code":"1117070000","name":"보광동","parent":"11170"}},{"type":"Feature","geometry":{"type":"Polygon","coordinates":[[[126.96907,37.5539],[126.96849,37.55538],[126.96239,37.5515],[126.9632,37.54868],[126.96488,37.54147],[126.97071,37.5416],[126.9709,37.54853],[126.96907,37.5539]]]},"properties":{"code":"1117055500","name":"청파동","parent":"11170"}},{"type":"Feature","geometry":{"type":"Polygon","coordinates":[[[126.97086,37.53914],[126.97071,37.5416],[126.96488,37.54147],[126.96386,37.53861],[126.9607,37.5357],[126.96159,37.53315],[126.96946,37.53431],[126.97086,37.53914]]]},"properties":{"code":"1117056000","name":"원효로1동","parent":"11170"}},{"type":"Feature","geometry":{"type":"Polygon","coordinates":[[[126.9806,37.53471],[126.97613,37.53457],[126.97086,37.53914],[126.96946,37.53431],[126.96159,37.53315],[126.95461,37.53153],[126.95545,37.52697],[126.96176,37.52263],[126.97206,37.52304],[126.97623,37.52179],[126.97977,37.52608],[126.9806,37.53471]]]},"properties":{"code":"1117062500","name":"한강로동","parent":"11170"}},{"type":"Feature","geometry":{"type":"Polygon","coordinates":[[[127.00531,37.54771],[127.00423,37.55038],[126.99532,37.54724],[126.99786,37.54222],[126.99534,37.53897],[126.99787,37.53261],[127.00797,37.52459],[127.01187,37.52784],[127.02092,37.53512],[127.01479,37.5389],[127.00932,37.53968],[127.00861,37.54398],[127.00531,37.54771]]]},"properties":{"code":"1117068500","name":"한남동","parent":"11170"}},{"type":"Feature","geometry":{"type":"Polygon","coordinates":[[[127.03351,37.56252],[127.02671,37.56499],[127.02333,37.56074],[127.02286,37.55787],[127.02431,37.5579],[127.03107,37.56033],[127.03351,37.56252]]]},"properties":{"code":"1120052000","name":"왕십리2동","parent":"11200"}},{"type":"Feature","geometry":{"type":"Polygon","coordinates":[[[127.04823,37.56538],[127.04218,37.57302],[127.03648,37.5725],[127.03231,37.57014],[127.0365,37.56604],[127.03883,37.56285],[127.04517,37.56217],[127.04823,37.56538]]]},"properties":{"code":"1120054000","name":"마장동","parent":"11200"}},{"type":"Feature","geometry":{"type":"Polygon","coordinates":[[[127.04934,37.55264],[127.05166,37.55827],[127.04823,37.56538],[127.04517,37.56217],[127.03883,37.56285],[127.03902,37.55386],[127.03983,37.55292],[127.04934,37.55264]]]},"properties":{"code":"1120055000","name":"사근동","parent":"11200"}},{"type":"Feature","geometry":{"type":"Polygon","coordinates":[[[127.03883,37.56285],[127.0365,37.56604],[127.03351,37.56252],[127.03107,37.56033],[127.03428,37.55486],[127.03902,37.55386],[127.03883,37.56285]]]},"properties":{"code":"1120056000","name":"행당1동","parent":"11200"}},{"type":"Feature","geometry":{"type":"Polygon","coordinates":[[[127.03107,37.56033],[127.02431,37.5579],[127.02951,37.55391],[127.03428,37.55486],[127.03107,37.56033]]]},"properties":{"code":"1120057000","name":"행당2동","parent":"11200"}},{"type":"Feature","geometry":{"type":"Polygon","coordinates":[[[127.03902,37.55386],[127.03428,37.55486],[127.02951,37.55391],[127.02898,37.5491],[127.0304,37.54627],[127.03122,37.54657],[127.03983,37.55292],[127.03902,37.55386]]]},"properties":{"code":"1120058000","name":"응봉동","parent":"11200"}},{"type":"Feature","geometry":{"type":"Polygon","coordinates":[[[127.02951,37.55391],[127.02431,37.5579],[127.02286,37.55787],[127.01937,37.5575],[127.01946,37.55734],[127.02524,37.55212],[127.02587,37.54832],[127.02898,37.5491],[127.02951,37.55391]]]},"properties":{"code":"1120059000","name":"금호1가동","parent":"11200"}},{"type":"Feature","geometry":{"type":"Polygon","coordinates":[[[127.0304,37.54627],[127.02898,37.5491],[127.02587,37.54832],[127.01445,37.5481],[127.02287,37.54145],[127.0315,37.54251],[127.0304,37.54627]]]},"properties":{"code":"1120062000","name":"금호4가동","parent":"11200"}},{"type":"Feature","geometry":{"type":"Polygon","coordinates":[[[127.04958,37.54417],[127.03672,37.54756],[127.03122,37.54657],[127.0304,37.54627],[127.0315,37.54251],[127.0359,37.53584],[127.04667,37.534],[127.04906,37.53255],[127.05188,37.54347],[127.04958,37.54417]]]},"properties":{"code":"1120065000","name":"성수1가1동","parent":"11200"}},{"type":"Feature","geometry":{"type":"Polygon","coordinates":[[[127.04934,37.55264],[127.03983,37.55292],[127.03122,37.54657],[127.03672,37.54756],[127.04958,37.54417],[127.05218,37.55084],[127.05252,37.55169],[127.04934,37.55264]]]},"properties":{"code":"1120066000","name":"성수1가2동","parent":"11200"}},{"type":"Feature","geometry":{"type":"Polygon","coordinates":[[[127.06283,37.54019],[127.05188,37.54347],[127.04906,37.53255],[127.05657,37.5291],[127.06283,37.54019]]]},"properties":{"code":"1120067000","name":"성수2가1동","parent":"11200"}},{"type":"Feature","geometry":{"type":"Polygon","coordinates":[[[127.0675,37.54831],[127.06004,37.54833],[127.05218,37.55084],[127.04958,37.54417],[127.05188,37.54347],[127.06283,37.54019],[127.06394,37.54215],[127.0675,37.54831]]]},"properties":{"code":"1120069000","name":"성수2가3동","parent":"11200"}},{"type":"Feature","geometry":{"type":"Polygon","coordinates":[[[127.0737,37.55944],[127.06838,37.55641],[127.06354,37.55035],[127.05252,37.55169],[127.05218,37.55084],[127.06004,37.54833],[127.0675,37.54831],[127.0737,37.55944]]]},"properties":{"code":"1120072000","name":"송정동","parent":"11200"}},{"type":"Feature","geometry":{"type":"Polygon","coordinates":[[[127.05684,37.56377],[127.04866,37.56987],[127.04218,37.57302],[127.04823,37.56538],[127.05166,37.55827],[127.04934,37.55264],[127.05252,37.55169],[127.06354,37.55035],[127.06838,37.55641],[127.0737,37.55944],[127.0721,37.56005],[127.05777,37.56302],[127.05684,37.56377]]]},"properties":{"code":"1120079000","name":"용답동","parent":"11200"}},{"type":"Feature","geometry":{"type":"Polygon","coordinates":[[[127.03231,37.57014],[127.02337,37.57174],[127.02362,37.56517],[127.02671,37.56499],[127.03351,37.56252],[127.0365,37.56604],[127.03231,37.57014]]]},"properties":{"code":"1120053500","name":"왕십리도선동","parent":"11200"}},{"type":"Feature","geometry":{"type":"Polygon","coordinates":[[[127.02587,37.54832],[127.02524,37.55212],[127.01946,37.55734],[127.01631,37.55301],[127.01321,37.54994],[127.01445,37.5481],[127.02587,37.54832]]]},"properties":{"code":"1120061500","name":"금호2·3가동","parent":"11200"}},{"type":"Feature","geometry":{"type":"Polygon","coordinates":[[[127.01445,37.5481],[127.01321,37.54994],[127.00861,37.54398],[127.00932,37.53968],[127.01479,37.5389],[127.02092,37.53512],[127.02156,37.53553],[127.0359,37.53584],[127.0315,37.54251],[127.02287,37.54145],[127.01445,37.5481]]]},"properties":{"code":"1120064500","name":"옥수동","parent":"11200"}},{"type":"Feature","geometry":{"type":"Polygon","coordinates":[[[127.07406,37.54734],[127.0675,37.54831],[127.06394,37.54215],[127.07055,37.53983],[127.07514,37.53871],[127.08293,37.54137],[127.08161,37.5453],[127.07406,37.54734]]]},"properties":{"code":"1121571000","name":"화양동","parent":"11215"}},{"type":"Feature","geometry":{"type":"Polygon","coordinates":[[[127.07793,37.55778],[127.0737,37.55944],[127.0675,37.54831],[127.07406,37.54734],[127.0792,37.55663],[127.07793,37.55778]]]},"properties":{"code":"1121573000","name":"군자동","parent":"11215"}},{"type":"Feature","geometry":{"type":"Polygon","coordinates":[[[127.08336,37.56421],[127.07585,37.56664],[127.0721,37.56005],[127.0737,37.55944],[127.07793,37.55778],[127.07986,37.5578],[127.08336,37.56421]]]},"properties":{"code":"1121574000","name":"중곡1동","parent":"11215"}},{"type":"Feature","geometry":{"type":"Polygon","coordinates":[[[127.08692,37.56351],[127.08336,37.56421],[127.07986,37.5578],[127.08867,37.55329],[127.08692,37.56351]]]},"properties":{"code":"1121575000","name":"중곡2동","parent":"11215"}},{"type":"Feature","geometry":{"type":"Polygon","coordinates":[[[127.08617,37.57082],[127.07858,37.57186],[127.07585,37.56664],[127.08336,37.56421],[127.08692,37.56351],[127.08617,37.57082]]]},"properties":{"code":"1121576000","name":"중곡3동","parent":"11215"}},{"type":"Feature","geometry":{"type":"Polygon","coordinates":[[[127.10115,37.56002],[127.10334,37.56965],[127.10093,37.57356],[127.09575,37.5711],[127.08617,37.57082],[127.08692,37.56351],[127.08867,37.55329],[127.08963,37.5524],[127.10115,37.56002]]]},"properties":{"code":"1121577000","name":"중곡4동","parent":"11215"}},{"type":"Feature","geometry":{"type":"Polygon","coordinates":[[[127.08867,37.55329],[127.07986,37.5578],[127.07793,37.55778],[127.0792,37.55663],[127.07406,37.54734],[127.08161,37.5453],[127.08506,37.54511],[127.08963,37.5524],[127.08867,37.55329]]]},"properties":{"code":"1121578000","name":"능동","parent":"11215"}},{"type":"Feature","geometry":{"type":"Polygon","coordinates":[[[127.08506,37.54511],[127.08161,37.5453],[127.08293,37.54137],[127.08355,37.53663],[127.08905,37.5379],[127.09065,37.54469],[127.08506,37.54511]]]},"properties":{"code":"1121585000","name":"구의1동","parent":"11215"}},{"type":"Feature","geometry":{"type":"Polygon","coordinates":[[[127.10425,37.55988],[127.10115,37.56002],[127.08963,37.5524],[127.08506,37.54511],[127.09065,37.54469],[127.09318,37.54369],[127.09675,37.54585],[127.09869,37.55199],[127.10425,37.55988]]]},"properties":{"code":"1121586000","name":"구의2동","parent":"11215"}},{"type":"Feature","geometry":{"type":"Polygon","coordinates":[[[127.09318,37.54369],[127.09065,37.54469],[127.08905,37.5379],[127.09165,37.53326],[127.09225,37.52679],[127.09812,37.52756],[127.09896,37.52795],[127.1032,37.53467],[127.09318,37.54369]]]},"properties":{"code":"1121587000","name":"구의3동","parent":"11215"}},{"type":"Feature","geometry":{"type":"Polygon","coordinates":[[[127.11377,37.55889],[127.10425,37.55988],[127.09869,37.55199],[127.09675,37.54585],[127.09318,37.54369],[127.1032,37.53467],[127.10416,37.536],[127.10956,37.54347],[127.11244,37.54951],[127.11377,37.55889]]]},"properties":{"code":"1121581000","name":"광장동","parent":"11215"}},{"type":"Feature","geometry":{"type":"Polygon","coordinates":[[[127.08355,37.53663],[127.08293,37.54137],[127.07514,37.53871],[127.07566,37.5332],[127.08535,37.53246],[127.08355,37.53663]]]},"properties":{"code":"1121582000","name":"자양1동","parent":"11215"}},{"type":"Feature","geometry":{"type":"Polygon","coordinates":[[[127.09225,37.52679],[127.09165,37.53326],[127.08905,37.5379],[127.08355,37.53663],[127.08535,37.53246],[127.07566,37.5332],[127.07258,37.52378],[127.08852,37.52549],[127.09044,37.526],[127.09225,37.52679]]]},"properties":{"code":"1121583000","name":"자양2동","parent":"11215"}},{"type":"Feature","geometry":{"type":"Polygon","coordinates":[[[127.07514,37.53871],[127.07055,37.53983],[127.06526,37.5256],[127.06696,37.52508],[127.07258,37.52378],[127.07566,37.5332],[127.07514,37.53871]]]},"properties":{"code":"1121584000","name":"자양3동","parent":"11215"}},{"type":"Feature","geometry":{"type":"Polygon","coordinates":[[[127.07055,37.53983],[127.06394,37.54215],[127.06283,37.54019],[127.05657,37.5291],[127.06526,37.5256],[127.07055,37.53983]]]},"properties":{"code":"1121584700","name":"자양4동","parent":"11215"}},{"type":"Feature","geometry":{"type":"Polygon","coordinates":[[[127.05203,37.59995],[127.05133,37.60163],[127.04765,37.59629],[127.04826,37.58881],[127.05283,37.58728],[127.05328,37.58781],[127.0569,37.59145],[127.05203,37.59995]]]},"properties":{"code":"1123071000","name":"회기동","parent":"11230"}},{"type":"Feature","geometry":{"type":"Polygon","coordinates":[[[127.06963,37.59488],[127.06512,37.59532],[127.0569,37.59145],[127.05328,37.58781],[127.05495,37.58782],[127.07036,37.59248],[127.06963,37.59488]]]},"properties":{"code":"1123072000","name":"휘경1동","parent":"11230"}},{"type":"Feature","geometry":{"type":"Polygon","coordinates":[[[127.07072,37.59091],[127.07036,37.59248],[127.05495,37.58782],[127.05492,37.58426],[127.06166,37.58552],[127.06838,37.58225],[127.07723,37.58098],[127.07368,37.58535],[127.07072,37.59091]]]},"properties":{"code":"1123073000","name":"휘경2동","parent":"11230"}},{"type":"Feature","geometry":{"type":"Polygon","coordinates":[[[127.04765,37.59629],[127.04075,37.5958],[127.03906,37.59127],[127.0424,37.58673],[127.04347,37.57977],[127.05283,37.58728],[127.04826,37.58881],[127.04765,37.59629]]]},"properties":{"code":"1123070500","name":"청량리동","parent":"11230"}},{"type":"Feature","geometry":{"type":"Polygon","coordinates":[[[127.02982,37.58123],[127.0295,37.58272],[127.02447,37.5792],[127.02317,37.57804],[127.02337,37.57174],[127.03231,37.57014],[127.03648,37.5725],[127.03072,37.57388],[127.02982,37.58123]]]},"properties":{"code":"1123051500","name":"신설동","parent":"11230"}},{"type":"Feature","geometry":{"type":"Polygon","coordinates":[[[127.04347,37.57977],[127.0424,37.58673],[127.03906,37.59127],[127.03649,37.59125],[127.0295,37.58272],[127.02982,37.58123],[127.03282,37.57812],[127.04251,37.57935],[127.04347,37.57977]]]},"properties":{"code":"1123054500","name":"제기동","parent":"11230"}},{"type":"Feature","geometry":{"type":"Polygon","coordinates":[[[127.05492,37.58426],[127.05495,37.58782],[127.05328,37.58781],[127.05283,37.58728],[127.04347,37.57977],[127.04251,37.57935],[127.04492,37.57735],[127.04552,37.57402],[127.05423,37.57358],[127.05763,37.57536],[127.05492,37.58426]]]},"properties":{"code":"1123056000","name":"전농1동","parent":"11230"}},{"type":"Feature","geometry":{"type":"Polygon","coordinates":[[[127.06838,37.58225],[127.06166,37.58552],[127.05492,37.58426],[127.05763,37.57536],[127.06701,37.5766],[127.06838,37.58225]]]},"properties":{"code":"1123057000","name":"전농2동","parent":"11230"}},{"type":"Feature","geometry":{"type":"Polygon","coordinates":[[[127.06631,37.57276],[127.06701,37.5766],[127.05763,37.57536],[127.05684,37.56377],[127.05777,37.56302],[127.06631,37.57276]]]},"properties":{"code":"1123061000","name":"답십리2동","parent":"11230"}},{"type":"Feature","geometry":{"type":"Polygon","coordinates":[[[127.07858,37.57186],[127.06631,37.57276],[127.05777,37.56302],[127.0721,37.56005],[127.07585,37.56664],[127.07858,37.57186]]]},"properties":{"code":"1123065000","name":"장안1동","parent":"11230"}},{"type":"Feature","geometry":{"type":"Polygon","coordinates":[[[127.07723,37.58098],[127.06838,37.58225],[127.06701,37.5766],[127.06631,37.57276],[127.07858,37.57186],[127.07832,37.57678],[127.07723,37.58098]]]},"properties":{"code":"1123066000","name":"장안2동","parent":"11230"}},{"type":"Feature","geometry":{"type":"Polygon","coordinates":[[[127.06983,37.59775],[127.06198,37.60026],[127.06077,37.60357],[127.05203,37.59995],[127.0569,37.59145],[127.06512,37.59532],[127.06963,37.59488],[127.06983,37.59775]]]},"properties":{"code":"1123074000","name":"이문1동","parent":"11230"}},{"type":"Feature","geometry":{"type":"Polygon","coordinates":[[[127.07172,37.60681],[127.06077,37.60357],[127.06198,37.60026],[127.06983,37.59775],[127.07232,37.60466],[127.07172,37.60681]]]},"properties":{"code":"1123075000","name":"이문2동","parent":"11230"}},{"type":"Feature","geometry":{"type":"Polygon","coordinates":[[[127.05763,37.57536],[127.05423,37.57358],[127.04552,37.57402],[127.04492,37.57735],[127.04218,37.57302],[127.04866,37.56987],[127.05684,37.56377],[127.05763,37.57536]]]},"properties":{"code":"1123060000","name":"답십리1동","parent":"11230"}},{"type":"Feature","geometry":{"type":"Polygon","coordinates":[[[127.08677,37.59277],[127.07865,37.59297],[127.07072,37.59091],[127.07368,37.58535],[127.08409,37.58761],[127.08677,37.59277]]]},"properties":{"code":"1126052000","name":"면목2동","parent":"11260"}},{"type":"Feature","geometry":{"type":"Polygon","coordinates":[[[127.09575,37.5711],[127.08876,37.57699],[127.07961,37.57738],[127.07832,37.57678],[127.07858,37.57186],[127.08617,37.57082],[127.09575,37.5711]]]},"properties":{"code":"1126054000","name":"면목4동","parent":"11260"}},{"type":"Feature","geometry":{"type":"Polygon","coordinates":[[[127.08353,37.58444],[127.08409,37.58761],[127.07368,37.58535],[127.07723,37.58098],[127.07832,37.57678],[127.07961,37.57738],[127.08339,37.58115],[127.08353,37.58444]]]},"properties":{"code":"1126055000","name":"면목5동","parent":"11260"}},{"type":"Feature","geometry":{"type":"Polygon","coordinates":[[[127.10268,37.57891],[127.09498,37.58074],[127.08339,37.58115],[127.07961,37.57738],[127.08876,37.57699],[127.09575,37.5711],[127.10093,37.57356],[127.10268,37.57891]]]},"properties":{"code":"1126057000","name":"면목7동","parent":"11260"}},{"type":"Feature","geometry":{"type":"Polygon","coordinates":[[[127.0958,37.60061],[127.09363,37.60495],[127.0865,37.60938],[127.08699,37.60197],[127.08033,37.59587],[127.08028,37.595],[127.09279,37.59816],[127.09552,37.59946],[127.0958,37.60061]]]},"properties":{"code":"1126058000","name":"상봉1동","parent":"11260"}},{"type":"Feature","geometry":{"type":"Polygon","coordinates":[[[127.0932,37.59415],[127.09279,37.59816],[127.08028,37.595],[127.07036,37.59248],[127.07072,37.59091],[127.07865,37.59297],[127.08677,37.59277],[127.0932,37.59415]]]},"properties":{"code":"1126059000","name":"상봉2동","parent":"11260"}},{"type":"Feature","geometry":{"type":"Polygon","coordinates":[[[127.08033,37.59587],[127.08699,37.60197],[127.0865,37.60938],[127.08598,37.60936],[127.07874,37.60537],[127.08033,37.59587]]]},"properties":{"code":"1126060000","name":"중화1동","parent":"11260"}},{"type":"Feature","geometry":{"type":"Polygon","coordinates":[[[127.08033,37.59587],[127.07874,37.60537],[127.07232,37.60466],[127.06983,37.59775],[127.06963,37.59488],[127.07036,37.59248],[127.08028,37.595],[127.08033,37.59587]]]},"properties":{"code":"1126061000","name":"중화2동","parent":"11260"}},{"type":"Feature","geometry":{"type":"Polygon","coordinates":[[[127.08954,37.61964],[127.08164,37.61925],[127.07585,37.61708],[127.07874,37.60537],[127.08598,37.60936],[127.08588,37.61489],[127.09049,37.61749],[127.08954,37.61964]]]},"properties":{"code":"1126062000","name":"묵1동","parent":"11260"}},{"type":"Feature","geometry":{"type":"Polygon","coordinates":[[[127.07874,37.60537],[127.07585,37.61708],[127.0714,37.61563],[127.07172,37.60681],[127.07232,37.60466],[127.07874,37.60537]]]},"properties":{"code":"1126063000","name":"묵2동","parent":"11260"}},{"type":"Feature","geometry":{"type":"Polygon","coordinates":[[[127.1124,37.59186],[127.10808,37.59455],[127.10009,37.59564],[127.0932,37.59415],[127.09363,37.58975],[127.09739,37.59057],[127.11014,37.58742],[127.1124,37.59186]]]},"properties":{"code":"1126066000","name":"망우3동","parent":"11260"}},{"type":"Feature","geometry":{"type":"Polygon","coordinates":[[[127.11567,37.61929],[127.10571,37.62083],[127.09704,37.61705],[127.08954,37.61964],[127.09049,37.61749],[127.09588,37.61509],[127.0958,37.60061],[127.09552,37.59946],[127.10047,37.60055],[127.10319,37.60593],[127.10134,37.6132],[127.1094,37.61207],[127.11662,37.60882],[127.1168,37.60991],[127.11697,37.61743],[127.11567,37.61929]]]},"properties":{"code":"1126068000","name":"신내1동","parent":"11260"}},{"type":"Feature","geometry":{"type":"Polygon","coordinates":[[[127.0958,37.60061],[127.09588,37.61509],[127.09049,37.61749],[127.08588,37.61489],[127.08598,37.60936],[127.0865,37.60938],[127.09363,37.60495],[127.0958,37.60061]]]},"properties":{"code":"1126069000","name":"신내2동","parent":"11260"}},{"type":"Feature","geometry":{"type":"Polygon","coordinates":[[[127.09363,37.58975],[127.0932,37.59415],[127.08677,37.59277],[127.08409,37.58761],[127.08353,37.58444],[127.0937,37.58369],[127.09363,37.58975]]]},"properties":{"code":"1126056500","name":"면목본동","parent":"11260"}},{"type":"Feature","geometry":{"type":"Polygon","coordinates":[[[127.11014,37.58742],[127.09739,37.59057],[127.09363,37.58975],[127.0937,37.58369],[127.08353,37.58444],[127.08339,37.58115],[127.09498,37.58074],[127.10268,37.57891],[127.10267,37.5841],[127.10933,37.58466],[127.11014,37.58742]]]},"properties":{"code":"1126057500","name":"면목3·8동","parent":"11260"}},{"type":"Feature","geometry":{"type":"Polygon","coordinates":[[[127.11662,37.60882],[127.1094,37.61207],[127.10134,37.6132],[127.10319,37.60593],[127.10047,37.60055],[127.09552,37.59946],[127.09279,37.59816],[127.0932,37.59415],[127.10009,37.59564],[127.10808,37.59455],[127.1124,37.59186],[127.11837,37.59502],[127.11396,37.59942],[127.11801,37.60458],[127.11662,37.60882]]]},"properties":{"code":"1126065500","name":"망우본동","parent":"11260"}},{"type":"Feature","geometry":{"type":"Polygon","coordinates":[[[127.02499,37.59413],[127.02712,37.60075],[127.03022,37.604],[127.02597,37.60318],[127.02164,37.60157],[127.01878,37.59848],[127.01972,37.59729],[127.02499,37.59413]]]},"properties":{"code":"1129058000","name":"돈암1동","parent":"11290"}},{"type":"Feature","geometry":{"type":"Polygon","coordinates":[[[127.01408,37.60081],[127.00592,37.59668],[127.01154,37.59397],[127.01972,37.59729],[127.01878,37.59848],[127.01408,37.60081]]]},"properties":{"code":"1129059000","name":"돈암2동","parent":"11290"}},{"type":"Feature","geometry":{"type":"Polygon","coordinates":[[[127.03649,37.59125],[127.03026,37.59125],[127.02499,37.59413],[127.01896,37.58883],[127.01878,37.58867],[127.02447,37.5792],[127.0295,37.58272],[127.03649,37.59125]]]},"properties":{"code":"1129060000","name":"안암동","parent":"11290"}},{"type":"Feature","geometry":{"type":"Polygon","coordinates":[[[127.02447,37.5792],[127.01878,37.58867],[127.01469,37.58223],[127.01495,37.58213],[127.01875,37.57753],[127.02317,37.57804],[127.02447,37.5792]]]},"properties":{"code":"1129061000","name":"보문동","parent":"11290"}},{"type":"Feature","geometry":{"type":"Polygon","coordinates":[[[127.02164,37.60157],[127.01777,37.60384],[127.01443,37.61357],[127.01342,37.61161],[127.01579,37.60734],[127.01408,37.60081],[127.01878,37.59848],[127.02164,37.60157]]]},"properties":{"code":"1129062000","name":"정릉1동","parent":"11290"}},{"type":"Feature","geometry":{"type":"Polygon","coordinates":[[[127.01408,37.60081],[127.01579,37.60734],[127.01342,37.61161],[127.009,37.60866],[126.99956,37.60161],[127.00592,37.59668],[127.01408,37.60081]]]},"properties":{"code":"1129063000","name":"정릉2동","parent":"11290"}},{"type":"Feature","geometry":{"type":"Polygon","coordinates":[[[127.009,37.60866],[127.00576,37.61526],[126.99971,37.61663],[126.99513,37.61322],[126.99225,37.61923],[126.98013,37.62835],[126.97921,37.62457],[126.98281,37.61669],[126.9867,37.61468],[126.9859,37.60714],[126.98774,37.60122],[126.99542,37.60267],[126.99956,37.60161],[127.009,37.60866]]]},"properties":{"code":"1129064000","name":"정릉3동","parent":"11290"}},{"type":"Feature","geometry":{"type":"Polygon","coordinates":[[[126.99319,37.63203],[126.98463,37.63656],[126.97507,37.63139],[126.98013,37.62835],[126.99225,37.61923],[126.99513,37.61322],[126.99971,37.61663],[127.00576,37.61526],[127.009,37.60866],[127.01342,37.61161],[127.01443,37.61357],[127.01525,37.61481],[127.00856,37.61856],[127.0045,37.62444],[126.99894,37.62688],[126.99319,37.63203]]]},"properties":{"code":"1129065000","name":"정릉4동","parent":"11290"}},{"type":"Feature","geometry":{"type":"Polygon","coordinates":[[[127.02203,37.61229],[127.01525,37.61481],[127.01443,37.61357],[127.01777,37.60384],[127.02164,37.60157],[127.02597,37.60318],[127.02223,37.61127],[127.02203,37.61229]]]},"properties":{"code":"1129066000","name":"길음1동","parent":"11290"}},{"type":"Feature","geometry":{"type":"Polygon","coordinates":[[[127.02998,37.61234],[127.02223,37.61127],[127.02597,37.60318],[127.03022,37.604],[127.03218,37.60346],[127.03041,37.60914],[127.02998,37.61234]]]},"properties":{"code":"1129068500","name":"길음2동","parent":"11290"}},{"type":"Feature","geometry":{"type":"Polygon","coordinates":[[[127.0436,37.61143],[127.0371,37.61271],[127.03041,37.60914],[127.03218,37.60346],[127.03852,37.60249],[127.0436,37.61143]]]},"properties":{"code":"1129071500","name":"월곡1동","parent":"11290"}},{"type":"Feature","geometry":{"type":"Polygon","coordinates":[[[127.04544,37.61129],[127.0436,37.61143],[127.03852,37.60249],[127.04075,37.5958],[127.04765,37.59629],[127.05133,37.60163],[127.05177,37.60811],[127.04544,37.61129]]]},"properties":{"code":"1129072500","name":"월곡2동","parent":"11290"}},{"type":"Feature","geometry":{"type":"Polygon","coordinates":[[[127.05039,37.61747],[127.04473,37.61955],[127.03912,37.61631],[127.0371,37.61271],[127.0436,37.61143],[127.04544,37.61129],[127.04884,37.6124],[127.05039,37.61747]]]},"properties":{"code":"1129076000","name":"장위1동","parent":"11290"}},{"type":"Feature","geometry":{"type":"Polygon","coordinates":[[[127.06067,37.6128],[127.05822,37.61233],[127.05039,37.61747],[127.04884,37.6124],[127.04544,37.61129],[127.05177,37.60811],[127.06067,37.6128]]]},"properties":{"code":"1129077000","name":"장위2동","parent":"11290"}},{"type":"Feature","geometry":{"type":"Polygon","coordinates":[[[127.06289,37.61434],[127.04999,37.62443],[127.04473,37.61955],[127.05039,37.61747],[127.05822,37.61233],[127.06067,37.6128],[127.06289,37.61434]]]},"properties":{"code":"1129078000","name":"장위3동","parent":"11290"}},{"type":"Feature","geometry":{"type":"Polygon","coordinates":[[[126.99956,37.60161],[126.99542,37.60267],[126.98774,37.60122],[126.98157,37.59914],[126.98269,37.59507],[126.98908,37.59139],[126.98914,37.59131],[126.99853,37.59251],[127.00419,37.58795],[127.01326,37.59181],[127.01154,37.59397],[127.00592,37.59668],[126.99956,37.60161]]]},"properties":{"code":"1129052500","name":"성북동","parent":"11290"}},{"type":"Feature","geometry":{"type":"Polygon","coordinates":[[[127.01896,37.58883],[127.01326,37.59181],[127.00419,37.58795],[127.00733,37.5832],[127.00884,37.58045],[127.01048,37.58034],[127.01469,37.58223],[127.01878,37.58867],[127.01896,37.58883]]]},"properties":{"code":"1129055500","name":"삼선동","parent":"11290"}},{"type":"Feature","geometry":{"type":"Polygon","coordinates":[[[127.01972,37.59729],[127.01154,37.59397],[127.01326,37.59181],[127.01896,37.58883],[127.02499,37.59413],[127.01972,37.59729]]]},"properties":{"code":"1129057500","name":"동선동","parent":"11290"}},{"type":"Feature","geometry":{"type":"Polygon","coordinates":[[[127.03218,37.60346],[127.03022,37.604],[127.02712,37.60075],[127.02499,37.59413],[127.03026,37.59125],[127.03649,37.59125],[127.03906,37.59127],[127.04075,37.5958],[127.03852,37.60249],[127.03218,37.60346]]]},"properties":{"code":"1129070500","name":"종암동","parent":"11290"}},{"type":"Feature","geometry":{"type":"Polygon","coordinates":[[[127.0714,37.61563],[127.07119,37.61637],[127.06801,37.61557],[127.06289,37.61434],[127.06067,37.6128],[127.05177,37.60811],[127.05133,37.60163],[127.05203,37.59995],[127.06077,37.60357],[127.07172,37.60681],[127.0714,37.61563]]]},"properties":{"code":"1129081000","name":"석관동","parent":"11290"}},{"type":"Feature","geometry":{"type":"Polygon","coordinates":[[[127.03644,37.63689],[127.03083,37.64286],[127.02358,37.63609],[127.02325,37.63465],[127.02749,37.63496],[127.03848,37.63391],[127.03644,37.63689]]]},"properties":{"code":"1130559500","name":"번1동","parent":"11305"}},{"type":"Feature","geometry":{"type":"Polygon","coordinates":[[[127.03848,37.63391],[127.02749,37.63496],[127.03259,37.62551],[127.03683,37.61996],[127.0369,37.62668],[127.04197,37.63099],[127.04148,37.63128],[127.03848,37.63391]]]},"properties":{"code":"1130560300","name":"번2동","parent":"11305"}},{"type":"Feature","geometry":{"type":"Polygon","coordinates":[[[127.04999,37.62443],[127.04197,37.63099],[127.0369,37.62668],[127.03683,37.61996],[127.03912,37.61631],[127.04473,37.61955],[127.04999,37.62443]]]},"properties":{"code":"1130560800","name":"번3동","parent":"11305"}},{"type":"Feature","geometry":{"type":"Polygon","coordinates":[[[127.02259,37.63034],[127.02325,37.63465],[127.0026,37.63228],[126.99319,37.63203],[126.99894,37.62688],[127.0045,37.62444],[127.01009,37.62524],[127.02259,37.63034]]]},"properties":{"code":"1130561500","name":"수유1동","parent":"11305"}},{"type":"Feature","geometry":{"type":"Polygon","coordinates":[[[127.01562,37.6491],[127.01592,37.64431],[127.01691,37.64081],[127.02395,37.64368],[127.02515,37.6466],[127.01562,37.6491]]]},"properties":{"code":"1130562500","name":"수유2동","parent":"11305"}},{"type":"Feature","geometry":{"type":"Polygon","coordinates":[[[127.03083,37.64286],[127.02515,37.6466],[127.02395,37.64368],[127.01691,37.64081],[127.01718,37.63726],[127.02358,37.63609],[127.03083,37.64286]]]},"properties":{"code":"1130563500","name":"수유3동","parent":"11305"}},{"type":"Feature","geometry":{"type":"Polygon","coordinates":[[[127.02201,37.62518],[127.02259,37.63034],[127.01009,37.62524],[127.0045,37.62444],[127.00856,37.61856],[127.01339,37.62023],[127.02109,37.61947],[127.02201,37.62518]]]},"properties":{"code":"1130553400","name":"삼양동","parent":"11305"}},{"type":"Feature","geometry":{"type":"Polygon","coordinates":[[[127.03259,37.62551],[127.02749,37.63496],[127.02325,37.63465],[127.02259,37.63034],[127.02201,37.62518],[127.02689,37.62446],[127.03259,37.62551]]]},"properties":{"code":"1130553500","name":"미아동","parent":"11305"}},{"type":"Feature","geometry":{"type":"Polygon","coordinates":[[[127.03259,37.62551],[127.02689,37.62446],[127.02998,37.61234],[127.03041,37.60914],[127.0371,37.61271],[127.03912,37.61631],[127.03683,37.61996],[127.03259,37.62551]]]},"properties":{"code":"1130554500","name":"송중동","parent":"11305"}},{"type":"Feature","geometry":{"type":"Polygon","coordinates":[[[127.02689,37.62446],[127.02201,37.62518],[127.02109,37.61947],[127.02203,37.61229],[127.02223,37.61127],[127.02998,37.61234],[127.02689,37.62446]]]},"properties":{"code":"1130555500","name":"송천동","parent":"11305"}},{"type":"Feature","geometry":{"type":"Polygon","coordinates":[[[127.02109,37.61947],[127.01339,37.62023],[127.00856,37.61856],[127.01525,37.61481],[127.02203,37.61229],[127.02109,37.61947]]]},"properties":{"code":"1130557500","name":"삼각산동","parent":"11305"}},{"type":"Feature","geometry":{"type":"Polygon","coordinates":[[[127.00829,37.68468],[126.99799,37.68382],[126.99174,37.67947],[126.99426,37.66648],[126.98802,37.66334],[126.97964,37.65488],[126.9837,37.64978],[126.98327,37.6436],[126.98637,37.64065],[126.99696,37.63897],[127.00457,37.64436],[127.01592,37.64431],[127.01562,37.6491],[127.01256,37.65222],[127.01634,37.66158],[127.01566,37.6667],[127.01844,37.67008],[127.00829,37.68468]]]},"properties":{"code":"1130564500","name":"우이동","parent":"11305"}},{"type":"Feature","geometry":{"type":"Polygon","coordinates":[[[127.01592,37.64431],[127.00457,37.64436],[126.99696,37.63897],[126.98637,37.64065],[126.98463,37.63656],[126.99319,37.63203],[127.0026,37.63228],[127.02325,37.63465],[127.02358,37.63609],[127.01718,37.63726],[127.01691,37.64081],[127.01592,37.64431]]]},"properties":{"code":"1130566000","name":"인수동","parent":"11305"}},{"type":"Feature","geometry":{"type":"Polygon","coordinates":[[[127.01634,37.66158],[127.01256,37.65222],[127.01562,37.6491],[127.02515,37.6466],[127.02867,37.65071],[127.02547,37.65402],[127.02056,37.65485],[127.01634,37.66158]]]},"properties":{"code":"1132066000","name":"쌍문1동","parent":"11320"}},{"type":"Feature","geometry":{"type":"Polygon","coordinates":[[[127.04222,37.66171],[127.03491,37.66032],[127.03379,37.66008],[127.03329,37.65114],[127.03633,37.65137],[127.04222,37.66171]]]},"properties":{"code":"1132067000","name":"쌍문2동","parent":"11320"}},{"type":"Feature","geometry":{"type":"Polygon","coordinates":[[[127.03347,37.6465],[127.03633,37.65137],[127.03329,37.65114],[127.02867,37.65071],[127.02515,37.6466],[127.03083,37.64286],[127.03347,37.6465]]]},"properties":{"code":"1132068000","name":"쌍문3동","parent":"11320"}},{"type":"Feature","geometry":{"type":"Polygon","coordinates":[[[127.03329,37.65114],[127.03379,37.66008],[127.02777,37.65881],[127.02547,37.65402],[127.02867,37.65071],[127.03329,37.65114]]]},"properties":{"code":"1132068100","name":"쌍문4동","parent":"11320"}},{"type":"Feature","geometry":{"type":"Polygon","coordinates":[[[127.04365,37.66982],[127.0396,37.66996],[127.03473,37.66254],[127.03491,37.66032],[127.04222,37.66171],[127.04458,37.66203],[127.05155,37.66066],[127.05147,37.6618],[127.04882,37.66909],[127.04365,37.66982]]]},"properties":{"code":"1132069000","name":"방학1동","parent":"11320"}},{"type":"Feature","geometry":{"type":"Polygon","coordinates":[[[127.0396,37.66996],[127.03122,37.67493],[127.02289,37.67196],[127.02544,37.66943],[127.03473,37.66254],[127.0396,37.66996]]]},"properties":{"code":"1132070000","name":"방학2동","parent":"11320"}},{"type":"Feature","geometry":{"type":"Polygon","coordinates":[[[127.02544,37.66943],[127.01844,37.67008],[127.01566,37.6667],[127.01634,37.66158],[127.02056,37.65485],[127.02547,37.65402],[127.02777,37.65881],[127.03379,37.66008],[127.03491,37.66032],[127.03473,37.66254],[127.02544,37.66943]]]},"properties":{"code":"1132071000","name":"방학3동","parent":"11320"}},{"type":"Feature","geometry":{"type":"Polygon","coordinates":[[[127.0483,37.65166],[127.03633,37.65137],[127.03347,37.6465],[127.03998,37.64637],[127.04365,37.64392],[127.04635,37.63916],[127.05125,37.6452],[127.0483,37.65166]]]},"properties":{"code":"1132051100","name":"창1동","parent":"11320"}},{"type":"Feature","geometry":{"type":"Polygon","coordinates":[[[127.04365,37.64392],[127.03998,37.64637],[127.03347,37.6465],[127.03083,37.64286],[127.03644,37.63689],[127.04365,37.64392]]]},"properties":{"code":"1132051200","name":"창2동","parent":"11320"}},{"type":"Feature","geometry":{"type":"Polygon","coordinates":[[[127.04635,37.63916],[127.04365,37.64392],[127.03644,37.63689],[127.03848,37.63391],[127.04148,37.63128],[127.04635,37.63916]]]},"properties":{"code":"1132051300","name":"창3동","parent":"11320"}},{"type":"Feature","geometry":{"type":"Polygon","coordinates":[[[127.05155,37.66066],[127.04458,37.66203],[127.0483,37.65166],[127.05125,37.6452],[127.05494,37.64076],[127.05589,37.64597],[127.05418,37.65448],[127.05155,37.66066]]]},"properties":{"code":"1132051400","name":"창4동","parent":"11320"}},{"type":"Feature","geometry":{"type":"Polygon","coordinates":[[[127.0483,37.65166],[127.04458,37.66203],[127.04222,37.66171],[127.03633,37.65137],[127.0483,37.65166]]]},"properties":{"code":"1132051500","name":"창5동","parent":"11320"}},{"type":"Feature","geometry":{"type":"Polygon","coordinates":[[[127.04509,37.69244],[127.04158,37.69536],[127.03584,37.69222],[127.03114,37.69294],[127.02807,37.70056],[127.0249,37.69944],[127.01585,37.70103],[127.00882,37.69455],[127.00829,37.68468],[127.01844,37.67008],[127.02544,37.66943],[127.02289,37.67196],[127.03122,37.67493],[127.0396,37.66996],[127.04365,37.66982],[127.04605,37.68498],[127.04509,37.69244]]]},"properties":{"code":"1132052100","name":"도봉1동","parent":"11320"}},{"type":"Feature","geometry":{"type":"Polygon","coordinates":[[[127.05078,37.68702],[127.0482,37.69391],[127.04509,37.69244],[127.04605,37.68498],[127.04365,37.66982],[127.04882,37.66909],[127.04893,37.6712],[127.05192,37.68481],[127.05078,37.68702]]]},"properties":{"code":"1132052200","name":"도봉2동","parent":"11320"}},{"type":"Feature","geometry":{"type":"Polygon","coordinates":[[[127.06801,37.61557],[127.06596,37.61509],[127.05904,37.6302],[127.04999,37.62443],[127.06289,37.61434],[127.06801,37.61557]]]},"properties":{"code":"1135056000","name":"월계1동","parent":"11350"}},{"type":"Feature","geometry":{"type":"Polygon","coordinates":[[[127.05494,37.64076],[127.05125,37.6452],[127.04635,37.63916],[127.04148,37.63128],[127.04197,37.63099],[127.04999,37.62443],[127.05904,37.6302],[127.05959,37.63655],[127.05888,37.63763],[127.05494,37.64076]]]},"properties":{"code":"1135057000","name":"월계2동","parent":"11350"}},{"type":"Feature","geometry":{"type":"Polygon","coordinates":[[[127.06439,37.63078],[127.05959,37.63655],[127.05904,37.6302],[127.06596,37.61509],[127.06801,37.61557],[127.07119,37.61637],[127.07005,37.62355],[127.06439,37.63078]]]},"properties":{"code":"1135058000","name":"월계3동","parent":"11350"}},{"type":"Feature","geometry":{"type":"Polygon","coordinates":[[[127.11115,37.64241],[127.10657,37.64549],[127.09445,37.64576],[127.09413,37.64259],[127.08306,37.64007],[127.0713,37.63108],[127.07683,37.62653],[127.08164,37.61925],[127.08954,37.61964],[127.09704,37.61705],[127.10571,37.62083],[127.10549,37.62726],[127.11098,37.63059],[127.11238,37.63523],[127.11115,37.64241]]]},"properties":{"code":"1135060000","name":"공릉2동","parent":"11350"}},{"type":"Feature","geometry":{"type":"Polygon","coordinates":[[[127.0765,37.646],[127.07077,37.64531],[127.0668,37.63868],[127.0703,37.6314],[127.0713,37.63108],[127.08306,37.64007],[127.0765,37.646]]]},"properties":{"code":"1135061100","name":"하계1동","parent":"11350"}},{"type":"Feature","geometry":{"type":"Polygon","coordinates":[[[127.0668,37.63868],[127.06013,37.63953],[127.05888,37.63763],[127.05959,37.63655],[127.06439,37.63078],[127.0703,37.6314],[127.0668,37.63868]]]},"properties":{"code":"1135061200","name":"하계2동","parent":"11350"}},{"type":"Feature","geometry":{"type":"Polygon","coordinates":[[[127.09445,37.64576],[127.09282,37.6549],[127.08603,37.65591],[127.07817,37.65343],[127.0765,37.646],[127.08306,37.64007],[127.09413,37.64259],[127.09445,37.64576]]]},"properties":{"code":"1135061900","name":"중계본동","parent":"11350"}},{"type":"Feature","geometry":{"type":"Polygon","coordinates":[[[127.07817,37.65343],[127.07213,37.65516],[127.0686,37.65048],[127.07077,37.64531],[127.0765,37.646],[127.07817,37.65343]]]},"properties":{"code":"1135062100","name":"중계1동","parent":"11350"}},{"type":"Feature","geometry":{"type":"Polygon","coordinates":[[[127.09396,37.66257],[127.0888,37.66372],[127.07441,37.66149],[127.07161,37.65836],[127.07213,37.65516],[127.07817,37.65343],[127.08603,37.65591],[127.09244,37.65809],[127.09396,37.66257]]]},"properties":{"code":"1135062400","name":"중계4동","parent":"11350"}},{"type":"Feature","geometry":{"type":"Polygon","coordinates":[[[127.08111,37.69609],[127.06881,37.69406],[127.06511,37.68985],[127.05463,37.68929],[127.05078,37.68702],[127.05192,37.68481],[127.04893,37.6712],[127.05624,37.67052],[127.06656,37.6738],[127.07362,37.67679],[127.07695,37.68616],[127.08493,37.69084],[127.08111,37.69609]]]},"properties":{"code":"1135063000","name":"상계1동","parent":"11350"}},{"type":"Feature","geometry":{"type":"Polygon","coordinates":[[[127.07161,37.65836],[127.06572,37.66155],[127.06569,37.6614],[127.06043,37.65571],[127.06701,37.65575],[127.0686,37.65048],[127.07213,37.65516],[127.07161,37.65836]]]},"properties":{"code":"1135064000","name":"상계2동","parent":"11350"}},{"type":"Feature","geometry":{"type":"Polygon","coordinates":[[[127.07012,37.66795],[127.06672,37.66784],[127.06572,37.66155],[127.07161,37.65836],[127.07441,37.66149],[127.07012,37.66795]]]},"properties":{"code":"1135067000","name":"상계5동","parent":"11350"}},{"type":"Feature","geometry":{"type":"Polygon","coordinates":[[[127.05624,37.67052],[127.04893,37.6712],[127.04882,37.66909],[127.05147,37.6618],[127.05803,37.66374],[127.05624,37.67052]]]},"properties":{"code":"1135070000","name":"상계8동","parent":"11350"}},{"type":"Feature","geometry":{"type":"Polygon","coordinates":[[[127.07012,37.66795],[127.06656,37.6738],[127.05624,37.67052],[127.05803,37.66374],[127.06343,37.6648],[127.06569,37.6614],[127.06572,37.66155],[127.06672,37.66784],[127.07012,37.66795]]]},"properties":{"code":"1135071000","name":"상계9동","parent":"11350"}},{"type":"Feature","geometry":{"type":"Polygon","coordinates":[[[127.06569,37.6614],[127.06343,37.6648],[127.05803,37.66374],[127.05147,37.6618],[127.05155,37.66066],[127.05418,37.65448],[127.06043,37.65571],[127.06569,37.6614]]]},"properties":{"code":"1135072000","name":"상계10동","parent":"11350"}},{"type":"Feature","geometry":{"type":"Polygon","coordinates":[[[127.09592,37.68772],[127.08493,37.69084],[127.07695,37.68616],[127.07362,37.67679],[127.06656,37.6738],[127.07012,37.66795],[127.07441,37.66149],[127.0888,37.66372],[127.09396,37.66257],[127.09556,37.67281],[127.09183,37.67919],[127.09592,37.68772]]]},"properties":{"code":"1135066500","name":"상계3·4동","parent":"11350"}},{"type":"Feature","geometry":{"type":"Polygon","coordinates":[[[127.0686,37.65048],[127.06701,37.65575],[127.06043,37.65571],[127.05418,37.65448],[127.05589,37.64597],[127.05494,37.64076],[127.05888,37.63763],[127.06013,37.63953],[127.06149,37.6453],[127.0686,37.65048]]]},"properties":{"code":"1135069500","name":"상계6·7동","parent":"11350"}},{"type":"Feature","geometry":{"type":"Polygon","coordinates":[[[127.07077,37.64531],[127.0686,37.65048],[127.06149,37.6453],[127.06013,37.63953],[127.0668,37.63868],[127.07077,37.64531]]]},"properties":{"code":"1135062500","name":"중계2·3동","parent":"11350"}},{"type":"Feature","geometry":{"type":"Polygon","coordinates":[[[127.0713,37.63108],[127.0703,37.6314],[127.06439,37.63078],[127.07005,37.62355],[127.07119,37.61637],[127.0714,37.61563],[127.07585,37.61708],[127.08164,37.61925],[127.07683,37.62653],[127.0713,37.63108]]]},"properties":{"code":"1135059500","name":"공릉1동","parent":"11350"}},{"type":"Feature","geometry":{"type":"Polygon","coordinates":[[[126.94998,37.60971],[126.94063,37.61082],[126.93136,37.6088],[126.92289,37.60632],[126.92063,37.60173],[126.93555,37.60084],[126.9386,37.59759],[126.94044,37.60286],[126.95038,37.60788],[126.94998,37.60971]]]},"properties":{"code":"1138051000","name":"녹번동","parent":"11380"}},{"type":"Feature","geometry":{"type":"Polygon","coordinates":[[[126.95318,37.62517],[126.94813,37.62744],[126.94091,37.6257],[126.93833,37.62055],[126.92598,37.62125],[126.92133,37.61887],[126.93136,37.6088],[126.94063,37.61082],[126.94998,37.60971],[126.95033,37.61836],[126.95318,37.62517]]]},"properties":{"code":"1138052000","name":"불광1동","parent":"11380"}},{"type":"Feature","geometry":{"type":"Polygon","coordinates":[[[126.91958,37.62796],[126.91565,37.6307],[126.90881,37.62905],[126.90794,37.62539],[126.92012,37.61846],[126.92133,37.61887],[126.91958,37.62796]]]},"properties":{"code":"1138055100","name":"갈현1동","parent":"11380"}},{"type":"Feature","geometry":{"type":"Polygon","coordinates":[[[126.92012,37.61846],[126.90794,37.62539],[126.90524,37.6195],[126.91015,37.61431],[126.91729,37.6113],[126.92012,37.61846]]]},"properties":{"code":"1138055200","name":"갈현2동","parent":"11380"}},{"type":"Feature","geometry":{"type":"Polygon","coordinates":[[[126.91729,37.6113],[126.91015,37.61431],[126.90524,37.6195],[126.90103,37.61246],[126.90171,37.60573],[126.90947,37.6054],[126.91525,37.60743],[126.91729,37.6113]]]},"properties":{"code":"1138056000","name":"구산동","parent":"11380"}},{"type":"Feature","geometry":{"type":"Polygon","coordinates":[[[126.93136,37.6088],[126.92133,37.61887],[126.92012,37.61846],[126.91729,37.6113],[126.92289,37.60632],[126.93136,37.6088]]]},"properties":{"code":"1138057000","name":"대조동","parent":"11380"}},{"type":"Feature","geometry":{"type":"Polygon","coordinates":[[[126.9386,37.59759],[126.93555,37.60084],[126.92063,37.60173],[126.91606,37.59921],[126.91569,37.59708],[126.9191,37.596],[126.92633,37.59562],[126.92842,37.59189],[126.93366,37.5964],[126.9386,37.59759]]]},"properties":{"code":"1138058000","name":"응암1동","parent":"11380"}},{"type":"Feature","geometry":{"type":"Polygon","coordinates":[[[126.92842,37.59189],[126.92633,37.59562],[126.9191,37.596],[126.91725,37.59024],[126.92282,37.58562],[126.92812,37.58838],[126.92842,37.59189]]]},"properties":{"code":"1138059000","name":"응암2동","parent":"11380"}},{"type":"Feature","geometry":{"type":"Polygon","coordinates":[[[126.91606,37.59921],[126.90208,37.60382],[126.90142,37.59827],[126.90603,37.59817],[126.91448,37.5923],[126.91569,37.59708],[126.91606,37.59921]]]},"properties":{"code":"1138063100","name":"신사1동","parent":"11380"}},{"type":"Feature","geometry":{"type":"Polygon","coordinates":[[[126.91448,37.5923],[126.90603,37.59817],[126.90142,37.59827],[126.89984,37.58987],[126.90428,37.58832],[126.91358,37.58873],[126.91448,37.5923]]]},"properties":{"code":"1138063200","name":"신사2동","parent":"11380"}},{"type":"Feature","geometry":{"type":"Polygon","coordinates":[[[126.91358,37.58873],[126.90428,37.58832],[126.90135,37.58454],[126.90207,37.58067],[126.8982,37.57826],[126.90313,37.57689],[126.90629,37.58012],[126.91315,37.58703],[126.91358,37.58873]]]},"properties":{"code":"1138064000","name":"증산동","parent":"11380"}},{"type":"Feature","geometry":{"type":"Polygon","coordinates":[[[126.89984,37.58987],[126.88726,37.58859],[126.88224,37.59094],[126.8982,37.57826],[126.90207,37.58067],[126.90135,37.58454],[126.90428,37.58832],[126.89984,37.58987]]]},"properties":{"code":"1138065000","name":"수색동","parent":"11380"}},{"type":"Feature","geometry":{"type":"Polygon","coordinates":[[[126.97179,37.63229],[126.96882,37.63868],[126.96173,37.64516],[126.95462,37.65475],[126.94731,37.65893],[126.94119,37.65715],[126.93704,37.65193],[126.92889,37.64996],[126.92127,37.64556],[126.91419,37.64468],[126.90527,37.64891],[126.91223,37.64438],[126.90881,37.62905],[126.91565,37.6307],[126.91958,37.62796],[126.92558,37.62954],[126.93218,37.62644],[126.94091,37.6257],[126.94813,37.62744],[126.95318,37.62517],[126.95954,37.62848],[126.96925,37.63022],[126.97179,37.63229]]]},"properties":{"code":"1138069000","name":"진관동","parent":"11380"}},{"type":"Feature","geometry":{"type":"Polygon","coordinates":[[[126.94091,37.6257],[126.93218,37.62644],[126.92558,37.62954],[126.91958,37.62796],[126.92133,37.61887],[126.92598,37.62125],[126.93833,37.62055],[126.94091,37.6257]]]},"properties":{"code":"1138053000","name":"불광2동","parent":"11380"}},{"type":"Feature","geometry":{"type":"Polygon","coordinates":[[[126.9191,37.596],[126.91569,37.59708],[126.91448,37.5923],[126.91358,37.58873],[126.91315,37.58703],[126.91583,37.58314],[126.92081,37.58291],[126.92302,37.585],[126.92282,37.58562],[126.91725,37.59024],[126.9191,37.596]]]},"properties":{"code":"1138060000","name":"응암3동","parent":"11380"}},{"type":"Feature","geometry":{"type":"Polygon","coordinates":[[[126.92289,37.60632],[126.91729,37.6113],[126.91525,37.60743],[126.90947,37.6054],[126.90171,37.60573],[126.90208,37.60382],[126.91606,37.59921],[126.92063,37.60173],[126.92289,37.60632]]]},"properties":{"code":"1138062500","name":"역촌동","parent":"11380"}},{"type":"Feature","geometry":{"type":"Polygon","coordinates":[[[126.95957,37.57296],[126.95392,37.57849],[126.95078,37.57489],[126.95367,37.56934],[126.95894,37.56554],[126.96581,37.56667],[126.95957,37.57296]]]},"properties":{"code":"1141052000","name":"천연동","parent":"11410"}},{"type":"Feature","geometry":{"type":"Polygon","coordinates":[[[126.94184,37.59093],[126.94145,37.5914],[126.93628,37.58822],[126.93719,37.58254],[126.94675,37.57681],[126.94969,37.56846],[126.95367,37.56934],[126.95078,37.57489],[126.95392,37.57849],[126.95356,37.57888],[126.94498,37.58808],[126.94184,37.59093]]]},"properties":{"code":"1141062000","name":"홍제1동","parent":"11410"}},{"type":"Feature","geometry":{"type":"Polygon","coordinates":[[[126.9563,37.59566],[126.9472,37.59468],[126.94184,37.59093],[126.94498,37.58808],[126.95099,37.5893],[126.95689,37.58542],[126.9563,37.59566]]]},"properties":{"code":"1141064000","name":"홍제3동","parent":"11410"}},{"type":"Feature","geometry":{"type":"Polygon","coordinates":[[[126.95689,37.58542],[126.95099,37.5893],[126.94498,37.58808],[126.95356,37.57888],[126.96067,37.5808],[126.9579,37.58381],[126.95689,37.58542]]]},"properties":{"code":"1141065500","name":"홍제2동","parent":"11410"}},{"type":"Feature","geometry":{"type":"Polygon","coordinates":[[[126.95338,37.60537],[126.95038,37.60788],[126.94044,37.60286],[126.9386,37.59759],[126.94145,37.5914],[126.94184,37.59093],[126.9472,37.59468],[126.9563,37.59566],[126.95275,37.60041],[126.95338,37.60537]]]},"properties":{"code":"1141066000","name":"홍은1동","parent":"11410"}},{"type":"Feature","geometry":{"type":"Polygon","coordinates":[[[126.9386,37.59759],[126.93366,37.5964],[126.92842,37.59189],[126.92812,37.58838],[126.92282,37.58562],[126.92302,37.585],[126.92731,37.57594],[126.93663,37.58015],[126.93719,37.58254],[126.93628,37.58822],[126.94145,37.5914],[126.9386,37.59759]]]},"properties":{"code":"1141068500","name":"홍은2동","parent":"11410"}},{"type":"Feature","geometry":{"type":"Polygon","coordinates":[[[126.92189,37.57191],[126.91513,37.57516],[126.91181,37.57028],[126.91685,37.56789],[126.92189,37.57191]]]},"properties":{"code":"1141069000","name":"남가좌1동","parent":"11410"}},{"type":"Feature","geometry":{"type":"Polygon","coordinates":[[[126.92731,37.57594],[126.92302,37.585],[126.92081,37.58291],[126.91453,37.57524],[126.91513,37.57516],[126.92189,37.57191],[126.92731,37.57594]]]},"properties":{"code":"1141070000","name":"남가좌2동","parent":"11410"}},{"type":"Feature","geometry":{"type":"Polygon","coordinates":[[[126.91453,37.57524],[126.90629,37.58012],[126.90313,37.57689],[126.90161,37.57546],[126.91181,37.57028],[126.91513,37.57516],[126.91453,37.57524]]]},"properties":{"code":"1141071000","name":"북가좌1동","parent":"11410"}},{"type":"Feature","geometry":{"type":"Polygon","coordinates":[[[126.92081,37.58291],[126.91583,37.58314],[126.91315,37.58703],[126.90629,37.58012],[126.91453,37.57524],[126.92081,37.58291]]]},"properties":{"code":"1141072000","name":"북가좌2동","parent":"11410"}},{"type":"Feature","geometry":{"type":"Polygon","coordinates":[[[126.96581,37.56667],[126.95894,37.56554],[126.95367,37.56934],[126.94969,37.56846],[126.94986,37.55981],[126.95929,37.56188],[126.96207,37.55926],[126.96959,37.56201],[126.96677,37.56579],[126.96581,37.56667]]]},"properties":{"code":"1141056500","name":"충현동","parent":"11410"}},{"type":"Feature","geometry":{"type":"Polygon","coordinates":[[[126.96207,37.55926],[126.95929,37.56188],[126.94986,37.55981],[126.94885,37.55697],[126.95871,37.55666],[126.96148,37.55885],[126.96207,37.55926]]]},"properties":{"code":"1141055500","name":"북아현동","parent":"11410"}},{"type":"Feature","geometry":{"type":"Polygon","coordinates":[[[126.94969,37.56846],[126.94675,37.57681],[126.94265,37.57032],[126.93447,37.56623],[126.93142,37.56124],[126.9272,37.56183],[126.92714,37.56175],[126.92712,37.55863],[126.93687,37.5551],[126.94681,37.55685],[126.94885,37.55697],[126.94986,37.55981],[126.94969,37.56846]]]},"properties":{"code":"1141058500","name":"신촌동","parent":"11410"}},{"type":"Feature","geometry":{"type":"Polygon","coordinates":[[[126.94675,37.57681],[126.93719,37.58254],[126.93663,37.58015],[126.92731,37.57594],[126.92189,37.57191],[126.91685,37.56789],[126.91774,37.56744],[126.92474,37.56573],[126.9272,37.56183],[126.93142,37.56124],[126.93447,37.56623],[126.94265,37.57032],[126.94675,37.57681]]]},"properties":{"code":"1141061500","name":"연희동","parent":"11410"}},{"type":"Feature","geometry":{"type":"Polygon","coordinates":[[[126.94453,37.54515],[126.94073,37.54661],[126.93582,37.539],[126.94121,37.53645],[126.9507,37.5434],[126.95064,37.54342],[126.94968,37.54382],[126.94453,37.54515]]]},"properties":{"code":"1144059000","name":"용강동","parent":"11440"}},{"type":"Feature","geometry":{"type":"Polygon","coordinates":[[[126.94681,37.55685],[126.93687,37.5551],[126.93408,37.55342],[126.93372,37.55311],[126.94073,37.54661],[126.94453,37.54515],[126.94375,37.54743],[126.94681,37.55685]]]},"properties":{"code":"1144060000","name":"대흥동","parent":"11440"}},{"type":"Feature","geometry":{"type":"Polygon","coordinates":[[[126.94968,37.54382],[126.95065,37.55297],[126.94885,37.55697],[126.94681,37.55685],[126.94375,37.54743],[126.94453,37.54515],[126.94968,37.54382]]]},"properties":{"code":"1144061000","name":"염리동","parent":"11440"}},{"type":"Feature","geometry":{"type":"Polygon","coordinates":[[[126.94073,37.54661],[126.93372,37.55311],[126.93026,37.54132],[126.93582,37.539],[126.94073,37.54661]]]},"properties":{"code":"1144063000","name":"신수동","parent":"11440"}},{"type":"Feature","geometry":{"type":"Polygon","coordinates":[[[126.91166,37.55422],[126.91353,37.54948],[126.9203,37.54831],[126.92504,37.55317],[126.93408,37.55342],[126.93687,37.5551],[126.92712,37.55863],[126.92714,37.56175],[126.9176,37.55884],[126.9088,37.55742],[126.91166,37.55422]]]},"properties":{"code":"1144066000","name":"서교동","parent":"11440"}},{"type":"Feature","geometry":{"type":"Polygon","coordinates":[[[126.9203,37.54831],[126.91353,37.54948],[126.91166,37.55422],[126.90284,37.55146],[126.899,37.54792],[126.90218,37.54407],[126.90498,37.54132],[126.9171,37.54142],[126.9203,37.54831]]]},"properties":{"code":"1144068000","name":"합정동","parent":"11440"}},{"type":"Feature","geometry":{"type":"Polygon","coordinates":[[[126.9088,37.55742],[126.90819,37.55805],[126.89687,37.55536],[126.89441,37.55754],[126.89063,37.55117],[126.899,37.54792],[126.90284,37.55146],[126.91166,37.55422],[126.9088,37.55742]]]},"properties":{"code":"1144069000","name":"망원1동","parent":"11440"}},{"type":"Feature","geometry":{"type":"Polygon","coordinates":[[[126.9043,37.5624],[126.89432,37.55989],[126.89441,37.55754],[126.89687,37.55536],[126.90819,37.55805],[126.9043,37.5624]]]},"properties":{"code":"1144070000","name":"망원2동","parent":"11440"}},{"type":"Feature","geometry":{"type":"Polygon","coordinates":[[[126.9272,37.56183],[126.92474,37.56573],[126.91774,37.56744],[126.91666,37.56694],[126.9176,37.55884],[126.92714,37.56175],[126.9272,37.56183]]]},"properties":{"code":"1144071000","name":"연남동","parent":"11440"}},{"type":"Feature","geometry":{"type":"Polygon","coordinates":[[[126.9176,37.55884],[126.91666,37.56694],[126.9043,37.5624],[126.90819,37.55805],[126.9088,37.55742],[126.9176,37.55884]]]},"properties":{"code":"1144072000","name":"성산1동","parent":"11440"}},{"type":"Feature","geometry":{"type":"Polygon","coordinates":[[[126.91181,37.57028],[126.90161,37.57546],[126.8991,37.57325],[126.89205,37.57272],[126.89116,37.5697],[126.8951,37.5652],[126.89432,37.55989],[126.9043,37.5624],[126.91666,37.56694],[126.91774,37.56744],[126.91685,37.56789],[126.91181,37.57028]]]},"properties":{"code":"1144073000","name":"성산2동","parent":"11440"}},{"type":"Feature","geometry":{"type":"Polygon","coordinates":[[[126.8982,37.57826],[126.88224,37.59094],[126.87667,37.58412],[126.87708,37.5789],[126.85412,37.57386],[126.85356,37.57181],[126.8595,37.56733],[126.86306,37.565],[126.88038,37.55618],[126.89063,37.55117],[126.89441,37.55754],[126.89432,37.55989],[126.8951,37.5652],[126.89116,37.5697],[126.89205,37.57272],[126.8991,37.57325],[126.90161,37.57546],[126.90313,37.57689],[126.8982,37.57826]]]},"properties":{"code":"1144074000","name":"상암동","parent":"11440"}},{"type":"Feature","geometry":{"type":"Polygon","coordinates":[[[126.9564,37.54058],[126.9507,37.5434],[126.94121,37.53645],[126.94467,37.53375],[126.95301,37.53785],[126.9564,37.54058]]]},"properties":{"code":"1144058500","name":"도화동","parent":"11440"}},{"type":"Feature","geometry":{"type":"Polygon","coordinates":[[[126.93408,37.55342],[126.92504,37.55317],[126.9203,37.54831],[126.9171,37.54142],[126.92763,37.53903],[126.93026,37.54132],[126.93372,37.55311],[126.93408,37.55342]]]},"properties":{"code":"1144065500","name":"서강동","parent":"11440"}},{"type":"Feature","geometry":{"type":"Polygon","coordinates":[[[126.96239,37.5515],[126.96148,37.55885],[126.95871,37.55666],[126.95064,37.54342],[126.9507,37.5434],[126.9564,37.54058],[126.95651,37.5407],[126.95863,37.54558],[126.9632,37.54868],[126.96239,37.5515]]]},"properties":{"code":"1144056500","name":"공덕동","parent":"11440"}},{"type":"Feature","geometry":{"type":"Polygon","coordinates":[[[126.95871,37.55666],[126.94885,37.55697],[126.95065,37.55297],[126.94968,37.54382],[126.95064,37.54342],[126.95871,37.55666]]]},"properties":{"code":"1144055500","name":"아현동","parent":"11440"}},{"type":"Feature","geometry":{"type":"Polygon","coordinates":[[[126.88848,37.53072],[126.88148,37.53189],[126.86719,37.53022],[126.86401,37.5298],[126.8654,37.52257],[126.87116,37.52313],[126.87982,37.5222],[126.88173,37.52632],[126.88848,37.53072]]]},"properties":{"code":"1147051000","name":"목1동","parent":"11470"}},{"type":"Feature","geometry":{"type":"Polygon","coordinates":[[[126.88516,37.54359],[126.88071,37.54787],[126.8707,37.54765],[126.86616,37.54411],[126.86847,37.53979],[126.87267,37.53757],[126.87749,37.5415],[126.88516,37.54359]]]},"properties":{"code":"1147052000","name":"목2동","parent":"11470"}},{"type":"Feature","geometry":{"type":"Polygon","coordinates":[[[126.86498,37.55093],[126.86428,37.55139],[126.86219,37.54456],[126.86367,37.53928],[126.86847,37.53979],[126.86616,37.54411],[126.8707,37.54765],[126.86498,37.55093]]]},"properties":{"code":"1147053000","name":"목3동","parent":"11470"}},{"type":"Feature","geometry":{"type":"Polygon","coordinates":[[[126.87267,37.53757],[126.86847,37.53979],[126.86367,37.53928],[126.86349,37.5356],[126.86401,37.5298],[126.86719,37.53022],[126.87267,37.53757]]]},"properties":{"code":"1147054000","name":"목4동","parent":"11470"}},{"type":"Feature","geometry":{"type":"Polygon","coordinates":[[[126.84049,37.52654],[126.83517,37.53691],[126.82832,37.53575],[126.83489,37.52555],[126.84049,37.52654]]]},"properties":{"code":"1147056000","name":"신월1동","parent":"11470"}},{"type":"Feature","geometry":{"type":"Polygon","coordinates":[[[126.85161,37.52172],[126.8489,37.5279],[126.84049,37.52654],[126.84444,37.52004],[126.84848,37.51698],[126.85161,37.52172]]]},"properties":{"code":"1147057000","name":"신월2동","parent":"11470"}},{"type":"Feature","geometry":{"type":"Polygon","coordinates":[[[126.82832,37.53575],[126.82443,37.54138],[126.82215,37.54068],[126.82183,37.53916],[126.82182,37.53487],[126.82846,37.5267],[126.82592,37.52408],[126.83489,37.52555],[126.82832,37.53575]]]},"properties":{"code":"1147058000","name":"신월3동","parent":"11470"}},{"type":"Feature","geometry":{"type":"Polygon","coordinates":[[[126.84444,37.52004],[126.84049,37.52654],[126.83489,37.52555],[126.83945,37.51709],[126.84444,37.52004]]]},"properties":{"code":"1147059000","name":"신월4동","parent":"11470"}},{"type":"Feature","geometry":{"type":"Polygon","coordinates":[[[126.82974,37.54767],[126.82443,37.54138],[126.82832,37.53575],[126.83517,37.53691],[126.83378,37.53987],[126.83008,37.54172],[126.82974,37.54767]]]},"properties":{"code":"1147060000","name":"신월5동","parent":"11470"}},{"type":"Feature","geometry":{"type":"Polygon","coordinates":[[[126.84848,37.51698],[126.84444,37.52004],[126.83945,37.51709],[126.83493,37.51565],[126.84254,37.51314],[126.84848,37.51698]]]},"properties":{"code":"1147061000","name":"신월6동","parent":"11470"}},{"type":"Feature","geometry":{"type":"Polygon","coordinates":[[[126.83945,37.51709],[126.83489,37.52555],[126.82592,37.52408],[126.82556,37.51985],[126.82324,37.51618],[126.82468,37.50833],[126.82697,37.50859],[126.82534,37.51484],[126.82942,37.51759],[126.83493,37.51565],[126.83945,37.51709]]]},"properties":{"code":"1147061100","name":"신월7동","parent":"11470"}},{"type":"Feature","geometry":{"type":"Polygon","coordinates":[[[126.8626,37.51687],[126.86733,37.51853],[126.8654,37.52257],[126.85246,37.52125],[126.85594,37.51368],[126.8626,37.51687]]]},"properties":{"code":"1147062000","name":"신정1동","parent":"11470"}},{"type":"Feature","geometry":{"type":"Polygon","coordinates":[[[126.87982,37.5222],[126.87116,37.52313],[126.87176,37.5159],[126.87846,37.51428],[126.87947,37.51677],[126.87981,37.52138],[126.87982,37.5222]]]},"properties":{"code":"1147063000","name":"신정2동","parent":"11470"}},{"type":"Feature","geometry":{"type":"Polygon","coordinates":[[[126.85161,37.52172],[126.84848,37.51698],[126.84254,37.51314],[126.83493,37.51565],[126.82942,37.51759],[126.82534,37.51484],[126.82697,37.50859],[126.83642,37.50246],[126.83641,37.50065],[126.83836,37.50014],[126.83898,37.5029],[126.84529,37.50787],[126.8529,37.51058],[126.85816,37.50995],[126.85594,37.51368],[126.85246,37.52125],[126.85161,37.52172]]]},"properties":{"code":"1147064000","name":"신정3동","parent":"11470"}},{"type":"Feature","geometry":{"type":"Polygon","coordinates":[[[126.87116,37.52313],[126.8654,37.52257],[126.86733,37.51853],[126.8626,37.51687],[126.86402,37.51207],[126.86975,37.51406],[126.87348,37.50852],[126.87846,37.51428],[126.87176,37.5159],[126.87116,37.52313]]]},"properties":{"code":"1147067000","name":"신정6동","parent":"11470"}},{"type":"Feature","geometry":{"type":"Polygon","coordinates":[[[126.87348,37.50852],[126.86975,37.51406],[126.86402,37.51207],[126.8626,37.51687],[126.85594,37.51368],[126.85816,37.50995],[126.86275,37.506],[126.87126,37.50563],[126.87348,37.50852]]]},"properties":{"code":"1147068000","name":"신정7동","parent":"11470"}},{"type":"Feature","geometry":{"type":"Polygon","coordinates":[[[126.88516,37.54359],[126.87749,37.5415],[126.87267,37.53757],[126.86719,37.53022],[126.88148,37.53189],[126.88848,37.53072],[126.89004,37.53038],[126.89025,37.53467],[126.88516,37.54359]]]},"properties":{"code":"1147055000","name":"목5동","parent":"11470"}},{"type":"Feature","geometry":{"type":"Polygon","coordinates":[[[126.8654,37.52257],[126.86401,37.5298],[126.85849,37.52911],[126.85196,37.52828],[126.8489,37.5279],[126.85161,37.52172],[126.85246,37.52125],[126.8654,37.52257]]]},"properties":{"code":"1147065000","name":"신정4동","parent":"11470"}},{"type":"Feature","geometry":{"type":"Polygon","coordinates":[[[126.88038,37.55618],[126.86306,37.565],[126.86772,37.56033],[126.86304,37.55688],[126.86732,37.5542],[126.86498,37.55093],[126.8707,37.54765],[126.88071,37.54787],[126.87799,37.55343],[126.88038,37.55618]]]},"properties":{"code":"1150051000","name":"염창동","parent":"11500"}},{"type":"Feature","geometry":{"type":"Polygon","coordinates":[[[126.86304,37.55688],[126.85518,37.56107],[126.85231,37.55589],[126.85771,37.55407],[126.86428,37.55139],[126.86498,37.55093],[126.86732,37.5542],[126.86304,37.55688]]]},"properties":{"code":"1150052000","name":"등촌1동","parent":"11500"}},{"type":"Feature","geometry":{"type":"Polygon","coordinates":[[[126.86428,37.55139],[126.85771,37.55407],[126.85483,37.5461],[126.85594,37.5427],[126.86048,37.54156],[126.86349,37.5356],[126.86367,37.53928],[126.86219,37.54456],[126.86428,37.55139]]]},"properties":{"code":"1150053000","name":"등촌2동","parent":"11500"}},{"type":"Feature","geometry":{"type":"Polygon","coordinates":[[[126.84883,37.5644],[126.84095,37.56716],[126.83822,37.55857],[126.84572,37.55782],[126.85231,37.55589],[126.85518,37.56107],[126.84883,37.5644]]]},"properties":{"code":"1150053500","name":"등촌3동","parent":"11500"}},{"type":"Feature","geometry":{"type":"Polygon","coordinates":[[[126.85483,37.5461],[126.84707,37.54886],[126.84044,37.54162],[126.84369,37.53669],[126.84771,37.5389],[126.85175,37.53663],[126.85339,37.53679],[126.85594,37.5427],[126.85483,37.5461]]]},"properties":{"code":"1150059000","name":"화곡본동","parent":"11500"}},{"type":"Feature","geometry":{"type":"Polygon","coordinates":[[[126.85849,37.52911],[126.85763,37.53342],[126.85339,37.53679],[126.85175,37.53663],[126.85196,37.52828],[126.85849,37.52911]]]},"properties":{"code":"1150055000","name":"화곡2동","parent":"11500"}},{"type":"Feature","geometry":{"type":"Polygon","coordinates":[[[126.8363,37.54797],[126.82974,37.54767],[126.83008,37.54172],[126.83378,37.53987],[126.8404,37.54166],[126.8363,37.54797]]]},"properties":{"code":"1150056000","name":"화곡3동","parent":"11500"}},{"type":"Feature","geometry":{"type":"Polygon","coordinates":[[[126.86349,37.5356],[126.86048,37.54156],[126.85594,37.5427],[126.85339,37.53679],[126.85763,37.53342],[126.85849,37.52911],[126.86401,37.5298],[126.86349,37.5356]]]},"properties":{"code":"1150057000","name":"화곡4동","parent":"11500"}},{"type":"Feature","geometry":{"type":"Polygon","coordinates":[[[126.85231,37.55589],[126.84572,37.55782],[126.84441,37.55176],[126.84707,37.54886],[126.85483,37.5461],[126.85771,37.55407],[126.85231,37.55589]]]},"properties":{"code":"1150059100","name":"화곡6동","parent":"11500"}},{"type":"Feature","geometry":{"type":"Polygon","coordinates":[[[126.85175,37.53663],[126.84771,37.5389],[126.84369,37.53669],[126.8489,37.5279],[126.85196,37.52828],[126.85175,37.53663]]]},"properties":{"code":"1150059300","name":"화곡8동","parent":"11500"}},{"type":"Feature","geometry":{"type":"Polygon","coordinates":[[[126.85163,37.57326],[126.83209,37.58577],[126.82128,37.57714],[126.82208,37.57328],[126.82316,37.56702],[126.8278,37.56663],[126.82722,37.56184],[126.82696,37.5597],[126.83822,37.55857],[126.84095,37.56716],[126.84883,37.5644],[126.84814,37.56927],[126.85163,37.57326]]]},"properties":{"code":"1150060300","name":"가양1동","parent":"11500"}},{"type":"Feature","geometry":{"type":"Polygon","coordinates":[[[126.85356,37.57181],[126.85163,37.57326],[126.84814,37.56927],[126.84883,37.5644],[126.85518,37.56107],[126.8595,37.56733],[126.85356,37.57181]]]},"properties":{"code":"1150060400","name":"가양2동","parent":"11500"}},{"type":"Feature","geometry":{"type":"Polygon","coordinates":[[[126.86306,37.565],[126.8595,37.56733],[126.85518,37.56107],[126.86304,37.55688],[126.86772,37.56033],[126.86306,37.565]]]},"properties":{"code":"1150060500","name":"가양3동","parent":"11500"}},{"type":"Feature","geometry":{"type":"Polygon","coordinates":[[[126.82696,37.5597],[126.8127,37.54962],[126.81537,37.54562],[126.81236,37.54071],[126.82215,37.54068],[126.82443,37.54138],[126.82974,37.54767],[126.8363,37.54797],[126.83822,37.55857],[126.82696,37.5597]]]},"properties":{"code":"1150061100","name":"발산1동","parent":"11500"}},{"type":"Feature","geometry":{"type":"Polygon","coordinates":[[[126.81104,37.56406],[126.80767,37.56171],[126.79965,37.56232],[126.7991,37.56846],[126.78757,37.5756],[126.77696,37.56634],[126.77563,37.5618],[126.7666,37.55667],[126.7662,37.55413],[126.77174,37.54831],[126.78738,37.54586],[126.79175,37.54375],[126.7944,37.53583],[126.79907,37.53751],[126.80285,37.54308],[126.80732,37.54362],[126.81236,37.54071],[126.81537,37.54562],[126.8127,37.54962],[126.82696,37.5597],[126.82722,37.56184],[126.81104,37.56406]]]},"properties":{"code":"1150062000","name":"공항동","parent":"11500"}},{"type":"Feature","geometry":{"type":"Polygon","coordinates":[[[126.82208,37.57328],[126.81655,37.57502],[126.80394,37.57408],[126.81067,37.57329],[126.8128,37.56996],[126.81104,37.56406],[126.82722,37.56184],[126.8278,37.56663],[126.82316,37.56702],[126.82208,37.57328]]]},"properties":{"code":"1150063000","name":"방화1동","parent":"11500"}},{"type":"Feature","geometry":{"type":"Polygon","coordinates":[[[126.80494,37.60402],[126.8006,37.6041],[126.79725,37.59659],[126.80088,37.58875],[126.79367,37.5816],[126.78757,37.5756],[126.7991,37.56846],[126.79965,37.56232],[126.80767,37.56171],[126.81104,37.56406],[126.8128,37.56996],[126.81067,37.57329],[126.80394,37.57408],[126.80635,37.58198],[126.8147,37.584],[126.8142,37.58696],[126.81858,37.59359],[126.80494,37.60402]]]},"properties":{"code":"1150064000","name":"방화2동","parent":"11500"}},{"type":"Feature","geometry":{"type":"Polygon","coordinates":[[[126.82682,37.58799],[126.81858,37.59359],[126.8142,37.58696],[126.8147,37.584],[126.80635,37.58198],[126.80394,37.57408],[126.81655,37.57502],[126.82208,37.57328],[126.82128,37.57714],[126.83209,37.58577],[126.82682,37.58799]]]},"properties":{"code":"1150064100","name":"방화3동","parent":"11500"}},{"type":"Feature","geometry":{"type":"Polygon","coordinates":[[[126.84044,37.54162],[126.8404,37.54166],[126.83378,37.53987],[126.83517,37.53691],[126.84049,37.52654],[126.8489,37.5279],[126.84369,37.53669],[126.84044,37.54162]]]},"properties":{"code":"1150054000","name":"화곡1동","parent":"11500"}},{"type":"Feature","geometry":{"type":"Polygon","coordinates":[[[126.84572,37.55782],[126.83822,37.55857],[126.8363,37.54797],[126.8404,37.54166],[126.84044,37.54162],[126.84707,37.54886],[126.84441,37.55176],[126.84572,37.55782]]]},"properties":{"code":"1150061500","name":"우장산동","parent":"11500"}},{"type":"Feature","geometry":{"type":"Polygon","coordinates":[[[126.89297,37.50946],[126.87947,37.51677],[126.87846,37.51428],[126.87348,37.50852],[126.88123,37.50399],[126.88999,37.50816],[126.89386,37.50748],[126.89514,37.50815],[126.89297,37.50946]]]},"properties":{"code":"1153051000","name":"신도림동","parent":"11530"}},{"type":"Feature","geometry":{"type":"Polygon","coordinates":[[[126.88015,37.48734],[126.87835,37.49981],[126.86803,37.49706],[126.86819,37.49553],[126.86831,37.4951],[126.87474,37.48538],[126.88066,37.48597],[126.88015,37.48734]]]},"properties":{"code":"1153052000","name":"구로1동","parent":"11530"}},{"type":"Feature","geometry":{"type":"Polygon","coordinates":[[[126.90323,37.48499],[126.89742,37.48776],[126.8954,37.49203],[126.88621,37.48498],[126.89099,37.48391],[126.89617,37.47855],[126.89895,37.47895],[126.89947,37.48034],[126.90323,37.48499]]]},"properties":{"code":"1153054000","name":"구로3동","parent":"11530"}},{"type":"Feature","geometry":{"type":"Polygon","coordinates":[[[126.89537,37.4921],[126.89353,37.49772],[126.88882,37.49529],[126.88605,37.48498],[126.88621,37.48498],[126.8954,37.49203],[126.89537,37.4921]]]},"properties":{"code":"1153055000","name":"구로4동","parent":"11530"}},{"type":"Feature","geometry":{"type":"Polygon","coordinates":[[[126.89386,37.50748],[126.88999,37.50816],[126.88123,37.50399],[126.88882,37.49529],[126.89353,37.49772],[126.89386,37.50748]]]},"properties":{"code":"1153056000","name":"구로5동","parent":"11530"}},{"type":"Feature","geometry":{"type":"Polygon","coordinates":[[[126.87126,37.50563],[126.86275,37.506],[126.85605,37.50224],[126.85664,37.49755],[126.86419,37.49401],[126.86819,37.49553],[126.86803,37.49706],[126.87126,37.50563]]]},"properties":{"code":"1153072000","name":"고척1동","parent":"11530"}},{"type":"Feature","geometry":{"type":"Polygon","coordinates":[[[126.85816,37.50995],[126.8529,37.51058],[126.84529,37.50787],[126.85274,37.49948],[126.85605,37.50224],[126.86275,37.506],[126.85816,37.50995]]]},"properties":{"code":"1153073000","name":"고척2동","parent":"11530"}},{"type":"Feature","geometry":{"type":"Polygon","coordinates":[[[126.86419,37.49401],[126.85077,37.49573],[126.84862,37.49521],[126.84814,37.49046],[126.86309,37.49096],[126.86704,37.49296],[126.86831,37.4951],[126.86819,37.49553],[126.86419,37.49401]]]},"properties":{"code":"1153075000","name":"개봉2동","parent":"11530"}},{"type":"Feature","geometry":{"type":"Polygon","coordinates":[[[126.85651,37.48569],[126.86309,37.49096],[126.84814,37.49046],[126.84466,37.48653],[126.84827,37.48236],[126.85348,37.48264],[126.85651,37.48569]]]},"properties":{"code":"1153076000","name":"개봉3동","parent":"11530"}},{"type":"Feature","geometry":{"type":"Polygon","coordinates":[[[126.83836,37.50014],[126.83641,37.50065],[126.83424,37.49891],[126.83808,37.49316],[126.84862,37.49521],[126.85077,37.49573],[126.84415,37.49969],[126.83836,37.50014]]]},"properties":{"code":"1153077000","name":"오류1동","parent":"11530"}},{"type":"Feature","geometry":{"type":"Polygon","coordinates":[[[126.82405,37.48885],[126.823,37.48848],[126.81939,37.48537],[126.81957,37.48028],[126.81475,37.47467],[126.81591,37.47399],[126.81922,37.47616],[126.83179,37.47757],[126.83207,37.48394],[126.82405,37.48885]]]},"properties":{"code":"1153080000","name":"항동","parent":"11530"}},{"type":"Feature","geometry":{"type":"Polygon","coordinates":[[[126.83641,37.50065],[126.83642,37.50246],[126.82697,37.50859],[126.82468,37.50833],[126.82245,37.50607],[126.81976,37.49923],[126.81436,37.49831],[126.81439,37.4932],[126.82062,37.49076],[126.823,37.48848],[126.82405,37.48885],[126.82694,37.49321],[126.83808,37.49316],[126.83424,37.49891],[126.83641,37.50065]]]},"properties":{"code":"1153079000","name":"수궁동","parent":"11530"}},{"type":"Feature","geometry":{"type":"Polygon","coordinates":[[[126.88605,37.48498],[126.88015,37.48734],[126.88066,37.48597],[126.88816,37.48014],[126.89586,37.47846],[126.89617,37.47855],[126.89099,37.48391],[126.88621,37.48498],[126.88605,37.48498]]]},"properties":{"code":"1153059500","name":"가리봉동","parent":"11530"}},{"type":"Feature","geometry":{"type":"Polygon","coordinates":[[[126.88123,37.50399],[126.87348,37.50852],[126.87126,37.50563],[126.86803,37.49706],[126.87835,37.49981],[126.88015,37.48734],[126.88605,37.48498],[126.88882,37.49529],[126.88123,37.50399]]]},"properties":{"code":"1153053000","name":"구로2동","parent":"11530"}},{"type":"Feature","geometry":{"type":"Polygon","coordinates":[[[126.85605,37.50224],[126.85274,37.49948],[126.84529,37.50787],[126.83898,37.5029],[126.83836,37.50014],[126.84415,37.49969],[126.85077,37.49573],[126.86419,37.49401],[126.85664,37.49755],[126.85605,37.50224]]]},"properties":{"code":"1153074000","name":"개봉1동","parent":"11530"}},{"type":"Feature","geometry":{"type":"Polygon","coordinates":[[[126.88066,37.48597],[126.87474,37.48538],[126.87398,37.48505],[126.87391,37.48333],[126.88065,37.47185],[126.88578,37.46582],[126.88677,37.46468],[126.8894,37.46576],[126.88712,37.47203],[126.89388,37.47223],[126.89586,37.47846],[126.88816,37.48014],[126.88066,37.48597]]]},"properties":{"code":"1154551000","name":"가산동","parent":"11545"}},{"type":"Feature","geometry":{"type":"Polygon","coordinates":[[[126.89801,37.47142],[126.89895,37.47895],[126.89617,37.47855],[126.89586,37.47846],[126.89388,37.47223],[126.88712,37.47203],[126.8894,37.46576],[126.88677,37.46468],[126.88638,37.4562],[126.88971,37.45232],[126.89407,37.45264],[126.8931,37.45736],[126.89874,37.45939],[126.89763,37.46651],[126.89801,37.47142]]]},"properties":{"code":"1154561000","name":"독산1동","parent":"11545"}},{"type":"Feature","geometry":{"type":"Polygon","coordinates":[[[126.9124,37.46601],[126.90678,37.46742],[126.89763,37.46651],[126.89874,37.45939],[126.90436,37.46229],[126.91244,37.46568],[126.9124,37.46601]]]},"properties":{"code":"1154562000","name":"독산2동","parent":"11545"}},{"type":"Feature","geometry":{"type":"Polygon","coordinates":[[[126.90823,37.47263],[126.91194,37.47691],[126.90972,37.48095],[126.89947,37.48034],[126.89895,37.47895],[126.89801,37.47142],[126.90823,37.47263]]]},"properties":{"code":"1154563000","name":"독산3동","parent":"11545"}},{"type":"Feature","geometry":{"type":"Polygon","coordinates":[[[126.9124,37.46601],[126.90823,37.47263],[126.89801,37.47142],[126.89763,37.46651],[126.90678,37.46742],[126.9124,37.46601]]]},"properties":{"code":"1154564000","name":"독산4동","parent":"11545"}},{"type":"Feature","geometry":{"type":"Polygon","coordinates":[[[126.90613,37.45371],[126.90436,37.46229],[126.89874,37.45939],[126.8931,37.45736],[126.89407,37.45264],[126.89823,37.44465],[126.90332,37.44744],[126.90613,37.45371]]]},"properties":{"code":"1154567000","name":"시흥1동","parent":"11545"}},{"type":"Feature","geometry":{"type":"Polygon","coordinates":[[[126.92875,37.45019],[126.92247,37.45725],[126.91841,37.45716],[126.91373,37.45292],[126.91246,37.44854],[126.92109,37.44413],[126.92875,37.45019]]]},"properties":{"code":"1154568000","name":"시흥2동","parent":"11545"}},{"type":"Feature","geometry":{"type":"Polygon","coordinates":[[[126.91522,37.44006],[126.90332,37.44744],[126.89823,37.44465],[126.90049,37.43736],[126.90192,37.43637],[126.90934,37.43416],[126.91522,37.44006]]]},"properties":{"code":"1154569000","name":"시흥3동","parent":"11545"}},{"type":"Feature","geometry":{"type":"Polygon","coordinates":[[[126.91244,37.46568],[126.90436,37.46229],[126.90613,37.45371],[126.91415,37.45809],[126.91375,37.46528],[126.91244,37.46568]]]},"properties":{"code":"1154570000","name":"시흥4동","parent":"11545"}},{"type":"Feature","geometry":{"type":"Polygon","coordinates":[[[126.91841,37.45716],[126.91415,37.45809],[126.90613,37.45371],[126.90332,37.44744],[126.91522,37.44006],[126.92109,37.44413],[126.91246,37.44854],[126.91373,37.45292],[126.91841,37.45716]]]},"properties":{"code":"1154571000","name":"시흥5동","parent":"11545"}},{"type":"Feature","geometry":{"type":"Polygon","coordinates":[[[126.9171,37.54142],[126.90498,37.54132],[126.9132,37.52442],[126.91749,37.51945],[126.92601,37.5161],[126.93304,37.51576],[126.9394,37.51614],[126.94956,37.51781],[126.94864,37.52855],[126.94467,37.53375],[126.94121,37.53645],[126.93582,37.539],[126.93026,37.54132],[126.92763,37.53903],[126.9171,37.54142]]]},"properties":{"code":"1156054000","name":"여의동","parent":"11560"}},{"type":"Feature","geometry":{"type":"Polygon","coordinates":[[[126.90284,37.52612],[126.89415,37.52921],[126.89225,37.52074],[126.9011,37.51904],[126.90284,37.52612]]]},"properties":{"code":"1156055000","name":"당산1동","parent":"11560"}},{"type":"Feature","geometry":{"type":"Polygon","coordinates":[[[126.90498,37.54132],[126.90218,37.54407],[126.90076,37.53762],[126.89415,37.52921],[126.90284,37.52612],[126.91031,37.52633],[126.9132,37.52442],[126.90498,37.54132]]]},"properties":{"code":"1156056000","name":"당산2동","parent":"11560"}},{"type":"Feature","geometry":{"type":"Polygon","coordinates":[[[126.89004,37.53038],[126.88848,37.53072],[126.88173,37.52632],[126.87982,37.5222],[126.87981,37.52138],[126.89225,37.52074],[126.89415,37.52921],[126.89004,37.53038]]]},"properties":{"code":"1156061000","name":"양평1동","parent":"11560"}},{"type":"Feature","geometry":{"type":"Polygon","coordinates":[[[126.899,37.54792],[126.89063,37.55117],[126.88038,37.55618],[126.87799,37.55343],[126.88071,37.54787],[126.88516,37.54359],[126.89025,37.53467],[126.89004,37.53038],[126.89415,37.52921],[126.90076,37.53762],[126.90218,37.54407],[126.899,37.54792]]]},"properties":{"code":"1156062000","name":"양평2동","parent":"11560"}},{"type":"Feature","geometry":{"type":"Polygon","coordinates":[[[126.92601,37.5161],[126.91749,37.51945],[126.91666,37.51746],[126.91884,37.51423],[126.91374,37.51138],[126.91612,37.50565],[126.92206,37.508],[126.92516,37.5149],[126.92601,37.5161]]]},"properties":{"code":"1156063000","name":"신길1동","parent":"11560"}},{"type":"Feature","geometry":{"type":"Polygon","coordinates":[[[126.91016,37.50383],[126.91029,37.51071],[126.89822,37.50533],[126.90048,37.50303],[126.91016,37.50383]]]},"properties":{"code":"1156065000","name":"신길3동","parent":"11560"}},{"type":"Feature","geometry":{"type":"Polygon","coordinates":[[[126.91612,37.50565],[126.91374,37.51138],[126.91029,37.51071],[126.91016,37.50383],[126.91022,37.50362],[126.91545,37.50419],[126.91612,37.50565]]]},"properties":{"code":"1156066000","name":"신길4동","parent":"11560"}},{"type":"Feature","geometry":{"type":"Polygon","coordinates":[[[126.91016,37.50383],[126.90048,37.50303],[126.90374,37.49729],[126.90817,37.49745],[126.91022,37.50362],[126.91016,37.50383]]]},"properties":{"code":"1156067000","name":"신길5동","parent":"11560"}},{"type":"Feature","geometry":{"type":"Polygon","coordinates":[[[126.91545,37.50419],[126.91022,37.50362],[126.90817,37.49745],[126.90945,37.49259],[126.91424,37.49658],[126.92023,37.49851],[126.92083,37.5014],[126.91545,37.50419]]]},"properties":{"code":"1156068000","name":"신길6동","parent":"11560"}},{"type":"Feature","geometry":{"type":"Polygon","coordinates":[[[126.92083,37.5014],[126.92516,37.5149],[126.92206,37.508],[126.91612,37.50565],[126.91545,37.50419],[126.92083,37.5014]]]},"properties":{"code":"1156069000","name":"신길7동","parent":"11560"}},{"type":"Feature","geometry":{"type":"Polygon","coordinates":[[[126.90945,37.49259],[126.90817,37.49745],[126.90374,37.49729],[126.89993,37.49483],[126.90633,37.48893],[126.90945,37.49259]]]},"properties":{"code":"1156070000","name":"대림1동","parent":"11560"}},{"type":"Feature","geometry":{"type":"Polygon","coordinates":[[[126.90633,37.48893],[126.89993,37.49483],[126.89537,37.4921],[126.8954,37.49203],[126.89742,37.48776],[126.90323,37.48499],[126.90633,37.48893]]]},"properties":{"code":"1156071000","name":"대림2동","parent":"11560"}},{"type":"Feature","geometry":{"type":"Polygon","coordinates":[[[126.89822,37.50533],[126.89514,37.50815],[126.89386,37.50748],[126.89353,37.49772],[126.89537,37.4921],[126.89993,37.49483],[126.90374,37.49729],[126.90048,37.50303],[126.89822,37.50533]]]},"properties":{"code":"1156072000","name":"대림3동","parent":"11560"}},{"type":"Feature","geometry":{"type":"Polygon","coordinates":[[[126.91374,37.51138],[126.91884,37.51423],[126.91666,37.51746],[126.90386,37.51493],[126.89816,37.51145],[126.90191,37.51],[126.91029,37.51071],[126.91374,37.51138]]]},"properties":{"code":"1156051500","name":"영등포본동","parent":"11560"}},{"type":"Feature","geometry":{"type":"Polygon","coordinates":[[[126.9132,37.52442],[126.91031,37.52633],[126.90284,37.52612],[126.9011,37.51904],[126.90386,37.51493],[126.91666,37.51746],[126.91749,37.51945],[126.9132,37.52442]]]},"properties":{"code":"1156053500","name":"영등포동","parent":"11560"}},{"type":"Feature","geometry":{"type":"Polygon","coordinates":[[[126.91029,37.51071],[126.90191,37.51],[126.89816,37.51145],[126.89297,37.50946],[126.89514,37.50815],[126.89822,37.50533],[126.91029,37.51071]]]},"properties":{"code":"1156058500","name":"도림동","parent":"11560"}},{"type":"Feature","geometry":{"type":"Polygon","coordinates":[[[126.89225,37.52074],[126.87981,37.52138],[126.87947,37.51677],[126.89297,37.50946],[126.89816,37.51145],[126.90386,37.51493],[126.9011,37.51904],[126.89225,37.52074]]]},"properties":{"code":"1156060500","name":"문래동","parent":"11560"}},{"type":"Feature","geometry":{"type":"Polygon","coordinates":[[[126.94059,37.50598],[126.94171,37.50939],[126.9394,37.51614],[126.93304,37.51576],[126.93526,37.50704],[126.94059,37.50598]]]},"properties":{"code":"1159052000","name":"노량진2동","parent":"11590"}},{"type":"Feature","geometry":{"type":"Polygon","coordinates":[[[126.95398,37.50769],[126.95031,37.50779],[126.94645,37.50226],[126.94788,37.49926],[126.94739,37.49391],[126.95611,37.49158],[126.96124,37.49256],[126.96223,37.49415],[126.96298,37.49456],[126.96117,37.49778],[126.95668,37.4993],[126.95398,37.50769]]]},"properties":{"code":"1159053000","name":"상도1동","parent":"11590"}},{"type":"Feature","geometry":{"type":"Polygon","coordinates":[[[126.94788,37.49926],[126.94645,37.50226],[126.95031,37.50779],[126.94059,37.50598],[126.93526,37.50704],[126.93266,37.50409],[126.93636,37.50327],[126.93978,37.50046],[126.94788,37.49926]]]},"properties":{"code":"1159054000","name":"상도2동","parent":"11590"}},{"type":"Feature","geometry":{"type":"Polygon","coordinates":[[[126.93636,37.50327],[126.93266,37.50409],[126.92833,37.50296],[126.92858,37.49887],[126.92987,37.494],[126.93951,37.49088],[126.94165,37.49225],[126.93194,37.50052],[126.93636,37.50327]]]},"properties":{"code":"1159055000","name":"상도3동","parent":"11590"}},{"type":"Feature","geometry":{"type":"Polygon","coordinates":[[[126.94788,37.49926],[126.93978,37.50046],[126.93636,37.50327],[126.93194,37.50052],[126.94165,37.49225],[126.94339,37.49208],[126.94739,37.49391],[126.94788,37.49926]]]},"properties":{"code":"1159056000","name":"상도4동","parent":"11590"}},{"type":"Feature","geometry":{"type":"Polygon","coordinates":[[[126.98207,37.48481],[126.97918,37.48439],[126.97569,37.48329],[126.97019,37.47663],[126.97049,37.47537],[126.98172,37.47636],[126.98207,37.48481]]]},"properties":{"code":"1159062000","name":"사당1동","parent":"11590"}},{"type":"Feature","geometry":{"type":"Polygon","coordinates":[[[126.97918,37.48439],[126.97241,37.49326],[126.96298,37.49456],[126.96223,37.49415],[126.96637,37.48801],[126.97084,37.48478],[126.97569,37.48329],[126.97918,37.48439]]]},"properties":{"code":"1159064000","name":"사당3동","parent":"11590"}},{"type":"Feature","geometry":{"type":"Polygon","coordinates":[[[126.97569,37.48329],[126.97084,37.48478],[126.96532,37.47956],[126.97019,37.47663],[126.97569,37.48329]]]},"properties":{"code":"1159065000","name":"사당4동","parent":"11590"}},{"type":"Feature","geometry":{"type":"Polygon","coordinates":[[[126.97084,37.48478],[126.96637,37.48801],[126.96223,37.49415],[126.96124,37.49256],[126.96215,37.48524],[126.96532,37.47956],[126.97084,37.48478]]]},"properties":{"code":"1159065100","name":"사당5동","parent":"11590"}},{"type":"Feature","geometry":{"type":"Polygon","coordinates":[[[126.93304,37.51576],[126.92601,37.5161],[126.92516,37.5149],[126.92083,37.5014],[126.92023,37.49851],[126.92858,37.49887],[126.92833,37.50296],[126.93266,37.50409],[126.93526,37.50704],[126.93304,37.51576]]]},"properties":{"code":"1159066000","name":"대방동","parent":"11590"}},{"type":"Feature","geometry":{"type":"Polygon","coordinates":[[[126.91597,37.48876],[126.91424,37.49658],[126.90945,37.49259],[126.90633,37.48893],[126.90323,37.48499],[126.91332,37.48725],[126.91597,37.48876]]]},"properties":{"code":"1159067000","name":"신대방1동","parent":"11590"}},{"type":"Feature","geometry":{"type":"Polygon","coordinates":[[[126.92858,37.49887],[126.92023,37.49851],[126.91424,37.49658],[126.91597,37.48876],[126.91889,37.48956],[126.9243,37.48996],[126.92987,37.494],[126.92858,37.49887]]]},"properties":{"code":"1159068000","name":"신대방2동","parent":"11590"}},{"type":"Feature","geometry":{"type":"Polygon","coordinates":[[[126.97405,37.50733],[126.96174,37.51283],[126.95398,37.50769],[126.95668,37.4993],[126.96117,37.49778],[126.97405,37.50733]]]},"properties":{"code":"1159060500","name":"흑석동","parent":"11590"}},{"type":"Feature","geometry":{"type":"Polygon","coordinates":[[[126.9572,37.51541],[126.94956,37.51781],[126.9394,37.51614],[126.94171,37.50939],[126.94059,37.50598],[126.95031,37.50779],[126.95398,37.50769],[126.96174,37.51283],[126.9572,37.51541]]]},"properties":{"code":"1159051000","name":"노량진1동","parent":"11590"}},{"type":"Feature","geometry":{"type":"Polygon","coordinates":[[[126.98013,37.50649],[126.97405,37.50733],[126.96117,37.49778],[126.96298,37.49456],[126.97241,37.49326],[126.97918,37.48439],[126.98207,37.48481],[126.98208,37.48539],[126.98265,37.49089],[126.9829,37.49635],[126.98775,37.49824],[126.98784,37.49861],[126.98115,37.50229],[126.98013,37.50649]]]},"properties":{"code":"1159063000","name":"사당2동","parent":"11590"}},{"type":"Feature","geometry":{"type":"Polygon","coordinates":[[[126.92987,37.494],[126.9243,37.48996],[126.93491,37.4864],[126.93951,37.49088],[126.92987,37.494]]]},"properties":{"code":"1162052500","name":"보라매동","parent":"11620"}},{"type":"Feature","geometry":{"type":"Polygon","coordinates":[[[126.96124,37.49256],[126.95611,37.49158],[126.95689,37.48638],[126.96215,37.48524],[126.96124,37.49256]]]},"properties":{"code":"1162054500","name":"청림동","parent":"11620"}},{"type":"Feature","geometry":{"type":"Polygon","coordinates":[[[126.96215,37.48524],[126.95689,37.48638],[126.9563,37.48566],[126.95277,37.48129],[126.96231,37.47759],[126.97049,37.47537],[126.97019,37.47663],[126.96532,37.47956],[126.96215,37.48524]]]},"properties":{"code":"1162057500","name":"행운동","parent":"11620"}},{"type":"Feature","geometry":{"type":"Polygon","coordinates":[[[126.95277,37.48129],[126.95226,37.48135],[126.95253,37.4711],[126.95823,37.45783],[126.96572,37.45503],[126.97013,37.46127],[126.96453,37.46756],[126.96139,37.47535],[126.96231,37.47759],[126.95277,37.48129]]]},"properties":{"code":"1162058500","name":"낙성대동","parent":"11620"}},{"type":"Feature","geometry":{"type":"Polygon","coordinates":[[[126.9563,37.48566],[126.94695,37.48693],[126.94634,37.48197],[126.95226,37.48135],[126.95277,37.48129],[126.9563,37.48566]]]},"properties":{"code":"1162061500","name":"중앙동","parent":"11620"}},{"type":"Feature","geometry":{"type":"Polygon","coordinates":[[[126.97049,37.47537],[126.96231,37.47759],[126.96139,37.47535],[126.96453,37.46756],[126.97059,37.46856],[126.97049,37.47537]]]},"properties":{"code":"1162062500","name":"인헌동","parent":"11620"}},{"type":"Feature","geometry":{"type":"Polygon","coordinates":[[[126.98172,37.47636],[126.97049,37.47537],[126.97059,37.46856],[126.96453,37.46756],[126.97013,37.46127],[126.96572,37.45503],[126.96973,37.44951],[126.9687,37.44679],[126.97081,37.44746],[126.97398,37.4476],[126.98236,37.45516],[126.98862,37.45814],[126.98816,37.46552],[126.98254,37.47277],[126.98172,37.47636]]]},"properties":{"code":"1162063000","name":"남현동","parent":"11620"}},{"type":"Feature","geometry":{"type":"Polygon","coordinates":[[[126.93785,37.48411],[126.9342,37.48484],[126.92666,37.48383],[126.93181,37.47875],[126.93021,37.47534],[126.93948,37.47812],[126.93573,37.48082],[126.93785,37.48411]]]},"properties":{"code":"1162064500","name":"서원동","parent":"11620"}},{"type":"Feature","geometry":{"type":"Polygon","coordinates":[[[126.93021,37.47534],[126.93181,37.47875],[126.92666,37.48383],[126.92618,37.48378],[126.92157,37.48312],[126.92418,37.47717],[126.92659,37.47446],[126.92941,37.47505],[126.93021,37.47534]]]},"properties":{"code":"1162065500","name":"신원동","parent":"11620"}},{"type":"Feature","geometry":{"type":"Polygon","coordinates":[[[126.94655,37.47275],[126.93948,37.47812],[126.93021,37.47534],[126.92941,37.47505],[126.93414,37.47179],[126.94679,37.47005],[126.94655,37.47275]]]},"properties":{"code":"1162066500","name":"서림동","parent":"11620"}},{"type":"Feature","geometry":{"type":"Polygon","coordinates":[[[126.92618,37.48378],[126.91889,37.48956],[126.91597,37.48876],[126.91332,37.48725],[126.91454,37.48181],[126.92157,37.48312],[126.92618,37.48378]]]},"properties":{"code":"1162068500","name":"신사동","parent":"11620"}},{"type":"Feature","geometry":{"type":"Polygon","coordinates":[[[126.93491,37.4864],[126.9243,37.48996],[126.91889,37.48956],[126.92618,37.48378],[126.92666,37.48383],[126.9342,37.48484],[126.93491,37.4864]]]},"properties":{"code":"1162069500","name":"신림동","parent":"11620"}},{"type":"Feature","geometry":{"type":"Polygon","coordinates":[[[126.92298,37.46346],[126.91508,37.46616],[126.91375,37.46528],[126.91415,37.45809],[126.91841,37.45716],[126.92247,37.45725],[126.92298,37.46346]]]},"properties":{"code":"1162071500","name":"난향동","parent":"11620"}},{"type":"Feature","geometry":{"type":"Polygon","coordinates":[[[126.91454,37.48181],[126.91332,37.48725],[126.90323,37.48499],[126.89947,37.48034],[126.90972,37.48095],[126.91454,37.48181]]]},"properties":{"code":"1162072500","name":"조원동","parent":"11620"}},{"type":"Feature","geometry":{"type":"Polygon","coordinates":[[[126.95253,37.4711],[126.94655,37.47275],[126.94679,37.47005],[126.93414,37.47179],[126.93157,37.46718],[126.9386,37.45928],[126.93551,37.45176],[126.93103,37.44782],[126.93051,37.44529],[126.93785,37.44018],[126.93864,37.43605],[126.94822,37.43852],[126.95525,37.43859],[126.9638,37.44077],[126.96441,37.44558],[126.9687,37.44679],[126.96973,37.44951],[126.96572,37.45503],[126.95823,37.45783],[126.95253,37.4711]]]},"properties":{"code":"1162073500","name":"대학동","parent":"11620"}},{"type":"Feature","geometry":{"type":"Polygon","coordinates":[[[126.94339,37.49208],[126.94165,37.49225],[126.93951,37.49088],[126.93491,37.4864],[126.9342,37.48484],[126.93785,37.48411],[126.94634,37.48197],[126.94695,37.48693],[126.94339,37.49208]]]},"properties":{"code":"1162060500","name":"은천동","parent":"11620"}},{"type":"Feature","geometry":{"type":"Polygon","coordinates":[[[126.95611,37.49158],[126.94739,37.49391],[126.94339,37.49208],[126.94695,37.48693],[126.9563,37.48566],[126.95689,37.48638],[126.95611,37.49158]]]},"properties":{"code":"1162056500","name":"성현동","parent":"11620"}},{"type":"Feature","geometry":{"type":"Polygon","coordinates":[[[126.94634,37.48197],[126.93785,37.48411],[126.93573,37.48082],[126.93948,37.47812],[126.94655,37.47275],[126.95253,37.4711],[126.95226,37.48135],[126.94634,37.48197]]]},"properties":{"code":"1162059500","name":"청룡동","parent":"11620"}},{"type":"Feature","geometry":{"type":"Polygon","coordinates":[[[126.92659,37.47446],[126.92418,37.47717],[126.915,37.47154],[126.91508,37.46616],[126.92298,37.46346],[126.92601,37.468],[126.92659,37.47446]]]},"properties":{"code":"1162077500","name":"난곡동","parent":"11620"}},{"type":"Feature","geometry":{"type":"Polygon","coordinates":[[[126.93414,37.47179],[126.92941,37.47505],[126.92659,37.47446],[126.92601,37.468],[126.92298,37.46346],[126.92247,37.45725],[126.92875,37.45019],[126.93103,37.44782],[126.93551,37.45176],[126.9386,37.45928],[126.93157,37.46718],[126.93414,37.47179]]]},"properties":{"code":"1162074500","name":"삼성동","parent":"11620"}},{"type":"Feature","geometry":{"type":"Polygon","coordinates":[[[126.92418,37.47717],[126.92157,37.48312],[126.91454,37.48181],[126.90972,37.48095],[126.91194,37.47691],[126.90823,37.47263],[126.9124,37.46601],[126.91244,37.46568],[126.91375,37.46528],[126.91508,37.46616],[126.915,37.47154],[126.92418,37.47717]]]},"properties":{"code":"1162076500","name":"미성동","parent":"11620"}},{"type":"Feature","geometry":{"type":"Polygon","coordinates":[[[127.02701,37.48051],[127.02128,37.49601],[127.01576,37.49432],[127.01493,37.48721],[127.01983,37.47687],[127.02701,37.48051]]]},"properties":{"code":"1165051000","name":"서초1동","parent":"11650"}},{"type":"Feature","geometry":{"type":"Polygon","coordinates":[[[127.03162,37.48954],[127.02764,37.49796],[127.02128,37.49601],[127.02701,37.48051],[127.03041,37.4802],[127.03397,37.4848],[127.03162,37.48954]]]},"properties":{"code":"1165052000","name":"서초2동","parent":"11650"}},{"type":"Feature","geometry":{"type":"Polygon","coordinates":[[[127.01576,37.49432],[127.01245,37.49905],[127.00027,37.49195],[127.0008,37.48992],[127.00215,37.4823],[127.01031,37.47226],[127.01983,37.47687],[127.01493,37.48721],[127.01576,37.49432]]]},"properties":{"code":"1165053000","name":"서초3동","parent":"11650"}},{"type":"Feature","geometry":{"type":"Polygon","coordinates":[[[127.02764,37.49796],[127.0245,37.50452],[127.01238,37.49937],[127.01245,37.49905],[127.01576,37.49432],[127.02128,37.49601],[127.02764,37.49796]]]},"properties":{"code":"1165053100","name":"서초4동","parent":"11650"}},{"type":"Feature","geometry":{"type":"Polygon","coordinates":[[[127.01944,37.51599],[127.01707,37.52289],[127.01187,37.52784],[127.00797,37.52459],[127.00443,37.52026],[127.00889,37.51565],[127.01162,37.50831],[127.02035,37.51081],[127.01944,37.51599]]]},"properties":{"code":"1165054000","name":"잠원동","parent":"11650"}},{"type":"Feature","geometry":{"type":"Polygon","coordinates":[[[126.99062,37.51303],[126.98568,37.50663],[126.98073,37.50657],[126.98013,37.50649],[126.98115,37.50229],[126.98784,37.49861],[126.99452,37.50148],[126.9919,37.50507],[126.99062,37.51303]]]},"properties":{"code":"1165055000","name":"반포본동","parent":"11650"}},{"type":"Feature","geometry":{"type":"Polygon","coordinates":[[[127.02447,37.50457],[127.02035,37.51081],[127.01162,37.50831],[127.00975,37.50778],[127.01238,37.49937],[127.0245,37.50452],[127.02447,37.50457]]]},"properties":{"code":"1165056000","name":"반포1동","parent":"11650"}},{"type":"Feature","geometry":{"type":"Polygon","coordinates":[[[127.00093,37.50527],[126.99594,37.51574],[126.99062,37.51303],[126.9919,37.50507],[126.99452,37.50148],[126.98784,37.49861],[126.98775,37.49824],[126.99071,37.49816],[127.00295,37.50195],[127.00093,37.50527]]]},"properties":{"code":"1165057000","name":"반포2동","parent":"11650"}},{"type":"Feature","geometry":{"type":"Polygon","coordinates":[[[127.01162,37.50831],[127.00889,37.51565],[127.00443,37.52026],[127.00039,37.51795],[126.99594,37.51574],[127.00093,37.50527],[127.00975,37.50778],[127.01162,37.50831]]]},"properties":{"code":"1165058000","name":"반포3동","parent":"11650"}},{"type":"Feature","geometry":{"type":"Polygon","coordinates":[[[127.01238,37.49937],[127.00975,37.50778],[127.00093,37.50527],[127.00295,37.50195],[126.99071,37.49816],[126.99546,37.49402],[127.00027,37.49195],[127.01245,37.49905],[127.01238,37.49937]]]},"properties":{"code":"1165058100","name":"반포4동","parent":"11650"}},{"type":"Feature","geometry":{"type":"Polygon","coordinates":[[[126.98775,37.49824],[126.9829,37.49635],[126.98265,37.49089],[126.99546,37.49402],[126.99071,37.49816],[126.98775,37.49824]]]},"properties":{"code":"1165059000","name":"방배본동","parent":"11650"}},{"type":"Feature","geometry":{"type":"Polygon","coordinates":[[[127.00215,37.4823],[127.0008,37.48992],[126.98963,37.48644],[126.99364,37.48018],[127.00215,37.4823]]]},"properties":{"code":"1165060000","name":"방배1동","parent":"11650"}},{"type":"Feature","geometry":{"type":"Polygon","coordinates":[[[126.99364,37.48018],[126.98963,37.48644],[126.98208,37.48539],[126.98207,37.48481],[126.98172,37.47636],[126.98254,37.47277],[126.98816,37.46552],[126.98862,37.45814],[126.99683,37.46218],[126.99628,37.46672],[126.98681,37.47118],[126.9866,37.47712],[126.99364,37.48018]]]},"properties":{"code":"1165061000","name":"방배2동","parent":"11650"}},{"type":"Feature","geometry":{"type":"Polygon","coordinates":[[[127.01031,37.47226],[127.00215,37.4823],[126.99364,37.48018],[126.9866,37.47712],[126.98681,37.47118],[126.99628,37.46672],[127.00342,37.46726],[127.01031,37.47226]]]},"properties":{"code":"1165062000","name":"방배3동","parent":"11650"}},{"type":"Feature","geometry":{"type":"Polygon","coordinates":[[[127.00027,37.49195],[126.99546,37.49402],[126.98265,37.49089],[126.98208,37.48539],[126.98963,37.48644],[127.0008,37.48992],[127.00027,37.49195]]]},"properties":{"code":"1165062100","name":"방배4동","parent":"11650"}},{"type":"Feature","geometry":{"type":"Polygon","coordinates":[[[127.04394,37.47971],[127.04135,37.48557],[127.03397,37.4848],[127.03041,37.4802],[127.02701,37.48051],[127.01983,37.47687],[127.01031,37.47226],[127.00342,37.46726],[127.01106,37.45539],[127.02053,37.45617],[127.0261,37.45851],[127.02986,37.46545],[127.02897,37.46785],[127.03378,37.4729],[127.03932,37.47471],[127.04394,37.47971]]]},"properties":{"code":"1165065100","name":"양재1동","parent":"11650"}},{"type":"Feature","geometry":{"type":"Polygon","coordinates":[[[127.04958,37.47049],[127.04394,37.47971],[127.03932,37.47471],[127.03378,37.4729],[127.02897,37.46785],[127.02986,37.46545],[127.03583,37.45755],[127.03836,37.44565],[127.03541,37.44117],[127.04106,37.43811],[127.04747,37.43087],[127.05089,37.42965],[127.06316,37.42971],[127.06336,37.43822],[127.05087,37.45205],[127.04303,37.46562],[127.04958,37.47049]]]},"properties":{"code":"1165065200","name":"양재2동","parent":"11650"}},{"type":"Feature","geometry":{"type":"Polygon","coordinates":[[[127.08516,37.47527],[127.07716,37.47501],[127.06253,37.47284],[127.06161,37.46896],[127.05453,37.46853],[127.04958,37.47049],[127.04303,37.46562],[127.05087,37.45205],[127.06336,37.43822],[127.06316,37.42971],[127.07046,37.43006],[127.07338,37.43934],[127.08231,37.4412],[127.08799,37.44506],[127.08832,37.44864],[127.09428,37.45652],[127.09632,37.46143],[127.08621,37.47036],[127.08516,37.47527]]]},"properties":{"code":"1165066000","name":"내곡동","parent":"11650"}},{"type":"Feature","geometry":{"type":"Polygon","coordinates":[[[127.02808,37.51958],[127.02862,37.52661],[127.02156,37.53553],[127.02092,37.53512],[127.01187,37.52784],[127.01707,37.52289],[127.01944,37.51599],[127.02808,37.51958]]]},"properties":{"code":"1168051000","name":"신사동","parent":"11680"}},{"type":"Feature","geometry":{"type":"Polygon","coordinates":[[[127.03389,37.50739],[127.02808,37.51958],[127.01944,37.51599],[127.02035,37.51081],[127.02447,37.50457],[127.03389,37.50739]]]},"properties":{"code":"1168052100","name":"논현1동","parent":"11680"}},{"type":"Feature","geometry":{"type":"Polygon","coordinates":[[[127.03918,37.52291],[127.02808,37.51958],[127.03389,37.50739],[127.04377,37.51026],[127.04124,37.5173],[127.03918,37.52291]]]},"properties":{"code":"1168053100","name":"논현2동","parent":"11680"}},{"type":"Feature","geometry":{"type":"Polygon","coordinates":[[[127.06696,37.52508],[127.06526,37.5256],[127.06155,37.52173],[127.05027,37.51885],[127.05669,37.50686],[127.06846,37.51028],[127.06696,37.52508]]]},"properties":{"code":"1168058000","name":"삼성1동","parent":"11680"}},{"type":"Feature","geometry":{"type":"Polygon","coordinates":[[[127.05669,37.50686],[127.05027,37.51885],[127.04124,37.5173],[127.04377,37.51026],[127.04718,37.50397],[127.04904,37.5044],[127.05669,37.50686]]]},"properties":{"code":"1168059000","name":"삼성2동","parent":"11680"}},{"type":"Feature","geometry":{"type":"Polygon","coordinates":[[[127.06553,37.49007],[127.06086,37.49887],[127.05251,37.49705],[127.05273,37.49627],[127.05656,37.48768],[127.06553,37.49007]]]},"properties":{"code":"1168060000","name":"대치1동","parent":"11680"}},{"type":"Feature","geometry":{"type":"Polygon","coordinates":[[[127.06086,37.49887],[127.05669,37.50686],[127.04904,37.5044],[127.05251,37.49705],[127.06086,37.49887]]]},"properties":{"code":"1168063000","name":"대치4동","parent":"11680"}},{"type":"Feature","geometry":{"type":"Polygon","coordinates":[[[127.04718,37.50397],[127.04377,37.51026],[127.03389,37.50739],[127.02447,37.50457],[127.0245,37.50452],[127.02764,37.49796],[127.03162,37.48954],[127.04089,37.49241],[127.03704,37.50062],[127.04718,37.50397]]]},"properties":{"code":"1168064000","name":"역삼1동","parent":"11680"}},{"type":"Feature","geometry":{"type":"Polygon","coordinates":[[[127.05251,37.49705],[127.04904,37.5044],[127.04718,37.50397],[127.03704,37.50062],[127.04089,37.49241],[127.04669,37.49431],[127.05273,37.49627],[127.05251,37.49705]]]},"properties":{"code":"1168065000","name":"역삼2동","parent":"11680"}},{"type":"Feature","geometry":{"type":"Polygon","coordinates":[[[127.04135,37.48557],[127.04982,37.48838],[127.04669,37.49431],[127.04089,37.49241],[127.03162,37.48954],[127.03397,37.4848],[127.04135,37.48557]]]},"properties":{"code":"1168065500","name":"도곡1동","parent":"11680"}},{"type":"Feature","geometry":{"type":"Polygon","coordinates":[[[127.05656,37.48768],[127.05273,37.49627],[127.04669,37.49431],[127.04982,37.48838],[127.04135,37.48557],[127.04394,37.47971],[127.05173,37.48485],[127.05652,37.48766],[127.05656,37.48768]]]},"properties":{"code":"1168065600","name":"도곡2동","parent":"11680"}},{"type":"Feature","geometry":{"type":"Polygon","coordinates":[[[127.07641,37.4837],[127.07553,37.4862],[127.06481,37.47907],[127.05652,37.48766],[127.05173,37.48485],[127.05377,37.48109],[127.06253,37.47284],[127.07716,37.47501],[127.07286,37.47873],[127.07641,37.4837]]]},"properties":{"code":"1168066000","name":"개포1동","parent":"11680"}},{"type":"Feature","geometry":{"type":"Polygon","coordinates":[[[127.06253,37.47284],[127.05377,37.48109],[127.05173,37.48485],[127.04394,37.47971],[127.04958,37.47049],[127.05453,37.46853],[127.06161,37.46896],[127.06253,37.47284]]]},"properties":{"code":"1168069000","name":"개포4동","parent":"11680"}},{"type":"Feature","geometry":{"type":"Polygon","coordinates":[[[127.09299,37.47726],[127.09501,37.48283],[127.09075,37.49134],[127.0818,37.48867],[127.07745,37.48712],[127.07641,37.4837],[127.07286,37.47873],[127.07716,37.47501],[127.08516,37.47527],[127.09299,37.47726]]]},"properties":{"code":"1168072000","name":"일원본동","parent":"11680"}},{"type":"Feature","geometry":{"type":"Polygon","coordinates":[[[127.09674,37.49583],[127.09047,37.49747],[127.07962,37.49367],[127.0818,37.48867],[127.09075,37.49134],[127.10197,37.49364],[127.09674,37.49583]]]},"properties":{"code":"1168073000","name":"일원1동","parent":"11680"}},{"type":"Feature","geometry":{"type":"Polygon","coordinates":[[[127.08363,37.49926],[127.07549,37.5012],[127.07184,37.49303],[127.07621,37.49259],[127.07745,37.48712],[127.0818,37.48867],[127.07962,37.49367],[127.09047,37.49747],[127.08363,37.49926]]]},"properties":{"code":"1168067500","name":"개포3동","parent":"11680"}},{"type":"Feature","geometry":{"type":"Polygon","coordinates":[[[127.10814,37.48931],[127.10197,37.49364],[127.09075,37.49134],[127.09501,37.48283],[127.09299,37.47726],[127.09734,37.47808],[127.09798,37.4822],[127.10262,37.48494],[127.11104,37.48294],[127.10814,37.48931]]]},"properties":{"code":"1168075000","name":"수서동","parent":"11680"}},{"type":"Feature","geometry":{"type":"Polygon","coordinates":[[[127.11104,37.48294],[127.10262,37.48494],[127.09798,37.4822],[127.09734,37.47808],[127.09299,37.47726],[127.08516,37.47527],[127.08621,37.47036],[127.09632,37.46143],[127.1035,37.45963],[127.10631,37.46254],[127.11675,37.45859],[127.11746,37.46217],[127.12229,37.46521],[127.12054,37.47038],[127.11104,37.48294]]]},"properties":{"code":"1168070000","name":"세곡동","parent":"11680"}},{"type":"Feature","geometry":{"type":"Polygon","coordinates":[[[127.04667,37.534],[127.0359,37.53584],[127.02156,37.53553],[127.02862,37.52661],[127.02808,37.51958],[127.03918,37.52291],[127.04379,37.52705],[127.04667,37.534]]]},"properties":{"code":"1168054500","name":"압구정동","parent":"11680"}},{"type":"Feature","geometry":{"type":"Polygon","coordinates":[[[127.05657,37.5291],[127.04906,37.53255],[127.04667,37.534],[127.04379,37.52705],[127.03918,37.52291],[127.04124,37.5173],[127.05027,37.51885],[127.06155,37.52173],[127.06526,37.5256],[127.05657,37.5291]]]},"properties":{"code":"1168056500","name":"청담동","parent":"11680"}},{"type":"Feature","geometry":{"type":"Polygon","coordinates":[[[127.0688,37.51],[127.06846,37.51028],[127.05669,37.50686],[127.06086,37.49887],[127.06553,37.49007],[127.07184,37.49303],[127.07549,37.5012],[127.07318,37.50213],[127.06981,37.50504],[127.0688,37.51]]]},"properties":{"code":"1168061000","name":"대치2동","parent":"11680"}},{"type":"Feature","geometry":{"type":"Polygon","coordinates":[[[127.07745,37.48712],[127.07621,37.49259],[127.07184,37.49303],[127.06553,37.49007],[127.05656,37.48768],[127.05652,37.48766],[127.06481,37.47907],[127.07553,37.4862],[127.07641,37.4837],[127.07745,37.48712]]]},"properties":{"code":"1168067000","name":"개포2동","parent":"11680"}},{"type":"Feature","geometry":{"type":"Polygon","coordinates":[[[127.12321,37.53853],[127.10956,37.54347],[127.10416,37.536],[127.11094,37.53604],[127.12126,37.53311],[127.12321,37.53853]]]},"properties":{"code":"1171051000","name":"풍납1동","parent":"11710"}},{"type":"Feature","geometry":{"type":"Polygon","coordinates":[[[127.12126,37.53311],[127.11094,37.53604],[127.10416,37.536],[127.1032,37.53467],[127.09896,37.52795],[127.10434,37.52422],[127.1164,37.52396],[127.11916,37.52807],[127.12126,37.53311]]]},"properties":{"code":"1171052000","name":"풍납2동","parent":"11710"}},{"type":"Feature","geometry":{"type":"Polygon","coordinates":[[[127.14658,37.49798],[127.14197,37.49943],[127.13928,37.49566],[127.13796,37.4943],[127.13667,37.48915],[127.14272,37.48912],[127.14658,37.49798]]]},"properties":{"code":"1171053100","name":"거여1동","parent":"11710"}},{"type":"Feature","geometry":{"type":"Polygon","coordinates":[[[127.14897,37.49628],[127.14658,37.49798],[127.14272,37.48912],[127.14468,37.48741],[127.1525,37.49297],[127.14897,37.49628]]]},"properties":{"code":"1171053200","name":"거여2동","parent":"11710"}},{"type":"Feature","geometry":{"type":"Polygon","coordinates":[[[127.1601,37.49716],[127.15686,37.49839],[127.14897,37.49628],[127.1525,37.49297],[127.15768,37.49017],[127.15998,37.49422],[127.16005,37.49445],[127.16005,37.4946],[127.1601,37.49716]]]},"properties":{"code":"1171054000","name":"마천1동","parent":"11710"}},{"type":"Feature","geometry":{"type":"Polygon","coordinates":[[[127.1601,37.49716],[127.15762,37.50309],[127.15647,37.5019],[127.1536,37.50275],[127.15321,37.50275],[127.14437,37.50439],[127.14197,37.49943],[127.14658,37.49798],[127.14897,37.49628],[127.15686,37.49839],[127.1601,37.49716]]]},"properties":{"code":"1171055000","name":"마천2동","parent":"11710"}},{"type":"Feature","geometry":{"type":"Polygon","coordinates":[[[127.12799,37.51174],[127.12103,37.51459],[127.11666,37.50776],[127.12243,37.50538],[127.1239,37.50537],[127.12799,37.51174]]]},"properties":{"code":"1171056100","name":"방이1동","parent":"11710"}},{"type":"Feature","geometry":{"type":"Polygon","coordinates":[[[127.12103,37.51459],[127.11276,37.51772],[127.10665,37.51551],[127.10809,37.51198],[127.11666,37.50776],[127.12103,37.51459]]]},"properties":{"code":"1171056200","name":"방이2동","parent":"11710"}},{"type":"Feature","geometry":{"type":"Polygon","coordinates":[[[127.12874,37.52379],[127.11916,37.52807],[127.1164,37.52396],[127.11276,37.51772],[127.12103,37.51459],[127.12799,37.51174],[127.13636,37.50837],[127.14023,37.50839],[127.14466,37.51555],[127.14461,37.51696],[127.13391,37.52154],[127.12874,37.52379]]]},"properties":{"code":"1171056600","name":"오륜동","parent":"11710"}},{"type":"Feature","geometry":{"type":"Polygon","coordinates":[[[127.14023,37.50839],[127.13636,37.50837],[127.12799,37.51174],[127.1239,37.50537],[127.12814,37.502],[127.13928,37.49566],[127.14197,37.49943],[127.14437,37.50439],[127.14023,37.50839]]]},"properties":{"code":"1171057000","name":"오금동","parent":"11710"}},{"type":"Feature","geometry":{"type":"Polygon","coordinates":[[[127.11666,37.50776],[127.10809,37.51198],[127.10403,37.50875],[127.11015,37.50199],[127.11666,37.50776]]]},"properties":{"code":"1171058000","name":"송파1동","parent":"11710"}},{"type":"Feature","geometry":{"type":"Polygon","coordinates":[[[127.12243,37.50538],[127.11666,37.50776],[127.11015,37.50199],[127.11162,37.5004],[127.1148,37.49821],[127.12166,37.50227],[127.12243,37.50538]]]},"properties":{"code":"1171059000","name":"송파2동","parent":"11710"}},{"type":"Feature","geometry":{"type":"Polygon","coordinates":[[[127.11015,37.50199],[127.10403,37.50875],[127.09731,37.50654],[127.09734,37.49694],[127.10964,37.501],[127.11162,37.5004],[127.11015,37.50199]]]},"properties":{"code":"1171060000","name":"석촌동","parent":"11710"}},{"type":"Feature","geometry":{"type":"Polygon","coordinates":[[[127.09731,37.50654],[127.09072,37.50753],[127.08363,37.49926],[127.09047,37.49747],[127.09674,37.49583],[127.09734,37.49694],[127.09731,37.50654]]]},"properties":{"code":"1171061000","name":"삼전동","parent":"11710"}},{"type":"Feature","geometry":{"type":"Polygon","coordinates":[[[127.1239,37.50537],[127.12243,37.50538],[127.12166,37.50227],[127.1148,37.49821],[127.11843,37.49252],[127.12108,37.489],[127.12626,37.49151],[127.12335,37.49498],[127.12814,37.502],[127.1239,37.50537]]]},"properties":{"code":"1171062000","name":"가락본동","parent":"11710"}},{"type":"Feature","geometry":{"type":"Polygon","coordinates":[[[127.11162,37.5004],[127.10964,37.501],[127.09734,37.49694],[127.09674,37.49583],[127.10197,37.49364],[127.10814,37.48931],[127.11843,37.49252],[127.1148,37.49821],[127.11162,37.5004]]]},"properties":{"code":"1171063100","name":"가락1동","parent":"11710"}},{"type":"Feature","geometry":{"type":"Polygon","coordinates":[[[127.13928,37.49566],[127.12814,37.502],[127.12335,37.49498],[127.12626,37.49151],[127.13355,37.49053],[127.13796,37.4943],[127.13928,37.49566]]]},"properties":{"code":"1171063200","name":"가락2동","parent":"11710"}},{"type":"Feature","geometry":{"type":"Polygon","coordinates":[[[127.13355,37.49053],[127.12626,37.49151],[127.12108,37.489],[127.12417,37.48237],[127.1264,37.48281],[127.13355,37.49053]]]},"properties":{"code":"1171064100","name":"문정1동","parent":"11710"}},{"type":"Feature","geometry":{"type":"Polygon","coordinates":[[[127.12108,37.489],[127.11843,37.49252],[127.10814,37.48931],[127.11104,37.48294],[127.12054,37.47038],[127.12229,37.46521],[127.12659,37.46885],[127.1269,37.47351],[127.12417,37.48237],[127.12108,37.489]]]},"properties":{"code":"1171064200","name":"문정2동","parent":"11710"}},{"type":"Feature","geometry":{"type":"Polygon","coordinates":[[[127.08669,37.51172],[127.07833,37.51187],[127.07947,37.50673],[127.07318,37.50213],[127.07549,37.5012],[127.08363,37.49926],[127.09072,37.50753],[127.08669,37.51172]]]},"properties":{"code":"1171065000","name":"잠실본동","parent":"11710"}},{"type":"Feature","geometry":{"type":"Polygon","coordinates":[[[127.1164,37.52396],[127.10434,37.52422],[127.09896,37.52795],[127.09812,37.52756],[127.10665,37.51551],[127.11276,37.51772],[127.1164,37.52396]]]},"properties":{"code":"1171069000","name":"잠실4동","parent":"11710"}},{"type":"Feature","geometry":{"type":"Polygon","coordinates":[[[127.10665,37.51551],[127.09812,37.52756],[127.09225,37.52679],[127.09044,37.526],[127.10403,37.50875],[127.10809,37.51198],[127.10665,37.51551]]]},"properties":{"code":"1171071000","name":"잠실6동","parent":"11710"}},{"type":"Feature","geometry":{"type":"Polygon","coordinates":[[[127.07318,37.50213],[127.07947,37.50673],[127.07833,37.51187],[127.0688,37.51],[127.06981,37.50504],[127.07318,37.50213]]]},"properties":{"code":"1171072000","name":"잠실7동","parent":"11710"}},{"type":"Feature","geometry":{"type":"Polygon","coordinates":[[[127.08669,37.51172],[127.09255,37.51191],[127.08852,37.52549],[127.07258,37.52378],[127.06696,37.52508],[127.06846,37.51028],[127.0688,37.51],[127.07833,37.51187],[127.08669,37.51172]]]},"properties":{"code":"1171067000","name":"잠실2동","parent":"11710"}},{"type":"Feature","geometry":{"type":"Polygon","coordinates":[[[127.10403,37.50875],[127.09044,37.526],[127.08852,37.52549],[127.09255,37.51191],[127.08669,37.51172],[127.09072,37.50753],[127.09731,37.50654],[127.10403,37.50875]]]},"properties":{"code":"1171068000","name":"잠실3동","parent":"11710"}},{"type":"Feature","geometry":{"type":"Polygon","coordinates":[[[127.13667,37.48915],[127.13796,37.4943],[127.13355,37.49053],[127.1264,37.48281],[127.12417,37.48237],[127.1269,37.47351],[127.13368,37.47826],[127.13667,37.48915]]]},"properties":{"code":"1171064600","name":"장지동","parent":"11710"}},{"type":"Feature","geometry":{"type":"Polygon","coordinates":[[[127.15768,37.49017],[127.1525,37.49297],[127.14468,37.48741],[127.14272,37.48912],[127.13667,37.48915],[127.13368,37.47826],[127.1269,37.47351],[127.12659,37.46885],[127.13056,37.46763],[127.13259,37.47485],[127.14345,37.4741],[127.1474,37.47722],[127.14984,37.48527],[127.15768,37.49017]]]},"properties":{"code":"1171064700","name":"위례동","parent":"11710"}},{"type":"Feature","geometry":{"type":"Polygon","coordinates":[[[127.17149,37.55732],[127.17413,37.54541],[127.18355,37.54583],[127.18139,37.55285],[127.18188,37.55886],[127.17149,37.55732]]]},"properties":{"code":"1174052600","name":"상일제2동","parent":"11740"}},{"type":"Feature","geometry":{"type":"Polygon","coordinates":[[[127.17413,37.54541],[127.17149,37.55732],[127.15658,37.55538],[127.15594,37.54622],[127.16319,37.54502],[127.17413,37.54541]]]},"properties":{"code":"1174052500","name":"상일제1동","parent":"11740"}},{"type":"Feature","geometry":{"type":"Polygon","coordinates":[[[127.15021,37.55469],[127.14447,37.55477],[127.1412,37.55087],[127.14273,37.54507],[127.14857,37.54578],[127.15021,37.55469]]]},"properties":{"code":"1174053000","name":"명일1동","parent":"11740"}},{"type":"Feature","geometry":{"type":"Polygon","coordinates":[[[127.16319,37.54502],[127.15594,37.54622],[127.15658,37.55538],[127.15021,37.55469],[127.14857,37.54578],[127.1604,37.5416],[127.16319,37.54502]]]},"properties":{"code":"1174054000","name":"명일2동","parent":"11740"}},{"type":"Feature","geometry":{"type":"Polygon","coordinates":[[[127.15658,37.55538],[127.15636,37.56736],[127.15291,37.57067],[127.14541,37.56827],[127.14725,37.5614],[127.14447,37.55477],[127.15021,37.55469],[127.15658,37.55538]]]},"properties":{"code":"1174055000","name":"고덕1동","parent":"11740"}},{"type":"Feature","geometry":{"type":"Polygon","coordinates":[[[127.17149,37.55732],[127.17336,37.56371],[127.16228,37.57642],[127.15291,37.57067],[127.15636,37.56736],[127.15658,37.55538],[127.17149,37.55732]]]},"properties":{"code":"1174056000","name":"고덕2동","parent":"11740"}},{"type":"Feature","geometry":{"type":"Polygon","coordinates":[[[127.1292,37.55476],[127.13382,37.56845],[127.12228,37.56425],[127.11377,37.55889],[127.11244,37.54951],[127.12767,37.55007],[127.1292,37.55476]]]},"properties":{"code":"1174058000","name":"암사2동","parent":"11740"}},{"type":"Feature","geometry":{"type":"Polygon","coordinates":[[[127.14447,37.55477],[127.14725,37.5614],[127.14541,37.56827],[127.13382,37.56845],[127.1292,37.55476],[127.14447,37.55477]]]},"properties":{"code":"1174059000","name":"암사3동","parent":"11740"}},{"type":"Feature","geometry":{"type":"Polygon","coordinates":[[[127.14273,37.54507],[127.1412,37.55087],[127.13458,37.54712],[127.13115,37.54239],[127.14169,37.54228],[127.14273,37.54507]]]},"properties":{"code":"1174060000","name":"천호1동","parent":"11740"}},{"type":"Feature","geometry":{"type":"Polygon","coordinates":[[[127.14169,37.54228],[127.13115,37.54239],[127.12642,37.53766],[127.13439,37.53547],[127.13681,37.54043],[127.14169,37.54228]]]},"properties":{"code":"1174062000","name":"천호3동","parent":"11740"}},{"type":"Feature","geometry":{"type":"Polygon","coordinates":[[[127.13182,37.53014],[127.12126,37.53311],[127.11916,37.52807],[127.12874,37.52379],[127.13182,37.53014]]]},"properties":{"code":"1174064000","name":"성내1동","parent":"11740"}},{"type":"Feature","geometry":{"type":"Polygon","coordinates":[[[127.12642,37.53766],[127.12321,37.53853],[127.12126,37.53311],[127.13182,37.53014],[127.13429,37.53527],[127.13439,37.53547],[127.12642,37.53766]]]},"properties":{"code":"1174065000","name":"성내2동","parent":"11740"}},{"type":"Feature","geometry":{"type":"Polygon","coordinates":[[[127.13857,37.53399],[127.13429,37.53527],[127.13182,37.53014],[127.12874,37.52379],[127.13391,37.52154],[127.13663,37.52883],[127.13857,37.53399]]]},"properties":{"code":"1174066000","name":"성내3동","parent":"11740"}},{"type":"Feature","geometry":{"type":"Polygon","coordinates":[[[127.1458,37.52199],[127.14473,37.52654],[127.13663,37.52883],[127.13391,37.52154],[127.14461,37.51696],[127.1458,37.52199]]]},"properties":{"code":"1174069000","name":"둔촌1동","parent":"11740"}},{"type":"Feature","geometry":{"type":"Polygon","coordinates":[[[127.15355,37.534],[127.1604,37.5416],[127.14305,37.53426],[127.13857,37.53399],[127.13663,37.52883],[127.14473,37.52654],[127.1458,37.52199],[127.15326,37.52933],[127.15355,37.534]]]},"properties":{"code":"1174070000","name":"둔촌2동","parent":"11740"}},{"type":"Feature","geometry":{"type":"Polygon","coordinates":[[[127.14447,37.55477],[127.1292,37.55476],[127.12767,37.55007],[127.13458,37.54712],[127.1412,37.55087],[127.14447,37.55477]]]},"properties":{"code":"1174057000","name":"암사1동","parent":"11740"}},{"type":"Feature","geometry":{"type":"Polygon","coordinates":[[[127.13458,37.54712],[127.12767,37.55007],[127.11244,37.54951],[127.10956,37.54347],[127.12321,37.53853],[127.12642,37.53766],[127.13115,37.54239],[127.13458,37.54712]]]},"properties":{"code":"1174061000","name":"천호2동","parent":"11740"}},{"type":"Feature","geometry":{"type":"Polygon","coordinates":[[[127.14857,37.54578],[127.14273,37.54507],[127.14169,37.54228],[127.13681,37.54043],[127.13439,37.53547],[127.13429,37.53527],[127.13857,37.53399],[127.14305,37.53426],[127.1604,37.5416],[127.14857,37.54578]]]},"properties":{"code":"1174068500","name":"길동","parent":"11740"}},{"type":"Feature","geometry":{"type":"Polygon","coordinates":[[[126.83179,37.47757],[126.83301,37.47725],[126.83579,37.47526],[126.84555,37.47453],[126.84648,37.4817],[126.84827,37.48236],[126.84466,37.48653],[126.84814,37.49046],[126.84862,37.49521],[126.83808,37.49316],[126.82694,37.49321],[126.82405,37.48885],[126.83207,37.48394],[126.83179,37.47757]]]},"properties":{"code":"1153078000","name":"오류2동","parent":"11530"}},{"type":"Feature","geometry":{"type":"Polygon","coordinates":[[[127.18188,37.55886],[127.17948,37.56654],[127.17395,37.57958],[127.16857,37.57895],[127.16228,37.57642],[127.17336,37.56371],[127.17149,37.55732],[127.18188,37.55886]]]},"properties":{"code":"1174051500","name":"강일동","parent":"11740"}},{"type":"Feature","geometry":{"type":"Polygon","coordinates":[[[127.03648,37.5725],[127.04218,37.57302],[127.04492,37.57735],[127.04251,37.57935],[127.03282,37.57812],[127.02982,37.58123],[127.03072,37.57388],[127.03648,37.5725]]]},"properties":{"code":"1123053300","name":"용두동","parent":"11230"}}]}