{"type":"FeatureCollection","features":[{"type":"Feature","geometry":{"type":"Polygon","coordinates":[[[126.91921,35.15325],[126.91307,35.15707],[126.90727,35.15149],[126.90997,35.14897],[126.91375,35.14467],[126.92434,35.14812],[126.91921,35.15325]]]},"properties":{"code":"1221052500","name":"충장동","parent":"12210"}},{"type":"Feature","geometry":{"type":"Polygon","coordinates":[[[126.92612,35.1526],[126.9218,35.15532],[126.92067,35.15477],[126.91921,35.15325],[126.92434,35.14812],[126.92745,35.14597],[126.93095,35.15005],[126.92612,35.1526]]]},"properties":{"code":"1221054500","name":"동명동","parent":"12210"}},{"type":"Feature","geometry":{"type":"Polygon","coordinates":[[[126.91969,35.16468],[126.91631,35.16554],[126.913,35.15711],[126.91307,35.15707],[126.91921,35.15325],[126.92067,35.15477],[126.91969,35.16468]]]},"properties":{"code":"1221056000","name":"계림1동","parent":"12210"}},{"type":"Feature","geometry":{"type":"Polygon","coordinates":[[[126.93018,35.16114],[126.9197,35.1648],[126.91969,35.16468],[126.92067,35.15477],[126.9218,35.15532],[126.93018,35.16114]]]},"properties":{"code":"1221057000","name":"계림2동","parent":"12210"}},{"type":"Feature","geometry":{"type":"Polygon","coordinates":[[[126.9315,35.16049],[126.93018,35.16114],[126.9218,35.15532],[126.92612,35.1526],[126.93309,35.15319],[126.9315,35.16049]]]},"properties":{"code":"1221059000","name":"산수1동","parent":"12210"}},{"type":"Feature","geometry":{"type":"Polygon","coordinates":[[[126.94349,35.15892],[126.93916,35.16173],[126.9315,35.16049],[126.93309,35.15319],[126.93623,35.15243],[126.94243,35.15293],[126.94467,35.15593],[126.94349,35.15892]]]},"properties":{"code":"1221060000","name":"산수2동","parent":"12210"}},{"type":"Feature","geometry":{"type":"Polygon","coordinates":[[[126.93309,35.15319],[126.92612,35.1526],[126.93095,35.15005],[126.92745,35.14597],[126.9305,35.14491],[126.93623,35.15243],[126.93309,35.15319]]]},"properties":{"code":"1221062000","name":"지산1동","parent":"12210"}},{"type":"Feature","geometry":{"type":"Polygon","coordinates":[[[126.95438,35.14221],[126.95688,35.14404],[126.95536,35.15196],[126.94467,35.15593],[126.94243,35.15293],[126.93623,35.15243],[126.9305,35.14491],[126.93713,35.14309],[126.94573,35.1417],[126.95032,35.14441],[126.95438,35.14221]]]},"properties":{"code":"1221063000","name":"지산2동","parent":"12210"}},{"type":"Feature","geometry":{"type":"Polygon","coordinates":[[[126.92434,35.14812],[126.91375,35.14467],[126.91595,35.14293],[126.91749,35.14129],[126.92268,35.14332],[126.92965,35.1336],[126.92971,35.13664],[126.93702,35.13795],[126.93713,35.14309],[126.9305,35.14491],[126.92745,35.14597],[126.92434,35.14812]]]},"properties":{"code":"1221065500","name":"서남동","parent":"12210"}},{"type":"Feature","geometry":{"type":"Polygon","coordinates":[[[126.92965,35.1336],[126.92268,35.14332],[126.91749,35.14129],[126.9203,35.13794],[126.92208,35.13549],[126.92758,35.12934],[126.92971,35.12967],[126.92965,35.1336]]]},"properties":{"code":"1221068500","name":"학동","parent":"12210"}},{"type":"Feature","geometry":{"type":"Polygon","coordinates":[[[126.95438,35.14221],[126.95032,35.14441],[126.94573,35.1417],[126.93713,35.14309],[126.93702,35.13795],[126.92971,35.13664],[126.92965,35.1336],[126.92971,35.12967],[126.94108,35.13215],[126.94546,35.12941],[126.94656,35.12494],[126.95117,35.12339],[126.95429,35.11781],[126.96011,35.11441],[126.97347,35.11208],[126.98547,35.119],[126.99434,35.11932],[126.9849,35.13474],[126.97818,35.13848],[126.97044,35.13637],[126.96127,35.14065],[126.95438,35.14221]]]},"properties":{"code":"1221071000","name":"학운동","parent":"12210"}},{"type":"Feature","geometry":{"type":"Polygon","coordinates":[[[126.94656,35.12494],[126.94546,35.12941],[126.94108,35.13215],[126.92971,35.12967],[126.92758,35.12934],[126.92987,35.12621],[126.93238,35.12361],[126.94281,35.12624],[126.94656,35.12494]]]},"properties":{"code":"1221073000","name":"지원1동","parent":"12210"}},{"type":"Feature","geometry":{"type":"Polygon","coordinates":[[[126.94656,35.12494],[126.94281,35.12624],[126.93238,35.12361],[126.92987,35.12621],[126.92431,35.12467],[126.91886,35.11768],[126.9121,35.1157],[126.91247,35.11047],[126.91483,35.10479],[126.92113,35.09707],[126.91922,35.09153],[126.9245,35.08747],[126.92757,35.08043],[126.93238,35.07447],[126.95182,35.07303],[126.9586,35.07894],[126.95853,35.08266],[126.96669,35.08958],[126.98024,35.09216],[126.98838,35.09525],[126.98875,35.10128],[126.98635,35.10595],[126.98935,35.11074],[126.99787,35.11202],[126.99757,35.11457],[126.99434,35.11932],[126.98547,35.119],[126.97347,35.11208],[126.96011,35.11441],[126.95429,35.11781],[126.95117,35.12339],[126.94656,35.12494]]]},"properties":{"code":"1221074000","name":"지원2동","parent":"12210"}},{"type":"Feature","geometry":{"type":"Polygon","coordinates":[[[126.89954,35.15757],[126.89554,35.15522],[126.89648,35.15216],[126.9009,35.15242],[126.90551,35.14827],[126.90997,35.14897],[126.90727,35.15149],[126.90221,35.15506],[126.89954,35.15757]]]},"properties":{"code":"1224057500","name":"양동","parent":"12240"}},{"type":"Feature","geometry":{"type":"Polygon","coordinates":[[[126.89954,35.15757],[126.89054,35.16079],[126.89554,35.15522],[126.89954,35.15757]]]},"properties":{"code":"1224059000","name":"양3동","parent":"12240"}},{"type":"Feature","geometry":{"type":"Polygon","coordinates":[[[126.88834,35.1615],[126.88302,35.15935],[126.88377,35.15327],[126.89434,35.15134],[126.89648,35.15216],[126.89554,35.15522],[126.89054,35.16079],[126.88834,35.1615]]]},"properties":{"code":"1224065000","name":"농성1동","parent":"12240"}},{"type":"Feature","geometry":{"type":"Polygon","coordinates":[[[126.89434,35.15134],[126.88377,35.15327],[126.8812,35.1527],[126.88652,35.14714],[126.89459,35.15089],[126.89434,35.15134]]]},"properties":{"code":"1224066000","name":"농성2동","parent":"12240"}},{"type":"Feature","geometry":{"type":"Polygon","coordinates":[[[126.88433,35.16969],[126.87562,35.17053],[126.87166,35.16769],[126.87728,35.16582],[126.877,35.15955],[126.88302,35.15935],[126.88834,35.1615],[126.88433,35.16969]]]},"properties":{"code":"1224073000","name":"광천동","parent":"12240"}},{"type":"Feature","geometry":{"type":"Polygon","coordinates":[[[126.84279,35.1762],[126.83873,35.17832],[126.83802,35.17728],[126.83737,35.17067],[126.82762,35.16793],[126.82502,35.16181],[126.82523,35.15368],[126.8282,35.15076],[126.83223,35.14927],[126.83818,35.15755],[126.84322,35.16006],[126.85601,35.16035],[126.86652,35.16176],[126.8697,35.15775],[126.877,35.15955],[126.87728,35.16582],[126.87166,35.16769],[126.858,35.16736],[126.8511,35.16846],[126.85231,35.17212],[126.84279,35.1762]]]},"properties":{"code":"1224074000","name":"유덕동","parent":"12240"}},{"type":"Feature","geometry":{"type":"Polygon","coordinates":[[[126.8697,35.15775],[126.86652,35.16176],[126.85601,35.16035],[126.85588,35.14999],[126.86952,35.15176],[126.8697,35.15775]]]},"properties":{"code":"1224075100","name":"상무1동","parent":"12240"}},{"type":"Feature","geometry":{"type":"Polygon","coordinates":[[[126.87305,35.15166],[126.86952,35.15176],[126.85588,35.14999],[126.85035,35.14751],[126.85422,35.14019],[126.86355,35.14279],[126.87039,35.14371],[126.87212,35.14695],[126.87305,35.15166]]]},"properties":{"code":"1224075200","name":"상무2동","parent":"12240"}},{"type":"Feature","geometry":{"type":"Polygon","coordinates":[[[126.88302,35.15935],[126.877,35.15955],[126.8697,35.15775],[126.86952,35.15176],[126.87305,35.15166],[126.87674,35.15198],[126.8812,35.1527],[126.88377,35.15327],[126.88302,35.15935]]]},"properties":{"code":"1224076000","name":"화정1동","parent":"12240"}},{"type":"Feature","geometry":{"type":"Polygon","coordinates":[[[126.88652,35.14714],[126.8812,35.1527],[126.87674,35.15198],[126.88056,35.13844],[126.88359,35.13757],[126.8879,35.14199],[126.88652,35.14714]]]},"properties":{"code":"1224077000","name":"화정2동","parent":"12240"}},{"type":"Feature","geometry":{"type":"Polygon","coordinates":[[[126.87674,35.15198],[126.87305,35.15166],[126.87212,35.14695],[126.87771,35.13735],[126.88056,35.13844],[126.87674,35.15198]]]},"properties":{"code":"1224078000","name":"화정3동","parent":"12240"}},{"type":"Feature","geometry":{"type":"Polygon","coordinates":[[[126.87771,35.13735],[126.87212,35.14695],[126.87039,35.14371],[126.86355,35.14279],[126.8651,35.13628],[126.87106,35.13402],[126.87771,35.13735]]]},"properties":{"code":"1224079000","name":"화정4동","parent":"12240"}},{"type":"Feature","geometry":{"type":"Polygon","coordinates":[[[126.83223,35.14927],[126.8282,35.15076],[126.82948,35.14084],[126.82429,35.13534],[126.81891,35.1322],[126.82212,35.12665],[126.81691,35.12116],[126.8167,35.11659],[126.80994,35.11673],[126.80941,35.11232],[126.80392,35.11275],[126.80293,35.11228],[126.80646,35.10268],[126.80321,35.1028],[126.80041,35.09784],[126.80296,35.09248],[126.80594,35.09583],[126.81201,35.09147],[126.81632,35.09361],[126.82011,35.09098],[126.83566,35.09816],[126.83808,35.10229],[126.85594,35.10695],[126.86063,35.10636],[126.86598,35.11055],[126.86678,35.11617],[126.85983,35.12067],[126.84698,35.12681],[126.84787,35.12988],[126.84034,35.13153],[126.84494,35.13692],[126.85422,35.14019],[126.85035,35.14751],[126.84114,35.14331],[126.83223,35.14927]]]},"properties":{"code":"1224080000","name":"서창동","parent":"12240"}},{"type":"Feature","geometry":{"type":"Polygon","coordinates":[[[126.85601,35.16035],[126.84322,35.16006],[126.83818,35.15755],[126.83223,35.14927],[126.84114,35.14331],[126.85035,35.14751],[126.85588,35.14999],[126.85601,35.16035]]]},"properties":{"code":"1224074500","name":"치평동","parent":"12240"}},{"type":"Feature","geometry":{"type":"Polygon","coordinates":[[[126.88359,35.13757],[126.88056,35.13844],[126.87771,35.13735],[126.87106,35.13402],[126.86732,35.13272],[126.86027,35.12606],[126.85983,35.12067],[126.86678,35.11617],[126.86598,35.11055],[126.8696,35.11578],[126.87509,35.11861],[126.88274,35.11555],[126.88774,35.11698],[126.88842,35.12166],[126.88677,35.13037],[126.88359,35.13757]]]},"properties":{"code":"1224083000","name":"풍암동","parent":"12240"}},{"type":"Feature","geometry":{"type":"Polygon","coordinates":[[[126.87106,35.13402],[126.8651,35.13628],[126.86355,35.14279],[126.85422,35.14019],[126.84494,35.13692],[126.84034,35.13153],[126.84787,35.12988],[126.84868,35.13205],[126.86732,35.13272],[126.87106,35.13402]]]},"properties":{"code":"1224082100","name":"금호1동","parent":"12240"}},{"type":"Feature","geometry":{"type":"Polygon","coordinates":[[[126.86732,35.13272],[126.84868,35.13205],[126.84787,35.12988],[126.84698,35.12681],[126.85983,35.12067],[126.86027,35.12606],[126.86732,35.13272]]]},"properties":{"code":"1224082400","name":"금호2동","parent":"12240"}},{"type":"Feature","geometry":{"type":"Polygon","coordinates":[[[126.87027,35.17169],[126.85998,35.17226],[126.84279,35.1762],[126.85231,35.17212],[126.8511,35.16846],[126.858,35.16736],[126.87166,35.16769],[126.87562,35.17053],[126.87574,35.17137],[126.87027,35.17169]]]},"properties":{"code":"1224084000","name":"동천동","parent":"12240"}},{"type":"Feature","geometry":{"type":"Polygon","coordinates":[[[126.91749,35.14129],[126.91595,35.14293],[126.91025,35.13928],[126.90956,35.13566],[126.91164,35.13443],[126.9203,35.13794],[126.91749,35.14129]]]},"properties":{"code":"1227051000","name":"양림동","parent":"12270"}},{"type":"Feature","geometry":{"type":"Polygon","coordinates":[[[126.92208,35.13549],[126.9203,35.13794],[126.91164,35.13443],[126.9115,35.13439],[126.91438,35.13016],[126.92208,35.13549]]]},"properties":{"code":"1227052000","name":"방림1동","parent":"12270"}},{"type":"Feature","geometry":{"type":"Polygon","coordinates":[[[126.92758,35.12934],[126.92208,35.13549],[126.91438,35.13016],[126.91681,35.12723],[126.9214,35.12867],[126.92431,35.12467],[126.92987,35.12621],[126.92758,35.12934]]]},"properties":{"code":"1227053000","name":"방림2동","parent":"12270"}},{"type":"Feature","geometry":{"type":"Polygon","coordinates":[[[126.91375,35.14467],[126.90997,35.14897],[126.90551,35.14827],[126.90336,35.14388],[126.90891,35.14234],[126.91025,35.13928],[126.91595,35.14293],[126.91375,35.14467]]]},"properties":{"code":"1227054500","name":"사직동","parent":"12270"}},{"type":"Feature","geometry":{"type":"Polygon","coordinates":[[[126.90551,35.14827],[126.9009,35.15242],[126.89648,35.15216],[126.89434,35.15134],[126.89459,35.15089],[126.8962,35.14414],[126.89883,35.13875],[126.90209,35.1401],[126.90336,35.14388],[126.90551,35.14827]]]},"properties":{"code":"1227060500","name":"월산동","parent":"12270"}},{"type":"Feature","geometry":{"type":"Polygon","coordinates":[[[126.8962,35.14414],[126.89459,35.15089],[126.88652,35.14714],[126.8879,35.14199],[126.88905,35.14099],[126.8962,35.14414]]]},"properties":{"code":"1227063000","name":"월산4동","parent":"12270"}},{"type":"Feature","geometry":{"type":"Polygon","coordinates":[[[126.8962,35.14414],[126.88905,35.14099],[126.89283,35.13686],[126.89708,35.137],[126.89883,35.13875],[126.8962,35.14414]]]},"properties":{"code":"1227064000","name":"월산5동","parent":"12270"}},{"type":"Feature","geometry":{"type":"Polygon","coordinates":[[[126.91025,35.13928],[126.90891,35.14234],[126.90336,35.14388],[126.90209,35.1401],[126.90162,35.13701],[126.90956,35.13566],[126.91025,35.13928]]]},"properties":{"code":"1227067000","name":"백운1동","parent":"12270"}},{"type":"Feature","geometry":{"type":"Polygon","coordinates":[[[126.90956,35.13566],[126.90162,35.13701],[126.90209,35.1401],[126.89883,35.13875],[126.89708,35.137],[126.89905,35.13486],[126.90153,35.13353],[126.9115,35.13439],[126.91164,35.13443],[126.90956,35.13566]]]},"properties":{"code":"1227068000","name":"백운2동","parent":"12270"}},{"type":"Feature","geometry":{"type":"Polygon","coordinates":[[[126.90153,35.13353],[126.89905,35.13486],[126.88677,35.13037],[126.88842,35.12166],[126.89531,35.12461],[126.9038,35.12425],[126.90601,35.12594],[126.90153,35.13353]]]},"properties":{"code":"1227069000","name":"주월1동","parent":"12270"}},{"type":"Feature","geometry":{"type":"Polygon","coordinates":[[[126.88905,35.14099],[126.8879,35.14199],[126.88359,35.13757],[126.88677,35.13037],[126.89905,35.13486],[126.89708,35.137],[126.89283,35.13686],[126.88905,35.14099]]]},"properties":{"code":"1227070000","name":"주월2동","parent":"12270"}},{"type":"Feature","geometry":{"type":"Polygon","coordinates":[[[126.89249,35.10608],[126.88594,35.10481],[126.89078,35.10021],[126.88993,35.09617],[126.88466,35.0924],[126.89153,35.08796],[126.89952,35.08601],[126.89932,35.08111],[126.90644,35.0826],[126.91078,35.08846],[126.91922,35.09153],[126.92113,35.09707],[126.91483,35.10479],[126.91247,35.11047],[126.90959,35.1093],[126.90071,35.11057],[126.90005,35.10524],[126.89249,35.10608]]]},"properties":{"code":"1227071000","name":"효덕동","parent":"12270"}},{"type":"Feature","geometry":{"type":"Polygon","coordinates":[[[126.88774,35.11698],[126.88274,35.11555],[126.87509,35.11861],[126.8696,35.11578],[126.86598,35.11055],[126.86063,35.10636],[126.86248,35.10085],[126.86894,35.10041],[126.87389,35.09256],[126.88466,35.0924],[126.88993,35.09617],[126.89078,35.10021],[126.88594,35.10481],[126.89249,35.10608],[126.89634,35.10904],[126.89344,35.11441],[126.88774,35.11698]]]},"properties":{"code":"1227072000","name":"송암동","parent":"12270"}},{"type":"Feature","geometry":{"type":"Polygon","coordinates":[[[126.91438,35.13016],[126.9115,35.13439],[126.90153,35.13353],[126.90601,35.12594],[126.91681,35.12723],[126.91438,35.13016]]]},"properties":{"code":"1227053700","name":"봉선1동","parent":"12270"}},{"type":"Feature","geometry":{"type":"Polygon","coordinates":[[[126.92431,35.12467],[126.9214,35.12867],[126.91681,35.12723],[126.90601,35.12594],[126.9038,35.12425],[126.90415,35.11866],[126.9121,35.1157],[126.91886,35.11768],[126.92431,35.12467]]]},"properties":{"code":"1227053800","name":"봉선2동","parent":"12270"}},{"type":"Feature","geometry":{"type":"Polygon","coordinates":[[[126.88466,35.0924],[126.87389,35.09256],[126.86894,35.10041],[126.86248,35.10085],[126.86063,35.10636],[126.85594,35.10695],[126.83808,35.10229],[126.83566,35.09816],[126.82011,35.09098],[126.81632,35.09361],[126.81201,35.09147],[126.80594,35.09583],[126.80296,35.09248],[126.79669,35.08855],[126.78652,35.07547],[126.78272,35.07256],[126.77088,35.06997],[126.76607,35.06766],[126.75725,35.06861],[126.75344,35.06633],[126.75704,35.05948],[126.76634,35.06508],[126.76897,35.06219],[126.76723,35.0568],[126.77011,35.05462],[126.77828,35.05316],[126.7952,35.06117],[126.8011,35.05745],[126.80372,35.05239],[126.81909,35.05299],[126.82218,35.05992],[126.84289,35.06528],[126.84789,35.0707],[126.85322,35.0737],[126.85569,35.07814],[126.86063,35.07873],[126.86539,35.07524],[126.87175,35.07432],[126.88506,35.08153],[126.89206,35.07816],[126.89932,35.08111],[126.89952,35.08601],[126.89153,35.08796],[126.88466,35.0924]]]},"properties":{"code":"1227073000","name":"대촌동","parent":"12270"}},{"type":"Feature","geometry":{"type":"Polygon","coordinates":[[[126.91535,35.16583],[126.90469,35.16763],[126.909,35.16494],[126.90729,35.16099],[126.913,35.15711],[126.91631,35.16554],[126.91535,35.16583]]]},"properties":{"code":"1230051000","name":"중흥1동","parent":"12300"}},{"type":"Feature","geometry":{"type":"Polygon","coordinates":[[[126.90729,35.16099],[126.90419,35.16188],[126.90221,35.15506],[126.90727,35.15149],[126.91307,35.15707],[126.913,35.15711],[126.90729,35.16099]]]},"properties":{"code":"1230055500","name":"중앙동","parent":"12300"}},{"type":"Feature","geometry":{"type":"Polygon","coordinates":[[[126.89127,35.16886],[126.88433,35.16969],[126.88834,35.1615],[126.89054,35.16079],[126.89954,35.15757],[126.90221,35.15506],[126.90419,35.16188],[126.89127,35.16886]]]},"properties":{"code":"1230057000","name":"임동","parent":"12300"}},{"type":"Feature","geometry":{"type":"Polygon","coordinates":[[[126.90574,35.1725],[126.8968,35.17214],[126.8913,35.17473],[126.89127,35.16886],[126.90419,35.16188],[126.90729,35.16099],[126.909,35.16494],[126.90469,35.16763],[126.90574,35.1725]]]},"properties":{"code":"1230058000","name":"신안동","parent":"12300"}},{"type":"Feature","geometry":{"type":"Polygon","coordinates":[[[126.8983,35.18729],[126.8893,35.1869],[126.88635,35.18485],[126.88639,35.18021],[126.8913,35.17473],[126.8968,35.17214],[126.90574,35.1725],[126.91576,35.17602],[126.91451,35.18262],[126.90645,35.18393],[126.89877,35.18427],[126.8983,35.18729]]]},"properties":{"code":"1230059000","name":"용봉동","parent":"12300"}},{"type":"Feature","geometry":{"type":"Polygon","coordinates":[[[126.87926,35.17658],[126.87464,35.18015],[126.86716,35.17963],[126.86767,35.17291],[126.87027,35.17169],[126.87574,35.17137],[126.87926,35.17658]]]},"properties":{"code":"1230060100","name":"운암1동","parent":"12300"}},{"type":"Feature","geometry":{"type":"Polygon","coordinates":[[[126.88635,35.18485],[126.88107,35.18496],[126.87926,35.17658],[126.87574,35.17137],[126.87562,35.17053],[126.88433,35.16969],[126.89127,35.16886],[126.8913,35.17473],[126.88639,35.18021],[126.88635,35.18485]]]},"properties":{"code":"1230060200","name":"운암2동","parent":"12300"}},{"type":"Feature","geometry":{"type":"Polygon","coordinates":[[[126.87952,35.19057],[126.87225,35.19003],[126.87358,35.18776],[126.86529,35.18176],[126.86716,35.17963],[126.87464,35.18015],[126.87926,35.17658],[126.88107,35.18496],[126.87952,35.19057]]]},"properties":{"code":"1230060300","name":"운암3동","parent":"12300"}},{"type":"Feature","geometry":{"type":"Polygon","coordinates":[[[126.87225,35.19003],[126.86887,35.19197],[126.85938,35.19343],[126.86045,35.18568],[126.85022,35.17954],[126.84138,35.18184],[126.83873,35.17832],[126.84279,35.1762],[126.85998,35.17226],[126.87027,35.17169],[126.86767,35.17291],[126.86716,35.17963],[126.86529,35.18176],[126.87358,35.18776],[126.87225,35.19003]]]},"properties":{"code":"1230061500","name":"동림동","parent":"12300"}},{"type":"Feature","geometry":{"type":"Polygon","coordinates":[[[126.92291,35.18131],[126.91904,35.18166],[126.91835,35.17552],[126.91535,35.16583],[126.91631,35.16554],[126.91969,35.16468],[126.9197,35.1648],[126.92157,35.17028],[126.92586,35.17393],[126.92748,35.1794],[126.92291,35.18131]]]},"properties":{"code":"1230062000","name":"우산동","parent":"12300"}},{"type":"Feature","geometry":{"type":"Polygon","coordinates":[[[126.93146,35.16492],[126.92157,35.17028],[126.9197,35.1648],[126.93018,35.16114],[126.93146,35.16492]]]},"properties":{"code":"1230063500","name":"풍향동","parent":"12300"}},{"type":"Feature","geometry":{"type":"Polygon","coordinates":[[[126.94226,35.19305],[126.93686,35.19436],[126.93117,35.18337],[126.92703,35.18285],[126.92291,35.18131],[126.92748,35.1794],[126.94662,35.17587],[126.94969,35.17224],[126.95435,35.17974],[126.9526,35.18301],[126.94618,35.18753],[126.94226,35.19305]]]},"properties":{"code":"1230065000","name":"문화동","parent":"12300"}},{"type":"Feature","geometry":{"type":"Polygon","coordinates":[[[126.94226,35.19305],[126.94249,35.19968],[126.93765,35.19983],[126.93358,35.19619],[126.92298,35.19751],[126.92104,35.19027],[126.91712,35.18683],[126.92703,35.18285],[126.93117,35.18337],[126.93686,35.19436],[126.94226,35.19305]]]},"properties":{"code":"1230065600","name":"문흥1동","parent":"12300"}},{"type":"Feature","geometry":{"type":"Polygon","coordinates":[[[126.92703,35.18285],[126.91712,35.18683],[126.91451,35.18262],[126.91576,35.17602],[126.91835,35.17552],[126.91904,35.18166],[126.92291,35.18131],[126.92703,35.18285]]]},"properties":{"code":"1230065700","name":"문흥2동","parent":"12300"}},{"type":"Feature","geometry":{"type":"Polygon","coordinates":[[[126.93263,35.17173],[126.92586,35.17393],[126.92157,35.17028],[126.93146,35.16492],[126.93263,35.17173]]]},"properties":{"code":"1230066100","name":"두암1동","parent":"12300"}},{"type":"Feature","geometry":{"type":"Polygon","coordinates":[[[126.94969,35.17224],[126.94662,35.17587],[126.92748,35.1794],[126.92586,35.17393],[126.93263,35.17173],[126.94665,35.16723],[126.94969,35.17224]]]},"properties":{"code":"1230066200","name":"두암2동","parent":"12300"}},{"type":"Feature","geometry":{"type":"Polygon","coordinates":[[[126.94665,35.16723],[126.93263,35.17173],[126.93146,35.16492],[126.93018,35.16114],[126.9315,35.16049],[126.93916,35.16173],[126.94349,35.15892],[126.948,35.16459],[126.94665,35.16723]]]},"properties":{"code":"1230066300","name":"두암3동","parent":"12300"}},{"type":"Feature","geometry":{"type":"Polygon","coordinates":[[[126.91991,35.20255],[126.91424,35.21335],[126.91179,35.21413],[126.9013,35.20817],[126.90182,35.20356],[126.89397,35.20148],[126.88939,35.20484],[126.89325,35.19887],[126.8987,35.19182],[126.90406,35.19495],[126.91362,35.19764],[126.91991,35.20255]]]},"properties":{"code":"1230066600","name":"삼각동","parent":"12300"}},{"type":"Feature","geometry":{"type":"Polygon","coordinates":[[[126.8987,35.19182],[126.89325,35.19887],[126.88833,35.19745],[126.88555,35.19361],[126.87952,35.19057],[126.88107,35.18496],[126.88635,35.18485],[126.8893,35.1869],[126.8983,35.18729],[126.8987,35.19182]]]},"properties":{"code":"1230067300","name":"매곡동","parent":"12300"}},{"type":"Feature","geometry":{"type":"Polygon","coordinates":[[[126.91712,35.18683],[126.92104,35.19027],[126.92298,35.19751],[126.91991,35.20255],[126.91362,35.19764],[126.90406,35.19495],[126.90645,35.18393],[126.91451,35.18262],[126.91712,35.18683]]]},"properties":{"code":"1230067600","name":"오치1동","parent":"12300"}},{"type":"Feature","geometry":{"type":"Polygon","coordinates":[[[126.90406,35.19495],[126.8987,35.19182],[126.8983,35.18729],[126.89877,35.18427],[126.90645,35.18393],[126.90406,35.19495]]]},"properties":{"code":"1230067700","name":"오치2동","parent":"12300"}},{"type":"Feature","geometry":{"type":"Polygon","coordinates":[[[126.96619,35.18412],[126.9586,35.19319],[126.96526,35.20042],[126.95643,35.20758],[126.94889,35.21879],[126.95189,35.225],[126.94787,35.23074],[126.94363,35.23182],[126.93918,35.23783],[126.93418,35.23959],[126.93405,35.2347],[126.92702,35.23109],[126.92422,35.22445],[126.91814,35.22315],[126.9125,35.22545],[126.91112,35.22156],[126.91424,35.21335],[126.91991,35.20255],[126.92298,35.19751],[126.93358,35.19619],[126.93765,35.19983],[126.94249,35.19968],[126.94226,35.19305],[126.94618,35.18753],[126.9526,35.18301],[126.95435,35.17974],[126.94969,35.17224],[126.94665,35.16723],[126.948,35.16459],[126.94349,35.15892],[126.94467,35.15593],[126.95536,35.15196],[126.95688,35.14404],[126.95438,35.14221],[126.96127,35.14065],[126.97044,35.13637],[126.97818,35.13848],[126.9849,35.13474],[126.99434,35.11932],[126.99757,35.11457],[127.00263,35.11839],[127.00396,35.12209],[127.00908,35.12441],[127.01046,35.13377],[127.01113,35.13872],[127.00752,35.14362],[127.01014,35.14969],[127.00796,35.15491],[127.0137,35.16139],[127.01345,35.16485],[127.02085,35.16729],[127.02147,35.17346],[127.01661,35.17938],[127.01067,35.18163],[127.00178,35.18786],[126.98486,35.18836],[126.98352,35.18433],[126.97545,35.18658],[126.96619,35.18412]]]},"properties":{"code":"1230068500","name":"석곡동","parent":"12300"}},{"type":"Feature","geometry":{"type":"Polygon","coordinates":[[[126.91112,35.22156],[126.90558,35.21866],[126.89679,35.21983],[126.88703,35.21857],[126.88817,35.21158],[126.88939,35.20484],[126.89397,35.20148],[126.90182,35.20356],[126.9013,35.20817],[126.91179,35.21413],[126.91424,35.21335],[126.91112,35.22156]]]},"properties":{"code":"1230066900","name":"일곡동","parent":"12300"}},{"type":"Feature","geometry":{"type":"Polygon","coordinates":[[[126.85676,35.21726],[126.85326,35.20978],[126.85671,35.20634],[126.86579,35.20634],[126.87077,35.20902],[126.87138,35.21362],[126.86369,35.22274],[126.85676,35.21726]]]},"properties":{"code":"1230069700","name":"신용동","parent":"12300"}},{"type":"Feature","geometry":{"type":"Polygon","coordinates":[[[126.88817,35.21158],[126.87894,35.21399],[126.87077,35.20902],[126.86579,35.20634],[126.85671,35.20634],[126.85326,35.20978],[126.85513,35.20059],[126.85223,35.19687],[126.85938,35.19343],[126.86887,35.19197],[126.87225,35.19003],[126.87952,35.19057],[126.88555,35.19361],[126.88833,35.19745],[126.89325,35.19887],[126.88939,35.20484],[126.88817,35.21158]]]},"properties":{"code":"1230069600","name":"양산동","parent":"12300"}},{"type":"Feature","geometry":{"type":"Polygon","coordinates":[[[126.80418,35.12806],[126.81183,35.12681],[126.81254,35.13399],[126.79923,35.14369],[126.79634,35.14274],[126.80015,35.13882],[126.79692,35.13449],[126.80437,35.13115],[126.80418,35.12806]]]},"properties":{"code":"1233051500","name":"송정1동","parent":"12330"}},{"type":"Feature","geometry":{"type":"Polygon","coordinates":[[[126.79692,35.13449],[126.80015,35.13882],[126.79634,35.14274],[126.78701,35.14635],[126.78458,35.13978],[126.78458,35.13609],[126.78891,35.13178],[126.79377,35.13556],[126.79692,35.13449]]]},"properties":{"code":"1233052500","name":"송정2동","parent":"12330"}},{"type":"Feature","geometry":{"type":"Polygon","coordinates":[[[126.79692,35.13449],[126.79377,35.13556],[126.78891,35.13178],[126.78458,35.13609],[126.77955,35.12968],[126.78054,35.12439],[126.78735,35.12016],[126.78424,35.11363],[126.79058,35.10896],[126.79709,35.11531],[126.80293,35.11228],[126.80392,35.11275],[126.79811,35.1265],[126.80418,35.12806],[126.80437,35.13115],[126.79692,35.13449]]]},"properties":{"code":"1233054000","name":"도산동","parent":"12330"}},{"type":"Feature","geometry":{"type":"Polygon","coordinates":[[[126.82948,35.14084],[126.81813,35.14308],[126.81278,35.14562],[126.80753,35.15183],[126.80475,35.14836],[126.80045,35.14839],[126.79923,35.14369],[126.81254,35.13399],[126.81183,35.12681],[126.80418,35.12806],[126.79811,35.1265],[126.80392,35.11275],[126.80941,35.11232],[126.80994,35.11673],[126.8167,35.11659],[126.81691,35.12116],[126.82212,35.12665],[126.81891,35.1322],[126.82429,35.13534],[126.82948,35.14084]]]},"properties":{"code":"1233055000","name":"신흥동","parent":"12330"}},{"type":"Feature","geometry":{"type":"Polygon","coordinates":[[[126.77142,35.17816],[126.76666,35.17306],[126.7618,35.17802],[126.75569,35.17943],[126.75159,35.18289],[126.74605,35.17766],[126.74402,35.17217],[126.73962,35.17125],[126.73624,35.16605],[126.73669,35.15694],[126.73847,35.15304],[126.75121,35.14893],[126.76257,35.14887],[126.77407,35.14278],[126.77906,35.14269],[126.78458,35.13978],[126.78701,35.14635],[126.79634,35.14274],[126.79923,35.14369],[126.80045,35.14839],[126.80475,35.14836],[126.80753,35.15183],[126.80559,35.15541],[126.79902,35.15709],[126.80011,35.16217],[126.79857,35.16184],[126.796,35.16141],[126.78993,35.16382],[126.7831,35.17358],[126.77991,35.17312],[126.77142,35.17816]]]},"properties":{"code":"1233056500","name":"어룡동","parent":"12330"}},{"type":"Feature","geometry":{"type":"Polygon","coordinates":[[[126.82502,35.16181],[126.81844,35.16749],[126.80861,35.16597],[126.8017,35.1667],[126.80062,35.164],[126.80011,35.16217],[126.79902,35.15709],[126.80559,35.15541],[126.80753,35.15183],[126.81278,35.14562],[126.81813,35.14308],[126.82948,35.14084],[126.8282,35.15076],[126.82523,35.15368],[126.82502,35.16181]]]},"properties":{"code":"1233058000","name":"우산동","parent":"12330"}},{"type":"Feature","geometry":{"type":"Polygon","coordinates":[[[126.81419,35.17207],[126.80966,35.17209],[126.80861,35.16597],[126.81844,35.16749],[126.81419,35.17207]]]},"properties":{"code":"1233060000","name":"월곡1동","parent":"12330"}},{"type":"Feature","geometry":{"type":"Polygon","coordinates":[[[126.81268,35.18001],[126.80841,35.18026],[126.80423,35.17662],[126.80062,35.164],[126.8017,35.1667],[126.80861,35.16597],[126.80966,35.17209],[126.81419,35.17207],[126.81268,35.18001]]]},"properties":{"code":"1233061000","name":"월곡2동","parent":"12330"}},{"type":"Feature","geometry":{"type":"Polygon","coordinates":[[[126.82526,35.23178],[126.82392,35.22565],[126.81986,35.22616],[126.81037,35.22121],[126.8131,35.21521],[126.81231,35.20628],[126.81877,35.20253],[126.83158,35.19986],[126.83437,35.19775],[126.83962,35.2024],[126.82892,35.21299],[126.82743,35.21639],[126.82526,35.23178]]]},"properties":{"code":"1233062000","name":"비아동","parent":"12330"}},{"type":"Feature","geometry":{"type":"Polygon","coordinates":[[[126.81037,35.22121],[126.80476,35.21956],[126.79433,35.22027],[126.78767,35.22322],[126.78527,35.21842],[126.78009,35.21641],[126.78386,35.20922],[126.7839,35.2046],[126.7868,35.20046],[126.78437,35.19551],[126.78507,35.18927],[126.77316,35.18323],[126.77142,35.17816],[126.77991,35.17312],[126.7831,35.17358],[126.78993,35.16382],[126.796,35.16141],[126.79857,35.16184],[126.80011,35.16217],[126.80062,35.164],[126.80423,35.17662],[126.80841,35.18026],[126.81065,35.20237],[126.81877,35.20253],[126.81231,35.20628],[126.8131,35.21521],[126.81037,35.22121]]]},"properties":{"code":"1233064000","name":"하남동","parent":"12330"}},{"type":"Feature","geometry":{"type":"Polygon","coordinates":[[[126.76333,35.25642],[126.76023,35.25861],[126.74934,35.25598],[126.74826,35.25316],[126.7398,35.25159],[126.73719,35.25206],[126.73042,35.24399],[126.72937,35.23765],[126.71981,35.2269],[126.71857,35.22189],[126.72089,35.2188],[126.71775,35.21189],[126.72491,35.20373],[126.7275,35.20659],[126.73532,35.20923],[126.74252,35.20611],[126.7503,35.21014],[126.75636,35.20582],[126.75848,35.20205],[126.75685,35.19428],[126.75225,35.19146],[126.75159,35.18289],[126.75569,35.17943],[126.7618,35.17802],[126.76666,35.17306],[126.77142,35.17816],[126.77316,35.18323],[126.78507,35.18927],[126.78437,35.19551],[126.7868,35.20046],[126.7839,35.2046],[126.78386,35.20922],[126.78009,35.21641],[126.78527,35.21842],[126.78767,35.22322],[126.78138,35.22483],[126.77546,35.23068],[126.75552,35.23439],[126.75396,35.23693],[126.75562,35.2433],[126.75962,35.24607],[126.76333,35.25642]]]},"properties":{"code":"1233065000","name":"임곡동","parent":"12330"}},{"type":"Feature","geometry":{"type":"Polygon","coordinates":[[[126.80293,35.11228],[126.79709,35.11531],[126.79058,35.10896],[126.78424,35.11363],[126.78735,35.12016],[126.78054,35.12439],[126.78121,35.11962],[126.77866,35.11677],[126.76501,35.10725],[126.7611,35.10816],[126.75159,35.10467],[126.74464,35.104],[126.74918,35.10137],[126.7544,35.09171],[126.76204,35.09098],[126.76472,35.07857],[126.77088,35.06997],[126.78272,35.07256],[126.78652,35.07547],[126.79669,35.08855],[126.80296,35.09248],[126.80041,35.09784],[126.80321,35.1028],[126.80646,35.10268],[126.80293,35.11228]]]},"properties":{"code":"1233066000","name":"동곡동","parent":"12330"}},{"type":"Feature","geometry":{"type":"Polygon","coordinates":[[[126.78458,35.13978],[126.77906,35.14269],[126.77407,35.14278],[126.76257,35.14887],[126.75121,35.14893],[126.74051,35.14157],[126.73481,35.14469],[126.73003,35.14299],[126.72251,35.14779],[126.70829,35.14309],[126.6989,35.13594],[126.70192,35.12726],[126.69842,35.12355],[126.70545,35.11295],[126.70878,35.1094],[126.71593,35.11065],[126.71976,35.10834],[126.72842,35.1073],[126.7364,35.10824],[126.74464,35.104],[126.75159,35.10467],[126.7611,35.10816],[126.76501,35.10725],[126.77866,35.11677],[126.78121,35.11962],[126.78054,35.12439],[126.77955,35.12968],[126.78458,35.13609],[126.78458,35.13978]]]},"properties":{"code":"1233067000","name":"평동","parent":"12330"}},{"type":"Feature","geometry":{"type":"Polygon","coordinates":[[[126.73624,35.16605],[126.73332,35.16987],[126.72215,35.16955],[126.7131,35.17199],[126.70811,35.17046],[126.70369,35.17205],[126.69279,35.166],[126.68279,35.16694],[126.67105,35.16944],[126.65727,35.16663],[126.65397,35.16457],[126.65549,35.15887],[126.65166,35.15542],[126.65118,35.15069],[126.64787,35.14388],[126.65352,35.14365],[126.65485,35.13672],[126.65151,35.1205],[126.65522,35.11503],[126.66337,35.11482],[126.6692,35.1121],[126.66771,35.10514],[126.67649,35.10478],[126.68511,35.10834],[126.68513,35.1121],[126.6958,35.10756],[126.70545,35.11295],[126.69842,35.12355],[126.70192,35.12726],[126.6989,35.13594],[126.70829,35.14309],[126.72251,35.14779],[126.73003,35.14299],[126.73481,35.14469],[126.74051,35.14157],[126.75121,35.14893],[126.73847,35.15304],[126.73669,35.15694],[126.73624,35.16605]]]},"properties":{"code":"1233068000","name":"삼도동","parent":"12330"}},{"type":"Feature","geometry":{"type":"Polygon","coordinates":[[[126.69055,35.21533],[126.68726,35.21541],[126.68056,35.20757],[126.67736,35.20136],[126.67569,35.19084],[126.67211,35.19416],[126.66358,35.19248],[126.65616,35.19406],[126.65312,35.1924],[126.65552,35.18877],[126.66371,35.18227],[126.66782,35.17541],[126.67137,35.17452],[126.67105,35.16944],[126.68279,35.16694],[126.69279,35.166],[126.70369,35.17205],[126.70811,35.17046],[126.7131,35.17199],[126.72215,35.16955],[126.73332,35.16987],[126.73624,35.16605],[126.73962,35.17125],[126.74402,35.17217],[126.74605,35.17766],[126.75159,35.18289],[126.75225,35.19146],[126.75685,35.19428],[126.75848,35.20205],[126.75636,35.20582],[126.7503,35.21014],[126.74252,35.20611],[126.73532,35.20923],[126.7275,35.20659],[126.72491,35.20373],[126.71775,35.21189],[126.71074,35.21239],[126.70263,35.2078],[126.69517,35.21058],[126.69055,35.21533]]]},"properties":{"code":"1233069000","name":"본량동","parent":"12330"}},{"type":"Feature","geometry":{"type":"Polygon","coordinates":[[[126.83516,35.22875],[126.82526,35.23178],[126.82743,35.21639],[126.82892,35.21299],[126.83789,35.21779],[126.85676,35.21726],[126.85286,35.22186],[126.84599,35.22189],[126.84469,35.22572],[126.83822,35.22382],[126.83516,35.22875]]]},"properties":{"code":"1233062400","name":"첨단1동","parent":"12330"}},{"type":"Feature","geometry":{"type":"Polygon","coordinates":[[[126.85676,35.21726],[126.83789,35.21779],[126.82892,35.21299],[126.83962,35.2024],[126.84545,35.20213],[126.85223,35.19687],[126.85513,35.20059],[126.85326,35.20978],[126.85676,35.21726]]]},"properties":{"code":"1233062600","name":"첨단2동","parent":"12330"}},{"type":"Feature","geometry":{"type":"Polygon","coordinates":[[[126.82221,35.17928],[126.81268,35.18001],[126.81419,35.17207],[126.81844,35.16749],[126.82502,35.16181],[126.82762,35.16793],[126.83737,35.17067],[126.83802,35.17728],[126.82221,35.17928]]]},"properties":{"code":"1233063500","name":"운남동","parent":"12330"}},{"type":"Feature","geometry":{"type":"Polygon","coordinates":[[[126.85223,35.19687],[126.84545,35.20213],[126.83962,35.2024],[126.83437,35.19775],[126.83204,35.1904],[126.83718,35.19042],[126.83726,35.18594],[126.84138,35.18184],[126.85022,35.17954],[126.86045,35.18568],[126.85938,35.19343],[126.85223,35.19687]]]},"properties":{"code":"1233070000","name":"신창동","parent":"12330"}},{"type":"Feature","geometry":{"type":"Polygon","coordinates":[[[126.84138,35.18184],[126.83726,35.18594],[126.83718,35.19042],[126.83204,35.1904],[126.83235,35.1859],[126.82287,35.18272],[126.82221,35.17928],[126.83802,35.17728],[126.83873,35.17832],[126.84138,35.18184]]]},"properties":{"code":"1233063000","name":"신가동","parent":"12330"}},{"type":"Feature","geometry":{"type":"Polygon","coordinates":[[[126.81877,35.20253],[126.81065,35.20237],[126.80841,35.18026],[126.81268,35.18001],[126.82221,35.17928],[126.82287,35.18272],[126.83235,35.1859],[126.83204,35.1904],[126.83437,35.19775],[126.83158,35.19986],[126.81877,35.20253]]]},"properties":{"code":"1233063700","name":"수완동","parent":"12330"}},{"type":"Feature","geometry":{"type":"Polygon","coordinates":[[[126.40397,34.80613],[126.3938,34.81373],[126.39174,34.81364],[126.38784,34.81044],[126.38935,34.80715],[126.38515,34.80248],[126.38654,34.79781],[126.38939,34.79842],[126.39359,34.80304],[126.40397,34.80613]]]},"properties":{"code":"1211051000","name":"용당1동","parent":"12110"}},{"type":"Feature","geometry":{"type":"Polygon","coordinates":[[[126.40423,34.79366],[126.40397,34.80613],[126.39359,34.80304],[126.39691,34.79615],[126.40423,34.79366]]]},"properties":{"code":"1211052000","name":"용당2동","parent":"12110"}},{"type":"Feature","geometry":{"type":"Polygon","coordinates":[[[126.39691,34.79615],[126.39359,34.80304],[126.38939,34.79842],[126.38972,34.79372],[126.39581,34.79349],[126.39691,34.79615]]]},"properties":{"code":"1211053500","name":"연동","parent":"12110"}},{"type":"Feature","geometry":{"type":"Polygon","coordinates":[[[126.38784,34.81044],[126.38477,34.8126],[126.3774,34.80649],[126.37984,34.80261],[126.38515,34.80248],[126.38935,34.80715],[126.38784,34.81044]]]},"properties":{"code":"1211054500","name":"산정동","parent":"12110"}},{"type":"Feature","geometry":{"type":"Polygon","coordinates":[[[126.39271,34.82879],[126.38653,34.82958],[126.38214,34.82813],[126.36767,34.81124],[126.3716,34.80779],[126.38117,34.81487],[126.38477,34.8126],[126.38784,34.81044],[126.39174,34.81364],[126.3916,34.82192],[126.39511,34.82685],[126.39271,34.82879]]]},"properties":{"code":"1211055400","name":"연산동","parent":"12110"}},{"type":"Feature","geometry":{"type":"Polygon","coordinates":[[[126.38477,34.8126],[126.38117,34.81487],[126.3716,34.80779],[126.37868,34.8017],[126.37984,34.80261],[126.3774,34.80649],[126.38477,34.8126]]]},"properties":{"code":"1211055800","name":"원산동","parent":"12110"}},{"type":"Feature","geometry":{"type":"Polygon","coordinates":[[[126.38515,34.80248],[126.37984,34.80261],[126.37868,34.8017],[126.37831,34.80104],[126.37931,34.79807],[126.38654,34.79781],[126.38515,34.80248]]]},"properties":{"code":"1211056500","name":"대성동","parent":"12110"}},{"type":"Feature","geometry":{"type":"Polygon","coordinates":[[[126.38939,34.79842],[126.38654,34.79781],[126.37931,34.79807],[126.37149,34.7944],[126.37245,34.79012],[126.38455,34.78792],[126.38769,34.78922],[126.38972,34.79372],[126.38939,34.79842]]]},"properties":{"code":"1211059500","name":"목원동","parent":"12110"}},{"type":"Feature","geometry":{"type":"Polygon","coordinates":[[[126.39581,34.79349],[126.38972,34.79372],[126.38769,34.78922],[126.3904,34.78719],[126.40087,34.78634],[126.39581,34.79349]]]},"properties":{"code":"1211064000","name":"동명동","parent":"12110"}},{"type":"Feature","geometry":{"type":"Polygon","coordinates":[[[126.40423,34.79366],[126.39691,34.79615],[126.39581,34.79349],[126.40087,34.78634],[126.40264,34.78558],[126.4041,34.7843],[126.41443,34.78845],[126.41207,34.79103],[126.40423,34.79366]]]},"properties":{"code":"1211064500","name":"삼학동","parent":"12110"}},{"type":"Feature","geometry":{"type":"Polygon","coordinates":[[[126.40087,34.78634],[126.3904,34.78719],[126.38769,34.78922],[126.38455,34.78792],[126.38056,34.78544],[126.3793,34.78036],[126.40037,34.78315],[126.40264,34.78558],[126.40087,34.78634]]]},"properties":{"code":"1211065500","name":"만호동","parent":"12110"}},{"type":"Feature","geometry":{"type":"MultiPolygon","coordinates":[[[[126.29638,34.77597],[126.30159,34.78057],[126.29645,34.78405],[126.29154,34.77727],[126.29638,34.77597]]],[[[126.36325,34.77568],[126.3608,34.76965],[126.3649,34.765],[126.36223,34.75978],[126.34884,34.75962],[126.34887,34.75018],[126.36202,34.75158],[126.36541,34.75995],[126.37221,34.75832],[126.3728,34.76496],[126.37561,34.77094],[126.36325,34.77568]]],[[[126.3269,34.78497],[126.32379,34.78919],[126.31571,34.7838],[126.30846,34.78224],[126.30497,34.77203],[126.30636,34.76463],[126.31791,34.7591],[126.32104,34.76065],[126.32109,34.76599],[126.3279,34.77483],[126.33088,34.7826],[126.3269,34.78497]]],[[[126.34002,34.79484],[126.33499,34.78806],[126.33932,34.78326],[126.34002,34.79484]]],[[[126.38455,34.78792],[126.37245,34.79012],[126.37149,34.7944],[126.36561,34.80009],[126.36257,34.79999],[126.35743,34.79421],[126.3678,34.78658],[126.3687,34.78107],[126.3793,34.78036],[126.38056,34.78544],[126.38455,34.78792]]],[[[126.33142,34.79495],[126.33698,34.79955],[126.33314,34.80357],[126.3308,34.81309],[126.32755,34.81601],[126.31835,34.81401],[126.31407,34.80507],[126.31419,34.79709],[126.31813,34.79473],[126.33125,34.79489],[126.33142,34.79495]]]]},"properties":{"code":"1211066000","name":"유달동","parent":"12110"}},{"type":"Feature","geometry":{"type":"Polygon","coordinates":[[[126.36461,34.80335],[126.35995,34.79961],[126.35682,34.80225],[126.34966,34.79647],[126.35743,34.79421],[126.36257,34.79999],[126.36561,34.80009],[126.37149,34.7944],[126.37931,34.79807],[126.37831,34.80104],[126.36461,34.80335]]]},"properties":{"code":"1211069500","name":"죽교동","parent":"12110"}},{"type":"Feature","geometry":{"type":"Polygon","coordinates":[[[126.3716,34.80779],[126.36767,34.81124],[126.36236,34.80671],[126.36461,34.80335],[126.37831,34.80104],[126.37868,34.8017],[126.3716,34.80779]]]},"properties":{"code":"1211070500","name":"북항동","parent":"12110"}},{"type":"Feature","geometry":{"type":"Polygon","coordinates":[[[126.40466,34.82364],[126.39853,34.82455],[126.39271,34.82879],[126.39511,34.82685],[126.3916,34.82192],[126.39174,34.81364],[126.3938,34.81373],[126.40397,34.80613],[126.41012,34.80585],[126.40466,34.82364]]]},"properties":{"code":"1211074500","name":"용해동","parent":"12110"}},{"type":"Feature","geometry":{"type":"Polygon","coordinates":[[[126.41012,34.80585],[126.40397,34.80613],[126.40423,34.79366],[126.41207,34.79103],[126.42015,34.79107],[126.42571,34.79308],[126.41597,34.79701],[126.4129,34.80025],[126.41012,34.80585]]]},"properties":{"code":"1211075000","name":"이로동","parent":"12110"}},{"type":"Feature","geometry":{"type":"Polygon","coordinates":[[[126.42726,34.8198],[126.42638,34.82304],[126.41859,34.83014],[126.41104,34.82914],[126.40959,34.82507],[126.40466,34.82364],[126.41012,34.80585],[126.41755,34.80875],[126.42104,34.81682],[126.42726,34.8198]]]},"properties":{"code":"1211075600","name":"상동","parent":"12110"}},{"type":"Feature","geometry":{"type":"Polygon","coordinates":[[[126.42785,34.81945],[126.42726,34.8198],[126.42104,34.81682],[126.41755,34.80875],[126.41012,34.80585],[126.4129,34.80025],[126.42694,34.80697],[126.42267,34.81334],[126.42792,34.81447],[126.42785,34.81945]]]},"properties":{"code":"1211075700","name":"하당동","parent":"12110"}},{"type":"Feature","geometry":{"type":"Polygon","coordinates":[[[126.42858,34.80462],[126.42694,34.80697],[126.4129,34.80025],[126.41597,34.79701],[126.42571,34.79308],[126.43667,34.79717],[126.43179,34.80004],[126.42858,34.80462]]]},"properties":{"code":"1211075800","name":"신흥동","parent":"12110"}},{"type":"Feature","geometry":{"type":"Polygon","coordinates":[[[126.41211,34.84389],[126.40096,34.84273],[126.39663,34.83816],[126.38805,34.83689],[126.38653,34.82958],[126.39271,34.82879],[126.39853,34.82455],[126.40466,34.82364],[126.40959,34.82507],[126.41104,34.82914],[126.41859,34.83014],[126.42638,34.82304],[126.42726,34.8198],[126.42785,34.81945],[126.43831,34.82113],[126.43923,34.83043],[126.43824,34.83663],[126.42775,34.83788],[126.41984,34.84407],[126.41211,34.84389]]]},"properties":{"code":"1211078000","name":"삼향동","parent":"12110"}},{"type":"Feature","geometry":{"type":"Polygon","coordinates":[[[126.43831,34.82113],[126.42785,34.81945],[126.42792,34.81447],[126.42267,34.81334],[126.42694,34.80697],[126.42858,34.80462],[126.4361,34.80733],[126.44091,34.81222],[126.44733,34.816],[126.45489,34.8144],[126.45319,34.81833],[126.43831,34.82113]]]},"properties":{"code":"1211079000","name":"옥암동","parent":"12110"}},{"type":"Feature","geometry":{"type":"Polygon","coordinates":[[[126.44146,34.79942],[126.4361,34.80733],[126.42858,34.80462],[126.43179,34.80004],[126.43667,34.79717],[126.44146,34.79942]]]},"properties":{"code":"1211080000","name":"부흥동","parent":"12110"}},{"type":"Feature","geometry":{"type":"Polygon","coordinates":[[[126.45489,34.8144],[126.44733,34.816],[126.44091,34.81222],[126.4361,34.80733],[126.44146,34.79942],[126.44466,34.79244],[126.44797,34.79448],[126.45883,34.79335],[126.46194,34.80006],[126.45859,34.80077],[126.4579,34.80813],[126.45489,34.8144]]]},"properties":{"code":"1211081000","name":"부주동","parent":"12110"}},{"type":"Feature","geometry":{"type":"MultiPolygon","coordinates":[[[[127.71455,34.61142],[127.70624,34.61022],[127.70387,34.6059],[127.71329,34.6073],[127.7225,34.60607],[127.72031,34.61103],[127.71455,34.61142]]],[[[127.74863,34.73379],[127.7395,34.73363],[127.73648,34.73071],[127.74164,34.72716],[127.74159,34.72197],[127.7468,34.71449],[127.75782,34.71251],[127.75441,34.70861],[127.75461,34.69874],[127.7579,34.69292],[127.76024,34.68474],[127.75387,34.68197],[127.74972,34.67547],[127.74751,34.66899],[127.7372,34.66059],[127.72907,34.65611],[127.72342,34.65571],[127.72073,34.65192],[127.71799,34.64302],[127.72454,34.63739],[127.72384,34.63352],[127.71694,34.62919],[127.71294,34.62433],[127.71906,34.61347],[127.72763,34.61296],[127.73761,34.6103],[127.73746,34.60498],[127.74455,34.59939],[127.74505,34.59614],[127.75015,34.59263],[127.75643,34.59396],[127.76549,34.59287],[127.77036,34.58807],[127.78029,34.58833],[127.78564,34.58528],[127.79233,34.58478],[127.80058,34.58637],[127.80597,34.59028],[127.80796,34.5965],[127.8023,34.596],[127.80235,34.60177],[127.79586,34.60513],[127.7887,34.60563],[127.79222,34.61088],[127.79149,34.61938],[127.79735,34.62817],[127.79845,34.63727],[127.79641,34.64855],[127.79809,34.65499],[127.80653,34.65803],[127.80577,34.66131],[127.79503,34.66074],[127.795,34.67133],[127.79158,34.67238],[127.78508,34.67006],[127.78337,34.67433],[127.77641,34.68136],[127.77857,34.68699],[127.78245,34.68931],[127.77978,34.69659],[127.79114,34.70161],[127.78706,34.70963],[127.78733,34.71601],[127.77971,34.7213],[127.77166,34.72522],[127.76541,34.72566],[127.75618,34.73153],[127.74863,34.73379]]]]},"properties":{"code":"1213025000","name":"돌산읍","parent":"12130"}},{"type":"Feature","geometry":{"type":"MultiPolygon","coordinates":[[[[127.56533,34.73926],[127.56768,34.74271],[127.56171,34.74965],[127.55815,34.74782],[127.55805,34.74057],[127.56533,34.73926]]],[[[127.55944,34.7705],[127.55913,34.76385],[127.56345,34.76159],[127.56995,34.76292],[127.56771,34.76707],[127.55944,34.7705]]],[[[127.62672,34.8298],[127.61624,34.82982],[127.61445,34.83502],[127.60784,34.83586],[127.60463,34.82969],[127.59618,34.82879],[127.59027,34.83259],[127.58594,34.83087],[127.58303,34.83395],[127.58302,34.8396],[127.5738,34.83908],[127.5709,34.8318],[127.57412,34.82378],[127.57022,34.8174],[127.57114,34.81028],[127.5684,34.80757],[127.56065,34.81123],[127.55586,34.80775],[127.56065,34.80246],[127.55862,34.7962],[127.56532,34.79256],[127.56785,34.78832],[127.56997,34.77884],[127.56345,34.78061],[127.5622,34.77656],[127.56966,34.77649],[127.57507,34.76986],[127.57202,34.76032],[127.57918,34.76086],[127.58164,34.76898],[127.58511,34.76726],[127.59004,34.75772],[127.58911,34.75374],[127.59383,34.74869],[127.60386,34.74336],[127.6186,34.74204],[127.61988,34.73691],[127.63571,34.73745],[127.63398,34.74376],[127.64208,34.74524],[127.64548,34.75129],[127.64147,34.75784],[127.64379,34.76088],[127.6446,34.76387],[127.63872,34.77098],[127.63119,34.77353],[127.63848,34.77638],[127.63736,34.77872],[127.64257,34.78667],[127.63968,34.79183],[127.63056,34.80182],[127.63343,34.81086],[127.63768,34.81393],[127.63899,34.8199],[127.63187,34.82868],[127.62672,34.8298]]]]},"properties":{"code":"1213031000","name":"소라면","parent":"12130"}},{"type":"Feature","geometry":{"type":"MultiPolygon","coordinates":[[[[127.63351,34.84882],[127.64704,34.85743],[127.63368,34.87093],[127.61386,34.85811],[127.62158,34.84846],[127.63351,34.84882]]],[[[127.62411,34.88282],[127.61119,34.88195],[127.61116,34.87882],[127.6242,34.87937],[127.62411,34.88282]]],[[[127.62672,34.8298],[127.62687,34.8405],[127.63379,34.83827],[127.63637,34.84662],[127.62383,34.84425],[127.62039,34.84602],[127.61377,34.85316],[127.61075,34.84948],[127.60632,34.85169],[127.60016,34.86216],[127.58968,34.87491],[127.59459,34.87957],[127.61424,34.89235],[127.60557,34.90342],[127.59295,34.89524],[127.58986,34.89334],[127.59389,34.88904],[127.58971,34.88637],[127.56779,34.88502],[127.56132,34.88797],[127.55569,34.88684],[127.55025,34.88954],[127.541,34.88495],[127.53576,34.87815],[127.54208,34.86745],[127.55077,34.86282],[127.5509,34.85575],[127.54352,34.8503],[127.5422,34.84329],[127.54277,34.83797],[127.53836,34.83179],[127.52737,34.82442],[127.52336,34.81498],[127.52286,34.80982],[127.52908,34.80979],[127.53177,34.80618],[127.54402,34.80645],[127.54625,34.81019],[127.55586,34.80775],[127.56065,34.81123],[127.5684,34.80757],[127.57114,34.81028],[127.57022,34.8174],[127.57412,34.82378],[127.5709,34.8318],[127.5738,34.83908],[127.58302,34.8396],[127.58303,34.83395],[127.58594,34.83087],[127.59027,34.83259],[127.59618,34.82879],[127.60463,34.82969],[127.60784,34.83586],[127.61445,34.83502],[127.61624,34.82982],[127.62672,34.8298]]]]},"properties":{"code":"1213032000","name":"율촌면","parent":"12130"}},{"type":"Feature","geometry":{"type":"Polygon","coordinates":[[[127.60386,34.74336],[127.59357,34.7438],[127.58495,34.74641],[127.58277,34.73979],[127.5785,34.73943],[127.57851,34.73295],[127.56842,34.72846],[127.56203,34.73206],[127.56376,34.7242],[127.55487,34.71868],[127.5525,34.71964],[127.5482,34.7128],[127.55412,34.71295],[127.55605,34.70933],[127.55294,34.70076],[127.55925,34.70307],[127.56589,34.7005],[127.56963,34.70394],[127.57584,34.70174],[127.57486,34.69839],[127.56871,34.69979],[127.5633,34.69866],[127.55936,34.70042],[127.55067,34.68921],[127.55043,34.68172],[127.56346,34.67517],[127.56034,34.67094],[127.55317,34.66996],[127.55106,34.6654],[127.55343,34.65853],[127.56012,34.65763],[127.56771,34.6501],[127.57013,34.64359],[127.57428,34.63995],[127.57463,34.63557],[127.57974,34.63093],[127.58233,34.63226],[127.57626,34.64041],[127.57485,34.64781],[127.58295,34.65197],[127.58925,34.65185],[127.60437,34.64529],[127.61555,34.64285],[127.62519,34.63445],[127.63631,34.63002],[127.63584,34.62612],[127.64439,34.62729],[127.64342,34.63364],[127.635,34.64026],[127.64014,34.64334],[127.64256,34.65064],[127.63571,34.64887],[127.62981,34.65052],[127.6354,34.66145],[127.63197,34.66483],[127.6332,34.67005],[127.62497,34.68048],[127.63147,34.67998],[127.63202,34.68325],[127.62353,34.68723],[127.6224,34.69076],[127.62783,34.69508],[127.62529,34.70008],[127.61847,34.70151],[127.61373,34.70623],[127.6252,34.71822],[127.62608,34.71201],[127.63541,34.71017],[127.63758,34.70678],[127.64305,34.70698],[127.63926,34.71512],[127.64035,34.72184],[127.63686,34.72439],[127.63317,34.7318],[127.63571,34.73745],[127.61988,34.73691],[127.6186,34.74204],[127.60386,34.74336]]]},"properties":{"code":"1213033000","name":"화양면","parent":"12130"}},{"type":"Feature","geometry":{"type":"MultiPolygon","coordinates":[[[[127.80516,34.46124],[127.79504,34.45734],[127.7982,34.44473],[127.79159,34.43595],[127.78595,34.43478],[127.78509,34.43024],[127.79252,34.43153],[127.79333,34.42605],[127.7886,34.42555],[127.78585,34.41797],[127.78883,34.41263],[127.79609,34.4165],[127.79871,34.40974],[127.80809,34.41699],[127.80957,34.42482],[127.80512,34.42946],[127.81004,34.43452],[127.81097,34.44548],[127.80936,34.44987],[127.80229,34.45136],[127.80176,34.45408],[127.80754,34.45921],[127.80516,34.46124]]],[[[127.82606,34.49856],[127.81133,34.49772],[127.80677,34.4903],[127.79741,34.48989],[127.7962,34.48302],[127.80192,34.47942],[127.8083,34.48232],[127.81321,34.47764],[127.82,34.47525],[127.82543,34.4845],[127.81866,34.48882],[127.81624,34.49376],[127.82371,34.49431],[127.82606,34.49856]]],[[[127.74112,34.5529],[127.72557,34.54827],[127.71192,34.53798],[127.70473,34.5396],[127.69727,34.53934],[127.70058,34.53257],[127.71307,34.52948],[127.71346,34.52691],[127.72178,34.52306],[127.72961,34.52743],[127.73322,34.52586],[127.72585,34.51711],[127.72682,34.51362],[127.73678,34.51255],[127.74003,34.50772],[127.73389,34.50598],[127.73478,34.503],[127.74718,34.50152],[127.75163,34.50497],[127.75381,34.49923],[127.76243,34.49909],[127.76753,34.49667],[127.77086,34.48762],[127.79066,34.48765],[127.79677,34.49321],[127.79104,34.49828],[127.7929,34.50062],[127.78778,34.50622],[127.78144,34.50763],[127.77759,34.50543],[127.7679,34.50902],[127.7675,34.51106],[127.781,34.511],[127.78024,34.51988],[127.77108,34.52626],[127.76232,34.53512],[127.764,34.54013],[127.75768,34.55237],[127.75279,34.55033],[127.74799,34.55266],[127.74112,34.5529]]],[[[127.73682,34.56435],[127.73604,34.56896],[127.72899,34.57057],[127.72448,34.56267],[127.7369,34.55943],[127.73682,34.56435]]],[[[127.76185,34.57426],[127.76451,34.57633],[127.75996,34.58184],[127.75586,34.57873],[127.76185,34.57426]]],[[[127.73263,34.59075],[127.73059,34.59468],[127.72032,34.58778],[127.73011,34.58105],[127.73278,34.57498],[127.74375,34.5798],[127.74407,34.58243],[127.73263,34.59075]]]]},"properties":{"code":"1213034000","name":"남면","parent":"12130"}},{"type":"Feature","geometry":{"type":"MultiPolygon","coordinates":[[[[127.72378,34.57339],[127.72753,34.57691],[127.72532,34.57992],[127.71658,34.57906],[127.70963,34.57546],[127.71568,34.56728],[127.72361,34.56943],[127.72378,34.57339]]],[[[127.65792,34.58554],[127.65351,34.57987],[127.64761,34.58126],[127.63909,34.57488],[127.64208,34.5699],[127.64776,34.5671],[127.64758,34.55871],[127.65013,34.55583],[127.65965,34.55274],[127.66412,34.55781],[127.67421,34.55564],[127.67849,34.56693],[127.68772,34.57116],[127.69082,34.56424],[127.69523,34.56297],[127.70377,34.56804],[127.69747,34.56931],[127.69521,34.57553],[127.68968,34.57673],[127.68326,34.57506],[127.68083,34.57006],[127.67537,34.5746],[127.66944,34.57495],[127.66936,34.58038],[127.65792,34.58554]]],[[[127.6897,34.59435],[127.68283,34.59592],[127.6804,34.59403],[127.68502,34.5884],[127.68895,34.59028],[127.6897,34.59435]]],[[[127.62639,34.5934],[127.62075,34.59676],[127.60833,34.58831],[127.62303,34.59071],[127.62639,34.5934]]],[[[127.65528,34.60391],[127.65094,34.60451],[127.65086,34.59508],[127.64545,34.59087],[127.65175,34.58712],[127.65802,34.59343],[127.65478,34.59819],[127.66064,34.60066],[127.65528,34.60391]]],[[[127.60144,34.59484],[127.60707,34.60413],[127.60453,34.60502],[127.59464,34.59834],[127.60144,34.59484]]],[[[127.54662,34.61771],[127.54167,34.61689],[127.53366,34.61202],[127.53111,34.61721],[127.52251,34.61541],[127.5253,34.60396],[127.53493,34.60467],[127.54057,34.60158],[127.53952,34.5987],[127.55002,34.59631],[127.55374,34.60301],[127.56192,34.60287],[127.56674,34.60516],[127.56456,34.61364],[127.55764,34.61673],[127.54662,34.61771]]],[[[127.63602,34.6245],[127.62699,34.62145],[127.6252,34.61579],[127.63075,34.60886],[127.63998,34.60731],[127.64455,34.61189],[127.64734,34.60833],[127.65519,34.60948],[127.64693,34.61898],[127.64304,34.61822],[127.63602,34.6245]]],[[[127.54651,34.62967],[127.53747,34.62941],[127.53246,34.62543],[127.54534,34.62435],[127.54651,34.62967]]],[[[127.51601,34.63957],[127.50937,34.63317],[127.5166,34.6247],[127.51725,34.63493],[127.51601,34.63957]]],[[[127.55481,34.63912],[127.55695,34.63402],[127.56733,34.6269],[127.56956,34.62769],[127.56793,34.63518],[127.55481,34.63912]]],[[[127.49233,34.76683],[127.49095,34.76384],[127.49704,34.75919],[127.49858,34.75388],[127.50363,34.75506],[127.49584,34.76103],[127.49233,34.76683]]]]},"properties":{"code":"1213035000","name":"화정면","parent":"12130"}},{"type":"Feature","geometry":{"type":"MultiPolygon","coordinates":[[[[127.31115,34.02975],[127.31303,34.02528],[127.32332,34.02416],[127.32186,34.02795],[127.31115,34.02975]]],[[[127.30797,34.06078],[127.30305,34.05833],[127.30942,34.05293],[127.31343,34.04603],[127.31338,34.04016],[127.32552,34.03741],[127.33476,34.0341],[127.33285,34.04139],[127.32472,34.04549],[127.32686,34.05185],[127.32367,34.05887],[127.31776,34.05631],[127.30797,34.06078]]],[[[127.29319,34.06352],[127.29505,34.05644],[127.29276,34.05496],[127.28617,34.05888],[127.28283,34.0548],[127.2792,34.04323],[127.28132,34.03429],[127.28598,34.03562],[127.28872,34.03248],[127.29105,34.02266],[127.29463,34.01932],[127.2946,34.01409],[127.30408,34.01175],[127.3134,34.01131],[127.31644,34.01289],[127.32296,34.00488],[127.32549,34.0125],[127.32327,34.01622],[127.31584,34.01435],[127.31093,34.01848],[127.30866,34.02353],[127.30244,34.03027],[127.29754,34.03147],[127.29742,34.03853],[127.29277,34.05003],[127.29733,34.055],[127.29621,34.06212],[127.29319,34.06352]]],[[[127.20073,34.21885],[127.19774,34.22433],[127.19245,34.21907],[127.19713,34.21547],[127.20073,34.21885]]],[[[127.46436,34.22884],[127.45927,34.23301],[127.45724,34.22882],[127.46436,34.22884]]],[[[127.44807,34.24121],[127.45602,34.2425],[127.45563,34.24639],[127.44929,34.25046],[127.44674,34.24902],[127.44442,34.24242],[127.44807,34.24121]]],[[[127.26044,34.24717],[127.25812,34.25083],[127.2533,34.25114],[127.24721,34.24664],[127.24252,34.2472],[127.2432,34.23799],[127.23757,34.23521],[127.23307,34.23662],[127.23124,34.22626],[127.22484,34.21598],[127.2362,34.21503],[127.23757,34.21816],[127.24333,34.21776],[127.25658,34.21088],[127.25986,34.21326],[127.25704,34.22259],[127.26272,34.22678],[127.25798,34.23705],[127.26205,34.23833],[127.25934,34.2435],[127.26044,34.24717]]],[[[127.53346,34.26783],[127.52704,34.26555],[127.52994,34.26096],[127.53971,34.2604],[127.5407,34.26798],[127.53346,34.26783]]],[[[127.35906,34.28825],[127.35251,34.29016],[127.34765,34.28468],[127.35184,34.27355],[127.35926,34.27782],[127.36539,34.283],[127.37019,34.28913],[127.36631,34.29525],[127.3613,34.29268],[127.35906,34.28825]]],[[[127.39849,34.28336],[127.40167,34.28679],[127.40055,34.29419],[127.39076,34.29595],[127.38552,34.29019],[127.38811,34.28467],[127.39849,34.28336]]]]},"properties":{"code":"1213036000","name":"삼산면","parent":"12130"}},{"type":"Feature","geometry":{"type":"Polygon","coordinates":[[[127.75405,34.73805],[127.74014,34.74534],[127.73959,34.74911],[127.73566,34.74905],[127.73675,34.74124],[127.74448,34.74023],[127.74234,34.737],[127.74991,34.73593],[127.75405,34.73805]]]},"properties":{"code":"1213051500","name":"동문동","parent":"12130"}},{"type":"Feature","geometry":{"type":"Polygon","coordinates":[[[127.74821,34.74718],[127.73959,34.74911],[127.74014,34.74534],[127.75405,34.73805],[127.7559,34.7414],[127.74821,34.74718]]]},"properties":{"code":"1213053500","name":"한려동","parent":"12130"}},{"type":"Feature","geometry":{"type":"Polygon","coordinates":[[[127.73675,34.74124],[127.72913,34.74043],[127.72928,34.7399],[127.73433,34.73767],[127.73407,34.73229],[127.73678,34.73227],[127.74234,34.737],[127.74448,34.74023],[127.73675,34.74124]]]},"properties":{"code":"1213057000","name":"중앙동","parent":"12130"}},{"type":"Feature","geometry":{"type":"Polygon","coordinates":[[[127.73003,34.75797],[127.72327,34.76016],[127.7287,34.74675],[127.72913,34.74043],[127.73675,34.74124],[127.73566,34.74905],[127.73003,34.75797]]]},"properties":{"code":"1213060000","name":"충무동","parent":"12130"}},{"type":"Feature","geometry":{"type":"Polygon","coordinates":[[[127.73003,34.75797],[127.73291,34.76314],[127.71566,34.76864],[127.70775,34.7619],[127.71292,34.75583],[127.71632,34.75452],[127.71818,34.74879],[127.71443,34.74567],[127.72335,34.74228],[127.72803,34.7423],[127.7287,34.74675],[127.72327,34.76016],[127.73003,34.75797]]]},"properties":{"code":"1213062500","name":"광림동","parent":"12130"}},{"type":"Feature","geometry":{"type":"Polygon","coordinates":[[[127.72913,34.74043],[127.7287,34.74675],[127.72803,34.7423],[127.72335,34.74228],[127.71443,34.74567],[127.71252,34.74241],[127.72401,34.73768],[127.72928,34.7399],[127.72913,34.74043]]]},"properties":{"code":"1213063500","name":"서강동","parent":"12130"}},{"type":"Feature","geometry":{"type":"Polygon","coordinates":[[[127.72928,34.7399],[127.72401,34.73768],[127.71252,34.74241],[127.70985,34.73991],[127.71895,34.73564],[127.72385,34.72774],[127.73308,34.72913],[127.73407,34.73229],[127.73433,34.73767],[127.72928,34.7399]]]},"properties":{"code":"1213065500","name":"대교동","parent":"12130"}},{"type":"Feature","geometry":{"type":"Polygon","coordinates":[[[127.73407,34.73229],[127.73308,34.72913],[127.72385,34.72774],[127.71895,34.73564],[127.70985,34.73991],[127.70843,34.7388],[127.70633,34.73156],[127.71455,34.72677],[127.71239,34.72461],[127.72475,34.72633],[127.73438,34.72433],[127.73678,34.73227],[127.73407,34.73229]]]},"properties":{"code":"1213067000","name":"국동","parent":"12130"}},{"type":"Feature","geometry":{"type":"MultiPolygon","coordinates":[[[[127.70364,34.71003],[127.70098,34.70845],[127.71071,34.70228],[127.70928,34.70909],[127.70364,34.71003]]],[[[127.72353,34.71813],[127.71682,34.71304],[127.71983,34.70548],[127.73488,34.69899],[127.73987,34.70728],[127.73461,34.70706],[127.72556,34.71211],[127.73166,34.71858],[127.72353,34.71813]]],[[[127.71239,34.72461],[127.71455,34.72677],[127.70633,34.73156],[127.70843,34.7388],[127.69925,34.73959],[127.694,34.74243],[127.69013,34.74163],[127.68062,34.73377],[127.68438,34.73397],[127.69581,34.72741],[127.70291,34.72039],[127.71239,34.72461]]]]},"properties":{"code":"1213068500","name":"월호동","parent":"12130"}},{"type":"Feature","geometry":{"type":"Polygon","coordinates":[[[127.71292,34.75583],[127.70791,34.75568],[127.69573,34.74649],[127.694,34.74243],[127.69925,34.73959],[127.70843,34.7388],[127.70985,34.73991],[127.71252,34.74241],[127.71443,34.74567],[127.71818,34.74879],[127.71632,34.75452],[127.71292,34.75583]]]},"properties":{"code":"1213070000","name":"여서동","parent":"12130"}},{"type":"Feature","geometry":{"type":"Polygon","coordinates":[[[127.70056,34.76233],[127.6939,34.76148],[127.68871,34.75526],[127.69261,34.75085],[127.694,34.74243],[127.69573,34.74649],[127.70791,34.75568],[127.71292,34.75583],[127.70775,34.7619],[127.70056,34.76233]]]},"properties":{"code":"1213071000","name":"문수동","parent":"12130"}},{"type":"Feature","geometry":{"type":"Polygon","coordinates":[[[127.72146,34.78659],[127.71433,34.78624],[127.70333,34.77768],[127.69881,34.77157],[127.70214,34.76886],[127.70056,34.76233],[127.70775,34.7619],[127.71566,34.76864],[127.71484,34.7725],[127.71691,34.77903],[127.72031,34.78155],[127.72146,34.78659]]]},"properties":{"code":"1213073000","name":"미평동","parent":"12130"}},{"type":"Feature","geometry":{"type":"Polygon","coordinates":[[[127.71433,34.78624],[127.70897,34.7873],[127.70529,34.79221],[127.70085,34.79377],[127.69689,34.79163],[127.69687,34.78614],[127.68573,34.77186],[127.68835,34.76644],[127.6939,34.76148],[127.70056,34.76233],[127.70214,34.76886],[127.69881,34.77157],[127.70333,34.77768],[127.71433,34.78624]]]},"properties":{"code":"1213074000","name":"둔덕동","parent":"12130"}},{"type":"Feature","geometry":{"type":"Polygon","coordinates":[[[127.76931,34.80496],[127.76635,34.80356],[127.75941,34.80525],[127.73103,34.80253],[127.72616,34.80051],[127.72215,34.79378],[127.72146,34.78659],[127.72031,34.78155],[127.71691,34.77903],[127.71484,34.7725],[127.71566,34.76864],[127.73291,34.76314],[127.73003,34.75797],[127.73566,34.74905],[127.73959,34.74911],[127.74821,34.74718],[127.75084,34.74993],[127.75436,34.76358],[127.74547,34.7753],[127.74739,34.78066],[127.75136,34.78189],[127.7569,34.78691],[127.75619,34.79185],[127.75928,34.80022],[127.76835,34.80025],[127.76931,34.80496]]]},"properties":{"code":"1213076500","name":"만덕동","parent":"12130"}},{"type":"Feature","geometry":{"type":"Polygon","coordinates":[[[127.68835,34.76644],[127.68573,34.77186],[127.68214,34.77137],[127.68269,34.76917],[127.67302,34.76558],[127.66279,34.76804],[127.6571,34.7682],[127.65595,34.76098],[127.64379,34.76088],[127.64147,34.75784],[127.64548,34.75129],[127.64208,34.74524],[127.63398,34.74376],[127.63571,34.73745],[127.63317,34.7318],[127.63686,34.72439],[127.64035,34.72184],[127.64139,34.72707],[127.65111,34.73721],[127.65281,34.74449],[127.65847,34.7472],[127.65623,34.75102],[127.65765,34.75545],[127.66302,34.75666],[127.66657,34.75685],[127.67028,34.76539],[127.68835,34.76644]]]},"properties":{"code":"1213078000","name":"쌍봉동","parent":"12130"}},{"type":"Feature","geometry":{"type":"Polygon","coordinates":[[[127.6939,34.76148],[127.68835,34.76644],[127.67028,34.76539],[127.66657,34.75685],[127.66302,34.75666],[127.66198,34.75173],[127.66588,34.74809],[127.68181,34.74064],[127.67813,34.73569],[127.68062,34.73377],[127.69013,34.74163],[127.694,34.74243],[127.69261,34.75085],[127.68871,34.75526],[127.6939,34.76148]]]},"properties":{"code":"1213079000","name":"시전동","parent":"12130"}},{"type":"Feature","geometry":{"type":"Polygon","coordinates":[[[127.68214,34.77137],[127.67746,34.77481],[127.67516,34.7812],[127.6647,34.78298],[127.65977,34.78635],[127.65332,34.78407],[127.64772,34.78461],[127.64664,34.7903],[127.63968,34.79183],[127.64257,34.78667],[127.63736,34.77872],[127.63848,34.77638],[127.63119,34.77353],[127.63872,34.77098],[127.6446,34.76387],[127.64379,34.76088],[127.65595,34.76098],[127.6571,34.7682],[127.66279,34.76804],[127.67302,34.76558],[127.68269,34.76917],[127.68214,34.77137]]]},"properties":{"code":"1213080000","name":"여천동","parent":"12130"}},{"type":"Feature","geometry":{"type":"Polygon","coordinates":[[[127.69689,34.79163],[127.6884,34.79527],[127.68128,34.79529],[127.67237,34.79976],[127.66581,34.79807],[127.65865,34.80046],[127.64912,34.80014],[127.6475,34.80545],[127.64094,34.80695],[127.63894,34.81021],[127.63343,34.81086],[127.63056,34.80182],[127.63968,34.79183],[127.64664,34.7903],[127.64772,34.78461],[127.65332,34.78407],[127.65977,34.78635],[127.6647,34.78298],[127.67516,34.7812],[127.67746,34.77481],[127.68214,34.77137],[127.68573,34.77186],[127.69687,34.78614],[127.69689,34.79163]]]},"properties":{"code":"1213081000","name":"주삼동","parent":"12130"}},{"type":"Feature","geometry":{"type":"Polygon","coordinates":[[[127.76931,34.80496],[127.76619,34.80937],[127.7684,34.81215],[127.76725,34.81823],[127.76778,34.83133],[127.77489,34.83747],[127.77563,34.8459],[127.7728,34.85309],[127.77627,34.85469],[127.77415,34.8608],[127.76851,34.86161],[127.76197,34.86483],[127.75394,34.86238],[127.73938,34.86212],[127.74251,34.8573],[127.74278,34.85106],[127.73317,34.858],[127.72565,34.86188],[127.7204,34.85888],[127.69865,34.85938],[127.69505,34.86489],[127.67969,34.84462],[127.67011,34.83703],[127.6616,34.8445],[127.64294,34.83046],[127.63875,34.83112],[127.63899,34.8199],[127.63768,34.81393],[127.63343,34.81086],[127.63894,34.81021],[127.64094,34.80695],[127.6475,34.80545],[127.64912,34.80014],[127.65865,34.80046],[127.66581,34.79807],[127.67237,34.79976],[127.68128,34.79529],[127.6884,34.79527],[127.69689,34.79163],[127.70085,34.79377],[127.70529,34.79221],[127.70897,34.7873],[127.71433,34.78624],[127.72146,34.78659],[127.72215,34.79378],[127.72616,34.80051],[127.73103,34.80253],[127.75941,34.80525],[127.76635,34.80356],[127.76931,34.80496]]]},"properties":{"code":"1213082000","name":"삼일동","parent":"12130"}},{"type":"Feature","geometry":{"type":"Polygon","coordinates":[[[127.72503,34.89523],[127.71562,34.89942],[127.70731,34.89685],[127.69165,34.88493],[127.69281,34.88084],[127.7004,34.87665],[127.69769,34.87365],[127.7039,34.87003],[127.70929,34.8719],[127.7153,34.87051],[127.71788,34.86763],[127.72795,34.87377],[127.7464,34.8727],[127.75123,34.87775],[127.74563,34.89097],[127.73597,34.89355],[127.72791,34.89312],[127.72503,34.89523]]]},"properties":{"code":"1213083000","name":"묘도동","parent":"12130"}},{"type":"Feature","geometry":{"type":"Polygon","coordinates":[[[127.41012,35.04867],[127.40786,35.05493],[127.39348,35.05198],[127.38916,35.0541],[127.38423,35.06012],[127.3765,35.06581],[127.37209,35.07144],[127.36331,35.0678],[127.35962,35.06901],[127.34799,35.06571],[127.34238,35.06637],[127.33575,35.07807],[127.3293,35.07224],[127.32139,35.06939],[127.32257,35.06137],[127.31971,35.05684],[127.31692,35.04509],[127.31363,35.04081],[127.31692,35.03718],[127.31563,35.02756],[127.30876,35.01175],[127.30965,35.00704],[127.31345,35.00041],[127.31132,34.99791],[127.31183,34.98623],[127.31376,34.98448],[127.32277,34.98281],[127.3273,34.97974],[127.32835,34.97225],[127.33404,34.97073],[127.3395,34.96683],[127.34615,34.96588],[127.34718,34.96206],[127.35221,34.96016],[127.35846,34.96151],[127.36735,34.96018],[127.37448,34.96424],[127.3764,34.96851],[127.38205,34.96799],[127.38515,34.97406],[127.39043,34.97749],[127.39576,34.98825],[127.40218,34.99052],[127.4116,34.99169],[127.40954,34.99784],[127.41122,35.00246],[127.41557,35.00547],[127.42755,35.0028],[127.43281,35.00431],[127.43011,35.01297],[127.43287,35.01732],[127.42297,35.02077],[127.41685,35.02594],[127.41473,35.02985],[127.407,35.03052],[127.40414,35.03354],[127.41012,35.04867]]]},"properties":{"code":"1215025000","name":"승주읍","parent":"12150"}},{"type":"Feature","geometry":{"type":"Polygon","coordinates":[[[127.24622,35.11001],[127.24569,35.10182],[127.24171,35.10163],[127.23865,35.11228],[127.23277,35.11531],[127.22255,35.11705],[127.21774,35.12383],[127.21865,35.12888],[127.21434,35.13275],[127.20587,35.13022],[127.19768,35.13244],[127.19301,35.13014],[127.18767,35.12374],[127.18735,35.11667],[127.19052,35.11241],[127.18711,35.10605],[127.18676,35.10167],[127.18223,35.09553],[127.18517,35.0919],[127.18464,35.08436],[127.18528,35.06979],[127.19179,35.06443],[127.18837,35.05838],[127.18497,35.05606],[127.1836,35.0481],[127.1835,35.03465],[127.18999,35.03713],[127.20241,35.03853],[127.20875,35.0412],[127.21905,35.03844],[127.22429,35.03403],[127.23351,35.03676],[127.23552,35.0411],[127.24063,35.04349],[127.25682,35.04272],[127.26643,35.0395],[127.26752,35.03441],[127.27271,35.02532],[127.28116,35.0239],[127.28827,35.0264],[127.29294,35.02371],[127.29256,35.00987],[127.29961,35.00648],[127.30965,35.00704],[127.30876,35.01175],[127.31563,35.02756],[127.31692,35.03718],[127.31363,35.04081],[127.31692,35.04509],[127.31971,35.05684],[127.32257,35.06137],[127.32139,35.06939],[127.31275,35.07579],[127.30253,35.07682],[127.29789,35.08209],[127.29177,35.08597],[127.28219,35.08499],[127.27908,35.09158],[127.27207,35.08627],[127.26337,35.08212],[127.25963,35.08332],[127.26244,35.09109],[127.25981,35.09843],[127.24987,35.10554],[127.24622,35.11001]]]},"properties":{"code":"1215035000","name":"주암면","parent":"12150"}},{"type":"Feature","geometry":{"type":"Polygon","coordinates":[[[127.30965,35.00704],[127.29961,35.00648],[127.29256,35.00987],[127.29294,35.02371],[127.28827,35.0264],[127.28116,35.0239],[127.27271,35.02532],[127.26752,35.03441],[127.26643,35.0395],[127.25682,35.04272],[127.24063,35.04349],[127.23552,35.0411],[127.23351,35.03676],[127.22429,35.03403],[127.21905,35.03844],[127.20875,35.0412],[127.20241,35.03853],[127.18999,35.03713],[127.1835,35.03465],[127.18689,35.02824],[127.18569,35.02023],[127.1877,35.01251],[127.17859,35.00703],[127.17575,34.9973],[127.17763,34.99338],[127.17494,34.98833],[127.17913,34.98538],[127.17493,34.9779],[127.18302,34.97002],[127.19002,34.97098],[127.18838,34.98131],[127.19489,34.98774],[127.20131,34.9882],[127.20483,34.97652],[127.20892,34.97279],[127.20372,34.967],[127.21201,34.95816],[127.22077,34.95539],[127.22376,34.94784],[127.22378,34.94012],[127.23225,34.93634],[127.23682,34.92874],[127.23844,34.92316],[127.2448,34.92481],[127.25206,34.92899],[127.25897,34.92923],[127.26715,34.9317],[127.26888,34.94741],[127.27635,34.94785],[127.28322,34.94518],[127.2904,34.94889],[127.29332,34.95302],[127.30066,34.94716],[127.30579,34.94556],[127.31619,34.95096],[127.31764,34.95943],[127.31471,34.96561],[127.31079,34.96771],[127.31376,34.98448],[127.31183,34.98623],[127.31132,34.99791],[127.31345,35.00041],[127.30965,35.00704]]]},"properties":{"code":"1215036000","name":"송광면","parent":"12150"}},{"type":"Feature","geometry":{"type":"Polygon","coordinates":[[[127.30579,34.94556],[127.30066,34.94716],[127.29332,34.95302],[127.2904,34.94889],[127.28322,34.94518],[127.27635,34.94785],[127.26888,34.94741],[127.26715,34.9317],[127.25897,34.92923],[127.25206,34.92899],[127.2448,34.92481],[127.23844,34.92316],[127.2323,34.91801],[127.22595,34.89872],[127.22733,34.89566],[127.23609,34.8939],[127.24314,34.88686],[127.25232,34.8845],[127.25796,34.88605],[127.25932,34.89003],[127.2735,34.89032],[127.27981,34.89348],[127.28362,34.89796],[127.29119,34.90131],[127.30362,34.90096],[127.30992,34.90645],[127.31074,34.91303],[127.30863,34.92071],[127.31148,34.92336],[127.30837,34.92805],[127.30974,34.93159],[127.30579,34.94556]]]},"properties":{"code":"1215037000","name":"외서면","parent":"12150"}},{"type":"Feature","geometry":{"type":"Polygon","coordinates":[[[127.36735,34.96018],[127.35846,34.96151],[127.35221,34.96016],[127.34718,34.96206],[127.34615,34.96588],[127.3395,34.96683],[127.33404,34.97073],[127.32835,34.97225],[127.3273,34.97974],[127.32277,34.98281],[127.31376,34.98448],[127.31079,34.96771],[127.31471,34.96561],[127.31764,34.95943],[127.31619,34.95096],[127.30579,34.94556],[127.30974,34.93159],[127.30837,34.92805],[127.31148,34.92336],[127.30863,34.92071],[127.31074,34.91303],[127.30992,34.90645],[127.30362,34.90096],[127.31563,34.89124],[127.32327,34.88748],[127.32571,34.88346],[127.33073,34.88827],[127.33552,34.88971],[127.33625,34.88219],[127.34017,34.87773],[127.33968,34.87035],[127.34392,34.86736],[127.35691,34.86411],[127.36305,34.86822],[127.36643,34.86784],[127.37095,34.87173],[127.3714,34.87823],[127.37499,34.88096],[127.37703,34.88946],[127.37481,34.89489],[127.36982,34.89836],[127.36758,34.90268],[127.37042,34.90609],[127.38468,34.90638],[127.39102,34.90403],[127.39752,34.90701],[127.39624,34.9172],[127.40085,34.92695],[127.38655,34.93679],[127.37394,34.93469],[127.36273,34.94063],[127.36209,34.94617],[127.36416,34.95129],[127.36819,34.95399],[127.36735,34.96018]]]},"properties":{"code":"1215038000","name":"낙안면","parent":"12150"}},{"type":"Feature","geometry":{"type":"Polygon","coordinates":[[[127.39102,34.90403],[127.38468,34.90638],[127.37042,34.90609],[127.36758,34.90268],[127.36982,34.89836],[127.37481,34.89489],[127.37703,34.88946],[127.37499,34.88096],[127.3714,34.87823],[127.37095,34.87173],[127.36643,34.86784],[127.3671,34.86255],[127.37869,34.85352],[127.37722,34.85034],[127.38006,34.84297],[127.39212,34.84011],[127.39738,34.84248],[127.40549,34.84201],[127.4135,34.83687],[127.41694,34.83249],[127.42298,34.83186],[127.42609,34.83526],[127.43245,34.8357],[127.4349,34.83994],[127.4399,34.83639],[127.44916,34.83734],[127.45194,34.84033],[127.46092,34.84058],[127.46619,34.84462],[127.47245,34.84487],[127.48057,34.84169],[127.48585,34.84169],[127.49244,34.84684],[127.49275,34.85192],[127.4899,34.85729],[127.49423,34.85834],[127.4944,34.86713],[127.49014,34.86733],[127.4909,34.87674],[127.48738,34.87698],[127.48168,34.88436],[127.47515,34.88877],[127.47509,34.8931],[127.47072,34.89881],[127.46377,34.9054],[127.45749,34.90248],[127.44636,34.90505],[127.4409,34.89779],[127.43352,34.8985],[127.42788,34.90129],[127.42265,34.89749],[127.40782,34.89555],[127.40573,34.89332],[127.39889,34.89388],[127.39218,34.90019],[127.39102,34.90403]]]},"properties":{"code":"1215039000","name":"별량면","parent":"12150"}},{"type":"Feature","geometry":{"type":"Polygon","coordinates":[[[127.46593,34.9405],[127.46057,34.94137],[127.45695,34.9456],[127.4525,34.95512],[127.44116,34.95757],[127.43405,34.96053],[127.41377,34.97409],[127.41074,34.97809],[127.40859,34.9879],[127.4116,34.99169],[127.40218,34.99052],[127.39576,34.98825],[127.39043,34.97749],[127.38515,34.97406],[127.38205,34.96799],[127.3764,34.96851],[127.37448,34.96424],[127.36735,34.96018],[127.36819,34.95399],[127.36416,34.95129],[127.36209,34.94617],[127.36273,34.94063],[127.37394,34.93469],[127.38655,34.93679],[127.40085,34.92695],[127.39624,34.9172],[127.39752,34.90701],[127.39102,34.90403],[127.39218,34.90019],[127.39889,34.89388],[127.40573,34.89332],[127.40782,34.89555],[127.42265,34.89749],[127.42788,34.90129],[127.43352,34.8985],[127.4409,34.89779],[127.44636,34.90505],[127.45749,34.90248],[127.46377,34.9054],[127.47072,34.89881],[127.4734,34.90127],[127.47339,34.90811],[127.47106,34.91153],[127.4722,34.91784],[127.46668,34.92811],[127.47178,34.93018],[127.47401,34.93659],[127.46593,34.9405]]]},"properties":{"code":"1215040000","name":"상사면","parent":"12150"}},{"type":"Feature","geometry":{"type":"Polygon","coordinates":[[[127.59295,34.89524],[127.59047,34.90644],[127.58679,34.91489],[127.5883,34.91823],[127.57783,34.91808],[127.57711,34.92002],[127.57812,34.94094],[127.566,34.94091],[127.55936,34.95147],[127.54809,34.95869],[127.54993,34.9645],[127.54139,34.96319],[127.54096,34.95735],[127.53326,34.95145],[127.52609,34.95041],[127.52709,34.94578],[127.53456,34.94139],[127.52444,34.93025],[127.51608,34.9279],[127.5144,34.92544],[127.51923,34.91819],[127.51877,34.91341],[127.5154,34.90838],[127.51539,34.9044],[127.52121,34.90137],[127.52275,34.89662],[127.52976,34.89693],[127.52881,34.89109],[127.52019,34.89025],[127.51452,34.88387],[127.5148,34.88114],[127.51809,34.88066],[127.51478,34.86967],[127.52329,34.85534],[127.52268,34.84996],[127.52601,34.84475],[127.53288,34.8413],[127.5422,34.84329],[127.54352,34.8503],[127.5509,34.85575],[127.55077,34.86282],[127.54208,34.86745],[127.53576,34.87815],[127.541,34.88495],[127.55025,34.88954],[127.55569,34.88684],[127.56132,34.88797],[127.56779,34.88502],[127.58971,34.88637],[127.59389,34.88904],[127.58986,34.89334],[127.59295,34.89524]]]},"properties":{"code":"1215031000","name":"해룡면","parent":"12150"}},{"type":"Feature","geometry":{"type":"Polygon","coordinates":[[[127.52994,35.08809],[127.51389,35.08949],[127.50256,35.08489],[127.49668,35.07925],[127.49599,35.07608],[127.48703,35.06956],[127.4842,35.06522],[127.48423,35.06024],[127.48025,35.05453],[127.47087,35.05145],[127.46893,35.05445],[127.46353,35.05429],[127.45215,35.06205],[127.43782,35.06119],[127.43479,35.05541],[127.42974,35.05359],[127.41354,35.05554],[127.41012,35.04867],[127.40414,35.03354],[127.407,35.03052],[127.41473,35.02985],[127.41685,35.02594],[127.42297,35.02077],[127.43287,35.01732],[127.43011,35.01297],[127.43281,35.00431],[127.44144,35.00104],[127.44775,35.00479],[127.46789,34.99853],[127.47668,34.99121],[127.49532,34.99214],[127.49405,34.98796],[127.48806,34.98392],[127.5033,34.98187],[127.50736,34.97727],[127.50715,34.96822],[127.51253,34.96832],[127.51565,34.97394],[127.5211,34.97808],[127.53191,34.97989],[127.53618,34.98383],[127.54894,34.98193],[127.55253,34.98378],[127.5494,34.9868],[127.55813,34.99789],[127.56522,35.00117],[127.56718,35.0042],[127.56049,35.00999],[127.55786,35.01956],[127.56066,35.0249],[127.55675,35.0296],[127.5576,35.03596],[127.55344,35.0375],[127.54448,35.04512],[127.5364,35.04966],[127.53549,35.05414],[127.5281,35.06021],[127.5256,35.07287],[127.52721,35.07857],[127.53188,35.08368],[127.52994,35.08809]]]},"properties":{"code":"1215032000","name":"서면","parent":"12150"}},{"type":"Feature","geometry":{"type":"Polygon","coordinates":[[[127.46108,35.1623],[127.44689,35.16863],[127.43379,35.17968],[127.42267,35.18614],[127.40642,35.18909],[127.4046,35.18605],[127.40763,35.18256],[127.40694,35.17538],[127.41125,35.16882],[127.40996,35.16076],[127.41152,35.15839],[127.41144,35.1463],[127.40019,35.13875],[127.40153,35.13528],[127.408,35.12876],[127.40899,35.12372],[127.40672,35.1193],[127.40916,35.11379],[127.41557,35.109],[127.42698,35.10571],[127.42595,35.09821],[127.42047,35.09611],[127.41568,35.08959],[127.41643,35.0834],[127.42783,35.07966],[127.43203,35.07539],[127.43101,35.06619],[127.43782,35.06119],[127.45215,35.06205],[127.46353,35.05429],[127.46893,35.05445],[127.47087,35.05145],[127.48025,35.05453],[127.48423,35.06024],[127.4842,35.06522],[127.48703,35.06956],[127.49599,35.07608],[127.49668,35.07925],[127.50256,35.08489],[127.51389,35.08949],[127.52994,35.08809],[127.53375,35.1066],[127.53156,35.11242],[127.52663,35.11422],[127.51857,35.12557],[127.51088,35.12385],[127.50362,35.12424],[127.49677,35.12782],[127.4986,35.1322],[127.48179,35.15241],[127.47168,35.15569],[127.46625,35.16156],[127.46108,35.1623]]]},"properties":{"code":"1215033000","name":"황전면","parent":"12150"}},{"type":"Feature","geometry":{"type":"Polygon","coordinates":[[[127.43782,35.06119],[127.43101,35.06619],[127.43203,35.07539],[127.42783,35.07966],[127.41643,35.0834],[127.41568,35.08959],[127.42047,35.09611],[127.42595,35.09821],[127.42698,35.10571],[127.41557,35.109],[127.40916,35.11379],[127.40672,35.1193],[127.40899,35.12372],[127.408,35.12876],[127.40153,35.13528],[127.39352,35.12741],[127.3861,35.12584],[127.38653,35.12151],[127.38246,35.11643],[127.3828,35.11273],[127.37574,35.10085],[127.36911,35.09829],[127.35942,35.0968],[127.34469,35.09847],[127.33748,35.09336],[127.33525,35.08795],[127.33795,35.08114],[127.33575,35.07807],[127.34238,35.06637],[127.34799,35.06571],[127.35962,35.06901],[127.36331,35.0678],[127.37209,35.07144],[127.3765,35.06581],[127.38423,35.06012],[127.38916,35.0541],[127.39348,35.05198],[127.40786,35.05493],[127.41012,35.04867],[127.41354,35.05554],[127.42974,35.05359],[127.43479,35.05541],[127.43782,35.06119]]]},"properties":{"code":"1215034000","name":"월등면","parent":"12150"}},{"type":"Feature","geometry":{"type":"Polygon","coordinates":[[[127.42755,35.0028],[127.41557,35.00547],[127.41122,35.00246],[127.40954,34.99784],[127.4116,34.99169],[127.40859,34.9879],[127.41074,34.97809],[127.41377,34.97409],[127.43405,34.96053],[127.44116,34.95757],[127.4525,34.95512],[127.45695,34.9456],[127.46057,34.94137],[127.46593,34.9405],[127.46876,34.94359],[127.46608,34.94686],[127.47034,34.95109],[127.47767,34.95017],[127.48388,34.95306],[127.48418,34.95725],[127.48023,34.95713],[127.47219,34.96083],[127.47013,34.96642],[127.46297,34.96751],[127.45611,34.9741],[127.44937,34.97715],[127.44594,34.9818],[127.43957,34.98491],[127.43639,34.99451],[127.42809,34.99939],[127.42755,35.0028]]]},"properties":{"code":"1215051500","name":"향동","parent":"12150"}},{"type":"Feature","geometry":{"type":"Polygon","coordinates":[[[127.49032,34.96418],[127.48,34.96768],[127.47013,34.96642],[127.47219,34.96083],[127.48023,34.95713],[127.48418,34.95725],[127.48854,34.96117],[127.49032,34.96418]]]},"properties":{"code":"1215054000","name":"매곡동","parent":"12150"}},{"type":"Feature","geometry":{"type":"Polygon","coordinates":[[[127.50715,34.96822],[127.50736,34.97727],[127.5033,34.98187],[127.48806,34.98392],[127.49405,34.98796],[127.49532,34.99214],[127.47668,34.99121],[127.46789,34.99853],[127.44775,35.00479],[127.44144,35.00104],[127.43281,35.00431],[127.42755,35.0028],[127.42809,34.99939],[127.43639,34.99451],[127.43957,34.98491],[127.44594,34.9818],[127.44937,34.97715],[127.45611,34.9741],[127.46297,34.96751],[127.47013,34.96642],[127.48,34.96768],[127.49032,34.96418],[127.49532,34.96208],[127.50321,34.96182],[127.50715,34.96822]]]},"properties":{"code":"1215055000","name":"삼산동","parent":"12150"}},{"type":"Feature","geometry":{"type":"Polygon","coordinates":[[[127.50321,34.96182],[127.49532,34.96208],[127.49032,34.96418],[127.48854,34.96117],[127.49191,34.95213],[127.49465,34.94905],[127.50246,34.94384],[127.5034,34.95897],[127.50321,34.96182]]]},"properties":{"code":"1215056000","name":"조곡동","parent":"12150"}},{"type":"Feature","geometry":{"type":"Polygon","coordinates":[[[127.52103,34.95426],[127.5165,34.95243],[127.51514,34.94826],[127.5106,34.94873],[127.51181,34.95674],[127.50876,34.96044],[127.5034,34.95897],[127.50246,34.94384],[127.50836,34.94163],[127.5144,34.92544],[127.51608,34.9279],[127.52444,34.93025],[127.53456,34.94139],[127.52709,34.94578],[127.52609,34.95041],[127.52103,34.95426]]]},"properties":{"code":"1215057000","name":"덕연동","parent":"12150"}},{"type":"Feature","geometry":{"type":"Polygon","coordinates":[[[127.50246,34.94384],[127.49465,34.94905],[127.49302,34.94642],[127.49286,34.93763],[127.49764,34.93637],[127.50395,34.92685],[127.51923,34.91819],[127.5144,34.92544],[127.50836,34.94163],[127.50246,34.94384]]]},"properties":{"code":"1215058000","name":"풍덕동","parent":"12150"}},{"type":"Feature","geometry":{"type":"Polygon","coordinates":[[[127.48824,34.94673],[127.47568,34.94661],[127.46876,34.94359],[127.46593,34.9405],[127.47401,34.93659],[127.47722,34.9347],[127.48323,34.93649],[127.48731,34.93511],[127.49286,34.93763],[127.49302,34.94642],[127.48824,34.94673]]]},"properties":{"code":"1215059000","name":"남제동","parent":"12150"}},{"type":"Feature","geometry":{"type":"Polygon","coordinates":[[[127.48388,34.95306],[127.47767,34.95017],[127.47034,34.95109],[127.46608,34.94686],[127.46876,34.94359],[127.47568,34.94661],[127.48824,34.94673],[127.48388,34.95306]]]},"properties":{"code":"1215060000","name":"저전동","parent":"12150"}},{"type":"Feature","geometry":{"type":"Polygon","coordinates":[[[127.49191,34.95213],[127.48388,34.95306],[127.48824,34.94673],[127.49302,34.94642],[127.49465,34.94905],[127.49191,34.95213]]]},"properties":{"code":"1215061000","name":"장천동","parent":"12150"}},{"type":"Feature","geometry":{"type":"Polygon","coordinates":[[[127.48854,34.96117],[127.48418,34.95725],[127.48388,34.95306],[127.49191,34.95213],[127.48854,34.96117]]]},"properties":{"code":"1215062000","name":"중앙동","parent":"12150"}},{"type":"Feature","geometry":{"type":"Polygon","coordinates":[[[127.51923,34.91819],[127.50395,34.92685],[127.49764,34.93637],[127.49286,34.93763],[127.48731,34.93511],[127.48323,34.93649],[127.47722,34.9347],[127.47401,34.93659],[127.47178,34.93018],[127.46668,34.92811],[127.4722,34.91784],[127.47106,34.91153],[127.47339,34.90811],[127.4734,34.90127],[127.47072,34.89881],[127.47509,34.8931],[127.47515,34.88877],[127.48168,34.88436],[127.48738,34.87698],[127.4909,34.87674],[127.50471,34.87447],[127.51443,34.87814],[127.5148,34.88114],[127.51452,34.88387],[127.52019,34.89025],[127.52881,34.89109],[127.52976,34.89693],[127.52275,34.89662],[127.52121,34.90137],[127.51539,34.9044],[127.5154,34.90838],[127.51877,34.91341],[127.51923,34.91819]]]},"properties":{"code":"1215063500","name":"도사동","parent":"12150"}},{"type":"Feature","geometry":{"type":"Polygon","coordinates":[[[127.55253,34.98378],[127.54894,34.98193],[127.53618,34.98383],[127.53191,34.97989],[127.5211,34.97808],[127.51565,34.97394],[127.51253,34.96832],[127.50715,34.96822],[127.50321,34.96182],[127.5034,34.95897],[127.50876,34.96044],[127.51181,34.95674],[127.5106,34.94873],[127.51514,34.94826],[127.5165,34.95243],[127.52103,34.95426],[127.53122,34.95809],[127.54139,34.96319],[127.54993,34.9645],[127.54606,34.97133],[127.55597,34.97559],[127.55641,34.98118],[127.55253,34.98378]]]},"properties":{"code":"1215066100","name":"왕조1동","parent":"12150"}},{"type":"Feature","geometry":{"type":"Polygon","coordinates":[[[127.52609,34.95041],[127.53326,34.95145],[127.54096,34.95735],[127.54139,34.96319],[127.53122,34.95809],[127.52103,34.95426],[127.52609,34.95041]]]},"properties":{"code":"1215066500","name":"왕조2동","parent":"12150"}},{"type":"Feature","geometry":{"type":"Polygon","coordinates":[[[126.89206,35.07816],[126.88506,35.08153],[126.87175,35.07432],[126.86539,35.07524],[126.86063,35.07873],[126.85569,35.07814],[126.85322,35.0737],[126.84789,35.0707],[126.84289,35.06528],[126.82218,35.05992],[126.81909,35.05299],[126.8267,35.0531],[126.82779,35.04966],[126.83484,35.04734],[126.83155,35.04273],[126.82715,35.04139],[126.82411,35.03626],[126.82994,35.02926],[126.83139,35.02485],[126.83655,35.02352],[126.83317,35.01916],[126.83452,35.01256],[126.83225,35.0066],[126.84228,35.00915],[126.8454,35.00742],[126.84631,34.99955],[126.84207,34.9946],[126.84478,34.98713],[126.85412,34.98728],[126.85775,34.98123],[126.86176,34.97924],[126.86997,34.98048],[126.87026,34.97599],[126.86327,34.96891],[126.86531,34.96214],[126.87065,34.95507],[126.8786,34.95216],[126.8817,34.96017],[126.87851,34.96222],[126.87707,34.96772],[126.88416,34.97312],[126.8875,34.98097],[126.89123,34.98212],[126.89472,34.98941],[126.88508,35.00172],[126.87811,35.00648],[126.86864,35.00962],[126.8738,35.01848],[126.88264,35.02247],[126.88289,35.03199],[126.88955,35.03669],[126.89229,35.04453],[126.89021,35.04725],[126.89676,35.05201],[126.89955,35.05689],[126.89489,35.06134],[126.89572,35.07221],[126.89206,35.07816]]]},"properties":{"code":"1217025000","name":"남평읍","parent":"12170"}},{"type":"Feature","geometry":{"type":"Polygon","coordinates":[[[126.7354,34.96837],[126.72931,34.97274],[126.72725,34.97032],[126.72142,34.9729],[126.7159,34.97248],[126.71548,34.96041],[126.71756,34.95274],[126.71186,34.94726],[126.71011,34.94128],[126.71131,34.93518],[126.70265,34.93442],[126.70378,34.92961],[126.70773,34.92398],[126.71594,34.91762],[126.71172,34.9086],[126.7162,34.90507],[126.72082,34.89218],[126.72576,34.8895],[126.73342,34.89044],[126.74484,34.89801],[126.7504,34.89625],[126.76587,34.8994],[126.7688,34.90325],[126.76157,34.91553],[126.7545,34.9184],[126.75779,34.92502],[126.75215,34.93244],[126.75229,34.93996],[126.73878,34.95132],[126.73706,34.95646],[126.73945,34.9589],[126.7354,34.96837]]]},"properties":{"code":"1217031000","name":"세지면","parent":"12170"}},{"type":"Feature","geometry":{"type":"Polygon","coordinates":[[[126.7159,34.97248],[126.70744,34.98718],[126.7005,34.98411],[126.69995,34.98062],[126.69303,34.97457],[126.68736,34.97451],[126.68193,34.96997],[126.67054,34.97295],[126.66343,34.97658],[126.65535,34.97374],[126.64648,34.97433],[126.64305,34.97628],[126.63776,34.98376],[126.63212,34.97311],[126.64309,34.97178],[126.64624,34.96901],[126.64312,34.96417],[126.63572,34.9639],[126.62242,34.97005],[126.61386,34.97143],[126.61276,34.96705],[126.60767,34.96417],[126.6099,34.9584],[126.61915,34.95348],[126.62601,34.95141],[126.63044,34.94522],[126.64088,34.94496],[126.64388,34.94209],[126.65153,34.9507],[126.65639,34.95162],[126.65954,34.94838],[126.6685,34.94508],[126.67644,34.9463],[126.69896,34.94047],[126.70265,34.93442],[126.71131,34.93518],[126.71011,34.94128],[126.71186,34.94726],[126.71756,34.95274],[126.71548,34.96041],[126.7159,34.97248]]]},"properties":{"code":"1217032000","name":"왕곡면","parent":"12170"}},{"type":"Feature","geometry":{"type":"Polygon","coordinates":[[[126.6685,34.94508],[126.65954,34.94838],[126.65639,34.95162],[126.65153,34.9507],[126.64388,34.94209],[126.64042,34.93753],[126.64693,34.92774],[126.64344,34.92139],[126.62864,34.92037],[126.63163,34.91446],[126.63204,34.90897],[126.6348,34.907],[126.6346,34.89768],[126.62822,34.899],[126.63102,34.88854],[126.64012,34.88864],[126.644,34.89134],[126.65001,34.88871],[126.65136,34.89346],[126.66393,34.89231],[126.66408,34.88833],[126.66913,34.88671],[126.68214,34.89448],[126.67893,34.8974],[126.67608,34.90596],[126.67599,34.91698],[126.66926,34.92679],[126.66178,34.92949],[126.6625,34.9351],[126.66822,34.9418],[126.6685,34.94508]]]},"properties":{"code":"1217033000","name":"반남면","parent":"12170"}},{"type":"Feature","geometry":{"type":"Polygon","coordinates":[[[126.61386,34.97143],[126.6112,34.97354],[126.6097,34.97975],[126.60577,34.98241],[126.59973,34.98321],[126.59504,34.99016],[126.59126,34.99125],[126.58661,34.98827],[126.58083,34.97684],[126.57399,34.97284],[126.56986,34.97635],[126.56155,34.96536],[126.56142,34.95676],[126.56934,34.95493],[126.5745,34.94904],[126.57977,34.93723],[126.58371,34.9255],[126.58274,34.92035],[126.58288,34.91678],[126.59377,34.91489],[126.5969,34.91644],[126.59274,34.92327],[126.59432,34.92548],[126.60208,34.92316],[126.60752,34.92587],[126.61884,34.9259],[126.62864,34.92037],[126.64344,34.92139],[126.64693,34.92774],[126.64042,34.93753],[126.64388,34.94209],[126.64088,34.94496],[126.63044,34.94522],[126.62601,34.95141],[126.61915,34.95348],[126.6099,34.9584],[126.60767,34.96417],[126.61276,34.96705],[126.61386,34.97143]]]},"properties":{"code":"1217034000","name":"공산면","parent":"12170"}},{"type":"Feature","geometry":{"type":"Polygon","coordinates":[[[126.56986,34.97635],[126.56629,34.98557],[126.55987,34.98838],[126.55424,34.98771],[126.54602,34.98291],[126.54075,34.97523],[126.53639,34.96496],[126.52871,34.95309],[126.52861,34.94509],[126.53349,34.93541],[126.54235,34.92268],[126.5402,34.91817],[126.53644,34.91766],[126.52884,34.92649],[126.52069,34.92908],[126.51581,34.92622],[126.51362,34.92213],[126.51541,34.91427],[126.52666,34.9031],[126.53385,34.89473],[126.54783,34.88063],[126.55239,34.87088],[126.5532,34.86324],[126.56321,34.86897],[126.56971,34.875],[126.5727,34.88389],[126.57199,34.89136],[126.57961,34.89489],[126.58055,34.90466],[126.57459,34.90656],[126.57421,34.9146],[126.58274,34.92035],[126.58371,34.9255],[126.57977,34.93723],[126.5745,34.94904],[126.56934,34.95493],[126.56142,34.95676],[126.56155,34.96536],[126.56986,34.97635]]]},"properties":{"code":"1217035000","name":"동강면","parent":"12170"}},{"type":"Feature","geometry":{"type":"Polygon","coordinates":[[[126.68335,35.05811],[126.67766,35.05522],[126.66575,35.05374],[126.65858,35.05486],[126.65389,35.06254],[126.64377,35.06747],[126.63818,35.06156],[126.634,35.0505],[126.63724,35.04108],[126.63309,35.03876],[126.63051,35.02597],[126.63383,35.024],[126.63157,35.01779],[126.62374,35.02062],[126.60962,35.02964],[126.59303,35.03225],[126.59404,35.02589],[126.58579,35.01479],[126.58932,35.01272],[126.59868,35.01277],[126.59896,35.00735],[126.59454,35.00259],[126.59621,34.99895],[126.59126,34.99125],[126.59504,34.99016],[126.59973,34.98321],[126.60577,34.98241],[126.6097,34.97975],[126.6112,34.97354],[126.61386,34.97143],[126.62242,34.97005],[126.63572,34.9639],[126.64312,34.96417],[126.64624,34.96901],[126.64309,34.97178],[126.63212,34.97311],[126.63776,34.98376],[126.64446,34.98354],[126.65049,34.98031],[126.65541,34.98048],[126.6611,34.98476],[126.66291,34.98974],[126.67668,35.00337],[126.67561,35.01116],[126.67714,35.01673],[126.68135,35.02046],[126.68208,35.02735],[126.68114,35.03894],[126.68694,35.04754],[126.69725,35.05496],[126.69086,35.05483],[126.68335,35.05811]]]},"properties":{"code":"1217036000","name":"다시면","parent":"12170"}},{"type":"Feature","geometry":{"type":"Polygon","coordinates":[[[126.66771,35.10514],[126.6692,35.1121],[126.66337,35.11482],[126.65522,35.11503],[126.65398,35.10748],[126.64678,35.10352],[126.64722,35.09581],[126.63883,35.09361],[126.63545,35.09452],[126.62924,35.09209],[126.62332,35.08693],[126.61757,35.09075],[126.6085,35.09291],[126.60484,35.09922],[126.5996,35.09984],[126.59382,35.09792],[126.59773,35.09304],[126.59586,35.0885],[126.59282,35.07944],[126.59124,35.06567],[126.58813,35.0584],[126.5897,35.04996],[126.58672,35.04821],[126.59303,35.03225],[126.60962,35.02964],[126.62374,35.02062],[126.63157,35.01779],[126.63383,35.024],[126.63051,35.02597],[126.63309,35.03876],[126.63724,35.04108],[126.634,35.0505],[126.63818,35.06156],[126.64377,35.06747],[126.65389,35.06254],[126.65858,35.05486],[126.66575,35.05374],[126.67766,35.05522],[126.68335,35.05811],[126.6801,35.0621],[126.68277,35.07057],[126.67879,35.07676],[126.67471,35.07983],[126.67046,35.09077],[126.66771,35.10514]]]},"properties":{"code":"1217037000","name":"문평면","parent":"12170"}},{"type":"Feature","geometry":{"type":"Polygon","coordinates":[[[126.74464,35.104],[126.7364,35.10824],[126.72842,35.1073],[126.71976,35.10834],[126.71593,35.11065],[126.70878,35.1094],[126.70545,35.11295],[126.6958,35.10756],[126.68513,35.1121],[126.68511,35.10834],[126.67649,35.10478],[126.66771,35.10514],[126.67046,35.09077],[126.67471,35.07983],[126.67879,35.07676],[126.68277,35.07057],[126.6801,35.0621],[126.68335,35.05811],[126.69086,35.05483],[126.69725,35.05496],[126.70182,35.05376],[126.70589,35.05663],[126.71739,35.06267],[126.73276,35.06593],[126.73969,35.06149],[126.74221,35.05488],[126.7402,35.04688],[126.74569,35.04762],[126.75704,35.05948],[126.75344,35.06633],[126.75725,35.06861],[126.76607,35.06766],[126.77088,35.06997],[126.76472,35.07857],[126.76204,35.09098],[126.7544,35.09171],[126.74918,35.10137],[126.74464,35.104]]]},"properties":{"code":"1217038000","name":"노안면","parent":"12170"}},{"type":"Feature","geometry":{"type":"Polygon","coordinates":[[[126.77828,35.05316],[126.77011,35.05462],[126.76723,35.0568],[126.76897,35.06219],[126.76634,35.06508],[126.75704,35.05948],[126.74569,35.04762],[126.7402,35.04688],[126.734,35.04035],[126.73349,35.03403],[126.73857,35.02981],[126.73777,35.01711],[126.73922,35.01358],[126.74335,35.00835],[126.745,35.00204],[126.76036,34.99929],[126.76202,34.99526],[126.75888,34.9875],[126.76044,34.9825],[126.76866,34.97775],[126.77384,34.98844],[126.7858,34.992],[126.78985,35.00019],[126.79444,34.9984],[126.79048,35.00361],[126.79221,35.00819],[126.78466,35.00633],[126.77789,35.01104],[126.77229,35.00726],[126.76591,35.0078],[126.77299,35.01788],[126.77852,35.032],[126.78575,35.03318],[126.78012,35.0385],[126.78206,35.04311],[126.77828,35.05316]]]},"properties":{"code":"1217039000","name":"금천면","parent":"12170"}},{"type":"Feature","geometry":{"type":"Polygon","coordinates":[[[126.81909,35.05299],[126.80372,35.05239],[126.8011,35.05745],[126.7952,35.06117],[126.77828,35.05316],[126.78206,35.04311],[126.78012,35.0385],[126.78575,35.03318],[126.78788,35.02969],[126.79562,35.03217],[126.80074,35.02559],[126.80478,35.02567],[126.80804,35.01304],[126.80806,35.00613],[126.79718,35.00984],[126.79221,35.00819],[126.79048,35.00361],[126.79444,34.9984],[126.80221,34.99248],[126.80777,34.99815],[126.81291,34.99538],[126.81145,35.00316],[126.8199,35.00758],[126.8261,35.00584],[126.83225,35.0066],[126.83452,35.01256],[126.83317,35.01916],[126.83655,35.02352],[126.83139,35.02485],[126.82994,35.02926],[126.82411,35.03626],[126.82715,35.04139],[126.83155,35.04273],[126.83484,35.04734],[126.82779,35.04966],[126.8267,35.0531],[126.81909,35.05299]]]},"properties":{"code":"1217040000","name":"산포면","parent":"12170"}},{"type":"Feature","geometry":{"type":"Polygon","coordinates":[[[126.8786,34.95216],[126.87065,34.95507],[126.86531,34.96214],[126.86327,34.96891],[126.87026,34.97599],[126.86997,34.98048],[126.86176,34.97924],[126.85775,34.98123],[126.85412,34.98728],[126.84478,34.98713],[126.84207,34.9946],[126.84631,34.99955],[126.8454,35.00742],[126.84228,35.00915],[126.83225,35.0066],[126.8261,35.00584],[126.8199,35.00758],[126.81145,35.00316],[126.81291,34.99538],[126.81283,34.99295],[126.81855,34.98318],[126.81252,34.97862],[126.81543,34.97008],[126.81981,34.96932],[126.82663,34.96507],[126.82329,34.95867],[126.81456,34.95309],[126.81506,34.94645],[126.81371,34.9375],[126.80769,34.93599],[126.80317,34.93174],[126.7975,34.92918],[126.79404,34.92337],[126.79283,34.91717],[126.79485,34.91508],[126.79327,34.90583],[126.79995,34.8984],[126.79839,34.89149],[126.80264,34.88644],[126.81286,34.8825],[126.81165,34.87451],[126.82389,34.87112],[126.83377,34.87763],[126.83642,34.88079],[126.85011,34.8865],[126.86058,34.8871],[126.86966,34.89045],[126.87471,34.89792],[126.87588,34.90329],[126.87198,34.90778],[126.87245,34.91706],[126.86948,34.91866],[126.87293,34.92631],[126.86641,34.93937],[126.872,34.94713],[126.8786,34.95216]]]},"properties":{"code":"1217042000","name":"다도면","parent":"12170"}},{"type":"Feature","geometry":{"type":"Polygon","coordinates":[[[126.79444,34.9984],[126.78985,35.00019],[126.7858,34.992],[126.77384,34.98844],[126.76866,34.97775],[126.76044,34.9825],[126.75375,34.9783],[126.74908,34.97921],[126.7472,34.97315],[126.73742,34.97055],[126.7354,34.96837],[126.73945,34.9589],[126.73706,34.95646],[126.73878,34.95132],[126.75229,34.93996],[126.75215,34.93244],[126.75779,34.92502],[126.7545,34.9184],[126.76157,34.91553],[126.7688,34.90325],[126.76587,34.8994],[126.77294,34.89409],[126.77644,34.88927],[126.78419,34.88488],[126.78572,34.87922],[126.79404,34.87812],[126.80089,34.87329],[126.80262,34.86867],[126.81011,34.86956],[126.81165,34.87451],[126.81286,34.8825],[126.80264,34.88644],[126.79839,34.89149],[126.79995,34.8984],[126.79327,34.90583],[126.79485,34.91508],[126.79283,34.91717],[126.79404,34.92337],[126.7975,34.92918],[126.80317,34.93174],[126.80769,34.93599],[126.81371,34.9375],[126.81506,34.94645],[126.81456,34.95309],[126.82329,34.95867],[126.82663,34.96507],[126.81981,34.96932],[126.81543,34.97008],[126.81252,34.97862],[126.81855,34.98318],[126.81283,34.99295],[126.81291,34.99538],[126.80777,34.99815],[126.80221,34.99248],[126.79444,34.9984]]]},"properties":{"code":"1217043000","name":"봉황면","parent":"12170"}},{"type":"Feature","geometry":{"type":"Polygon","coordinates":[[[126.73777,35.01711],[126.71475,35.02807],[126.70549,35.02581],[126.70637,35.02305],[126.71045,35.02007],[126.70588,35.01666],[126.70753,35.01047],[126.71592,35.00813],[126.72223,35.01131],[126.72663,35.00715],[126.73422,35.00535],[126.73705,35.00715],[126.73922,35.01358],[126.73777,35.01711]]]},"properties":{"code":"1217051000","name":"송월동","parent":"12170"}},{"type":"Feature","geometry":{"type":"Polygon","coordinates":[[[126.71592,35.00813],[126.70753,35.01047],[126.70588,35.01666],[126.71045,35.02007],[126.70637,35.02305],[126.6995,35.02025],[126.69499,35.02112],[126.68135,35.02046],[126.67714,35.01673],[126.67561,35.01116],[126.67668,35.00337],[126.68079,35.0042],[126.68949,34.99822],[126.69467,34.99689],[126.70062,34.99953],[126.70487,34.99921],[126.71046,35.00098],[126.71592,35.00813]]]},"properties":{"code":"1217052000","name":"영강동","parent":"12170"}},{"type":"Feature","geometry":{"type":"Polygon","coordinates":[[[126.734,35.04035],[126.73098,35.04189],[126.72037,35.03951],[126.72609,35.03499],[126.71803,35.03107],[126.71457,35.03788],[126.70754,35.04059],[126.70589,35.05663],[126.70182,35.05376],[126.69725,35.05496],[126.68694,35.04754],[126.68114,35.03894],[126.68208,35.02735],[126.68135,35.02046],[126.69499,35.02112],[126.6995,35.02025],[126.70637,35.02305],[126.70549,35.02581],[126.71475,35.02807],[126.73777,35.01711],[126.73857,35.02981],[126.73349,35.03403],[126.734,35.04035]]]},"properties":{"code":"1217054000","name":"금남동","parent":"12170"}},{"type":"Feature","geometry":{"type":"Polygon","coordinates":[[[126.7402,35.04688],[126.74221,35.05488],[126.73969,35.06149],[126.73276,35.06593],[126.71739,35.06267],[126.70589,35.05663],[126.70754,35.04059],[126.71457,35.03788],[126.71803,35.03107],[126.72609,35.03499],[126.72037,35.03951],[126.73098,35.04189],[126.734,35.04035],[126.7402,35.04688]]]},"properties":{"code":"1217055000","name":"성북동","parent":"12170"}},{"type":"Feature","geometry":{"type":"Polygon","coordinates":[[[126.76044,34.9825],[126.75888,34.9875],[126.76202,34.99526],[126.76036,34.99929],[126.745,35.00204],[126.74335,35.00835],[126.73922,35.01358],[126.73705,35.00715],[126.73422,35.00535],[126.72663,35.00715],[126.72223,35.01131],[126.71592,35.00813],[126.71046,35.00098],[126.70487,34.99921],[126.7174,34.99704],[126.71617,34.98961],[126.7187,34.9857],[126.72375,34.98393],[126.7272,34.97932],[126.72931,34.97274],[126.7354,34.96837],[126.73742,34.97055],[126.7472,34.97315],[126.74908,34.97921],[126.75375,34.9783],[126.76044,34.9825]]]},"properties":{"code":"1217058000","name":"영산동","parent":"12170"}},{"type":"Feature","geometry":{"type":"Polygon","coordinates":[[[126.70487,34.99921],[126.70062,34.99953],[126.69467,34.99689],[126.68949,34.99822],[126.68079,35.0042],[126.67668,35.00337],[126.66291,34.98974],[126.6611,34.98476],[126.65541,34.98048],[126.65049,34.98031],[126.64446,34.98354],[126.63776,34.98376],[126.64305,34.97628],[126.64648,34.97433],[126.65535,34.97374],[126.66343,34.97658],[126.67054,34.97295],[126.68193,34.96997],[126.68736,34.97451],[126.69303,34.97457],[126.69995,34.98062],[126.7005,34.98411],[126.70744,34.98718],[126.7159,34.97248],[126.72142,34.9729],[126.72725,34.97032],[126.72931,34.97274],[126.7272,34.97932],[126.72375,34.98393],[126.7187,34.9857],[126.71617,34.98961],[126.7174,34.99704],[126.70487,34.99921]]]},"properties":{"code":"1217060000","name":"이창동","parent":"12170"}},{"type":"Feature","geometry":{"type":"Polygon","coordinates":[[[126.79221,35.00819],[126.79718,35.00984],[126.80806,35.00613],[126.80804,35.01304],[126.80478,35.02567],[126.80074,35.02559],[126.79562,35.03217],[126.78788,35.02969],[126.78575,35.03318],[126.77852,35.032],[126.77299,35.01788],[126.76591,35.0078],[126.77229,35.00726],[126.77789,35.01104],[126.78466,35.00633],[126.79221,35.00819]]]},"properties":{"code":"1217062000","name":"빛가람동","parent":"12170"}},{"type":"Feature","geometry":{"type":"Polygon","coordinates":[[[127.65491,34.97062],[127.65431,34.97486],[127.64488,34.9822],[127.64441,34.98898],[127.64604,34.99585],[127.64143,34.99953],[127.64066,34.99631],[127.63384,34.98905],[127.62377,34.98771],[127.61617,34.99111],[127.60934,34.99043],[127.60768,34.9872],[127.60092,34.9858],[127.60254,34.9926],[127.5967,34.99454],[127.59378,34.99164],[127.58776,34.99477],[127.57958,34.98981],[127.57255,34.97873],[127.56686,34.97824],[127.56613,34.97317],[127.55597,34.97559],[127.54606,34.97133],[127.54993,34.9645],[127.54809,34.95869],[127.55936,34.95147],[127.566,34.94091],[127.57812,34.94094],[127.57711,34.92002],[127.57783,34.91808],[127.5883,34.91823],[127.58679,34.91489],[127.59047,34.90644],[127.59295,34.89524],[127.60557,34.90342],[127.59072,34.91907],[127.57881,34.91881],[127.58023,34.9221],[127.59835,34.92598],[127.60005,34.93835],[127.60453,34.93828],[127.60452,34.92806],[127.60764,34.92258],[127.61335,34.92045],[127.6226,34.92179],[127.62301,34.92876],[127.62568,34.93426],[127.63786,34.93631],[127.63649,34.94481],[127.64097,34.9499],[127.64553,34.9476],[127.65259,34.95175],[127.64623,34.96152],[127.65318,34.96292],[127.65491,34.97062]]]},"properties":{"code":"1219025000","name":"광양읍","parent":"12190"}},{"type":"Feature","geometry":{"type":"Polygon","coordinates":[[[127.5967,34.99454],[127.59726,34.99742],[127.59343,35.00224],[127.59419,35.01016],[127.60424,35.01342],[127.60297,35.01954],[127.59986,35.02242],[127.59909,35.02819],[127.59415,35.03627],[127.59144,35.03573],[127.58304,35.04127],[127.58365,35.05287],[127.58121,35.05933],[127.58714,35.06495],[127.5875,35.06918],[127.58509,35.0793],[127.58632,35.08087],[127.58558,35.09439],[127.58073,35.10864],[127.57673,35.11365],[127.56385,35.10827],[127.56381,35.10217],[127.55958,35.09549],[127.55198,35.09531],[127.53759,35.10294],[127.53375,35.1066],[127.52994,35.08809],[127.53188,35.08368],[127.52721,35.07857],[127.5256,35.07287],[127.5281,35.06021],[127.53549,35.05414],[127.5364,35.04966],[127.54448,35.04512],[127.55344,35.0375],[127.5576,35.03596],[127.55675,35.0296],[127.56066,35.0249],[127.55786,35.01956],[127.56049,35.00999],[127.56718,35.0042],[127.56522,35.00117],[127.55813,34.99789],[127.5494,34.9868],[127.55253,34.98378],[127.55641,34.98118],[127.55597,34.97559],[127.56613,34.97317],[127.56686,34.97824],[127.57255,34.97873],[127.57958,34.98981],[127.58776,34.99477],[127.59378,34.99164],[127.5967,34.99454]]]},"properties":{"code":"1219031000","name":"봉강면","parent":"12190"}},{"type":"Feature","geometry":{"type":"Polygon","coordinates":[[[127.60281,35.11815],[127.59215,35.12123],[127.58323,35.11845],[127.57673,35.11365],[127.58073,35.10864],[127.58558,35.09439],[127.58632,35.08087],[127.58509,35.0793],[127.5875,35.06918],[127.58714,35.06495],[127.58121,35.05933],[127.58365,35.05287],[127.58304,35.04127],[127.59144,35.03573],[127.59415,35.03627],[127.59909,35.02819],[127.59986,35.02242],[127.60297,35.01954],[127.60424,35.01342],[127.59419,35.01016],[127.59343,35.00224],[127.59726,34.99742],[127.5967,34.99454],[127.60254,34.9926],[127.60092,34.9858],[127.60768,34.9872],[127.60934,34.99043],[127.61617,34.99111],[127.62377,34.98771],[127.63384,34.98905],[127.64066,34.99631],[127.64143,34.99953],[127.64225,35.01341],[127.6379,35.02009],[127.63955,35.02739],[127.64779,35.03644],[127.64595,35.04831],[127.64811,35.05724],[127.65029,35.059],[127.64619,35.06634],[127.64826,35.07305],[127.64571,35.08015],[127.64177,35.08261],[127.63689,35.09162],[127.62342,35.09593],[127.62156,35.09899],[127.62162,35.10623],[127.60889,35.11815],[127.60281,35.11815]]]},"properties":{"code":"1219032000","name":"옥룡면","parent":"12190"}},{"type":"Feature","geometry":{"type":"Polygon","coordinates":[[[127.72392,34.98774],[127.71785,34.98746],[127.70808,34.99335],[127.70704,35.00079],[127.70472,35.00498],[127.69851,35.00908],[127.69821,35.01504],[127.70098,35.02198],[127.6974,35.02995],[127.69177,35.03232],[127.68753,35.02786],[127.68189,35.02845],[127.67587,35.02662],[127.67313,35.0234],[127.66505,35.02577],[127.66147,35.03021],[127.64779,35.03644],[127.63955,35.02739],[127.6379,35.02009],[127.64225,35.01341],[127.64143,34.99953],[127.64604,34.99585],[127.64441,34.98898],[127.64488,34.9822],[127.65431,34.97486],[127.65491,34.97062],[127.66383,34.96951],[127.66941,34.97052],[127.67175,34.96764],[127.67765,34.96745],[127.69068,34.97428],[127.69728,34.97334],[127.7015,34.96894],[127.70827,34.9679],[127.71756,34.96946],[127.72322,34.96464],[127.72878,34.9632],[127.73001,34.96321],[127.72881,34.96861],[127.72948,34.98003],[127.72392,34.98774]]]},"properties":{"code":"1219033000","name":"옥곡면","parent":"12190"}},{"type":"Feature","geometry":{"type":"Polygon","coordinates":[[[127.73448,35.049],[127.72451,35.05166],[127.72239,35.05527],[127.71118,35.05589],[127.70255,35.05994],[127.70251,35.06552],[127.6991,35.06701],[127.68976,35.07779],[127.68664,35.08793],[127.67855,35.09311],[127.67173,35.1054],[127.66131,35.10933],[127.65599,35.11732],[127.63155,35.11252],[127.62638,35.10715],[127.62162,35.10623],[127.62156,35.09899],[127.62342,35.09593],[127.63689,35.09162],[127.64177,35.08261],[127.64571,35.08015],[127.64826,35.07305],[127.64619,35.06634],[127.65029,35.059],[127.64811,35.05724],[127.64595,35.04831],[127.64779,35.03644],[127.66147,35.03021],[127.66505,35.02577],[127.67313,35.0234],[127.67587,35.02662],[127.68189,35.02845],[127.68753,35.02786],[127.69177,35.03232],[127.6974,35.02995],[127.70098,35.02198],[127.69821,35.01504],[127.69851,35.00908],[127.70472,35.00498],[127.70704,35.00079],[127.70808,34.99335],[127.71785,34.98746],[127.72392,34.98774],[127.72846,34.98718],[127.73159,34.99092],[127.72956,34.99502],[127.73227,35.00708],[127.73894,35.01364],[127.74418,35.02491],[127.73522,35.03375],[127.73974,35.04398],[127.73448,35.049]]]},"properties":{"code":"1219034000","name":"진상면","parent":"12190"}},{"type":"Feature","geometry":{"type":"Polygon","coordinates":[[[127.77706,35.02563],[127.77196,35.02948],[127.76947,35.03403],[127.76869,35.05044],[127.7662,35.05521],[127.76054,35.05801],[127.75088,35.05715],[127.75223,35.05169],[127.74785,35.05091],[127.74074,35.05344],[127.73448,35.049],[127.73974,35.04398],[127.73522,35.03375],[127.74418,35.02491],[127.73894,35.01364],[127.73227,35.00708],[127.72956,34.99502],[127.73159,34.99092],[127.72846,34.98718],[127.72392,34.98774],[127.72948,34.98003],[127.72881,34.96861],[127.73001,34.96321],[127.73335,34.95544],[127.73745,34.95523],[127.74575,34.95991],[127.75347,34.96182],[127.7603,34.96654],[127.76457,34.9781],[127.77298,34.98354],[127.77777,34.98811],[127.7783,34.98886],[127.7865,35.00878],[127.78715,35.01725],[127.78275,35.02253],[127.77706,35.02563]]]},"properties":{"code":"1219035000","name":"진월면","parent":"12190"}},{"type":"Feature","geometry":{"type":"Polygon","coordinates":[[[127.6681,35.15235],[127.65939,35.15835],[127.64978,35.15887],[127.6453,35.1613],[127.64064,35.17114],[127.63115,35.17664],[127.62474,35.18449],[127.61703,35.17379],[127.61573,35.16889],[127.6077,35.16101],[127.60378,35.14729],[127.60764,35.14362],[127.60422,35.13322],[127.60281,35.11815],[127.60889,35.11815],[127.62162,35.10623],[127.62638,35.10715],[127.63155,35.11252],[127.65599,35.11732],[127.66131,35.10933],[127.67173,35.1054],[127.67855,35.09311],[127.68664,35.08793],[127.68976,35.07779],[127.6991,35.06701],[127.70251,35.06552],[127.70255,35.05994],[127.71118,35.05589],[127.72239,35.05527],[127.72451,35.05166],[127.73448,35.049],[127.74074,35.05344],[127.74785,35.05091],[127.75223,35.05169],[127.75088,35.05715],[127.74032,35.06196],[127.73747,35.07808],[127.71887,35.08163],[127.70839,35.09349],[127.6946,35.10308],[127.69307,35.11564],[127.69494,35.12233],[127.6951,35.12976],[127.68197,35.13987],[127.67923,35.14432],[127.6681,35.15235]]]},"properties":{"code":"1219036000","name":"다압면","parent":"12190"}},{"type":"Feature","geometry":{"type":"Polygon","coordinates":[[[127.7015,34.96894],[127.69728,34.97334],[127.69068,34.97428],[127.67765,34.96745],[127.67175,34.96764],[127.66941,34.97052],[127.66383,34.96951],[127.65491,34.97062],[127.65318,34.96292],[127.64623,34.96152],[127.65259,34.95175],[127.64553,34.9476],[127.64097,34.9499],[127.63649,34.94481],[127.63786,34.93631],[127.62568,34.93426],[127.62301,34.92876],[127.6226,34.92179],[127.61335,34.92045],[127.61751,34.91605],[127.62256,34.90763],[127.6245,34.9019],[127.63998,34.88636],[127.65075,34.89077],[127.69071,34.91512],[127.69321,34.91702],[127.68777,34.92429],[127.68731,34.93231],[127.68411,34.94159],[127.6841,34.95737],[127.69843,34.964],[127.7015,34.96894]]]},"properties":{"code":"1219051500","name":"골약동","parent":"12190"}},{"type":"Feature","geometry":{"type":"Polygon","coordinates":[[[127.72148,34.94736],[127.71967,34.95574],[127.69843,34.964],[127.6841,34.95737],[127.68411,34.94159],[127.68731,34.93231],[127.68777,34.92429],[127.69217,34.9201],[127.69641,34.92304],[127.69992,34.93041],[127.71,34.93546],[127.72148,34.94736]]]},"properties":{"code":"1219053000","name":"중마동","parent":"12190"}},{"type":"Feature","geometry":{"type":"Polygon","coordinates":[[[127.72878,34.9632],[127.72322,34.96464],[127.71756,34.96946],[127.70827,34.9679],[127.7015,34.96894],[127.69843,34.964],[127.71967,34.95574],[127.72148,34.94736],[127.73131,34.95516],[127.72878,34.9632]]]},"properties":{"code":"1219054000","name":"광영동","parent":"12190"}},{"type":"Feature","geometry":{"type":"Polygon","coordinates":[[[127.76879,34.94106],[127.76788,34.9537],[127.75993,34.9605],[127.74193,34.95235],[127.74031,34.94414],[127.74471,34.93452],[127.74714,34.93379],[127.76876,34.9337],[127.76879,34.94106]]]},"properties":{"code":"1219057000","name":"태인동","parent":"12190"}},{"type":"Feature","geometry":{"type":"Polygon","coordinates":[[[127.78482,34.91549],[127.76528,34.93188],[127.73842,34.932],[127.73562,34.93519],[127.74003,34.9455],[127.73294,34.95018],[127.72442,34.948],[127.72293,34.94495],[127.71483,34.9379],[127.71232,34.9314],[127.70296,34.93108],[127.70428,34.91256],[127.73492,34.90703],[127.75917,34.90607],[127.76063,34.89325],[127.76201,34.89179],[127.77614,34.88642],[127.78439,34.88639],[127.78482,34.91549]]]},"properties":{"code":"1219055000","name":"금호동","parent":"12190"}},{"type":"Feature","geometry":{"type":"Polygon","coordinates":[[[127.00369,35.34945],[126.99098,35.34936],[126.9837,35.34378],[126.97963,35.33901],[126.97292,35.33709],[126.96984,35.33429],[126.96837,35.327],[126.96361,35.32643],[126.95678,35.32859],[126.95321,35.33328],[126.94728,35.33597],[126.94471,35.33184],[126.93851,35.33483],[126.93161,35.33538],[126.93956,35.32446],[126.93986,35.31998],[126.94458,35.31629],[126.94494,35.31289],[126.9571,35.30932],[126.95759,35.30403],[126.96701,35.2984],[126.97694,35.29711],[126.97567,35.2898],[126.98132,35.29062],[126.98454,35.2956],[126.99765,35.29424],[127.00153,35.29885],[127.00059,35.30624],[127.00485,35.31267],[127.01387,35.30926],[127.01642,35.31131],[127.01427,35.31857],[127.022,35.32106],[127.02222,35.32977],[127.01863,35.33544],[127.01136,35.33805],[127.00863,35.3458],[127.00369,35.34945]]]},"properties":{"code":"1271025000","name":"담양읍","parent":"12710"}},{"type":"Feature","geometry":{"type":"Polygon","coordinates":[[[126.97567,35.2898],[126.97694,35.29711],[126.96701,35.2984],[126.95759,35.30403],[126.94963,35.28583],[126.94602,35.27529],[126.93164,35.26721],[126.9271,35.26181],[126.92316,35.2601],[126.91206,35.26054],[126.90947,35.25881],[126.91663,35.25683],[126.92065,35.25355],[126.93088,35.25139],[126.93369,35.24704],[126.9326,35.24149],[126.93758,35.24654],[126.95082,35.24763],[126.95414,35.25286],[126.96196,35.24976],[126.96703,35.24487],[126.97569,35.2576],[126.98149,35.26087],[126.98167,35.26691],[126.9851,35.27325],[126.97814,35.278],[126.97567,35.2898]]]},"properties":{"code":"1271031000","name":"봉산면","parent":"12710"}},{"type":"Feature","geometry":{"type":"Polygon","coordinates":[[[126.96703,35.24487],[126.96196,35.24976],[126.95414,35.25286],[126.95082,35.24763],[126.93758,35.24654],[126.9326,35.24149],[126.93418,35.23959],[126.93918,35.23783],[126.94363,35.23182],[126.94787,35.23074],[126.95189,35.225],[126.94889,35.21879],[126.95643,35.20758],[126.96526,35.20042],[126.9586,35.19319],[126.96619,35.18412],[126.97414,35.19021],[126.97448,35.19279],[126.98345,35.19369],[126.98852,35.19841],[127.00184,35.19767],[127.01208,35.19905],[127.01576,35.20413],[127.00966,35.21095],[127.00028,35.21921],[126.99952,35.23104],[126.99612,35.23456],[126.99178,35.23322],[126.98314,35.23662],[126.97965,35.24067],[126.96703,35.24487]]]},"properties":{"code":"1271032000","name":"고서면","parent":"12710"}},{"type":"Feature","geometry":{"type":"Polygon","coordinates":[[[127.04837,35.18747],[127.0492,35.18478],[127.04116,35.17878],[127.0345,35.18449],[127.03392,35.19165],[127.02556,35.19582],[127.01998,35.19222],[127.01208,35.19905],[127.00184,35.19767],[126.98852,35.19841],[126.98345,35.19369],[126.97448,35.19279],[126.97414,35.19021],[126.96619,35.18412],[126.97545,35.18658],[126.98352,35.18433],[126.98486,35.18836],[127.00178,35.18786],[127.01067,35.18163],[127.01661,35.17938],[127.02147,35.17346],[127.02085,35.16729],[127.01345,35.16485],[127.0137,35.16139],[127.00796,35.15491],[127.01014,35.14969],[127.00752,35.14362],[127.01113,35.13872],[127.01046,35.13377],[127.02034,35.13838],[127.03482,35.13064],[127.04427,35.12874],[127.04996,35.12952],[127.06021,35.12098],[127.06477,35.12094],[127.07201,35.11584],[127.07985,35.11959],[127.07908,35.12292],[127.08537,35.12643],[127.08808,35.13136],[127.08413,35.13868],[127.08401,35.1445],[127.07352,35.15305],[127.06915,35.16245],[127.06757,35.17493],[127.06348,35.18116],[127.06548,35.18438],[127.05785,35.18847],[127.04837,35.18747]]]},"properties":{"code":"1271033500","name":"가사문학면","parent":"12710"}},{"type":"Feature","geometry":{"type":"Polygon","coordinates":[[[127.02101,35.27448],[127.01541,35.2818],[127.00836,35.2822],[126.99757,35.27942],[126.9851,35.27325],[126.98167,35.26691],[126.98149,35.26087],[126.97569,35.2576],[126.96703,35.24487],[126.97965,35.24067],[126.98314,35.23662],[126.99178,35.23322],[126.99612,35.23456],[126.99952,35.23104],[127.00028,35.21921],[127.00966,35.21095],[127.01576,35.20413],[127.01208,35.19905],[127.01998,35.19222],[127.02556,35.19582],[127.03392,35.19165],[127.0345,35.18449],[127.04116,35.17878],[127.0492,35.18478],[127.04837,35.18747],[127.04622,35.19109],[127.04641,35.19824],[127.04878,35.20905],[127.04507,35.21874],[127.04586,35.22927],[127.04784,35.23489],[127.03989,35.24261],[127.03717,35.24081],[127.03218,35.24451],[127.02378,35.2441],[127.02006,35.24911],[127.01518,35.24384],[127.00867,35.24244],[127.00738,35.24707],[127.00294,35.25182],[126.99295,35.25774],[126.99144,35.26339],[126.99791,35.26727],[127.00916,35.27155],[127.02101,35.27448]]]},"properties":{"code":"1271034000","name":"창평면","parent":"12710"}},{"type":"Feature","geometry":{"type":"Polygon","coordinates":[[[127.08093,35.24813],[127.07912,35.25367],[127.07028,35.25368],[127.0694,35.25843],[127.07082,35.26521],[127.06778,35.2686],[127.05846,35.27322],[127.05278,35.2718],[127.0471,35.27265],[127.03486,35.27757],[127.0283,35.27734],[127.02101,35.27448],[127.00916,35.27155],[126.99791,35.26727],[126.99144,35.26339],[126.99295,35.25774],[127.00294,35.25182],[127.00738,35.24707],[127.00867,35.24244],[127.01518,35.24384],[127.02006,35.24911],[127.02378,35.2441],[127.03218,35.24451],[127.03717,35.24081],[127.03989,35.24261],[127.04784,35.23489],[127.04586,35.22927],[127.04507,35.21874],[127.04878,35.20905],[127.04641,35.19824],[127.04622,35.19109],[127.04837,35.18747],[127.05785,35.18847],[127.06548,35.18438],[127.08098,35.18024],[127.09301,35.18247],[127.09869,35.18825],[127.1078,35.19176],[127.11691,35.18934],[127.11688,35.19466],[127.10542,35.19916],[127.10632,35.20409],[127.10204,35.20631],[127.10173,35.21113],[127.09731,35.21754],[127.09323,35.22746],[127.09339,35.23092],[127.08794,35.23736],[127.0874,35.24251],[127.08093,35.24813]]]},"properties":{"code":"1271035000","name":"대덕면","parent":"12710"}},{"type":"Feature","geometry":{"type":"Polygon","coordinates":[[[127.01387,35.30926],[127.00485,35.31267],[127.00059,35.30624],[127.00153,35.29885],[126.99765,35.29424],[126.98454,35.2956],[126.98132,35.29062],[126.97567,35.2898],[126.97814,35.278],[126.9851,35.27325],[126.99757,35.27942],[127.00836,35.2822],[127.01541,35.2818],[127.02101,35.27448],[127.0283,35.27734],[127.03486,35.27757],[127.0471,35.27265],[127.05278,35.2718],[127.05846,35.27322],[127.06778,35.2686],[127.07082,35.26521],[127.0694,35.25843],[127.07028,35.25368],[127.07912,35.25367],[127.08093,35.24813],[127.0902,35.25444],[127.09745,35.26144],[127.09946,35.2676],[127.09144,35.27746],[127.09098,35.28852],[127.09369,35.2911],[127.09667,35.30174],[127.08926,35.30678],[127.07222,35.3126],[127.06558,35.31056],[127.05273,35.30246],[127.0452,35.30087],[127.03191,35.30375],[127.02267,35.30334],[127.01643,35.30551],[127.01387,35.30926]]]},"properties":{"code":"1271036000","name":"무정면","parent":"12710"}},{"type":"Feature","geometry":{"type":"Polygon","coordinates":[[[127.07028,35.36612],[127.06389,35.36973],[127.06488,35.37573],[127.05664,35.38437],[127.05165,35.37924],[127.04643,35.37694],[127.03913,35.37996],[127.02857,35.37841],[127.02213,35.37546],[127.01629,35.37872],[127.0061,35.37226],[127.00513,35.36426],[127.00578,35.35407],[127.00369,35.34945],[127.00863,35.3458],[127.01136,35.33805],[127.01863,35.33544],[127.02222,35.32977],[127.022,35.32106],[127.01427,35.31857],[127.01642,35.31131],[127.01387,35.30926],[127.01643,35.30551],[127.02267,35.30334],[127.03191,35.30375],[127.0452,35.30087],[127.05273,35.30246],[127.06558,35.31056],[127.06132,35.31722],[127.04671,35.31819],[127.04291,35.32339],[127.04941,35.32729],[127.05212,35.33991],[127.06495,35.33649],[127.07029,35.33973],[127.06727,35.3455],[127.06968,35.35158],[127.06547,35.35778],[127.07028,35.36612]]]},"properties":{"code":"1271037000","name":"금성면","parent":"12710"}},{"type":"Feature","geometry":{"type":"Polygon","coordinates":[[[127.04786,35.4056],[127.04559,35.40806],[127.04911,35.42189],[127.0523,35.42686],[127.04907,35.43126],[127.04396,35.43379],[127.03732,35.43341],[127.03633,35.44529],[127.03462,35.44753],[127.03591,35.45877],[127.03463,35.4658],[127.0237,35.46347],[127.01443,35.45745],[127.0024,35.46312],[126.99962,35.46109],[126.99792,35.44611],[126.99431,35.43999],[126.98973,35.43918],[126.98403,35.43497],[126.98164,35.4265],[126.97677,35.42807],[126.97039,35.42743],[126.96978,35.42451],[126.97177,35.41358],[126.97624,35.40746],[126.97705,35.40339],[126.96859,35.39638],[126.96148,35.39491],[126.95731,35.38638],[126.96527,35.38035],[126.97136,35.37366],[126.97581,35.36111],[126.97402,35.35482],[126.97612,35.34623],[126.9837,35.34378],[126.99098,35.34936],[127.00369,35.34945],[127.00578,35.35407],[127.00513,35.36426],[127.0061,35.37226],[127.01629,35.37872],[127.02213,35.37546],[127.02857,35.37841],[127.03913,35.37996],[127.04034,35.38259],[127.03021,35.39046],[127.02728,35.39493],[127.02727,35.39994],[127.03173,35.40117],[127.04222,35.39891],[127.04786,35.4056]]]},"properties":{"code":"1271038000","name":"용면","parent":"12710"}},{"type":"Feature","geometry":{"type":"Polygon","coordinates":[[[126.96148,35.39491],[126.95441,35.39665],[126.94134,35.39439],[126.93276,35.39515],[126.93007,35.40028],[126.92972,35.40582],[126.9196,35.40197],[126.92491,35.39922],[126.92406,35.39265],[126.92534,35.38631],[126.92457,35.37944],[126.91763,35.38599],[126.91222,35.38171],[126.90407,35.37756],[126.90062,35.37285],[126.89153,35.36465],[126.88701,35.36497],[126.88425,35.36149],[126.88284,35.35286],[126.87665,35.3451],[126.87934,35.33837],[126.88772,35.32587],[126.8981,35.32805],[126.90332,35.33389],[126.90833,35.33149],[126.91978,35.32897],[126.92547,35.33418],[126.93161,35.33538],[126.93851,35.33483],[126.94471,35.33184],[126.94728,35.33597],[126.95321,35.33328],[126.95678,35.32859],[126.96361,35.32643],[126.96837,35.327],[126.96984,35.33429],[126.97292,35.33709],[126.97963,35.33901],[126.9837,35.34378],[126.97612,35.34623],[126.97402,35.35482],[126.97581,35.36111],[126.97136,35.37366],[126.96527,35.38035],[126.95731,35.38638],[126.96148,35.39491]]]},"properties":{"code":"1271039000","name":"월산면","parent":"12710"}},{"type":"Feature","geometry":{"type":"Polygon","coordinates":[[[126.95759,35.30403],[126.9571,35.30932],[126.94494,35.31289],[126.94458,35.31629],[126.93986,35.31998],[126.93956,35.32446],[126.93161,35.33538],[126.92547,35.33418],[126.91978,35.32897],[126.90833,35.33149],[126.90332,35.33389],[126.8981,35.32805],[126.88772,35.32587],[126.88013,35.32105],[126.88497,35.30864],[126.88975,35.30878],[126.90432,35.3042],[126.90498,35.29802],[126.91549,35.29339],[126.91791,35.29068],[126.92257,35.27607],[126.91952,35.27419],[126.92062,35.26936],[126.91587,35.26668],[126.91206,35.26054],[126.92316,35.2601],[126.9271,35.26181],[126.93164,35.26721],[126.94602,35.27529],[126.94963,35.28583],[126.95759,35.30403]]]},"properties":{"code":"1271040000","name":"수북면","parent":"12710"}},{"type":"Feature","geometry":{"type":"Polygon","coordinates":[[[126.88013,35.32105],[126.86972,35.32305],[126.86138,35.32123],[126.86336,35.30267],[126.86221,35.29967],[126.85467,35.29421],[126.85982,35.28997],[126.8643,35.27999],[126.86636,35.27194],[126.86915,35.27067],[126.87791,35.25715],[126.87955,35.25149],[126.87903,35.24811],[126.88639,35.24626],[126.89862,35.25321],[126.90572,35.25887],[126.90947,35.25881],[126.91206,35.26054],[126.91587,35.26668],[126.92062,35.26936],[126.91952,35.27419],[126.92257,35.27607],[126.91791,35.29068],[126.91549,35.29339],[126.90498,35.29802],[126.90432,35.3042],[126.88975,35.30878],[126.88497,35.30864],[126.88013,35.32105]]]},"properties":{"code":"1271041000","name":"대전면","parent":"12710"}},{"type":"Feature","geometry":{"type":"Polygon","coordinates":[[[127.2512,35.31696],[127.25037,35.31856],[127.23741,35.32814],[127.23375,35.32563],[127.23175,35.31449],[127.23317,35.29783],[127.24181,35.28061],[127.23533,35.27244],[127.23353,35.26587],[127.23397,35.26049],[127.22849,35.25691],[127.22844,35.25592],[127.23072,35.25119],[127.23535,35.25056],[127.23685,35.23787],[127.24075,35.23554],[127.2479,35.22681],[127.25559,35.2286],[127.25956,35.23524],[127.26425,35.23637],[127.26975,35.24484],[127.27664,35.24679],[127.27712,35.25062],[127.28209,35.25881],[127.28828,35.26138],[127.29404,35.26072],[127.29502,35.26908],[127.2987,35.27345],[127.30119,35.28054],[127.30625,35.28512],[127.31065,35.28097],[127.32314,35.27519],[127.32598,35.27288],[127.32465,35.27704],[127.32964,35.28267],[127.32764,35.28749],[127.32596,35.2981],[127.32734,35.30509],[127.32411,35.30646],[127.3214,35.30574],[127.30856,35.30313],[127.30494,35.3035],[127.3015,35.30846],[127.28854,35.31415],[127.27106,35.31302],[127.26452,35.31362],[127.26044,35.31163],[127.2512,35.31696]]]},"properties":{"code":"1272025000","name":"곡성읍","parent":"12720"}},{"type":"Feature","geometry":{"type":"Polygon","coordinates":[[[127.32598,35.27288],[127.32314,35.27519],[127.31065,35.28097],[127.30625,35.28512],[127.30119,35.28054],[127.2987,35.27345],[127.29502,35.26908],[127.29404,35.26072],[127.28828,35.26138],[127.28209,35.25881],[127.27712,35.25062],[127.27664,35.24679],[127.26975,35.24484],[127.26425,35.23637],[127.25956,35.23524],[127.25559,35.2286],[127.2626,35.21639],[127.26485,35.2094],[127.26965,35.21237],[127.27712,35.21281],[127.29401,35.20979],[127.29824,35.22032],[127.30337,35.22263],[127.30999,35.22216],[127.31582,35.21914],[127.3202,35.20471],[127.33104,35.19955],[127.33268,35.19609],[127.34056,35.19591],[127.34639,35.19217],[127.35746,35.19526],[127.36129,35.18974],[127.36715,35.18602],[127.37701,35.19377],[127.37176,35.20631],[127.37199,35.21227],[127.3744,35.2176],[127.36688,35.22424],[127.36787,35.22837],[127.37185,35.2347],[127.37045,35.24002],[127.36247,35.24731],[127.35499,35.25049],[127.35014,35.26205],[127.33777,35.2684],[127.32598,35.27288]]]},"properties":{"code":"1272031000","name":"오곡면","parent":"12720"}},{"type":"Feature","geometry":{"type":"Polygon","coordinates":[[[127.25559,35.2286],[127.2479,35.22681],[127.24075,35.23554],[127.23685,35.23787],[127.23535,35.25056],[127.23072,35.25119],[127.22844,35.25592],[127.21566,35.25321],[127.21442,35.24649],[127.2003,35.23998],[127.19828,35.23247],[127.19938,35.2264],[127.19524,35.21662],[127.18836,35.21181],[127.19171,35.20599],[127.19606,35.20452],[127.19818,35.1998],[127.19791,35.19377],[127.20168,35.18602],[127.20861,35.18181],[127.21436,35.18157],[127.21798,35.17684],[127.22674,35.18267],[127.23783,35.18288],[127.25926,35.19018],[127.26609,35.19853],[127.26194,35.20248],[127.26139,35.20622],[127.26485,35.2094],[127.2626,35.21639],[127.25559,35.2286]]]},"properties":{"code":"1272032000","name":"삼기면","parent":"12720"}},{"type":"Feature","geometry":{"type":"Polygon","coordinates":[[[127.26998,35.12854],[127.2761,35.15179],[127.2777,35.15408],[127.28665,35.1561],[127.28481,35.16302],[127.2868,35.17176],[127.27689,35.17742],[127.27497,35.18298],[127.27485,35.19377],[127.2705,35.19789],[127.26609,35.19853],[127.25926,35.19018],[127.23783,35.18288],[127.22674,35.18267],[127.21798,35.17684],[127.21436,35.18157],[127.20861,35.18181],[127.20168,35.18602],[127.19564,35.18017],[127.19386,35.17157],[127.18918,35.16509],[127.19722,35.15666],[127.19578,35.1505],[127.19765,35.14657],[127.19588,35.13997],[127.19768,35.13244],[127.20587,35.13022],[127.21434,35.13275],[127.21865,35.12888],[127.21774,35.12383],[127.22255,35.11705],[127.23277,35.11531],[127.23865,35.11228],[127.24171,35.10163],[127.24569,35.10182],[127.24622,35.11001],[127.24539,35.1148],[127.25205,35.11528],[127.25746,35.11875],[127.25652,35.12808],[127.26002,35.13219],[127.26658,35.13185],[127.26998,35.12854]]]},"properties":{"code":"1272033000","name":"석곡면","parent":"12720"}},{"type":"Feature","geometry":{"type":"Polygon","coordinates":[[[127.34469,35.09847],[127.34425,35.1076],[127.34773,35.11055],[127.3471,35.11902],[127.33508,35.12998],[127.3294,35.13887],[127.32895,35.14197],[127.31906,35.14803],[127.31608,35.14044],[127.3073,35.13505],[127.30463,35.1305],[127.29786,35.1284],[127.29192,35.13332],[127.28494,35.13361],[127.28314,35.12701],[127.273,35.12563],[127.26998,35.12854],[127.26658,35.13185],[127.26002,35.13219],[127.25652,35.12808],[127.25746,35.11875],[127.25205,35.11528],[127.24539,35.1148],[127.24622,35.11001],[127.24987,35.10554],[127.25981,35.09843],[127.26244,35.09109],[127.25963,35.08332],[127.26337,35.08212],[127.27207,35.08627],[127.27908,35.09158],[127.28219,35.08499],[127.29177,35.08597],[127.29789,35.08209],[127.30253,35.07682],[127.31275,35.07579],[127.32139,35.06939],[127.3293,35.07224],[127.33575,35.07807],[127.33795,35.08114],[127.33525,35.08795],[127.33748,35.09336],[127.34469,35.09847]]]},"properties":{"code":"1272034000","name":"목사동면","parent":"12720"}},{"type":"Feature","geometry":{"type":"Polygon","coordinates":[[[127.37701,35.19377],[127.36715,35.18602],[127.36129,35.18974],[127.35746,35.19526],[127.34639,35.19217],[127.34056,35.19591],[127.33268,35.19609],[127.33104,35.19955],[127.3202,35.20471],[127.31582,35.21914],[127.30999,35.22216],[127.30337,35.22263],[127.29824,35.22032],[127.29401,35.20979],[127.27712,35.21281],[127.26965,35.21237],[127.26485,35.2094],[127.26139,35.20622],[127.26194,35.20248],[127.26609,35.19853],[127.2705,35.19789],[127.27485,35.19377],[127.27497,35.18298],[127.27689,35.17742],[127.2868,35.17176],[127.28481,35.16302],[127.28665,35.1561],[127.2777,35.15408],[127.2761,35.15179],[127.26998,35.12854],[127.273,35.12563],[127.28314,35.12701],[127.28494,35.13361],[127.29192,35.13332],[127.29786,35.1284],[127.30463,35.1305],[127.3073,35.13505],[127.31608,35.14044],[127.31906,35.14803],[127.32895,35.14197],[127.3294,35.13887],[127.33508,35.12998],[127.3471,35.11902],[127.34773,35.11055],[127.34425,35.1076],[127.34469,35.09847],[127.35942,35.0968],[127.36911,35.09829],[127.37574,35.10085],[127.3828,35.11273],[127.38246,35.11643],[127.38653,35.12151],[127.3861,35.12584],[127.39352,35.12741],[127.40153,35.13528],[127.40019,35.13875],[127.41144,35.1463],[127.41152,35.15839],[127.40996,35.16076],[127.41125,35.16882],[127.40694,35.17538],[127.40763,35.18256],[127.4046,35.18605],[127.40642,35.18909],[127.40174,35.19052],[127.39029,35.18863],[127.38348,35.18986],[127.37701,35.19377]]]},"properties":{"code":"1272035000","name":"죽곡면","parent":"12720"}},{"type":"Feature","geometry":{"type":"Polygon","coordinates":[[[127.38445,35.30328],[127.38029,35.30453],[127.37724,35.31075],[127.37168,35.31431],[127.36695,35.31459],[127.35619,35.32126],[127.33387,35.31536],[127.32365,35.309],[127.32411,35.30646],[127.32734,35.30509],[127.32596,35.2981],[127.32764,35.28749],[127.32964,35.28267],[127.32465,35.27704],[127.32598,35.27288],[127.33777,35.2684],[127.35014,35.26205],[127.35499,35.25049],[127.36247,35.24731],[127.37045,35.24002],[127.37185,35.2347],[127.36787,35.22837],[127.37065,35.22588],[127.37768,35.22557],[127.38468,35.23006],[127.38896,35.23605],[127.39777,35.23711],[127.40293,35.23358],[127.40354,35.23672],[127.40164,35.24907],[127.39444,35.2597],[127.39073,35.27297],[127.38753,35.27827],[127.38165,35.28008],[127.38015,35.2837],[127.38208,35.29052],[127.38586,35.29674],[127.38445,35.30328]]]},"properties":{"code":"1272036000","name":"고달면","parent":"12720"}},{"type":"Feature","geometry":{"type":"Polygon","coordinates":[[[127.1861,35.33619],[127.18163,35.33802],[127.17963,35.33239],[127.1729,35.33033],[127.1679,35.3317],[127.15948,35.32663],[127.15139,35.31798],[127.14657,35.31541],[127.14558,35.30925],[127.12986,35.30925],[127.12622,35.30365],[127.11568,35.29955],[127.1055,35.2992],[127.1023,35.30113],[127.09667,35.30174],[127.09369,35.2911],[127.09857,35.28453],[127.10387,35.28228],[127.10691,35.27749],[127.11546,35.27685],[127.11972,35.26925],[127.12487,35.26635],[127.11882,35.25966],[127.12291,35.25567],[127.13372,35.25928],[127.13353,35.2651],[127.14107,35.26624],[127.14472,35.26849],[127.14541,35.27614],[127.14985,35.2803],[127.1617,35.28612],[127.16734,35.28763],[127.17071,35.29863],[127.17489,35.29929],[127.17645,35.30338],[127.17279,35.30739],[127.17844,35.31769],[127.18711,35.32236],[127.1834,35.32805],[127.1861,35.33619]]]},"properties":{"code":"1272037000","name":"옥과면","parent":"12720"}},{"type":"Feature","geometry":{"type":"Polygon","coordinates":[[[127.23741,35.32814],[127.23179,35.33527],[127.22265,35.3367],[127.21959,35.3354],[127.21602,35.32911],[127.21726,35.31892],[127.21485,35.31617],[127.20088,35.3158],[127.19625,35.31919],[127.18711,35.32236],[127.17844,35.31769],[127.17279,35.30739],[127.17645,35.30338],[127.17489,35.29929],[127.17071,35.29863],[127.16734,35.28763],[127.17326,35.28837],[127.17679,35.28428],[127.1833,35.28544],[127.1902,35.28345],[127.19307,35.27731],[127.20432,35.26967],[127.207,35.26474],[127.21446,35.26564],[127.22849,35.25691],[127.23397,35.26049],[127.23353,35.26587],[127.23533,35.27244],[127.24181,35.28061],[127.23317,35.29783],[127.23175,35.31449],[127.23375,35.32563],[127.23741,35.32814]]]},"properties":{"code":"1272038000","name":"입면","parent":"12720"}},{"type":"Feature","geometry":{"type":"Polygon","coordinates":[[[127.22849,35.25691],[127.21446,35.26564],[127.207,35.26474],[127.20432,35.26967],[127.19307,35.27731],[127.1902,35.28345],[127.1833,35.28544],[127.17679,35.28428],[127.17326,35.28837],[127.16734,35.28763],[127.1617,35.28612],[127.14985,35.2803],[127.14541,35.27614],[127.14472,35.26849],[127.14107,35.26624],[127.13353,35.2651],[127.13372,35.25928],[127.14094,35.25787],[127.1396,35.25365],[127.148,35.24955],[127.14968,35.24685],[127.15224,35.23243],[127.15943,35.22125],[127.16907,35.22334],[127.17677,35.21938],[127.18141,35.21934],[127.18446,35.21419],[127.18836,35.21181],[127.19524,35.21662],[127.19938,35.2264],[127.19828,35.23247],[127.2003,35.23998],[127.21442,35.24649],[127.21566,35.25321],[127.22844,35.25592],[127.22849,35.25691]]]},"properties":{"code":"1272039000","name":"겸면","parent":"12720"}},{"type":"Feature","geometry":{"type":"Polygon","coordinates":[[[127.13372,35.25928],[127.12291,35.25567],[127.11882,35.25966],[127.12487,35.26635],[127.11972,35.26925],[127.11546,35.27685],[127.10691,35.27749],[127.10387,35.28228],[127.09857,35.28453],[127.09369,35.2911],[127.09098,35.28852],[127.09144,35.27746],[127.09946,35.2676],[127.09745,35.26144],[127.0902,35.25444],[127.08093,35.24813],[127.0874,35.24251],[127.08794,35.23736],[127.09339,35.23092],[127.09323,35.22746],[127.09731,35.21754],[127.10173,35.21113],[127.10204,35.20631],[127.10632,35.20409],[127.10542,35.19916],[127.11688,35.19466],[127.12067,35.19741],[127.13206,35.19391],[127.14535,35.19426],[127.16098,35.20009],[127.1697,35.20543],[127.17794,35.21244],[127.18446,35.21419],[127.18141,35.21934],[127.17677,35.21938],[127.16907,35.22334],[127.15943,35.22125],[127.15224,35.23243],[127.14968,35.24685],[127.148,35.24955],[127.1396,35.25365],[127.14094,35.25787],[127.13372,35.25928]]]},"properties":{"code":"1272040000","name":"오산면","parent":"12720"}},{"type":"Feature","geometry":{"type":"Polygon","coordinates":[[[127.40293,35.23358],[127.39777,35.23711],[127.38896,35.23605],[127.38468,35.23006],[127.37768,35.22557],[127.37065,35.22588],[127.36787,35.22837],[127.36688,35.22424],[127.3744,35.2176],[127.37199,35.21227],[127.37176,35.20631],[127.37701,35.19377],[127.38348,35.18986],[127.39029,35.18863],[127.40174,35.19052],[127.40642,35.18909],[127.42267,35.18614],[127.43379,35.17968],[127.44689,35.16863],[127.46108,35.1623],[127.46487,35.16523],[127.46829,35.17291],[127.4683,35.18975],[127.47429,35.19726],[127.48203,35.20072],[127.48271,35.20797],[127.47004,35.2138],[127.46903,35.2213],[127.46552,35.22387],[127.46007,35.22384],[127.45981,35.2211],[127.44543,35.21885],[127.43087,35.22364],[127.42288,35.22775],[127.41757,35.22211],[127.40726,35.22414],[127.4026,35.23075],[127.40293,35.23358]]]},"properties":{"code":"1273025000","name":"구례읍","parent":"12730"}},{"type":"Feature","geometry":{"type":"Polygon","coordinates":[[[127.49616,35.19971],[127.49218,35.20137],[127.48203,35.20072],[127.47429,35.19726],[127.4683,35.18975],[127.46829,35.17291],[127.46487,35.16523],[127.46108,35.1623],[127.46625,35.16156],[127.47168,35.15569],[127.48179,35.15241],[127.4986,35.1322],[127.49677,35.12782],[127.50362,35.12424],[127.51088,35.12385],[127.51857,35.12557],[127.52183,35.12945],[127.52229,35.13525],[127.51956,35.1453],[127.521,35.14759],[127.52076,35.15739],[127.53322,35.16694],[127.5334,35.1745],[127.52816,35.18124],[127.52755,35.18515],[127.51999,35.18654],[127.51396,35.19063],[127.49947,35.19545],[127.49616,35.19971]]]},"properties":{"code":"1273031000","name":"문척면","parent":"12730"}},{"type":"Feature","geometry":{"type":"Polygon","coordinates":[[[127.62137,35.18851],[127.61238,35.19539],[127.60649,35.19837],[127.5885,35.2022],[127.57066,35.19809],[127.56264,35.19535],[127.55451,35.18945],[127.53854,35.19163],[127.53243,35.18591],[127.52755,35.18515],[127.52816,35.18124],[127.5334,35.1745],[127.53322,35.16694],[127.52076,35.15739],[127.521,35.14759],[127.51956,35.1453],[127.52229,35.13525],[127.52183,35.12945],[127.51857,35.12557],[127.52663,35.11422],[127.53156,35.11242],[127.53375,35.1066],[127.53759,35.10294],[127.55198,35.09531],[127.55958,35.09549],[127.56381,35.10217],[127.56385,35.10827],[127.57673,35.11365],[127.58323,35.11845],[127.59215,35.12123],[127.60281,35.11815],[127.60422,35.13322],[127.60764,35.14362],[127.60378,35.14729],[127.6077,35.16101],[127.61573,35.16889],[127.61703,35.17379],[127.62474,35.18449],[127.62137,35.18851]]]},"properties":{"code":"1273032000","name":"간전면","parent":"12730"}},{"type":"Feature","geometry":{"type":"Polygon","coordinates":[[[127.57745,35.30896],[127.57265,35.31205],[127.56774,35.30721],[127.55418,35.30028],[127.54921,35.29975],[127.54687,35.29648],[127.52702,35.29282],[127.52514,35.28375],[127.52579,35.27872],[127.52172,35.27298],[127.52184,35.26602],[127.51966,35.25659],[127.5163,35.24933],[127.52074,35.24496],[127.51837,35.23617],[127.51349,35.22486],[127.51304,35.21904],[127.51565,35.21503],[127.51091,35.20735],[127.50539,35.20295],[127.49819,35.20426],[127.49616,35.19971],[127.49947,35.19545],[127.51396,35.19063],[127.51999,35.18654],[127.52755,35.18515],[127.53243,35.18591],[127.53854,35.19163],[127.55451,35.18945],[127.56264,35.19535],[127.57066,35.19809],[127.5885,35.2022],[127.60649,35.19837],[127.61238,35.19539],[127.62137,35.18851],[127.61803,35.20092],[127.61707,35.20963],[127.62101,35.21408],[127.62087,35.22296],[127.61836,35.23214],[127.61839,35.23721],[127.61306,35.24121],[127.6126,35.24744],[127.61493,35.24973],[127.61002,35.26191],[127.5958,35.26816],[127.59056,35.27578],[127.59052,35.27931],[127.58248,35.29136],[127.57714,35.29548],[127.57611,35.30636],[127.57745,35.30896]]]},"properties":{"code":"1273033000","name":"토지면","parent":"12730"}},{"type":"Feature","geometry":{"type":"Polygon","coordinates":[[[127.52702,35.29282],[127.52093,35.2961],[127.51429,35.29624],[127.51058,35.29012],[127.50236,35.28245],[127.50074,35.27703],[127.49733,35.2747],[127.49392,35.26665],[127.48578,35.26069],[127.48829,35.24812],[127.48371,35.24678],[127.47829,35.24119],[127.47018,35.2378],[127.46326,35.23312],[127.46174,35.22896],[127.46903,35.2213],[127.47004,35.2138],[127.48271,35.20797],[127.48203,35.20072],[127.49218,35.20137],[127.49616,35.19971],[127.49819,35.20426],[127.50539,35.20295],[127.51091,35.20735],[127.51565,35.21503],[127.51304,35.21904],[127.51349,35.22486],[127.51837,35.23617],[127.52074,35.24496],[127.5163,35.24933],[127.51966,35.25659],[127.52184,35.26602],[127.52172,35.27298],[127.52579,35.27872],[127.52514,35.28375],[127.52702,35.29282]]]},"properties":{"code":"1273034000","name":"마산면","parent":"12730"}},{"type":"Feature","geometry":{"type":"Polygon","coordinates":[[[127.51429,35.29624],[127.50977,35.29926],[127.49538,35.30254],[127.48823,35.29519],[127.47882,35.29505],[127.4642,35.29051],[127.45903,35.29391],[127.44191,35.29294],[127.4379,35.28577],[127.43079,35.2812],[127.4289,35.27473],[127.42403,35.27297],[127.43019,35.26512],[127.43577,35.26329],[127.43761,35.25957],[127.4426,35.257],[127.4475,35.25908],[127.46027,35.25951],[127.45271,35.25134],[127.44375,35.24514],[127.4482,35.23909],[127.45412,35.22824],[127.46007,35.22384],[127.46552,35.22387],[127.46903,35.2213],[127.46174,35.22896],[127.46326,35.23312],[127.47018,35.2378],[127.47829,35.24119],[127.48371,35.24678],[127.48829,35.24812],[127.48578,35.26069],[127.49392,35.26665],[127.49733,35.2747],[127.50074,35.27703],[127.50236,35.28245],[127.51058,35.29012],[127.51429,35.29624]]]},"properties":{"code":"1273035000","name":"광의면","parent":"12730"}},{"type":"Feature","geometry":{"type":"Polygon","coordinates":[[[127.4289,35.27473],[127.42664,35.27654],[127.41403,35.2778],[127.39073,35.27297],[127.39444,35.2597],[127.40164,35.24907],[127.40354,35.23672],[127.40293,35.23358],[127.4026,35.23075],[127.40726,35.22414],[127.41757,35.22211],[127.42288,35.22775],[127.43087,35.22364],[127.44543,35.21885],[127.45981,35.2211],[127.46007,35.22384],[127.45412,35.22824],[127.4482,35.23909],[127.44375,35.24514],[127.45271,35.25134],[127.46027,35.25951],[127.4475,35.25908],[127.4426,35.257],[127.43761,35.25957],[127.43577,35.26329],[127.43019,35.26512],[127.42403,35.27297],[127.4289,35.27473]]]},"properties":{"code":"1273036000","name":"용방면","parent":"12730"}},{"type":"Feature","geometry":{"type":"Polygon","coordinates":[[[127.51422,35.35134],[127.50823,35.35334],[127.50141,35.35883],[127.49562,35.36081],[127.4861,35.35837],[127.47759,35.36501],[127.47058,35.36594],[127.45861,35.36362],[127.45421,35.36073],[127.44289,35.36128],[127.44134,35.36443],[127.43132,35.35953],[127.42276,35.35084],[127.41598,35.34085],[127.4155,35.33728],[127.40987,35.33323],[127.40852,35.32945],[127.40155,35.3251],[127.39932,35.3129],[127.39404,35.31049],[127.38445,35.30328],[127.38586,35.29674],[127.38208,35.29052],[127.38015,35.2837],[127.38165,35.28008],[127.38753,35.27827],[127.39073,35.27297],[127.41403,35.2778],[127.42664,35.27654],[127.4289,35.27473],[127.43079,35.2812],[127.4379,35.28577],[127.44191,35.29294],[127.45903,35.29391],[127.4642,35.29051],[127.47882,35.29505],[127.48823,35.29519],[127.49538,35.30254],[127.50977,35.29926],[127.51429,35.29624],[127.52093,35.2961],[127.52702,35.29282],[127.54687,35.29648],[127.54921,35.29975],[127.55418,35.30028],[127.56774,35.30721],[127.57265,35.31205],[127.56815,35.31829],[127.55461,35.32234],[127.55207,35.32515],[127.54213,35.32913],[127.54066,35.33441],[127.53054,35.33728],[127.52474,35.3449],[127.51643,35.34772],[127.51422,35.35134]]]},"properties":{"code":"1273037000","name":"산동면","parent":"12730"}},{"type":"Feature","geometry":{"type":"Polygon","coordinates":[[[127.31575,34.61709],[127.30834,34.61916],[127.30825,34.62518],[127.30344,34.62776],[127.29452,34.62913],[127.28766,34.62443],[127.27458,34.62748],[127.26843,34.62777],[127.26367,34.62346],[127.25685,34.6272],[127.24835,34.63501],[127.24436,34.63655],[127.22557,34.63904],[127.22207,34.63353],[127.20755,34.62873],[127.20221,34.60048],[127.22218,34.59788],[127.22716,34.59346],[127.23851,34.58874],[127.24757,34.59739],[127.2522,34.59958],[127.26063,34.59344],[127.26445,34.58899],[127.26234,34.58273],[127.26357,34.57811],[127.27711,34.5676],[127.28577,34.57126],[127.29083,34.57561],[127.29727,34.57484],[127.30647,34.57768],[127.30859,34.5829],[127.31375,34.58647],[127.31181,34.59525],[127.30935,34.59693],[127.30879,34.60408],[127.31323,34.60463],[127.31641,34.6132],[127.31575,34.61709]]]},"properties":{"code":"1274025000","name":"고흥읍","parent":"12740"}},{"type":"Feature","geometry":{"type":"MultiPolygon","coordinates":[[[[127.24596,34.41407],[127.24452,34.40466],[127.25363,34.4025],[127.25396,34.39688],[127.24637,34.39368],[127.24771,34.38737],[127.25713,34.38242],[127.27164,34.38057],[127.27108,34.38637],[127.26574,34.39409],[127.25866,34.39729],[127.26033,34.40118],[127.25706,34.40718],[127.24965,34.40824],[127.24596,34.41407]]],[[[127.13583,34.52026],[127.12881,34.52437],[127.12294,34.51978],[127.12565,34.51616],[127.11903,34.514],[127.11862,34.5193],[127.11144,34.52243],[127.09968,34.51385],[127.09763,34.50897],[127.10938,34.50882],[127.11273,34.50245],[127.11959,34.50387],[127.12053,34.50735],[127.13065,34.5057],[127.13583,34.52026]]],[[[127.18375,34.53133],[127.17123,34.53913],[127.15874,34.53863],[127.15377,34.53998],[127.14788,34.53897],[127.15009,34.54591],[127.14831,34.54844],[127.15803,34.55724],[127.15774,34.56203],[127.16172,34.56627],[127.15868,34.5738],[127.15202,34.57781],[127.15519,34.58546],[127.15424,34.58889],[127.15758,34.59224],[127.15032,34.59421],[127.14794,34.60004],[127.1423,34.58992],[127.14431,34.58399],[127.12836,34.57325],[127.12277,34.56711],[127.11322,34.55933],[127.11475,34.55639],[127.11214,34.54617],[127.12125,34.54091],[127.12113,34.53013],[127.13406,34.52664],[127.13582,34.52351],[127.16176,34.52422],[127.16775,34.52575],[127.16907,34.52211],[127.1787,34.53091],[127.18375,34.53133]]],[[[127.10984,34.59853],[127.10701,34.60473],[127.09701,34.61251],[127.08884,34.60453],[127.09127,34.59585],[127.0977,34.59484],[127.10166,34.59822],[127.10984,34.59853]]]]},"properties":{"code":"1274025300","name":"도양읍","parent":"12740"}},{"type":"Feature","geometry":{"type":"Polygon","coordinates":[[[127.27711,34.5676],[127.26357,34.57811],[127.26234,34.58273],[127.26445,34.58899],[127.26063,34.59344],[127.2522,34.59958],[127.24757,34.59739],[127.23851,34.58874],[127.22716,34.59346],[127.22218,34.59788],[127.20221,34.60048],[127.19955,34.59534],[127.20099,34.58175],[127.198,34.57632],[127.19864,34.56377],[127.20465,34.56251],[127.20761,34.55107],[127.20885,34.54068],[127.21201,34.53554],[127.21742,34.53095],[127.22024,34.53396],[127.22514,34.5262],[127.23336,34.5248],[127.23041,34.51785],[127.23918,34.51747],[127.24552,34.51535],[127.2444,34.52119],[127.24819,34.52206],[127.25706,34.51915],[127.25933,34.51318],[127.26717,34.51104],[127.27362,34.5127],[127.28324,34.5297],[127.27896,34.54212],[127.27593,34.54402],[127.2773,34.5588],[127.27388,34.56108],[127.27711,34.5676]]]},"properties":{"code":"1274031000","name":"풍양면","parent":"12740"}},{"type":"Feature","geometry":{"type":"Polygon","coordinates":[[[127.19955,34.59534],[127.1977,34.59796],[127.20184,34.6175],[127.20294,34.6383],[127.19584,34.64614],[127.1896,34.64366],[127.17853,34.6301],[127.17244,34.62706],[127.17334,34.62195],[127.1713,34.61772],[127.17211,34.60527],[127.16731,34.6025],[127.17156,34.59558],[127.16942,34.5928],[127.16275,34.59043],[127.15758,34.59224],[127.15424,34.58889],[127.15519,34.58546],[127.15202,34.57781],[127.15868,34.5738],[127.16172,34.56627],[127.15774,34.56203],[127.15803,34.55724],[127.14831,34.54844],[127.15009,34.54591],[127.14788,34.53897],[127.15377,34.53998],[127.15874,34.53863],[127.17123,34.53913],[127.18375,34.53133],[127.19437,34.53237],[127.1983,34.52761],[127.20714,34.52104],[127.20907,34.52567],[127.21742,34.53095],[127.21201,34.53554],[127.20885,34.54068],[127.20761,34.55107],[127.20465,34.56251],[127.19864,34.56377],[127.198,34.57632],[127.20099,34.58175],[127.19955,34.59534]]]},"properties":{"code":"1274032000","name":"도덕면","parent":"12740"}},{"type":"Feature","geometry":{"type":"MultiPolygon","coordinates":[[[[127.08932,34.46376],[127.09008,34.45982],[127.08803,34.45267],[127.0912,34.45187],[127.09356,34.46344],[127.08932,34.46376]]],[[[127.22794,34.48927],[127.22098,34.49532],[127.2156,34.49625],[127.19931,34.48819],[127.19586,34.49268],[127.18746,34.49412],[127.18227,34.49068],[127.1784,34.49202],[127.16482,34.48324],[127.16191,34.47959],[127.15725,34.47883],[127.14799,34.4812],[127.14606,34.47549],[127.14044,34.47341],[127.12874,34.47886],[127.12435,34.4851],[127.12386,34.49079],[127.11337,34.48941],[127.11039,34.48555],[127.11656,34.48318],[127.11197,34.47599],[127.10148,34.46956],[127.09622,34.47423],[127.09276,34.47136],[127.0982,34.46629],[127.10541,34.45652],[127.10077,34.44934],[127.09905,34.44341],[127.10163,34.44155],[127.10824,34.44246],[127.10993,34.44806],[127.11683,34.44707],[127.11493,34.44095],[127.12466,34.43555],[127.12479,34.43145],[127.13529,34.42935],[127.13983,34.42424],[127.14535,34.42923],[127.15468,34.43105],[127.15822,34.42816],[127.16322,34.42891],[127.16241,34.43328],[127.16921,34.43514],[127.18843,34.43053],[127.19623,34.43105],[127.20673,34.43015],[127.21168,34.43111],[127.2185,34.43917],[127.22224,34.45503],[127.23046,34.46403],[127.22929,34.46879],[127.23098,34.47288],[127.23593,34.4744],[127.22794,34.48927]]]]},"properties":{"code":"1274033000","name":"금산면","parent":"12740"}},{"type":"Feature","geometry":{"type":"MultiPolygon","coordinates":[[[[127.30287,34.44241],[127.29696,34.43758],[127.30346,34.43601],[127.306,34.43015],[127.31245,34.43321],[127.31566,34.44054],[127.30287,34.44241]]],[[[127.38792,34.50658],[127.38096,34.5072],[127.37849,34.51406],[127.37294,34.51882],[127.36143,34.51786],[127.35219,34.52129],[127.34596,34.51784],[127.33937,34.51796],[127.33822,34.53114],[127.33698,34.53361],[127.33986,34.54265],[127.33801,34.54579],[127.3299,34.54571],[127.32598,34.54973],[127.32035,34.54644],[127.31669,34.54198],[127.30536,34.54065],[127.29679,34.53743],[127.27896,34.54212],[127.28324,34.5297],[127.27362,34.5127],[127.26717,34.51104],[127.27607,34.50273],[127.28057,34.50214],[127.28292,34.49752],[127.26903,34.48808],[127.2671,34.48293],[127.27372,34.4789],[127.2872,34.47696],[127.29287,34.47061],[127.30076,34.47019],[127.30454,34.46243],[127.30174,34.45905],[127.31192,34.45829],[127.30465,34.45408],[127.30649,34.44834],[127.31068,34.44988],[127.31818,34.44492],[127.31887,34.44212],[127.32764,34.44134],[127.33894,34.44553],[127.33938,34.4543],[127.3269,34.46208],[127.32199,34.46315],[127.31911,34.46773],[127.32343,34.47017],[127.33091,34.46751],[127.33611,34.47091],[127.3305,34.4736],[127.33401,34.47896],[127.3459,34.48213],[127.3527,34.48161],[127.35435,34.49007],[127.3584,34.49152],[127.36618,34.4868],[127.36821,34.48092],[127.37303,34.48],[127.37807,34.48724],[127.38765,34.48396],[127.39139,34.48817],[127.38504,34.49786],[127.37941,34.50232],[127.38792,34.50658]]]]},"properties":{"code":"1274034000","name":"도화면","parent":"12740"}},{"type":"Feature","geometry":{"type":"MultiPolygon","coordinates":[[[[127.45122,34.56919],[127.4495,34.57485],[127.44315,34.57221],[127.44797,34.56818],[127.44876,34.56275],[127.4532,34.56162],[127.45122,34.56919]]],[[[127.39878,34.58864],[127.39107,34.59767],[127.38545,34.60595],[127.37759,34.60631],[127.37055,34.60852],[127.37303,34.61395],[127.36505,34.62047],[127.36212,34.6254],[127.36445,34.62814],[127.36208,34.63207],[127.36284,34.63816],[127.35545,34.63947],[127.35153,34.63517],[127.34546,34.63739],[127.33547,34.62956],[127.33508,34.62444],[127.32629,34.62219],[127.31967,34.6168],[127.31575,34.61709],[127.31641,34.6132],[127.31323,34.60463],[127.30879,34.60408],[127.30935,34.59693],[127.31181,34.59525],[127.31375,34.58647],[127.30859,34.5829],[127.30647,34.57768],[127.29727,34.57484],[127.29083,34.57561],[127.28577,34.57126],[127.27711,34.5676],[127.27388,34.56108],[127.2773,34.5588],[127.27593,34.54402],[127.27896,34.54212],[127.29679,34.53743],[127.30536,34.54065],[127.31669,34.54198],[127.32035,34.54644],[127.32598,34.54973],[127.3299,34.54571],[127.33801,34.54579],[127.33986,34.54265],[127.33698,34.53361],[127.33822,34.53114],[127.33937,34.51796],[127.34596,34.51784],[127.35219,34.52129],[127.36143,34.51786],[127.37294,34.51882],[127.37849,34.51406],[127.38096,34.5072],[127.38792,34.50658],[127.40092,34.50428],[127.404,34.50499],[127.40569,34.5181],[127.41314,34.51962],[127.41787,34.51513],[127.42509,34.51394],[127.42746,34.52035],[127.42341,34.5293],[127.42696,34.53091],[127.42829,34.53675],[127.43595,34.5363],[127.43545,34.53986],[127.43067,34.54154],[127.43825,34.54868],[127.42753,34.55521],[127.42626,34.55286],[127.4172,34.55216],[127.41362,34.55867],[127.40971,34.55556],[127.40526,34.55792],[127.39703,34.55929],[127.3963,34.56381],[127.40268,34.56342],[127.40622,34.56074],[127.41494,34.56363],[127.42098,34.56712],[127.42888,34.56467],[127.42663,34.57085],[127.41994,34.57313],[127.41489,34.56893],[127.40427,34.56915],[127.40713,34.57599],[127.4062,34.58056],[127.39913,34.57622],[127.39406,34.5813],[127.39543,34.5868],[127.39878,34.58864]]]]},"properties":{"code":"1274035000","name":"포두면","parent":"12740"}},{"type":"Feature","geometry":{"type":"MultiPolygon","coordinates":[[[[127.46163,34.47375],[127.45727,34.47649],[127.4535,34.47404],[127.45433,34.45595],[127.4579,34.45176],[127.46465,34.45265],[127.46766,34.45039],[127.47259,34.45246],[127.47914,34.45067],[127.48462,34.44565],[127.48226,34.44249],[127.47395,34.44256],[127.4704,34.44546],[127.46526,34.43986],[127.4746,34.43284],[127.49122,34.43297],[127.49419,34.42579],[127.49017,34.42324],[127.4859,34.41505],[127.49271,34.41183],[127.5016,34.41522],[127.5046,34.41822],[127.51585,34.4222],[127.5204,34.42646],[127.5299,34.42216],[127.53832,34.43329],[127.5346,34.44349],[127.53591,34.44884],[127.52093,34.45354],[127.52189,34.45777],[127.50655,34.4676],[127.50236,34.46213],[127.49761,34.46737],[127.49354,34.45902],[127.491,34.46501],[127.48474,34.46721],[127.48149,34.46444],[127.47234,34.46494],[127.46828,34.46997],[127.46163,34.47375]]],[[[127.40521,34.4747],[127.40756,34.47794],[127.40098,34.48192],[127.39714,34.47956],[127.39965,34.47579],[127.40521,34.4747]]],[[[127.44216,34.46899],[127.44599,34.47093],[127.44767,34.4788],[127.44223,34.48174],[127.43681,34.47495],[127.44216,34.46899]]]]},"properties":{"code":"1274036000","name":"봉래면","parent":"12740"}},{"type":"Feature","geometry":{"type":"MultiPolygon","coordinates":[[[[127.46545,34.5438],[127.45857,34.54569],[127.45269,34.54171],[127.44241,34.53043],[127.4396,34.52403],[127.43409,34.51903],[127.44161,34.51569],[127.44597,34.51727],[127.45475,34.51123],[127.45206,34.50797],[127.458,34.50213],[127.45056,34.50025],[127.44423,34.49668],[127.44083,34.49185],[127.44987,34.48606],[127.45335,34.47878],[127.46241,34.4794],[127.46132,34.48418],[127.46933,34.48638],[127.48141,34.48355],[127.48521,34.48584],[127.49075,34.48368],[127.4967,34.48481],[127.50676,34.49213],[127.49035,34.50874],[127.48207,34.50853],[127.46179,34.5099],[127.46419,34.51712],[127.47511,34.51383],[127.47401,34.51983],[127.47045,34.52344],[127.45942,34.525],[127.46052,34.52928],[127.47205,34.52905],[127.47824,34.53498],[127.4756,34.5423],[127.47076,34.54461],[127.46545,34.5438]]],[[[127.44551,34.53816],[127.45066,34.5423],[127.45221,34.54778],[127.44742,34.54753],[127.44087,34.54111],[127.44551,34.53816]]]]},"properties":{"code":"1274045000","name":"동일면","parent":"12740"}},{"type":"Feature","geometry":{"type":"Polygon","coordinates":[[[127.44524,34.66266],[127.44102,34.66272],[127.43589,34.66609],[127.43148,34.66185],[127.42698,34.66414],[127.4164,34.66404],[127.40406,34.67018],[127.37921,34.67272],[127.36999,34.67974],[127.3669,34.67656],[127.35716,34.67215],[127.33294,34.67044],[127.31997,34.66749],[127.31885,34.65734],[127.32246,34.65173],[127.32934,34.64746],[127.33375,34.64717],[127.34546,34.63739],[127.35153,34.63517],[127.35545,34.63947],[127.36284,34.63816],[127.36208,34.63207],[127.36445,34.62814],[127.36212,34.6254],[127.36505,34.62047],[127.37303,34.61395],[127.37055,34.60852],[127.37759,34.60631],[127.38545,34.60595],[127.39107,34.59767],[127.39878,34.58864],[127.40866,34.58976],[127.40932,34.59704],[127.40569,34.59645],[127.40224,34.60252],[127.40425,34.60575],[127.40394,34.61354],[127.3987,34.61909],[127.40436,34.62067],[127.40595,34.62405],[127.42227,34.621],[127.42438,34.62308],[127.43989,34.62962],[127.44856,34.62462],[127.46154,34.62391],[127.46436,34.62676],[127.47557,34.62788],[127.47139,34.6354],[127.47211,34.63806],[127.46199,34.64068],[127.45869,34.64732],[127.46363,34.6492],[127.46752,34.64246],[127.4738,34.64094],[127.47831,34.64653],[127.48706,34.64228],[127.49234,34.64424],[127.49039,34.6496],[127.48624,34.65226],[127.48133,34.65172],[127.47533,34.65678],[127.47497,34.66456],[127.4776,34.6719],[127.47216,34.67365],[127.46296,34.67109],[127.4639,34.66634],[127.45987,34.66472],[127.45332,34.66584],[127.44524,34.66266]]]},"properties":{"code":"1274037000","name":"점암면","parent":"12740"}},{"type":"Feature","geometry":{"type":"MultiPolygon","coordinates":[[[[127.41721,34.58178],[127.41668,34.57915],[127.42384,34.57556],[127.42508,34.58098],[127.41721,34.58178]]],[[[127.40866,34.58976],[127.41882,34.58232],[127.43366,34.58824],[127.43284,34.58282],[127.4415,34.57789],[127.44585,34.57701],[127.45785,34.5855],[127.4649,34.57824],[127.47692,34.57402],[127.47803,34.57861],[127.48772,34.57364],[127.48665,34.57838],[127.48922,34.58226],[127.4962,34.58536],[127.49713,34.59017],[127.50226,34.59328],[127.50617,34.59189],[127.50625,34.6038],[127.50301,34.61066],[127.49764,34.61487],[127.49885,34.61904],[127.49465,34.6265],[127.49677,34.6321],[127.49155,34.63261],[127.4832,34.63689],[127.47455,34.63559],[127.47211,34.63806],[127.47139,34.6354],[127.47557,34.62788],[127.46436,34.62676],[127.46154,34.62391],[127.44856,34.62462],[127.43989,34.62962],[127.42438,34.62308],[127.42227,34.621],[127.40595,34.62405],[127.40436,34.62067],[127.3987,34.61909],[127.40394,34.61354],[127.40425,34.60575],[127.40224,34.60252],[127.40569,34.59645],[127.40932,34.59704],[127.40866,34.58976]]]]},"properties":{"code":"1274044000","name":"영남면","parent":"12740"}},{"type":"Feature","geometry":{"type":"MultiPolygon","coordinates":[[[[127.45814,34.68289],[127.46376,34.69098],[127.46148,34.69293],[127.45485,34.68767],[127.45814,34.68289]]],[[[127.44608,34.71014],[127.44824,34.71991],[127.44161,34.72079],[127.44191,34.71105],[127.43563,34.70848],[127.43913,34.70557],[127.44608,34.71014]]],[[[127.44524,34.66266],[127.44592,34.66787],[127.44947,34.67149],[127.43806,34.67953],[127.42875,34.68262],[127.42425,34.69144],[127.40414,34.70011],[127.40756,34.70262],[127.42027,34.70138],[127.42509,34.69802],[127.43018,34.69033],[127.43452,34.68932],[127.44358,34.68226],[127.44868,34.68279],[127.44792,34.68775],[127.45323,34.69127],[127.45205,34.69499],[127.44557,34.69712],[127.44269,34.69478],[127.43531,34.70073],[127.42546,34.70343],[127.42271,34.70143],[127.41475,34.70695],[127.40648,34.70458],[127.40118,34.70854],[127.39643,34.70713],[127.38765,34.71473],[127.39124,34.72034],[127.38301,34.723],[127.38128,34.71823],[127.38227,34.71088],[127.37985,34.70308],[127.37092,34.70386],[127.37231,34.69788],[127.36612,34.69552],[127.36013,34.69927],[127.35653,34.70389],[127.34919,34.70511],[127.34398,34.7095],[127.33464,34.70881],[127.33191,34.70706],[127.33078,34.7009],[127.32599,34.69245],[127.32697,34.68947],[127.31753,34.68208],[127.32016,34.67864],[127.31796,34.6695],[127.31997,34.66749],[127.33294,34.67044],[127.35716,34.67215],[127.3669,34.67656],[127.36999,34.67974],[127.37921,34.67272],[127.40406,34.67018],[127.4164,34.66404],[127.42698,34.66414],[127.43148,34.66185],[127.43589,34.66609],[127.44102,34.66272],[127.44524,34.66266]]]]},"properties":{"code":"1274038000","name":"과역면","parent":"12740"}},{"type":"Feature","geometry":{"type":"MultiPolygon","coordinates":[[[[127.31372,34.7272],[127.30662,34.72724],[127.30522,34.72124],[127.31243,34.7186],[127.31572,34.72252],[127.31372,34.7272]]],[[[127.38301,34.723],[127.37903,34.72738],[127.3795,34.73399],[127.37538,34.73683],[127.37329,34.74152],[127.38063,34.75057],[127.38917,34.7517],[127.39729,34.75676],[127.40229,34.76662],[127.39973,34.77072],[127.39298,34.77669],[127.38778,34.77475],[127.37407,34.77799],[127.36884,34.777],[127.36497,34.77465],[127.35439,34.77375],[127.34895,34.77029],[127.34372,34.76935],[127.33528,34.77032],[127.32919,34.7633],[127.33141,34.75962],[127.32653,34.75154],[127.32619,34.74793],[127.32867,34.72649],[127.33255,34.7148],[127.33859,34.71316],[127.34396,34.71453],[127.34398,34.7095],[127.34919,34.70511],[127.35653,34.70389],[127.36013,34.69927],[127.36612,34.69552],[127.37231,34.69788],[127.37092,34.70386],[127.37985,34.70308],[127.38227,34.71088],[127.38128,34.71823],[127.38301,34.723]]]]},"properties":{"code":"1274039000","name":"남양면","parent":"12740"}},{"type":"Feature","geometry":{"type":"Polygon","coordinates":[[[127.39108,34.78999],[127.38602,34.79238],[127.38711,34.79692],[127.38368,34.80227],[127.37803,34.80616],[127.37226,34.80665],[127.36617,34.81506],[127.35791,34.81634],[127.35481,34.81877],[127.35273,34.82526],[127.34717,34.82514],[127.34067,34.82784],[127.33735,34.82438],[127.32983,34.8239],[127.32564,34.82028],[127.31926,34.81087],[127.31362,34.81147],[127.29771,34.80907],[127.29102,34.8108],[127.2874,34.80715],[127.28268,34.79881],[127.27643,34.79227],[127.28626,34.78239],[127.29553,34.77699],[127.30172,34.7811],[127.30563,34.77598],[127.31644,34.77457],[127.32051,34.77088],[127.32685,34.77246],[127.33528,34.77032],[127.34372,34.76935],[127.34895,34.77029],[127.35439,34.77375],[127.36497,34.77465],[127.36884,34.777],[127.37432,34.77982],[127.38667,34.77905],[127.38688,34.78373],[127.39108,34.78999]]]},"properties":{"code":"1274040000","name":"동강면","parent":"12740"}},{"type":"Feature","geometry":{"type":"Polygon","coordinates":[[[127.27643,34.79227],[127.27164,34.79263],[127.26272,34.78751],[127.25432,34.78925],[127.24784,34.7885],[127.24743,34.77969],[127.24398,34.77497],[127.24487,34.76618],[127.24326,34.76075],[127.25183,34.74835],[127.25241,34.74176],[127.25971,34.733],[127.26426,34.73186],[127.272,34.74159],[127.27884,34.73796],[127.28004,34.73413],[127.28585,34.73593],[127.2892,34.73103],[127.29471,34.73258],[127.29724,34.7424],[127.30168,34.74416],[127.30357,34.74959],[127.31534,34.75295],[127.32653,34.75154],[127.33141,34.75962],[127.32919,34.7633],[127.33528,34.77032],[127.32685,34.77246],[127.32051,34.77088],[127.31644,34.77457],[127.30563,34.77598],[127.30172,34.7811],[127.29553,34.77699],[127.28626,34.78239],[127.27643,34.79227]]]},"properties":{"code":"1274041000","name":"대서면","parent":"12740"}},{"type":"Feature","geometry":{"type":"Polygon","coordinates":[[[127.31796,34.6695],[127.31465,34.66521],[127.29739,34.66914],[127.28663,34.66751],[127.28622,34.67049],[127.27948,34.67299],[127.28118,34.67753],[127.28056,34.68682],[127.28643,34.69109],[127.28631,34.69825],[127.28187,34.70081],[127.28043,34.71076],[127.27716,34.71168],[127.28117,34.71844],[127.27482,34.71726],[127.26864,34.71237],[127.26239,34.71586],[127.25864,34.71242],[127.25288,34.71129],[127.24764,34.7022],[127.24046,34.70039],[127.23955,34.69672],[127.24125,34.68883],[127.24368,34.68514],[127.24101,34.68146],[127.23264,34.67855],[127.22737,34.65684],[127.2276,34.64352],[127.22557,34.63904],[127.24436,34.63655],[127.24835,34.63501],[127.25685,34.6272],[127.26367,34.62346],[127.26843,34.62777],[127.27458,34.62748],[127.28766,34.62443],[127.29452,34.62913],[127.30344,34.62776],[127.30825,34.62518],[127.30834,34.61916],[127.31575,34.61709],[127.31967,34.6168],[127.32629,34.62219],[127.33508,34.62444],[127.33547,34.62956],[127.34546,34.63739],[127.33375,34.64717],[127.32934,34.64746],[127.32246,34.65173],[127.31885,34.65734],[127.31997,34.66749],[127.31796,34.6695]]]},"properties":{"code":"1274042000","name":"두원면","parent":"12740"}},{"type":"Feature","geometry":{"type":"Polygon","coordinates":[[[127.11791,34.76139],[127.11004,34.76353],[127.10717,34.76894],[127.09676,34.77583],[127.10015,34.78145],[127.09878,34.78766],[127.09508,34.7905],[127.09106,34.7887],[127.08677,34.79193],[127.08107,34.79282],[127.06273,34.78246],[127.0626,34.7716],[127.05911,34.76898],[127.05837,34.76457],[127.05264,34.76148],[127.0428,34.76151],[127.02389,34.77317],[127.01322,34.77142],[127.01745,34.75317],[127.02044,34.74841],[127.01749,34.74568],[127.01752,34.7406],[127.02727,34.73992],[127.02878,34.73247],[127.03244,34.73226],[127.04118,34.72657],[127.04836,34.72832],[127.05498,34.72471],[127.07121,34.7244],[127.07305,34.72044],[127.06938,34.71528],[127.07281,34.71233],[127.07949,34.71193],[127.09128,34.71317],[127.0947,34.71121],[127.09722,34.72014],[127.10573,34.73094],[127.11041,34.73376],[127.10956,34.74116],[127.11336,34.75317],[127.11791,34.76139]]]},"properties":{"code":"1275025000","name":"보성읍","parent":"12750"}},{"type":"Feature","geometry":{"type":"MultiPolygon","coordinates":[[[[127.41842,34.78511],[127.41866,34.78114],[127.42413,34.7792],[127.43036,34.77929],[127.42687,34.78561],[127.41842,34.78511]]],[[[127.46581,34.80153],[127.4612,34.80318],[127.46006,34.79277],[127.44936,34.79017],[127.44243,34.78114],[127.45288,34.77886],[127.45489,34.78497],[127.45256,34.78861],[127.46936,34.7934],[127.46581,34.80153]]],[[[127.30362,34.90096],[127.29119,34.90131],[127.28362,34.89796],[127.27981,34.89348],[127.2735,34.89032],[127.25932,34.89003],[127.25796,34.88605],[127.25232,34.8845],[127.25316,34.87361],[127.25135,34.86502],[127.24612,34.85867],[127.23821,34.85524],[127.22981,34.85475],[127.22682,34.84922],[127.22478,34.83983],[127.23019,34.83337],[127.24186,34.83368],[127.24795,34.83076],[127.26111,34.83364],[127.28374,34.82543],[127.28272,34.82123],[127.28556,34.81506],[127.29102,34.8108],[127.29771,34.80907],[127.31362,34.81147],[127.31926,34.81087],[127.32564,34.82028],[127.32983,34.8239],[127.33735,34.82438],[127.34067,34.82784],[127.34717,34.82514],[127.35273,34.82526],[127.35481,34.81877],[127.35791,34.81634],[127.36617,34.81506],[127.37226,34.80665],[127.37803,34.80616],[127.38368,34.80227],[127.38711,34.79692],[127.38602,34.79238],[127.39108,34.78999],[127.39503,34.79631],[127.40674,34.80225],[127.41273,34.80253],[127.42,34.81134],[127.39064,34.81789],[127.38307,34.82667],[127.36595,34.83136],[127.36875,34.83509],[127.3794,34.8368],[127.38511,34.83464],[127.38926,34.82879],[127.39597,34.82529],[127.40085,34.82505],[127.41703,34.83035],[127.41694,34.83249],[127.4135,34.83687],[127.40549,34.84201],[127.39738,34.84248],[127.39212,34.84011],[127.38006,34.84297],[127.37722,34.85034],[127.37869,34.85352],[127.3671,34.86255],[127.36643,34.86784],[127.36305,34.86822],[127.35691,34.86411],[127.34392,34.86736],[127.33968,34.87035],[127.34017,34.87773],[127.33625,34.88219],[127.33552,34.88971],[127.33073,34.88827],[127.32571,34.88346],[127.32327,34.88748],[127.31563,34.89124],[127.30362,34.90096]]]]},"properties":{"code":"1275025300","name":"벌교읍","parent":"12750"}},{"type":"Feature","geometry":{"type":"Polygon","coordinates":[[[127.08449,34.86929],[127.07183,34.86708],[127.06318,34.86095],[127.06094,34.84717],[127.04358,34.83844],[127.03744,34.83803],[127.03327,34.83648],[127.03049,34.83111],[127.03148,34.8258],[127.02844,34.82037],[127.02271,34.82027],[127.02273,34.81094],[127.01892,34.80471],[127.01833,34.79614],[127.01589,34.78771],[127.01787,34.78219],[127.024,34.77881],[127.02389,34.77317],[127.0428,34.76151],[127.05264,34.76148],[127.05837,34.76457],[127.05911,34.76898],[127.0626,34.7716],[127.06273,34.78246],[127.08107,34.79282],[127.08677,34.79193],[127.07852,34.79969],[127.07731,34.80678],[127.08311,34.81177],[127.08665,34.81979],[127.08516,34.82527],[127.0804,34.83001],[127.08221,34.83774],[127.08723,34.84183],[127.08884,34.84633],[127.08204,34.85179],[127.08252,34.86016],[127.08586,34.86355],[127.08449,34.86929]]]},"properties":{"code":"1275031000","name":"노동면","parent":"12750"}},{"type":"Feature","geometry":{"type":"Polygon","coordinates":[[[127.11274,34.84189],[127.10421,34.84435],[127.10261,34.85004],[127.09392,34.84889],[127.08884,34.84633],[127.08723,34.84183],[127.08221,34.83774],[127.0804,34.83001],[127.08516,34.82527],[127.08665,34.81979],[127.08311,34.81177],[127.07731,34.80678],[127.07852,34.79969],[127.08677,34.79193],[127.09106,34.7887],[127.09508,34.7905],[127.09878,34.78766],[127.10015,34.78145],[127.09676,34.77583],[127.10717,34.76894],[127.11004,34.76353],[127.11791,34.76139],[127.12333,34.76466],[127.12562,34.76906],[127.12294,34.77339],[127.12363,34.77803],[127.12232,34.787],[127.1245,34.79031],[127.12369,34.79618],[127.12758,34.79812],[127.13049,34.80802],[127.13511,34.81263],[127.1334,34.81953],[127.12978,34.82034],[127.12733,34.83043],[127.12863,34.8357],[127.11218,34.83544],[127.11274,34.84189]]]},"properties":{"code":"1275032000","name":"미력면","parent":"12750"}},{"type":"Feature","geometry":{"type":"Polygon","coordinates":[[[127.1509,34.87075],[127.14089,34.87675],[127.13704,34.87738],[127.12749,34.8708],[127.12346,34.86514],[127.12382,34.85492],[127.11412,34.84656],[127.11274,34.84189],[127.11218,34.83544],[127.12863,34.8357],[127.12733,34.83043],[127.12978,34.82034],[127.1334,34.81953],[127.13511,34.81263],[127.13049,34.80802],[127.12758,34.79812],[127.12369,34.79618],[127.1245,34.79031],[127.13545,34.79133],[127.1413,34.78907],[127.14731,34.79071],[127.1531,34.79473],[127.1575,34.79327],[127.16453,34.79777],[127.16683,34.79624],[127.16485,34.78878],[127.17985,34.78883],[127.18301,34.7952],[127.18952,34.79798],[127.20197,34.8011],[127.21209,34.80813],[127.21056,34.81883],[127.21274,34.82259],[127.21099,34.83419],[127.19343,34.834],[127.18792,34.8288],[127.18314,34.82791],[127.17534,34.83105],[127.17468,34.83373],[127.16498,34.83684],[127.16168,34.84059],[127.15976,34.85002],[127.16303,34.85081],[127.16264,34.85718],[127.15905,34.85872],[127.15444,34.86458],[127.14577,34.86251],[127.1509,34.87075]]]},"properties":{"code":"1275033000","name":"겸백면","parent":"12750"}},{"type":"Feature","geometry":{"type":"Polygon","coordinates":[[[127.22595,34.89872],[127.21754,34.89779],[127.21077,34.90192],[127.20588,34.90189],[127.19435,34.89889],[127.18663,34.89297],[127.18215,34.89087],[127.18205,34.88501],[127.17795,34.8801],[127.17212,34.8782],[127.16366,34.87835],[127.15828,34.88054],[127.15377,34.87657],[127.1509,34.87075],[127.14577,34.86251],[127.15444,34.86458],[127.15905,34.85872],[127.16264,34.85718],[127.16303,34.85081],[127.15976,34.85002],[127.16168,34.84059],[127.16498,34.83684],[127.17468,34.83373],[127.17534,34.83105],[127.18314,34.82791],[127.18792,34.8288],[127.19343,34.834],[127.21099,34.83419],[127.21823,34.83572],[127.22478,34.83983],[127.22682,34.84922],[127.22981,34.85475],[127.23821,34.85524],[127.24612,34.85867],[127.25135,34.86502],[127.25316,34.87361],[127.25232,34.8845],[127.24314,34.88686],[127.23609,34.8939],[127.22733,34.89566],[127.22595,34.89872]]]},"properties":{"code":"1275034000","name":"율어면","parent":"12750"}},{"type":"Feature","geometry":{"type":"Polygon","coordinates":[[[127.18663,34.89297],[127.17998,34.8979],[127.17518,34.89893],[127.17066,34.90946],[127.1643,34.91298],[127.15932,34.9137],[127.1643,34.92485],[127.15662,34.92637],[127.14505,34.9359],[127.14022,34.93671],[127.13471,34.94248],[127.13309,34.94726],[127.12105,34.94841],[127.11594,34.9528],[127.1085,34.94535],[127.10624,34.94544],[127.10021,34.93843],[127.08897,34.93603],[127.08637,34.92867],[127.08121,34.92665],[127.07921,34.91485],[127.08097,34.9106],[127.08056,34.90347],[127.08546,34.89583],[127.08235,34.88991],[127.08843,34.88522],[127.08586,34.88303],[127.08908,34.87408],[127.08449,34.86929],[127.08586,34.86355],[127.08252,34.86016],[127.08204,34.85179],[127.08884,34.84633],[127.09392,34.84889],[127.10261,34.85004],[127.10421,34.84435],[127.11274,34.84189],[127.11412,34.84656],[127.12382,34.85492],[127.12346,34.86514],[127.12749,34.8708],[127.13704,34.87738],[127.14089,34.87675],[127.1509,34.87075],[127.15377,34.87657],[127.15828,34.88054],[127.16366,34.87835],[127.17212,34.8782],[127.17795,34.8801],[127.18205,34.88501],[127.18215,34.89087],[127.18663,34.89297]]]},"properties":{"code":"1275035000","name":"복내면","parent":"12750"}},{"type":"Feature","geometry":{"type":"Polygon","coordinates":[[[127.23844,34.92316],[127.23682,34.92874],[127.23225,34.93634],[127.22378,34.94012],[127.22376,34.94784],[127.22077,34.95539],[127.21201,34.95816],[127.20372,34.967],[127.20892,34.97279],[127.20483,34.97652],[127.20131,34.9882],[127.19489,34.98774],[127.18838,34.98131],[127.19002,34.97098],[127.18302,34.97002],[127.17493,34.9779],[127.17322,34.97383],[127.163,34.96924],[127.15598,34.96798],[127.15164,34.96507],[127.14458,34.96403],[127.13422,34.9657],[127.12772,34.96869],[127.12207,34.96071],[127.11482,34.95728],[127.11594,34.9528],[127.12105,34.94841],[127.13309,34.94726],[127.13471,34.94248],[127.14022,34.93671],[127.14505,34.9359],[127.15662,34.92637],[127.1643,34.92485],[127.15932,34.9137],[127.1643,34.91298],[127.17066,34.90946],[127.17518,34.89893],[127.17998,34.8979],[127.18663,34.89297],[127.19435,34.89889],[127.20588,34.90189],[127.21077,34.90192],[127.21754,34.89779],[127.22595,34.89872],[127.2323,34.91801],[127.23844,34.92316]]]},"properties":{"code":"1275036000","name":"문덕면","parent":"12750"}},{"type":"Feature","geometry":{"type":"Polygon","coordinates":[[[127.29102,34.8108],[127.28556,34.81506],[127.28272,34.82123],[127.28374,34.82543],[127.26111,34.83364],[127.24795,34.83076],[127.24186,34.83368],[127.23019,34.83337],[127.22478,34.83983],[127.21823,34.83572],[127.21099,34.83419],[127.21274,34.82259],[127.21056,34.81883],[127.21209,34.80813],[127.20197,34.8011],[127.18952,34.79798],[127.19508,34.79202],[127.19608,34.78604],[127.2053,34.77676],[127.20297,34.77434],[127.20917,34.77049],[127.21773,34.76735],[127.22504,34.76789],[127.22878,34.76354],[127.23375,34.76264],[127.23835,34.76744],[127.239,34.77347],[127.24398,34.77497],[127.24743,34.77969],[127.24784,34.7885],[127.25432,34.78925],[127.26272,34.78751],[127.27164,34.79263],[127.27643,34.79227],[127.28268,34.79881],[127.2874,34.80715],[127.29102,34.8108]]]},"properties":{"code":"1275037000","name":"조성면","parent":"12750"}},{"type":"Feature","geometry":{"type":"Polygon","coordinates":[[[127.22878,34.76354],[127.22504,34.76789],[127.21773,34.76735],[127.20917,34.77049],[127.20297,34.77434],[127.2053,34.77676],[127.19608,34.78604],[127.19508,34.79202],[127.18952,34.79798],[127.18301,34.7952],[127.17985,34.78883],[127.16485,34.78878],[127.16683,34.79624],[127.16453,34.79777],[127.1575,34.79327],[127.1531,34.79473],[127.14731,34.79071],[127.1413,34.78907],[127.13545,34.79133],[127.1245,34.79031],[127.12232,34.787],[127.12363,34.77803],[127.12294,34.77339],[127.12562,34.76906],[127.12333,34.76466],[127.11791,34.76139],[127.11336,34.75317],[127.10956,34.74116],[127.11041,34.73376],[127.1189,34.73591],[127.12424,34.73267],[127.13406,34.72398],[127.14027,34.72039],[127.14194,34.71695],[127.14928,34.7122],[127.15616,34.71239],[127.16214,34.71567],[127.17023,34.70966],[127.17987,34.70805],[127.18441,34.70308],[127.18069,34.70082],[127.17591,34.69135],[127.18762,34.69629],[127.19061,34.70294],[127.19724,34.70598],[127.19956,34.71249],[127.20581,34.71816],[127.20639,34.72238],[127.21148,34.73042],[127.20939,34.73756],[127.22991,34.75842],[127.22878,34.76354]]]},"properties":{"code":"1275038000","name":"득량면","parent":"12750"}},{"type":"Feature","geometry":{"type":"Polygon","coordinates":[[[127.17591,34.69135],[127.18069,34.70082],[127.18441,34.70308],[127.17987,34.70805],[127.17023,34.70966],[127.16214,34.71567],[127.15616,34.71239],[127.14928,34.7122],[127.14194,34.71695],[127.14027,34.72039],[127.13406,34.72398],[127.12424,34.73267],[127.1189,34.73591],[127.11041,34.73376],[127.10573,34.73094],[127.09722,34.72014],[127.0947,34.71121],[127.09128,34.71317],[127.07949,34.71193],[127.07281,34.71233],[127.06938,34.71528],[127.067,34.70863],[127.06933,34.70328],[127.067,34.69955],[127.04898,34.69262],[127.04321,34.68766],[127.03188,34.68338],[127.02428,34.67588],[127.02983,34.66285],[127.04197,34.65442],[127.0464,34.6442],[127.04471,34.64175],[127.04663,34.63471],[127.05383,34.64197],[127.05625,34.64672],[127.06288,34.65107],[127.06178,34.65504],[127.06743,34.66271],[127.07229,34.66109],[127.07666,34.66454],[127.08302,34.66597],[127.08757,34.66917],[127.09564,34.66961],[127.1008,34.6756],[127.10723,34.67683],[127.11105,34.68039],[127.11052,34.68411],[127.11472,34.69344],[127.12443,34.70122],[127.12797,34.70244],[127.13575,34.70009],[127.14392,34.69263],[127.15126,34.69362],[127.1637,34.69131],[127.17129,34.69246],[127.17591,34.69135]]]},"properties":{"code":"1275039000","name":"회천면","parent":"12750"}},{"type":"Feature","geometry":{"type":"Polygon","coordinates":[[[127.06938,34.71528],[127.07305,34.72044],[127.07121,34.7244],[127.05498,34.72471],[127.04836,34.72832],[127.04118,34.72657],[127.03244,34.73226],[127.02878,34.73247],[127.02727,34.73992],[127.01752,34.7406],[127.01339,34.7345],[127.00914,34.73527],[127.00144,34.72768],[126.98876,34.72176],[126.98433,34.7117],[126.97576,34.71003],[126.97207,34.70607],[126.97483,34.70272],[126.97472,34.69726],[126.9816,34.69065],[126.97959,34.68456],[126.98171,34.68272],[126.99089,34.6832],[127.00498,34.68047],[127.01766,34.68245],[127.02428,34.67588],[127.03188,34.68338],[127.04321,34.68766],[127.04898,34.69262],[127.067,34.69955],[127.06933,34.70328],[127.067,34.70863],[127.06938,34.71528]]]},"properties":{"code":"1275040000","name":"웅치면","parent":"12750"}},{"type":"Feature","geometry":{"type":"Polygon","coordinates":[[[127.02933,35.08652],[127.0196,35.09979],[127.01319,35.10278],[127.00592,35.10983],[126.99787,35.11202],[126.98935,35.11074],[126.98635,35.10595],[126.98875,35.10128],[126.98838,35.09525],[126.98024,35.09216],[126.96669,35.08958],[126.95853,35.08266],[126.9586,35.07894],[126.95182,35.07303],[126.93238,35.07447],[126.92757,35.08043],[126.9245,35.08747],[126.91922,35.09153],[126.91078,35.08846],[126.90644,35.0826],[126.89932,35.08111],[126.89206,35.07816],[126.89572,35.07221],[126.89489,35.06134],[126.89955,35.05689],[126.89676,35.05201],[126.89021,35.04725],[126.89229,35.04453],[126.89945,35.04845],[126.91087,35.04669],[126.91395,35.04271],[126.92265,35.04094],[126.92007,35.032],[126.92606,35.03095],[126.93365,35.02687],[126.94128,35.02525],[126.94442,35.02123],[126.94554,35.03045],[126.95497,35.0294],[126.96694,35.03233],[126.97175,35.02832],[126.97178,35.02007],[126.97561,35.01566],[126.98098,35.01952],[126.9871,35.01835],[126.99378,35.02179],[127.00138,35.02596],[127.00655,35.03308],[127.00631,35.04182],[127.00438,35.04974],[127.01226,35.05244],[127.00818,35.05894],[127.0062,35.06673],[127.00962,35.07252],[127.00851,35.07883],[127.01624,35.07906],[127.02324,35.0818],[127.02933,35.08652]]]},"properties":{"code":"1276025000","name":"화순읍","parent":"12760"}},{"type":"Feature","geometry":{"type":"Polygon","coordinates":[[[126.99378,35.02179],[126.9871,35.01835],[126.98098,35.01952],[126.97561,35.01566],[126.97547,35.00531],[126.9698,34.99707],[126.97031,34.99322],[126.96739,34.98904],[126.9658,34.97937],[126.9606,34.97426],[126.96865,34.96901],[126.97414,34.9711],[126.98083,34.96523],[126.99116,34.96045],[126.99704,34.96329],[127.00091,34.96132],[127.00875,34.95398],[127.02294,34.95183],[127.02686,34.94967],[127.0249,34.94526],[127.02842,34.9418],[127.03589,34.9381],[127.04131,34.93868],[127.05585,34.93097],[127.06895,34.92744],[127.08121,34.92665],[127.08637,34.92867],[127.08897,34.93603],[127.10021,34.93843],[127.10624,34.94544],[127.10237,34.94475],[127.09783,34.9511],[127.09326,34.95303],[127.08959,34.96153],[127.08508,34.96747],[127.0757,34.97414],[127.07734,34.97789],[127.07856,34.98933],[127.07248,34.99136],[127.06573,34.99155],[127.05168,35.00088],[127.03714,34.99483],[127.02997,34.99494],[127.02563,34.98916],[127.01828,34.98564],[127.0128,34.99097],[127.00643,34.99476],[127.0024,35.00274],[127.00447,35.00603],[126.99973,35.00996],[127.00228,35.01578],[126.99378,35.02179]]]},"properties":{"code":"1276031000","name":"한천면","parent":"12760"}},{"type":"Feature","geometry":{"type":"Polygon","coordinates":[[[126.9606,34.97426],[126.95482,34.97874],[126.94792,34.97902],[126.94385,34.98516],[126.93381,34.98168],[126.92655,34.97131],[126.91201,34.96329],[126.90866,34.96466],[126.91547,34.95329],[126.91226,34.94508],[126.91743,34.93009],[126.91821,34.92432],[126.92148,34.92287],[126.92059,34.91526],[126.91021,34.90663],[126.90928,34.90329],[126.91405,34.90025],[126.91561,34.89316],[126.92037,34.89062],[126.92734,34.89216],[126.93361,34.89586],[126.93819,34.89535],[126.94144,34.89869],[126.94926,34.90205],[126.95043,34.90682],[126.95384,34.90827],[126.96075,34.92408],[126.96983,34.92406],[126.9724,34.93308],[126.97577,34.93621],[126.99068,34.93756],[126.99868,34.93338],[127.00762,34.94031],[127.00934,34.94377],[127.00617,34.94992],[127.00875,34.95398],[127.00091,34.96132],[126.99704,34.96329],[126.99116,34.96045],[126.98083,34.96523],[126.97414,34.9711],[126.96865,34.96901],[126.9606,34.97426]]]},"properties":{"code":"1276032000","name":"춘양면","parent":"12760"}},{"type":"Feature","geometry":{"type":"Polygon","coordinates":[[[126.99068,34.93756],[126.97577,34.93621],[126.9724,34.93308],[126.96983,34.92406],[126.96075,34.92408],[126.95384,34.90827],[126.95043,34.90682],[126.94926,34.90205],[126.94144,34.89869],[126.93819,34.89535],[126.93361,34.89586],[126.92734,34.89216],[126.92037,34.89062],[126.91911,34.88654],[126.92067,34.86986],[126.91991,34.86116],[126.9146,34.85808],[126.9073,34.85925],[126.90578,34.85602],[126.90593,34.84658],[126.92119,34.84541],[126.92397,34.8358],[126.92644,34.83207],[126.93879,34.82898],[126.94367,34.82463],[126.94992,34.82941],[126.94708,34.83402],[126.94898,34.83963],[126.95791,34.84166],[126.96432,34.84077],[126.9696,34.85034],[126.97869,34.85082],[126.98374,34.85491],[126.9836,34.85821],[126.98894,34.86654],[126.98486,34.87538],[126.98789,34.87928],[126.98366,34.88393],[126.9867,34.88866],[126.98691,34.90086],[126.98168,34.90482],[126.9797,34.9099],[126.98697,34.91919],[126.98596,34.93168],[126.99068,34.93756]]]},"properties":{"code":"1276033000","name":"청풍면","parent":"12760"}},{"type":"Feature","geometry":{"type":"Polygon","coordinates":[[[127.08121,34.92665],[127.06895,34.92744],[127.05585,34.93097],[127.04131,34.93868],[127.03589,34.9381],[127.02842,34.9418],[127.0249,34.94526],[127.02686,34.94967],[127.02294,34.95183],[127.00875,34.95398],[127.00617,34.94992],[127.00934,34.94377],[127.00762,34.94031],[126.99868,34.93338],[126.99068,34.93756],[126.98596,34.93168],[126.98697,34.91919],[126.9797,34.9099],[126.98168,34.90482],[126.98691,34.90086],[126.9867,34.88866],[126.98366,34.88393],[126.98789,34.87928],[126.98486,34.87538],[126.98894,34.86654],[126.9836,34.85821],[126.98374,34.85491],[126.97869,34.85082],[126.98108,34.844],[126.98597,34.84268],[126.99227,34.83558],[126.99702,34.83606],[127.01011,34.84129],[127.03744,34.83803],[127.04358,34.83844],[127.06094,34.84717],[127.06318,34.86095],[127.07183,34.86708],[127.08449,34.86929],[127.08908,34.87408],[127.08586,34.88303],[127.08843,34.88522],[127.08235,34.88991],[127.08546,34.89583],[127.08056,34.90347],[127.08097,34.9106],[127.07921,34.91485],[127.08121,34.92665]]]},"properties":{"code":"1276034000","name":"이양면","parent":"12760"}},{"type":"Feature","geometry":{"type":"Polygon","coordinates":[[[126.97561,35.01566],[126.97178,35.02007],[126.97175,35.02832],[126.96694,35.03233],[126.95497,35.0294],[126.94554,35.03045],[126.94442,35.02123],[126.94201,35.00814],[126.93433,35.01004],[126.92602,35.00714],[126.9262,35.00382],[126.93345,35.00414],[126.93687,35.00122],[126.94977,34.9965],[126.94579,34.99407],[126.93988,34.99395],[126.94385,34.98516],[126.94792,34.97902],[126.95482,34.97874],[126.9606,34.97426],[126.9658,34.97937],[126.96739,34.98904],[126.97031,34.99322],[126.9698,34.99707],[126.97547,35.00531],[126.97561,35.01566]]]},"properties":{"code":"1276035000","name":"능주면","parent":"12760"}},{"type":"Feature","geometry":{"type":"Polygon","coordinates":[[[126.94442,35.02123],[126.94128,35.02525],[126.93365,35.02687],[126.92606,35.03095],[126.92007,35.032],[126.92265,35.04094],[126.91395,35.04271],[126.91087,35.04669],[126.89945,35.04845],[126.89229,35.04453],[126.88955,35.03669],[126.88289,35.03199],[126.88264,35.02247],[126.8738,35.01848],[126.86864,35.00962],[126.87811,35.00648],[126.88508,35.00172],[126.89472,34.98941],[126.89123,34.98212],[126.8875,34.98097],[126.89161,34.97794],[126.89471,34.97044],[126.90604,34.96721],[126.90866,34.96466],[126.91201,34.96329],[126.92655,34.97131],[126.93381,34.98168],[126.94385,34.98516],[126.93988,34.99395],[126.94579,34.99407],[126.94977,34.9965],[126.93687,35.00122],[126.93345,35.00414],[126.9262,35.00382],[126.92602,35.00714],[126.93433,35.01004],[126.94201,35.00814],[126.94442,35.02123]]]},"properties":{"code":"1276036000","name":"도곡면","parent":"12760"}},{"type":"Feature","geometry":{"type":"Polygon","coordinates":[[[126.90866,34.96466],[126.90604,34.96721],[126.89471,34.97044],[126.89161,34.97794],[126.8875,34.98097],[126.88416,34.97312],[126.87707,34.96772],[126.87851,34.96222],[126.8817,34.96017],[126.8786,34.95216],[126.872,34.94713],[126.86641,34.93937],[126.87293,34.92631],[126.86948,34.91866],[126.87245,34.91706],[126.87198,34.90778],[126.87588,34.90329],[126.87471,34.89792],[126.86966,34.89045],[126.86058,34.8871],[126.85011,34.8865],[126.83642,34.88079],[126.83377,34.87763],[126.82389,34.87112],[126.83523,34.86733],[126.84336,34.86993],[126.84993,34.86786],[126.85873,34.86923],[126.86271,34.87275],[126.87039,34.87441],[126.8764,34.87266],[126.87839,34.87637],[126.88461,34.8772],[126.88767,34.87417],[126.89878,34.87292],[126.90415,34.86676],[126.9073,34.85925],[126.9146,34.85808],[126.91991,34.86116],[126.92067,34.86986],[126.91911,34.88654],[126.92037,34.89062],[126.91561,34.89316],[126.91405,34.90025],[126.90928,34.90329],[126.91021,34.90663],[126.92059,34.91526],[126.92148,34.92287],[126.91821,34.92432],[126.91743,34.93009],[126.91226,34.94508],[126.91547,34.95329],[126.90866,34.96466]]]},"properties":{"code":"1276037000","name":"도암면","parent":"12760"}},{"type":"Feature","geometry":{"type":"Polygon","coordinates":[[[127.08808,35.13136],[127.08537,35.12643],[127.07908,35.12292],[127.07985,35.11959],[127.07201,35.11584],[127.06477,35.12094],[127.06021,35.12098],[127.04996,35.12952],[127.04427,35.12874],[127.03482,35.13064],[127.02034,35.13838],[127.01046,35.13377],[127.00908,35.12441],[127.00396,35.12209],[127.00263,35.11839],[126.99757,35.11457],[126.99787,35.11202],[127.00592,35.10983],[127.01319,35.10278],[127.0196,35.09979],[127.02933,35.08652],[127.03669,35.08423],[127.04481,35.07618],[127.05023,35.08422],[127.06018,35.09106],[127.06511,35.08932],[127.07417,35.07885],[127.07996,35.07595],[127.08414,35.07114],[127.09374,35.06897],[127.09732,35.07724],[127.10148,35.08229],[127.11229,35.08932],[127.11909,35.09008],[127.1256,35.09417],[127.13102,35.1018],[127.12953,35.1106],[127.13309,35.11584],[127.13018,35.11982],[127.12308,35.1217],[127.11929,35.12909],[127.11539,35.12974],[127.11106,35.12657],[127.10686,35.13311],[127.10007,35.1336],[127.08808,35.13136]]]},"properties":{"code":"1276038000","name":"이서면","parent":"12760"}},{"type":"Feature","geometry":{"type":"Polygon","coordinates":[[[127.18446,35.21419],[127.17794,35.21244],[127.1697,35.20543],[127.16098,35.20009],[127.14535,35.19426],[127.13206,35.19391],[127.12067,35.19741],[127.11688,35.19466],[127.11691,35.18934],[127.1078,35.19176],[127.09869,35.18825],[127.09301,35.18247],[127.08098,35.18024],[127.06548,35.18438],[127.06348,35.18116],[127.06757,35.17493],[127.06915,35.16245],[127.07352,35.15305],[127.08401,35.1445],[127.08413,35.13868],[127.08808,35.13136],[127.10007,35.1336],[127.10686,35.13311],[127.11106,35.12657],[127.11539,35.12974],[127.11929,35.12909],[127.12308,35.1217],[127.13018,35.11982],[127.13309,35.11584],[127.1428,35.11867],[127.1506,35.11789],[127.16035,35.12133],[127.16501,35.12535],[127.17321,35.12574],[127.17455,35.13163],[127.17741,35.13228],[127.19301,35.13014],[127.19768,35.13244],[127.19588,35.13997],[127.19765,35.14657],[127.19578,35.1505],[127.19722,35.15666],[127.18918,35.16509],[127.19386,35.17157],[127.19564,35.18017],[127.20168,35.18602],[127.19791,35.19377],[127.19818,35.1998],[127.19606,35.20452],[127.19171,35.20599],[127.18836,35.21181],[127.18446,35.21419]]]},"properties":{"code":"1276039500","name":"백아면","parent":"12760"}},{"type":"Feature","geometry":{"type":"Polygon","coordinates":[[[127.19301,35.13014],[127.17741,35.13228],[127.17455,35.13163],[127.17321,35.12574],[127.16501,35.12535],[127.16035,35.12133],[127.1506,35.11789],[127.1428,35.11867],[127.13309,35.11584],[127.12953,35.1106],[127.13102,35.1018],[127.1256,35.09417],[127.11909,35.09008],[127.11229,35.08932],[127.10148,35.08229],[127.09732,35.07724],[127.09374,35.06897],[127.09588,35.05052],[127.09715,35.04758],[127.10194,35.04139],[127.10612,35.03868],[127.11489,35.03638],[127.12165,35.04073],[127.12688,35.04086],[127.13271,35.0382],[127.13889,35.03776],[127.14374,35.04394],[127.15147,35.04883],[127.16583,35.0495],[127.16947,35.0446],[127.17159,35.03595],[127.1835,35.03465],[127.1836,35.0481],[127.18497,35.05606],[127.18837,35.05838],[127.19179,35.06443],[127.18528,35.06979],[127.18464,35.08436],[127.18517,35.0919],[127.18223,35.09553],[127.18676,35.10167],[127.18711,35.10605],[127.19052,35.11241],[127.18735,35.11667],[127.18767,35.12374],[127.19301,35.13014]]]},"properties":{"code":"1276040000","name":"동복면","parent":"12760"}},{"type":"Feature","geometry":{"type":"Polygon","coordinates":[[[127.1835,35.03465],[127.17159,35.03595],[127.16947,35.0446],[127.16583,35.0495],[127.15147,35.04883],[127.14374,35.04394],[127.13889,35.03776],[127.13271,35.0382],[127.12688,35.04086],[127.12165,35.04073],[127.11489,35.03638],[127.10612,35.03868],[127.10194,35.04139],[127.09715,35.04758],[127.09217,35.04205],[127.08608,35.04112],[127.08075,35.02757],[127.08242,35.02352],[127.07944,35.01837],[127.06978,35.01773],[127.0632,35.01095],[127.05625,35.00899],[127.05168,35.00088],[127.06573,34.99155],[127.07248,34.99136],[127.07856,34.98933],[127.07734,34.97789],[127.0757,34.97414],[127.08508,34.96747],[127.08959,34.96153],[127.09326,34.95303],[127.09783,34.9511],[127.10237,34.94475],[127.10624,34.94544],[127.1085,34.94535],[127.11594,34.9528],[127.11482,34.95728],[127.12207,34.96071],[127.12772,34.96869],[127.13422,34.9657],[127.14458,34.96403],[127.15164,34.96507],[127.15598,34.96798],[127.163,34.96924],[127.17322,34.97383],[127.17493,34.9779],[127.17913,34.98538],[127.17494,34.98833],[127.17763,34.99338],[127.17575,34.9973],[127.17859,35.00703],[127.1877,35.01251],[127.18569,35.02023],[127.18689,35.02824],[127.1835,35.03465]]]},"properties":{"code":"1276041500","name":"사평면","parent":"12760"}},{"type":"Feature","geometry":{"type":"Polygon","coordinates":[[[127.09374,35.06897],[127.08414,35.07114],[127.07996,35.07595],[127.07417,35.07885],[127.06511,35.08932],[127.06018,35.09106],[127.05023,35.08422],[127.04481,35.07618],[127.03669,35.08423],[127.02933,35.08652],[127.02324,35.0818],[127.01624,35.07906],[127.00851,35.07883],[127.00962,35.07252],[127.0062,35.06673],[127.00818,35.05894],[127.01226,35.05244],[127.00438,35.04974],[127.00631,35.04182],[127.00655,35.03308],[127.00138,35.02596],[126.99378,35.02179],[127.00228,35.01578],[126.99973,35.00996],[127.00447,35.00603],[127.0024,35.00274],[127.00643,34.99476],[127.0128,34.99097],[127.01828,34.98564],[127.02563,34.98916],[127.02997,34.99494],[127.03714,34.99483],[127.05168,35.00088],[127.05625,35.00899],[127.0632,35.01095],[127.06978,35.01773],[127.07944,35.01837],[127.08242,35.02352],[127.08075,35.02757],[127.08608,35.04112],[127.09217,35.04205],[127.09715,35.04758],[127.09588,35.05052],[127.09374,35.06897]]]},"properties":{"code":"1276042000","name":"동면","parent":"12760"}},{"type":"Feature","geometry":{"type":"Polygon","coordinates":[[[126.86919,34.71362],[126.85955,34.71721],[126.84768,34.71618],[126.84839,34.70761],[126.85466,34.69992],[126.85347,34.69657],[126.85566,34.68165],[126.86059,34.67785],[126.86369,34.6721],[126.86749,34.67035],[126.8676,34.66413],[126.86556,34.66042],[126.87399,34.65279],[126.87388,34.64716],[126.8706,34.64006],[126.87142,34.63372],[126.87912,34.62629],[126.88547,34.62771],[126.89305,34.63293],[126.89664,34.64274],[126.90468,34.64779],[126.90851,34.65297],[126.91728,34.6548],[126.92733,34.66003],[126.93749,34.66015],[126.93718,34.6686],[126.93519,34.67386],[126.94008,34.67928],[126.95395,34.68332],[126.95857,34.68669],[126.97489,34.68607],[126.97959,34.68456],[126.9816,34.69065],[126.97472,34.69726],[126.97483,34.70272],[126.97207,34.70607],[126.96381,34.70674],[126.95288,34.71243],[126.94787,34.71173],[126.93731,34.70638],[126.93129,34.71017],[126.92378,34.70944],[126.91859,34.70339],[126.91522,34.70429],[126.91027,34.70087],[126.90142,34.70071],[126.8904,34.69673],[126.88495,34.69874],[126.87936,34.6977],[126.87207,34.70118],[126.86919,34.71362]]]},"properties":{"code":"1277025000","name":"장흥읍","parent":"12770"}},{"type":"Feature","geometry":{"type":"Polygon","coordinates":[[[126.99319,34.58321],[126.98817,34.58428],[126.98439,34.59043],[126.98566,34.59787],[126.97913,34.60281],[126.96342,34.60095],[126.95762,34.59433],[126.94994,34.59219],[126.95191,34.58426],[126.95518,34.58033],[126.95232,34.57575],[126.9383,34.57207],[126.93192,34.57236],[126.9274,34.57508],[126.92159,34.57435],[126.91439,34.58058],[126.90724,34.5792],[126.89898,34.58417],[126.89021,34.59138],[126.87972,34.5911],[126.87203,34.59476],[126.86816,34.59453],[126.86585,34.591],[126.86972,34.58297],[126.87645,34.57799],[126.87605,34.57335],[126.87897,34.56424],[126.87658,34.56072],[126.87621,34.55196],[126.88455,34.54734],[126.88581,34.54445],[126.89538,34.54293],[126.89921,34.53907],[126.91193,34.53548],[126.91959,34.5315],[126.91906,34.5257],[126.92302,34.52216],[126.9245,34.51736],[126.92224,34.51296],[126.92211,34.50587],[126.92752,34.49571],[126.93998,34.50214],[126.94451,34.50145],[126.95003,34.50445],[126.96731,34.50483],[126.968,34.50973],[126.97714,34.50975],[126.97321,34.51657],[126.97157,34.52566],[126.96496,34.52313],[126.96235,34.53472],[126.97209,34.5429],[126.97744,34.54338],[126.98186,34.53962],[126.98905,34.5404],[126.98618,34.54629],[126.98989,34.55375],[126.98658,34.55577],[126.98898,34.56183],[126.99769,34.56228],[127.00325,34.55466],[127.00555,34.5682],[127.0025,34.56963],[126.99714,34.56653],[126.98547,34.56888],[126.97984,34.57266],[126.99319,34.58321]]]},"properties":{"code":"1277025300","name":"관산읍","parent":"12770"}},{"type":"Feature","geometry":{"type":"Polygon","coordinates":[[[126.92752,34.49571],[126.92211,34.50587],[126.92224,34.51296],[126.9245,34.51736],[126.92302,34.52216],[126.91906,34.5257],[126.91959,34.5315],[126.91193,34.53548],[126.89921,34.53907],[126.89538,34.54293],[126.88581,34.54445],[126.88159,34.54017],[126.87706,34.53979],[126.86641,34.53249],[126.86291,34.52827],[126.85861,34.52798],[126.85495,34.51859],[126.84396,34.50602],[126.84491,34.50418],[126.85029,34.49526],[126.8503,34.48686],[126.85193,34.48144],[126.85021,34.47837],[126.85429,34.4742],[126.85439,34.46933],[126.8514,34.46459],[126.85147,34.45912],[126.84512,34.45134],[126.84714,34.44759],[126.85451,34.44322],[126.861,34.44121],[126.86347,34.436],[126.86787,34.43923],[126.87494,34.43556],[126.88003,34.43002],[126.88081,34.42576],[126.88711,34.42859],[126.88701,34.43355],[126.88257,34.43914],[126.87814,34.44953],[126.87304,34.45256],[126.87667,34.45672],[126.89962,34.45527],[126.89981,34.46535],[126.90452,34.47325],[126.90945,34.47137],[126.91576,34.47721],[126.91431,34.48067],[126.90552,34.48982],[126.91401,34.49839],[126.92184,34.49509],[126.92752,34.49571]]]},"properties":{"code":"1277025600","name":"대덕읍","parent":"12770"}},{"type":"Feature","geometry":{"type":"Polygon","coordinates":[[[126.93749,34.66015],[126.92733,34.66003],[126.91728,34.6548],[126.90851,34.65297],[126.90468,34.64779],[126.89664,34.64274],[126.89305,34.63293],[126.88547,34.62771],[126.87912,34.62629],[126.87463,34.62002],[126.86695,34.62043],[126.85838,34.62397],[126.84973,34.61845],[126.85385,34.61548],[126.85351,34.60477],[126.8568,34.59897],[126.86816,34.59453],[126.87203,34.59476],[126.87972,34.5911],[126.89021,34.59138],[126.89898,34.58417],[126.90724,34.5792],[126.91439,34.58058],[126.92159,34.57435],[126.9274,34.57508],[126.93192,34.57236],[126.9383,34.57207],[126.95232,34.57575],[126.95518,34.58033],[126.95191,34.58426],[126.94994,34.59219],[126.95762,34.59433],[126.96342,34.60095],[126.97913,34.60281],[126.98566,34.59787],[126.98439,34.59043],[126.98817,34.58428],[126.99319,34.58321],[126.99331,34.59403],[126.99988,34.59771],[126.99988,34.60419],[127.0091,34.60533],[127.00847,34.60962],[127.0021,34.61067],[126.99447,34.61461],[126.995,34.62276],[126.988,34.62284],[126.97867,34.62486],[126.96669,34.62337],[126.96382,34.62613],[126.96045,34.62823],[126.96273,34.63232],[126.9587,34.63631],[126.95967,34.64397],[126.95772,34.64966],[126.94793,34.65275],[126.94235,34.65033],[126.93658,34.65328],[126.93749,34.66015]]]},"properties":{"code":"1277031000","name":"용산면","parent":"12770"}},{"type":"Feature","geometry":{"type":"MultiPolygon","coordinates":[[[[127.01324,34.62073],[127.00878,34.61661],[127.0156,34.61273],[127.01324,34.62073]]],[[[127.02428,34.67588],[127.01766,34.68245],[127.00498,34.68047],[126.99089,34.6832],[126.98171,34.68272],[126.97959,34.68456],[126.97489,34.68607],[126.95857,34.68669],[126.95395,34.68332],[126.94008,34.67928],[126.93519,34.67386],[126.93718,34.6686],[126.93749,34.66015],[126.93658,34.65328],[126.94235,34.65033],[126.94793,34.65275],[126.95772,34.64966],[126.95967,34.64397],[126.9587,34.63631],[126.96273,34.63232],[126.96045,34.62823],[126.96382,34.62613],[126.98463,34.62787],[127.012,34.62462],[127.02415,34.62815],[127.02843,34.62789],[127.03239,34.63275],[127.0408,34.63651],[127.04663,34.63471],[127.04471,34.64175],[127.0464,34.6442],[127.04197,34.65442],[127.02983,34.66285],[127.02428,34.67588]]]]},"properties":{"code":"1277032000","name":"안양면","parent":"12770"}},{"type":"Feature","geometry":{"type":"Polygon","coordinates":[[[127.01589,34.78771],[127.00969,34.78495],[126.9997,34.7883],[126.99375,34.78439],[126.98954,34.78451],[126.98294,34.78136],[126.97746,34.77286],[126.97699,34.76708],[126.96856,34.76239],[126.96774,34.76025],[126.95418,34.75941],[126.9445,34.76342],[126.93683,34.76054],[126.93908,34.7556],[126.93159,34.74703],[126.93048,34.74179],[126.92429,34.73652],[126.93238,34.73344],[126.93737,34.74099],[126.94154,34.73919],[126.94547,34.73287],[126.94188,34.72473],[126.94364,34.71814],[126.94787,34.71173],[126.95288,34.71243],[126.96381,34.70674],[126.97207,34.70607],[126.97576,34.71003],[126.98433,34.7117],[126.98876,34.72176],[127.00144,34.72768],[127.00914,34.73527],[127.01339,34.7345],[127.01752,34.7406],[127.01749,34.74568],[127.02044,34.74841],[127.01745,34.75317],[127.01322,34.77142],[127.02389,34.77317],[127.024,34.77881],[127.01787,34.78219],[127.01589,34.78771]]]},"properties":{"code":"1277033000","name":"장동면","parent":"12770"}},{"type":"Feature","geometry":{"type":"Polygon","coordinates":[[[127.03744,34.83803],[127.01011,34.84129],[126.99702,34.83606],[126.99227,34.83558],[126.98597,34.84268],[126.98108,34.844],[126.97869,34.85082],[126.9696,34.85034],[126.96432,34.84077],[126.95791,34.84166],[126.94898,34.83963],[126.94708,34.83402],[126.94992,34.82941],[126.94367,34.82463],[126.93879,34.82898],[126.92644,34.83207],[126.92397,34.8358],[126.92119,34.84541],[126.90593,34.84658],[126.89856,34.84286],[126.89445,34.83244],[126.89768,34.8297],[126.90266,34.81928],[126.91013,34.81294],[126.9089,34.8086],[126.91655,34.80256],[126.91759,34.78767],[126.91535,34.78281],[126.92141,34.77693],[126.91984,34.77349],[126.92197,34.76937],[126.93083,34.76698],[126.93455,34.76786],[126.93683,34.76054],[126.9445,34.76342],[126.95418,34.75941],[126.96774,34.76025],[126.96856,34.76239],[126.97699,34.76708],[126.97746,34.77286],[126.98294,34.78136],[126.98954,34.78451],[126.99375,34.78439],[126.9997,34.7883],[127.00969,34.78495],[127.01589,34.78771],[127.01833,34.79614],[127.01892,34.80471],[127.02273,34.81094],[127.02271,34.82027],[127.02844,34.82037],[127.03148,34.8258],[127.03049,34.83111],[127.03327,34.83648],[127.03744,34.83803]]]},"properties":{"code":"1277034000","name":"장평면","parent":"12770"}},{"type":"Feature","geometry":{"type":"Polygon","coordinates":[[[126.9073,34.85925],[126.90415,34.86676],[126.89878,34.87292],[126.88767,34.87417],[126.88461,34.8772],[126.87839,34.87637],[126.8764,34.87266],[126.87039,34.87441],[126.86271,34.87275],[126.85873,34.86923],[126.8589,34.86254],[126.85661,34.86044],[126.85703,34.85351],[126.84922,34.84416],[126.84386,34.84001],[126.83008,34.83619],[126.82293,34.83627],[126.81882,34.83123],[126.80725,34.82873],[126.80518,34.81865],[126.80105,34.81376],[126.80074,34.80298],[126.79322,34.79422],[126.79556,34.78761],[126.79587,34.7805],[126.8024,34.77714],[126.81085,34.77862],[126.81702,34.7767],[126.81704,34.77159],[126.81416,34.76797],[126.818,34.76494],[126.81881,34.75701],[126.82216,34.75324],[126.82551,34.7437],[126.83148,34.73718],[126.83539,34.73637],[126.84018,34.73374],[126.84212,34.72565],[126.85101,34.72259],[126.84768,34.71618],[126.85955,34.71721],[126.86919,34.71362],[126.87961,34.71561],[126.88124,34.72642],[126.88645,34.73048],[126.89154,34.74036],[126.88943,34.74933],[126.88725,34.74956],[126.88182,34.75676],[126.88603,34.76051],[126.88957,34.75993],[126.89679,34.76631],[126.91372,34.77387],[126.91984,34.77349],[126.92141,34.77693],[126.91535,34.78281],[126.91759,34.78767],[126.91655,34.80256],[126.9089,34.8086],[126.91013,34.81294],[126.90266,34.81928],[126.89768,34.8297],[126.89445,34.83244],[126.89856,34.84286],[126.90593,34.84658],[126.90578,34.85602],[126.9073,34.85925]]]},"properties":{"code":"1277035000","name":"유치면","parent":"12770"}},{"type":"Feature","geometry":{"type":"Polygon","coordinates":[[[126.91984,34.77349],[126.91372,34.77387],[126.89679,34.76631],[126.88957,34.75993],[126.88603,34.76051],[126.88182,34.75676],[126.88725,34.74956],[126.88943,34.74933],[126.89154,34.74036],[126.88645,34.73048],[126.88124,34.72642],[126.87961,34.71561],[126.86919,34.71362],[126.87207,34.70118],[126.87936,34.6977],[126.88495,34.69874],[126.8904,34.69673],[126.90142,34.70071],[126.91027,34.70087],[126.91522,34.70429],[126.91859,34.70339],[126.92378,34.70944],[126.93129,34.71017],[126.93731,34.70638],[126.94787,34.71173],[126.94364,34.71814],[126.94188,34.72473],[126.94547,34.73287],[126.94154,34.73919],[126.93737,34.74099],[126.93238,34.73344],[126.92429,34.73652],[126.93048,34.74179],[126.93159,34.74703],[126.93908,34.7556],[126.93683,34.76054],[126.93455,34.76786],[126.93083,34.76698],[126.92197,34.76937],[126.91984,34.77349]]]},"properties":{"code":"1277036000","name":"부산면","parent":"12770"}},{"type":"Feature","geometry":{"type":"MultiPolygon","coordinates":[[[[126.96369,34.46552],[126.95851,34.46028],[126.96442,34.45255],[126.96789,34.45571],[126.96941,34.46271],[126.96369,34.46552]]],[[[126.96731,34.50483],[126.95003,34.50445],[126.94451,34.50145],[126.93998,34.50214],[126.92752,34.49571],[126.92184,34.49509],[126.91401,34.49839],[126.90552,34.48982],[126.91431,34.48067],[126.91576,34.47721],[126.90945,34.47137],[126.90452,34.47325],[126.89981,34.46535],[126.89962,34.45527],[126.92555,34.45266],[126.93017,34.44671],[126.93791,34.44768],[126.947,34.45643],[126.94146,34.46244],[126.94094,34.46996],[126.9378,34.47586],[126.93936,34.48051],[126.945,34.48323],[126.94878,34.4771],[126.95732,34.46849],[126.96238,34.47178],[126.96813,34.47831],[126.9752,34.47465],[126.97859,34.47878],[126.97661,34.48731],[126.96712,34.49159],[126.96346,34.49599],[126.96233,34.50171],[126.96731,34.50483]]]]},"properties":{"code":"1277037000","name":"회진면","parent":"12770"}},{"type":"Feature","geometry":{"type":"Polygon","coordinates":[[[126.76725,34.66619],[126.76053,34.66419],[126.75226,34.66575],[126.74591,34.66522],[126.74477,34.6622],[126.73475,34.65873],[126.73259,34.65473],[126.72577,34.66034],[126.72334,34.65771],[126.71511,34.65861],[126.70768,34.65759],[126.70171,34.66205],[126.69438,34.66096],[126.69211,34.65803],[126.6963,34.65398],[126.69724,34.64996],[126.69018,34.64502],[126.6883,34.63886],[126.68233,34.6327],[126.68815,34.63161],[126.69361,34.62845],[126.69805,34.63015],[126.71085,34.62314],[126.71019,34.61304],[126.71197,34.60964],[126.71924,34.60478],[126.72738,34.60156],[126.73192,34.59419],[126.75367,34.58931],[126.76329,34.58882],[126.76993,34.59191],[126.77169,34.60302],[126.77004,34.61603],[126.77896,34.62372],[126.78251,34.63307],[126.77995,34.63933],[126.77927,34.65084],[126.77615,34.65815],[126.7672,34.66175],[126.76725,34.66619]]]},"properties":{"code":"1278025000","name":"강진읍","parent":"12780"}},{"type":"Feature","geometry":{"type":"Polygon","coordinates":[[[126.82876,34.6712],[126.82648,34.67088],[126.82209,34.67834],[126.81433,34.67861],[126.80768,34.68249],[126.7989,34.68284],[126.79981,34.67851],[126.78826,34.67472],[126.78377,34.66985],[126.77593,34.67264],[126.77031,34.67013],[126.76725,34.66619],[126.7672,34.66175],[126.77615,34.65815],[126.77927,34.65084],[126.77995,34.63933],[126.78251,34.63307],[126.78064,34.62165],[126.78153,34.61717],[126.78668,34.61727],[126.7896,34.61399],[126.80059,34.61323],[126.80455,34.60652],[126.8143,34.60159],[126.8391,34.60972],[126.8375,34.6143],[126.84286,34.61784],[126.84973,34.61845],[126.85838,34.62397],[126.86695,34.62043],[126.87463,34.62002],[126.87912,34.62629],[126.87142,34.63372],[126.8706,34.64006],[126.87388,34.64716],[126.87399,34.65279],[126.86556,34.66042],[126.8676,34.66413],[126.86749,34.67035],[126.86369,34.6721],[126.86059,34.67785],[126.85566,34.68165],[126.84677,34.68166],[126.84386,34.67395],[126.83828,34.67483],[126.82876,34.6712]]]},"properties":{"code":"1278031000","name":"군동면","parent":"12780"}},{"type":"Feature","geometry":{"type":"Polygon","coordinates":[[[126.84973,34.61845],[126.84286,34.61784],[126.8375,34.6143],[126.8391,34.60972],[126.8143,34.60159],[126.80455,34.60652],[126.80059,34.61323],[126.7896,34.61399],[126.78668,34.61727],[126.78153,34.61717],[126.78064,34.62165],[126.77835,34.61758],[126.77914,34.60391],[126.78184,34.59785],[126.77762,34.59496],[126.78038,34.59018],[126.78854,34.58644],[126.78984,34.5816],[126.78565,34.57706],[126.78857,34.572],[126.79284,34.56995],[126.79372,34.56486],[126.78951,34.56083],[126.79133,34.55755],[126.78879,34.55372],[126.79133,34.5475],[126.79016,34.5379],[126.79622,34.54554],[126.79841,34.54334],[126.80812,34.5433],[126.80947,34.53746],[126.81317,34.53376],[126.82058,34.53802],[126.83245,34.5426],[126.83672,34.54207],[126.84316,34.54596],[126.84713,34.54522],[126.86243,34.53418],[126.86291,34.52827],[126.86641,34.53249],[126.87706,34.53979],[126.88159,34.54017],[126.88581,34.54445],[126.88455,34.54734],[126.87621,34.55196],[126.87658,34.56072],[126.87897,34.56424],[126.87605,34.57335],[126.87645,34.57799],[126.86972,34.58297],[126.86585,34.591],[126.86816,34.59453],[126.8568,34.59897],[126.85351,34.60477],[126.85385,34.61548],[126.84973,34.61845]]]},"properties":{"code":"1278032000","name":"칠량면","parent":"12780"}},{"type":"Feature","geometry":{"type":"Polygon","coordinates":[[[126.86291,34.52827],[126.86243,34.53418],[126.84713,34.54522],[126.84316,34.54596],[126.83672,34.54207],[126.83245,34.5426],[126.82058,34.53802],[126.81317,34.53376],[126.80947,34.53746],[126.80812,34.5433],[126.79841,34.54334],[126.79622,34.54554],[126.79016,34.5379],[126.79133,34.52878],[126.78907,34.51793],[126.78657,34.51285],[126.79152,34.50995],[126.79072,34.50258],[126.79182,34.48886],[126.79504,34.48837],[126.79693,34.48039],[126.78728,34.47742],[126.78502,34.4692],[126.79171,34.4664],[126.79675,34.46769],[126.79702,34.47036],[126.80887,34.47439],[126.80758,34.47818],[126.81399,34.48258],[126.81573,34.48841],[126.82306,34.49585],[126.83185,34.49413],[126.83876,34.49723],[126.84024,34.50315],[126.84491,34.50418],[126.84396,34.50602],[126.85495,34.51859],[126.85861,34.52798],[126.86291,34.52827]]]},"properties":{"code":"1278033000","name":"대구면","parent":"12780"}},{"type":"Feature","geometry":{"type":"Polygon","coordinates":[[[126.84512,34.45134],[126.85147,34.45912],[126.8514,34.46459],[126.85439,34.46933],[126.85429,34.4742],[126.85021,34.47837],[126.85193,34.48144],[126.8503,34.48686],[126.85029,34.49526],[126.84491,34.50418],[126.84024,34.50315],[126.83876,34.49723],[126.83185,34.49413],[126.82306,34.49585],[126.81573,34.48841],[126.81399,34.48258],[126.80758,34.47818],[126.80887,34.47439],[126.79702,34.47036],[126.79675,34.46769],[126.8087,34.46811],[126.80432,34.45876],[126.80701,34.45286],[126.81136,34.45476],[126.81952,34.44866],[126.8299,34.44759],[126.84512,34.45134]]]},"properties":{"code":"1278040000","name":"마량면","parent":"12780"}},{"type":"Feature","geometry":{"type":"Polygon","coordinates":[[[126.69805,34.63015],[126.69876,34.62789],[126.69283,34.62339],[126.69046,34.61855],[126.6884,34.60712],[126.6815,34.60139],[126.67571,34.59853],[126.67271,34.59402],[126.67183,34.59199],[126.67992,34.58623],[126.68299,34.576],[126.68729,34.57277],[126.69508,34.56381],[126.69316,34.55717],[126.68425,34.54594],[126.67963,34.5422],[126.67226,34.53906],[126.66891,34.53473],[126.67493,34.53114],[126.68284,34.53037],[126.68493,34.528],[126.69341,34.53207],[126.69696,34.53604],[126.71041,34.52777],[126.72188,34.52371],[126.72879,34.52622],[126.73108,34.52099],[126.74222,34.51828],[126.74559,34.512],[126.76055,34.51177],[126.75905,34.52604],[126.76837,34.52633],[126.76411,34.5338],[126.76573,34.53718],[126.76464,34.5456],[126.76848,34.55488],[126.76576,34.56305],[126.77012,34.58888],[126.76993,34.59191],[126.76329,34.58882],[126.75367,34.58931],[126.73192,34.59419],[126.72738,34.60156],[126.71924,34.60478],[126.71197,34.60964],[126.71019,34.61304],[126.71085,34.62314],[126.69805,34.63015]]]},"properties":{"code":"1278034000","name":"도암면","parent":"12780"}},{"type":"Feature","geometry":{"type":"Polygon","coordinates":[[[126.76055,34.51177],[126.74559,34.512],[126.74222,34.51828],[126.73108,34.52099],[126.72879,34.52622],[126.72188,34.52371],[126.71041,34.52777],[126.69696,34.53604],[126.69341,34.53207],[126.68493,34.528],[126.68615,34.52311],[126.68044,34.51623],[126.68145,34.51114],[126.68637,34.50917],[126.68527,34.50245],[126.68577,34.49302],[126.6829,34.49036],[126.6839,34.48262],[126.6824,34.47377],[126.68414,34.46962],[126.68998,34.46808],[126.69795,34.47115],[126.71693,34.47048],[126.72104,34.46391],[126.7285,34.45789],[126.73485,34.45462],[126.74819,34.47189],[126.7472,34.47809],[126.74119,34.48036],[126.73846,34.486],[126.74072,34.48812],[126.75806,34.49376],[126.76168,34.50286],[126.76055,34.51177]]]},"properties":{"code":"1278035000","name":"신전면","parent":"12780"}},{"type":"Feature","geometry":{"type":"Polygon","coordinates":[[[126.74325,34.75673],[126.73465,34.75701],[126.72914,34.76111],[126.72204,34.75898],[126.71399,34.76049],[126.70983,34.76568],[126.70486,34.76689],[126.69607,34.76044],[126.69235,34.7554],[126.68686,34.75392],[126.68053,34.7534],[126.67083,34.74156],[126.65616,34.73169],[126.66263,34.72784],[126.66498,34.72243],[126.67421,34.7231],[126.67936,34.72067],[126.68139,34.71304],[126.67441,34.7095],[126.67214,34.70648],[126.67533,34.70165],[126.67006,34.69101],[126.67432,34.6864],[126.68151,34.68703],[126.69209,34.68587],[126.69606,34.6832],[126.70142,34.68415],[126.70566,34.6817],[126.70236,34.67479],[126.69844,34.67159],[126.70171,34.66205],[126.70768,34.65759],[126.71511,34.65861],[126.72334,34.65771],[126.72577,34.66034],[126.73259,34.65473],[126.73475,34.65873],[126.74477,34.6622],[126.74591,34.66522],[126.75226,34.66575],[126.76053,34.66419],[126.76725,34.66619],[126.77031,34.67013],[126.76959,34.67369],[126.7644,34.67663],[126.75849,34.68833],[126.75762,34.69394],[126.74593,34.70296],[126.73811,34.70274],[126.73273,34.70438],[126.73122,34.70801],[126.7204,34.7135],[126.71955,34.72175],[126.72874,34.7249],[126.7315,34.73027],[126.73288,34.74079],[126.73905,34.75239],[126.74325,34.75673]]]},"properties":{"code":"1278036000","name":"성전면","parent":"12780"}},{"type":"Feature","geometry":{"type":"Polygon","coordinates":[[[126.78946,34.73441],[126.78377,34.73594],[126.76869,34.73278],[126.76597,34.73953],[126.75784,34.74121],[126.75284,34.74768],[126.75002,34.7558],[126.74652,34.75744],[126.74325,34.75673],[126.73905,34.75239],[126.73288,34.74079],[126.7315,34.73027],[126.72874,34.7249],[126.71955,34.72175],[126.7204,34.7135],[126.73122,34.70801],[126.73273,34.70438],[126.73811,34.70274],[126.74593,34.70296],[126.75762,34.69394],[126.75849,34.68833],[126.7644,34.67663],[126.76959,34.67369],[126.77031,34.67013],[126.77593,34.67264],[126.78377,34.66985],[126.78826,34.67472],[126.79981,34.67851],[126.7989,34.68284],[126.80768,34.68249],[126.81433,34.67861],[126.82209,34.67834],[126.82648,34.67088],[126.82876,34.6712],[126.82748,34.6845],[126.82204,34.68513],[126.81907,34.69267],[126.82291,34.70009],[126.80762,34.70403],[126.80477,34.70919],[126.80037,34.70986],[126.79531,34.70566],[126.79003,34.70992],[126.7926,34.71916],[126.79543,34.72441],[126.78987,34.72895],[126.78946,34.73441]]]},"properties":{"code":"1278037000","name":"작천면","parent":"12780"}},{"type":"Feature","geometry":{"type":"Polygon","coordinates":[[[126.83539,34.73637],[126.82541,34.73799],[126.82278,34.74093],[126.81756,34.74093],[126.81381,34.73814],[126.8023,34.73733],[126.78946,34.73441],[126.78987,34.72895],[126.79543,34.72441],[126.7926,34.71916],[126.79003,34.70992],[126.79531,34.70566],[126.80037,34.70986],[126.80477,34.70919],[126.80762,34.70403],[126.82291,34.70009],[126.81907,34.69267],[126.82204,34.68513],[126.82748,34.6845],[126.82876,34.6712],[126.83828,34.67483],[126.84386,34.67395],[126.84677,34.68166],[126.85566,34.68165],[126.85347,34.69657],[126.85466,34.69992],[126.84839,34.70761],[126.84768,34.71618],[126.85101,34.72259],[126.84212,34.72565],[126.84018,34.73374],[126.83539,34.73637]]]},"properties":{"code":"1278038000","name":"병영면","parent":"12780"}},{"type":"Feature","geometry":{"type":"Polygon","coordinates":[[[126.79587,34.7805],[126.78407,34.78087],[126.78272,34.78647],[126.77647,34.78564],[126.7649,34.7817],[126.7619,34.77047],[126.75577,34.76868],[126.74883,34.76321],[126.74652,34.75744],[126.75002,34.7558],[126.75284,34.74768],[126.75784,34.74121],[126.76597,34.73953],[126.76869,34.73278],[126.78377,34.73594],[126.78946,34.73441],[126.8023,34.73733],[126.81381,34.73814],[126.81756,34.74093],[126.82278,34.74093],[126.82541,34.73799],[126.83539,34.73637],[126.83148,34.73718],[126.82551,34.7437],[126.82216,34.75324],[126.81881,34.75701],[126.818,34.76494],[126.81416,34.76797],[126.81704,34.77159],[126.81702,34.7767],[126.81085,34.77862],[126.8024,34.77714],[126.79587,34.7805]]]},"properties":{"code":"1278039000","name":"옴천면","parent":"12780"}},{"type":"Feature","geometry":{"type":"Polygon","coordinates":[[[126.6316,34.54872],[126.62941,34.56674],[126.63174,34.56886],[126.63038,34.57512],[126.63285,34.58041],[126.62988,34.58682],[126.61983,34.59384],[126.60941,34.59756],[126.60541,34.59197],[126.60111,34.59113],[126.58439,34.59626],[126.57673,34.59269],[126.57529,34.59027],[126.5664,34.58406],[126.54778,34.58219],[126.54385,34.5851],[126.53646,34.58128],[126.5345,34.5774],[126.53138,34.56808],[126.5256,34.56504],[126.5226,34.55575],[126.52018,34.55373],[126.50733,34.55039],[126.49444,34.55025],[126.48806,34.54594],[126.48293,34.53893],[126.47662,34.5278],[126.48897,34.52705],[126.49936,34.52414],[126.50484,34.52432],[126.51282,34.52152],[126.52209,34.52335],[126.53304,34.52041],[126.54065,34.52048],[126.54129,34.52954],[126.54836,34.53306],[126.55285,34.53193],[126.55584,34.53596],[126.55484,34.53933],[126.55858,34.5423],[126.57818,34.53945],[126.58056,34.54168],[126.59174,34.53935],[126.59678,34.54282],[126.61437,34.53929],[126.62217,34.54064],[126.6316,34.54872]]]},"properties":{"code":"1279025000","name":"해남읍","parent":"12790"}},{"type":"Feature","geometry":{"type":"Polygon","coordinates":[[[126.65135,34.48361],[126.64767,34.49302],[126.64081,34.49944],[126.64118,34.50491],[126.63881,34.50814],[126.64282,34.51239],[126.64253,34.51837],[126.64646,34.52372],[126.64147,34.5311],[126.64002,34.53762],[126.64344,34.54139],[126.64135,34.54414],[126.6316,34.54872],[126.62217,34.54064],[126.61437,34.53929],[126.59678,34.54282],[126.59174,34.53935],[126.58056,34.54168],[126.57818,34.53945],[126.55858,34.5423],[126.55484,34.53933],[126.55584,34.53596],[126.55285,34.53193],[126.54836,34.53306],[126.54129,34.52954],[126.54065,34.52048],[126.541,34.50283],[126.55174,34.50619],[126.55552,34.5096],[126.56514,34.51272],[126.5736,34.51251],[126.5795,34.5067],[126.58532,34.51076],[126.59534,34.50227],[126.59552,34.49604],[126.60104,34.49569],[126.60665,34.49072],[126.60617,34.48124],[126.6045,34.47433],[126.60773,34.47394],[126.61206,34.46837],[126.61363,34.46265],[126.62033,34.45537],[126.62338,34.45585],[126.6349,34.46526],[126.63439,34.46763],[126.64123,34.475],[126.6427,34.47868],[126.65135,34.48361]]]},"properties":{"code":"1279031000","name":"삼산면","parent":"12790"}},{"type":"Feature","geometry":{"type":"Polygon","coordinates":[[[126.54065,34.52048],[126.53304,34.52041],[126.52209,34.52335],[126.51282,34.52152],[126.50484,34.52432],[126.49936,34.52414],[126.48897,34.52705],[126.47662,34.5278],[126.46365,34.51822],[126.47139,34.50697],[126.46076,34.50426],[126.45584,34.50132],[126.4586,34.49668],[126.46223,34.49587],[126.46165,34.4887],[126.4638,34.48202],[126.45563,34.48206],[126.45548,34.47665],[126.46252,34.46782],[126.46887,34.47054],[126.47165,34.46828],[126.46736,34.46207],[126.46738,34.45675],[126.47532,34.4522],[126.47382,34.44802],[126.46837,34.44927],[126.46537,34.45416],[126.45804,34.44964],[126.46908,34.4377],[126.47648,34.42663],[126.48243,34.42539],[126.48167,34.43039],[126.48926,34.43466],[126.4953,34.43133],[126.49882,34.43532],[126.50641,34.4402],[126.51072,34.43793],[126.51568,34.44107],[126.51252,34.44502],[126.51001,34.45265],[126.51427,34.45979],[126.52177,34.4605],[126.52719,34.4641],[126.52273,34.47453],[126.5295,34.48402],[126.53367,34.48607],[126.5259,34.49374],[126.52728,34.49621],[126.541,34.50283],[126.54065,34.52048]]]},"properties":{"code":"1279032000","name":"화산면","parent":"12790"}},{"type":"Feature","geometry":{"type":"Polygon","coordinates":[[[126.62033,34.45537],[126.61363,34.46265],[126.61206,34.46837],[126.60773,34.47394],[126.6045,34.47433],[126.60617,34.48124],[126.60665,34.49072],[126.60104,34.49569],[126.59552,34.49604],[126.59534,34.50227],[126.58532,34.51076],[126.5795,34.5067],[126.5736,34.51251],[126.56514,34.51272],[126.55552,34.5096],[126.55174,34.50619],[126.541,34.50283],[126.52728,34.49621],[126.5259,34.49374],[126.53367,34.48607],[126.5295,34.48402],[126.52273,34.47453],[126.52719,34.4641],[126.52177,34.4605],[126.51427,34.45979],[126.51001,34.45265],[126.51252,34.44502],[126.51568,34.44107],[126.51072,34.43793],[126.51337,34.43272],[126.50804,34.42675],[126.51193,34.42225],[126.51742,34.42273],[126.52242,34.41996],[126.53068,34.42569],[126.54127,34.42713],[126.55566,34.42324],[126.5652,34.42308],[126.56003,34.40776],[126.56068,34.4052],[126.56979,34.40156],[126.57357,34.39605],[126.57745,34.39424],[126.58167,34.3882],[126.58689,34.38506],[126.59217,34.39106],[126.60321,34.40083],[126.60172,34.40886],[126.61459,34.42201],[126.61927,34.42857],[126.62535,34.44576],[126.61989,34.4522],[126.62033,34.45537]]]},"properties":{"code":"1279033000","name":"현산면","parent":"12790"}},{"type":"Feature","geometry":{"type":"MultiPolygon","coordinates":[[[[126.47402,34.3427],[126.46369,34.34535],[126.47232,34.33193],[126.47402,34.3427]]],[[[126.58689,34.38506],[126.58167,34.3882],[126.57745,34.39424],[126.57357,34.39605],[126.56979,34.40156],[126.56068,34.4052],[126.56003,34.40776],[126.5652,34.42308],[126.55566,34.42324],[126.54127,34.42713],[126.53068,34.42569],[126.52242,34.41996],[126.51742,34.42273],[126.51193,34.42225],[126.51673,34.41431],[126.5051,34.40543],[126.49803,34.4054],[126.48849,34.4091],[126.4898,34.39966],[126.48863,34.39675],[126.49422,34.39],[126.49552,34.38485],[126.48572,34.38762],[126.48179,34.38533],[126.47408,34.37747],[126.47784,34.37008],[126.48389,34.36666],[126.4811,34.35856],[126.47626,34.35562],[126.46882,34.36332],[126.46468,34.36196],[126.46583,34.35746],[126.47025,34.35462],[126.47112,34.34893],[126.48874,34.35645],[126.49338,34.35955],[126.49888,34.3577],[126.50197,34.3646],[126.51074,34.36502],[126.51971,34.36092],[126.52149,34.35671],[126.51972,34.35152],[126.52018,34.34475],[126.5269,34.33414],[126.52093,34.3242],[126.51232,34.31882],[126.51901,34.31385],[126.51597,34.30894],[126.51884,34.29578],[126.52394,34.29214],[126.52864,34.29405],[126.52916,34.30059],[126.53566,34.30335],[126.54462,34.30301],[126.54982,34.30931],[126.55231,34.31643],[126.5576,34.32129],[126.57809,34.32064],[126.58624,34.31971],[126.59667,34.31244],[126.59946,34.3125],[126.59368,34.3214],[126.58659,34.32956],[126.57296,34.32964],[126.56433,34.33349],[126.56632,34.33744],[126.56182,34.34281],[126.56532,34.35358],[126.57488,34.36572],[126.57592,34.36983],[126.58063,34.37425],[126.58689,34.38506]]]]},"properties":{"code":"1279034000","name":"송지면","parent":"12790"}},{"type":"Feature","geometry":{"type":"Polygon","coordinates":[[[126.66563,34.42613],[126.66237,34.43222],[126.65826,34.43375],[126.65229,34.43988],[126.65577,34.44741],[126.64726,34.45319],[126.64666,34.45656],[126.6349,34.46526],[126.62338,34.45585],[126.62033,34.45537],[126.61989,34.4522],[126.62535,34.44576],[126.61927,34.42857],[126.61459,34.42201],[126.60172,34.40886],[126.60321,34.40083],[126.59217,34.39106],[126.58689,34.38506],[126.58063,34.37425],[126.57592,34.36983],[126.57488,34.36572],[126.56532,34.35358],[126.56182,34.34281],[126.56632,34.33744],[126.56433,34.33349],[126.57296,34.32964],[126.58659,34.32956],[126.59368,34.3214],[126.59946,34.3125],[126.60654,34.31637],[126.60164,34.31992],[126.60564,34.33721],[126.61106,34.34187],[126.60962,34.34526],[126.60339,34.34667],[126.61575,34.35614],[126.62143,34.35931],[126.6188,34.3657],[126.62098,34.37943],[126.61463,34.38001],[126.61271,34.38626],[126.62145,34.3932],[126.6214,34.3994],[126.6179,34.40198],[126.62276,34.40697],[126.63014,34.40355],[126.63488,34.41154],[126.64611,34.40828],[126.64847,34.41205],[126.64708,34.41757],[126.65208,34.42147],[126.65758,34.42049],[126.66092,34.4255],[126.66563,34.42613]]]},"properties":{"code":"1279035000","name":"북평면","parent":"12790"}},{"type":"Feature","geometry":{"type":"Polygon","coordinates":[[[126.68145,34.51114],[126.67244,34.50258],[126.66877,34.50073],[126.65639,34.48462],[126.65135,34.48361],[126.6427,34.47868],[126.64123,34.475],[126.63439,34.46763],[126.6349,34.46526],[126.64666,34.45656],[126.64726,34.45319],[126.65577,34.44741],[126.65229,34.43988],[126.65826,34.43375],[126.66237,34.43222],[126.66563,34.42613],[126.66677,34.42329],[126.6776,34.41608],[126.67838,34.42218],[126.68896,34.43406],[126.69784,34.43985],[126.70691,34.43879],[126.71248,34.44055],[126.71797,34.44463],[126.72511,34.44224],[126.73485,34.45462],[126.7285,34.45789],[126.72104,34.46391],[126.71693,34.47048],[126.69795,34.47115],[126.68998,34.46808],[126.68414,34.46962],[126.6824,34.47377],[126.6839,34.48262],[126.6829,34.49036],[126.68577,34.49302],[126.68527,34.50245],[126.68637,34.50917],[126.68145,34.51114]]]},"properties":{"code":"1279036000","name":"북일면","parent":"12790"}},{"type":"Feature","geometry":{"type":"Polygon","coordinates":[[[126.67271,34.59402],[126.67373,34.6023],[126.6664,34.61115],[126.66648,34.62043],[126.66432,34.62262],[126.65269,34.62128],[126.64966,34.62616],[126.64414,34.62763],[126.63822,34.62296],[126.63396,34.61692],[126.62951,34.61561],[126.62893,34.61067],[126.6206,34.61086],[126.61355,34.60773],[126.60941,34.59756],[126.61983,34.59384],[126.62988,34.58682],[126.63285,34.58041],[126.63038,34.57512],[126.63174,34.56886],[126.62941,34.56674],[126.6316,34.54872],[126.64135,34.54414],[126.64344,34.54139],[126.64002,34.53762],[126.64147,34.5311],[126.64646,34.52372],[126.64253,34.51837],[126.64282,34.51239],[126.63881,34.50814],[126.64118,34.50491],[126.64081,34.49944],[126.64767,34.49302],[126.65135,34.48361],[126.65639,34.48462],[126.66877,34.50073],[126.67244,34.50258],[126.68145,34.51114],[126.68044,34.51623],[126.68615,34.52311],[126.68493,34.528],[126.68284,34.53037],[126.67493,34.53114],[126.66891,34.53473],[126.67226,34.53906],[126.67963,34.5422],[126.68425,34.54594],[126.69316,34.55717],[126.69508,34.56381],[126.68729,34.57277],[126.68299,34.576],[126.67992,34.58623],[126.67183,34.59199],[126.67271,34.59402]]]},"properties":{"code":"1279037000","name":"옥천면","parent":"12790"}},{"type":"Feature","geometry":{"type":"Polygon","coordinates":[[[126.67006,34.69101],[126.66808,34.69214],[126.65771,34.68955],[126.64818,34.68902],[126.64759,34.68515],[126.64312,34.68272],[126.63902,34.67429],[126.63509,34.67413],[126.63094,34.67777],[126.61411,34.6818],[126.60854,34.67992],[126.60189,34.68296],[126.58682,34.67891],[126.57855,34.68036],[126.57113,34.6781],[126.56427,34.67229],[126.56291,34.66722],[126.55743,34.66846],[126.55962,34.67449],[126.56424,34.6799],[126.56142,34.6827],[126.55944,34.67853],[126.55291,34.67214],[126.54312,34.67112],[126.53837,34.66519],[126.54716,34.65972],[126.56182,34.64835],[126.56874,34.64742],[126.58083,34.63847],[126.58758,34.63803],[126.62261,34.63248],[126.63373,34.6299],[126.63822,34.62296],[126.64414,34.62763],[126.64966,34.62616],[126.65269,34.62128],[126.66432,34.62262],[126.66648,34.62043],[126.6664,34.61115],[126.67373,34.6023],[126.67271,34.59402],[126.67571,34.59853],[126.6815,34.60139],[126.6884,34.60712],[126.69046,34.61855],[126.69283,34.62339],[126.69876,34.62789],[126.69805,34.63015],[126.69361,34.62845],[126.68815,34.63161],[126.68233,34.6327],[126.6883,34.63886],[126.69018,34.64502],[126.69724,34.64996],[126.6963,34.65398],[126.69211,34.65803],[126.69438,34.66096],[126.70171,34.66205],[126.69844,34.67159],[126.70236,34.67479],[126.70566,34.6817],[126.70142,34.68415],[126.69606,34.6832],[126.69209,34.68587],[126.68151,34.68703],[126.67432,34.6864],[126.67006,34.69101]]]},"properties":{"code":"1279038000","name":"계곡면","parent":"12790"}},{"type":"Feature","geometry":{"type":"MultiPolygon","coordinates":[[[[126.52528,34.6615],[126.51762,34.66555],[126.50434,34.67518],[126.49665,34.67614],[126.49634,34.67061],[126.50135,34.66614],[126.5135,34.66207],[126.52528,34.6615]]],[[[126.62261,34.63248],[126.61969,34.62918],[126.61386,34.63104],[126.58762,34.63535],[126.57876,34.63557],[126.5695,34.64395],[126.562,34.64509],[126.54271,34.65494],[126.52796,34.65806],[126.51727,34.65806],[126.50237,34.66143],[126.49424,34.66562],[126.47923,34.67985],[126.47618,34.66812],[126.47951,34.66131],[126.48865,34.65609],[126.49751,34.65783],[126.50388,34.6568],[126.51016,34.65216],[126.52561,34.63451],[126.52005,34.62468],[126.51243,34.6181],[126.4998,34.61203],[126.49969,34.60981],[126.49807,34.60515],[126.50304,34.60189],[126.5085,34.60173],[126.51504,34.60411],[126.52431,34.59606],[126.53148,34.59283],[126.52592,34.5884],[126.52707,34.57972],[126.5345,34.5774],[126.53646,34.58128],[126.54385,34.5851],[126.54778,34.58219],[126.5664,34.58406],[126.57529,34.59027],[126.57673,34.59269],[126.58439,34.59626],[126.60111,34.59113],[126.60541,34.59197],[126.60941,34.59756],[126.61355,34.60773],[126.6206,34.61086],[126.62893,34.61067],[126.62951,34.61561],[126.63396,34.61692],[126.63822,34.62296],[126.63373,34.6299],[126.62261,34.63248]]]]},"properties":{"code":"1279039000","name":"마산면","parent":"12790"}},{"type":"Feature","geometry":{"type":"Polygon","coordinates":[[[126.46513,34.59458],[126.45687,34.59037],[126.45369,34.59065],[126.44649,34.58663],[126.44156,34.58989],[126.43487,34.58974],[126.41002,34.60091],[126.40927,34.6074],[126.4018,34.60591],[126.38788,34.61252],[126.38048,34.61774],[126.37366,34.61536],[126.37233,34.60564],[126.37007,34.60469],[126.36822,34.60255],[126.37207,34.58811],[126.37131,34.58174],[126.37341,34.57453],[126.36572,34.57249],[126.36247,34.57766],[126.347,34.57645],[126.34539,34.56919],[126.35487,34.56697],[126.36249,34.56078],[126.37215,34.56083],[126.37984,34.56274],[126.38539,34.55909],[126.3841,34.55473],[126.38878,34.55232],[126.38765,34.54716],[126.3782,34.53898],[126.38623,34.53227],[126.39111,34.5328],[126.40252,34.5378],[126.4016,34.54405],[126.40906,34.54813],[126.41523,34.54634],[126.41848,34.54896],[126.41993,34.55423],[126.43015,34.55527],[126.43599,34.54994],[126.43353,34.54387],[126.43797,34.53797],[126.44294,34.53906],[126.45686,34.53475],[126.45777,34.52997],[126.45109,34.52795],[126.44465,34.52861],[126.44012,34.5257],[126.44163,34.52167],[126.45786,34.52233],[126.46365,34.51822],[126.47662,34.5278],[126.48293,34.53893],[126.48806,34.54594],[126.49444,34.55025],[126.50733,34.55039],[126.52018,34.55373],[126.5226,34.55575],[126.5256,34.56504],[126.53138,34.56808],[126.5345,34.5774],[126.52707,34.57972],[126.52592,34.5884],[126.53148,34.59283],[126.52431,34.59606],[126.51504,34.60411],[126.5085,34.60173],[126.50304,34.60189],[126.49807,34.60515],[126.49969,34.60981],[126.49056,34.60956],[126.48596,34.61297],[126.48282,34.61088],[126.48151,34.60346],[126.47703,34.60024],[126.46913,34.59768],[126.46513,34.59458]]]},"properties":{"code":"1279040000","name":"황산면","parent":"12790"}},{"type":"Feature","geometry":{"type":"Polygon","coordinates":[[[126.39082,34.73018],[126.38846,34.73099],[126.38435,34.72013],[126.37546,34.71459],[126.36968,34.70628],[126.36824,34.69886],[126.36102,34.69453],[126.35502,34.69401],[126.35223,34.69685],[126.34494,34.69123],[126.34461,34.68572],[126.34926,34.67944],[126.35837,34.67658],[126.36361,34.67926],[126.37036,34.68547],[126.37501,34.68766],[126.37521,34.69407],[126.37918,34.69513],[126.37337,34.70621],[126.37825,34.70889],[126.38822,34.69266],[126.37389,34.68284],[126.36292,34.67356],[126.36114,34.66821],[126.36251,34.66382],[126.37388,34.64369],[126.38884,34.63404],[126.39379,34.62655],[126.40104,34.62764],[126.40351,34.63001],[126.40128,34.63709],[126.40184,34.6454],[126.40509,34.6468],[126.40428,34.63639],[126.40622,34.63458],[126.4148,34.63803],[126.41755,34.63645],[126.40598,34.62786],[126.40925,34.62437],[126.42847,34.61366],[126.42669,34.60396],[126.43608,34.59809],[126.44636,34.59631],[126.45938,34.59765],[126.46513,34.59458],[126.46913,34.59768],[126.47703,34.60024],[126.48151,34.60346],[126.48282,34.61088],[126.48596,34.61297],[126.49056,34.60956],[126.49969,34.60981],[126.4998,34.61203],[126.51243,34.6181],[126.52005,34.62468],[126.52561,34.63451],[126.51866,34.63947],[126.51068,34.64847],[126.50234,34.65351],[126.49815,34.65437],[126.49175,34.65112],[126.4809,34.65449],[126.47143,34.65915],[126.46985,34.6632],[126.46125,34.67105],[126.45596,34.67818],[126.45121,34.68738],[126.45739,34.6953],[126.45712,34.7016],[126.45269,34.70632],[126.43979,34.71012],[126.42556,34.70265],[126.41917,34.70488],[126.4188,34.7093],[126.42188,34.71339],[126.39557,34.71806],[126.3883,34.71987],[126.39082,34.73018]]]},"properties":{"code":"1279041000","name":"산이면","parent":"12790"}},{"type":"Feature","geometry":{"type":"MultiPolygon","coordinates":[[[[126.30384,34.58881],[126.29944,34.58717],[126.29886,34.58088],[126.30668,34.58534],[126.30384,34.58881]]],[[[126.26701,34.64337],[126.2597,34.64535],[126.25957,34.64125],[126.27123,34.63303],[126.27729,34.63033],[126.28525,34.62985],[126.28884,34.6356],[126.29327,34.6295],[126.28716,34.62414],[126.28087,34.62238],[126.28316,34.61706],[126.27861,34.61214],[126.26946,34.6153],[126.2616,34.60929],[126.28047,34.61089],[126.28744,34.60566],[126.27901,34.5964],[126.29209,34.59182],[126.29486,34.59653],[126.29924,34.59005],[126.3068,34.5897],[126.3132,34.58577],[126.30938,34.58128],[126.30734,34.57233],[126.31374,34.56674],[126.32154,34.56966],[126.32743,34.56893],[126.33408,34.57308],[126.34539,34.56919],[126.347,34.57645],[126.36247,34.57766],[126.36572,34.57249],[126.37341,34.57453],[126.37131,34.58174],[126.37207,34.58811],[126.36822,34.60255],[126.37007,34.60469],[126.37264,34.61385],[126.37351,34.62576],[126.37198,34.63314],[126.36861,34.64002],[126.36066,34.63855],[126.34598,34.63714],[126.34184,34.63524],[126.32416,34.63612],[126.31175,34.63595],[126.30585,34.63902],[126.29749,34.635],[126.28651,34.6388],[126.27873,34.64311],[126.26701,34.64337]]]]},"properties":{"code":"1279042000","name":"문내면","parent":"12790"}},{"type":"Feature","geometry":{"type":"MultiPolygon","coordinates":[[[[126.33147,34.56366],[126.33103,34.56835],[126.3234,34.567],[126.31965,34.5598],[126.33147,34.56366]]],[[[126.36066,34.63855],[126.3605,34.64958],[126.35311,34.66279],[126.34172,34.67509],[126.33773,34.68485],[126.34019,34.69499],[126.34799,34.69959],[126.35066,34.70326],[126.34966,34.70901],[126.33976,34.71904],[126.33118,34.72115],[126.33153,34.72763],[126.33538,34.73083],[126.33524,34.73834],[126.33316,34.74075],[126.32522,34.74319],[126.31911,34.7507],[126.31348,34.75053],[126.30831,34.756],[126.29999,34.76216],[126.28877,34.76017],[126.28515,34.75701],[126.28393,34.74811],[126.28026,34.74195],[126.27763,34.73323],[126.27433,34.72875],[126.27476,34.71405],[126.26736,34.70448],[126.26122,34.70788],[126.2579,34.69413],[126.26217,34.6866],[126.25528,34.68053],[126.26,34.67624],[126.25959,34.6698],[126.25503,34.66412],[126.26265,34.65971],[126.25957,34.65309],[126.26792,34.6481],[126.26701,34.64337],[126.27873,34.64311],[126.28651,34.6388],[126.29749,34.635],[126.30585,34.63902],[126.31175,34.63595],[126.32416,34.63612],[126.34184,34.63524],[126.34598,34.63714],[126.36066,34.63855]]]]},"properties":{"code":"1279043000","name":"화원면","parent":"12790"}},{"type":"Feature","geometry":{"type":"Polygon","coordinates":[[[126.74857,34.81879],[126.74357,34.81738],[126.73843,34.81316],[126.72459,34.80983],[126.71088,34.81246],[126.71003,34.81722],[126.69982,34.81742],[126.69176,34.81517],[126.68539,34.81894],[126.67351,34.81835],[126.66917,34.82192],[126.65171,34.82],[126.66034,34.81377],[126.65794,34.81151],[126.66183,34.79691],[126.67566,34.78974],[126.67801,34.78693],[126.67327,34.77832],[126.67493,34.77357],[126.67344,34.76453],[126.67938,34.75897],[126.68309,34.75868],[126.68686,34.75392],[126.69235,34.7554],[126.69607,34.76044],[126.70486,34.76689],[126.70983,34.76568],[126.71399,34.76049],[126.72204,34.75898],[126.72914,34.76111],[126.73465,34.75701],[126.74325,34.75673],[126.74652,34.75744],[126.74883,34.76321],[126.75577,34.76868],[126.7619,34.77047],[126.7649,34.7817],[126.77647,34.78564],[126.78272,34.78647],[126.78407,34.78087],[126.79587,34.7805],[126.79556,34.78761],[126.79322,34.79422],[126.80074,34.80298],[126.79644,34.80416],[126.79013,34.8106],[126.77643,34.81277],[126.76118,34.81044],[126.75584,34.8192],[126.74857,34.81879]]]},"properties":{"code":"1280025000","name":"영암읍","parent":"12800"}},{"type":"Feature","geometry":{"type":"Polygon","coordinates":[[[126.45883,34.79335],[126.44797,34.79448],[126.44466,34.79244],[126.44918,34.78321],[126.44361,34.78283],[126.44191,34.77989],[126.43352,34.77762],[126.4256,34.779],[126.42169,34.77686],[126.40756,34.77318],[126.402,34.77417],[126.38193,34.76918],[126.3792,34.76698],[126.38041,34.75282],[126.36907,34.74775],[126.36528,34.74913],[126.3625,34.74492],[126.36621,34.73834],[126.37664,34.73572],[126.38846,34.73099],[126.39082,34.73018],[126.39772,34.73373],[126.40117,34.73884],[126.41225,34.73732],[126.41886,34.73762],[126.42328,34.7398],[126.43986,34.73745],[126.43986,34.7331],[126.4354,34.73085],[126.42715,34.73359],[126.42344,34.72817],[126.42638,34.72528],[126.44063,34.72802],[126.44199,34.73232],[126.44849,34.73364],[126.45634,34.72795],[126.45933,34.72919],[126.46391,34.73595],[126.47044,34.73771],[126.47577,34.73472],[126.47688,34.72724],[126.47451,34.72273],[126.47708,34.71996],[126.49,34.71504],[126.50751,34.69555],[126.52878,34.70719],[126.53101,34.71616],[126.53458,34.71786],[126.5426,34.71645],[126.54582,34.71848],[126.54617,34.72411],[126.56625,34.7245],[126.55377,34.73001],[126.53901,34.73371],[126.53192,34.73434],[126.53219,34.74021],[126.52421,34.74834],[126.5196,34.76194],[126.51085,34.77412],[126.50085,34.76987],[126.49461,34.76936],[126.48868,34.77346],[126.47435,34.78784],[126.46231,34.79257],[126.45883,34.79335]]]},"properties":{"code":"1280025300","name":"삼호읍","parent":"12800"}},{"type":"Feature","geometry":{"type":"Polygon","coordinates":[[[126.72646,34.85338],[126.70927,34.84831],[126.70321,34.84339],[126.6921,34.84222],[126.6931,34.84799],[126.69131,34.85149],[126.68587,34.85077],[126.68307,34.84569],[126.67798,34.84363],[126.67323,34.8345],[126.66366,34.83143],[126.65899,34.83717],[126.65308,34.83748],[126.64664,34.83259],[126.64575,34.82219],[126.64127,34.82003],[126.64457,34.81822],[126.65171,34.82],[126.66917,34.82192],[126.67351,34.81835],[126.68539,34.81894],[126.69176,34.81517],[126.69982,34.81742],[126.71003,34.81722],[126.71088,34.81246],[126.72459,34.80983],[126.73843,34.81316],[126.74357,34.81738],[126.74857,34.81879],[126.74362,34.82341],[126.73972,34.83656],[126.7308,34.84495],[126.72646,34.85338]]]},"properties":{"code":"1280031000","name":"덕진면","parent":"12800"}},{"type":"Feature","geometry":{"type":"Polygon","coordinates":[[[126.76587,34.8994],[126.7504,34.89625],[126.74484,34.89801],[126.73342,34.89044],[126.72576,34.8895],[126.73345,34.87784],[126.7303,34.87612],[126.72797,34.86782],[126.72767,34.85672],[126.72646,34.85338],[126.7308,34.84495],[126.73972,34.83656],[126.74362,34.82341],[126.74857,34.81879],[126.75584,34.8192],[126.76118,34.81044],[126.77643,34.81277],[126.79013,34.8106],[126.79644,34.80416],[126.80074,34.80298],[126.80105,34.81376],[126.80518,34.81865],[126.80725,34.82873],[126.81882,34.83123],[126.82293,34.83627],[126.83008,34.83619],[126.84386,34.84001],[126.84922,34.84416],[126.85703,34.85351],[126.85661,34.86044],[126.8589,34.86254],[126.85873,34.86923],[126.84993,34.86786],[126.84336,34.86993],[126.83523,34.86733],[126.82389,34.87112],[126.81165,34.87451],[126.81011,34.86956],[126.80262,34.86867],[126.80089,34.87329],[126.79404,34.87812],[126.78572,34.87922],[126.78419,34.88488],[126.77644,34.88927],[126.77294,34.89409],[126.76587,34.8994]]]},"properties":{"code":"1280032000","name":"금정면","parent":"12800"}},{"type":"Feature","geometry":{"type":"Polygon","coordinates":[[[126.70265,34.93442],[126.69896,34.94047],[126.67644,34.9463],[126.6685,34.94508],[126.66822,34.9418],[126.6625,34.9351],[126.66178,34.92949],[126.66926,34.92679],[126.67599,34.91698],[126.67608,34.90596],[126.67893,34.8974],[126.68214,34.89448],[126.66913,34.88671],[126.66408,34.88833],[126.66393,34.89231],[126.65136,34.89346],[126.65001,34.88871],[126.644,34.89134],[126.64012,34.88864],[126.63102,34.88854],[126.62645,34.88677],[126.62211,34.88227],[126.62939,34.87843],[126.63256,34.87367],[126.63097,34.87092],[126.6354,34.87039],[126.64185,34.87699],[126.64948,34.88039],[126.65166,34.87192],[126.65732,34.86703],[126.66241,34.8677],[126.66572,34.87111],[126.67113,34.86797],[126.67641,34.87015],[126.6823,34.87642],[126.68732,34.87397],[126.68922,34.86539],[126.68967,34.85572],[126.69131,34.85149],[126.6931,34.84799],[126.6921,34.84222],[126.70321,34.84339],[126.70927,34.84831],[126.72646,34.85338],[126.72767,34.85672],[126.72797,34.86782],[126.7303,34.87612],[126.73345,34.87784],[126.72576,34.8895],[126.72082,34.89218],[126.7162,34.90507],[126.71172,34.9086],[126.71594,34.91762],[126.70773,34.92398],[126.70378,34.92961],[126.70265,34.93442]]]},"properties":{"code":"1280033000","name":"신북면","parent":"12800"}},{"type":"Feature","geometry":{"type":"Polygon","coordinates":[[[126.62864,34.92037],[126.61884,34.9259],[126.60752,34.92587],[126.60208,34.92316],[126.59432,34.92548],[126.59274,34.92327],[126.5969,34.91644],[126.59377,34.91489],[126.58288,34.91678],[126.58274,34.92035],[126.57421,34.9146],[126.57459,34.90656],[126.58055,34.90466],[126.57961,34.89489],[126.57199,34.89136],[126.5727,34.88389],[126.56971,34.875],[126.56321,34.86897],[126.5532,34.86324],[126.55265,34.85444],[126.54814,34.82811],[126.54367,34.81413],[126.56005,34.82047],[126.56533,34.82124],[126.57476,34.81927],[126.58504,34.81174],[126.59111,34.80852],[126.59486,34.81634],[126.59775,34.8256],[126.59648,34.83192],[126.60256,34.83362],[126.60695,34.84459],[126.60601,34.85049],[126.609,34.85163],[126.61636,34.84828],[126.62689,34.85724],[126.62936,34.8635],[126.62719,34.86833],[126.63097,34.87092],[126.63256,34.87367],[126.62939,34.87843],[126.62211,34.88227],[126.62645,34.88677],[126.63102,34.88854],[126.62822,34.899],[126.6346,34.89768],[126.6348,34.907],[126.63204,34.90897],[126.63163,34.91446],[126.62864,34.92037]]]},"properties":{"code":"1280034000","name":"시종면","parent":"12800"}},{"type":"Feature","geometry":{"type":"Polygon","coordinates":[[[126.69131,34.85149],[126.68967,34.85572],[126.68922,34.86539],[126.68732,34.87397],[126.6823,34.87642],[126.67641,34.87015],[126.67113,34.86797],[126.66572,34.87111],[126.66241,34.8677],[126.65732,34.86703],[126.65166,34.87192],[126.64948,34.88039],[126.64185,34.87699],[126.6354,34.87039],[126.63097,34.87092],[126.62719,34.86833],[126.62936,34.8635],[126.62689,34.85724],[126.61636,34.84828],[126.609,34.85163],[126.60601,34.85049],[126.60695,34.84459],[126.60256,34.83362],[126.59648,34.83192],[126.59775,34.8256],[126.59486,34.81634],[126.59111,34.80852],[126.59663,34.80727],[126.60591,34.80822],[126.6122,34.81085],[126.62432,34.81938],[126.63222,34.82296],[126.64127,34.82003],[126.64575,34.82219],[126.64664,34.83259],[126.65308,34.83748],[126.65899,34.83717],[126.66366,34.83143],[126.67323,34.8345],[126.67798,34.84363],[126.68307,34.84569],[126.68587,34.85077],[126.69131,34.85149]]]},"properties":{"code":"1280035000","name":"도포면","parent":"12800"}},{"type":"Feature","geometry":{"type":"Polygon","coordinates":[[[126.64127,34.82003],[126.63222,34.82296],[126.62432,34.81938],[126.6122,34.81085],[126.60591,34.80822],[126.59663,34.80727],[126.59111,34.80852],[126.58825,34.79909],[126.58954,34.78923],[126.59428,34.77641],[126.59775,34.77112],[126.60883,34.76059],[126.61263,34.75077],[126.61592,34.74976],[126.62588,34.74732],[126.63242,34.74331],[126.63907,34.74251],[126.64908,34.74492],[126.65191,34.73668],[126.65616,34.73169],[126.67083,34.74156],[126.68053,34.7534],[126.68686,34.75392],[126.68309,34.75868],[126.67938,34.75897],[126.67344,34.76453],[126.67493,34.77357],[126.67327,34.77832],[126.67801,34.78693],[126.67566,34.78974],[126.66183,34.79691],[126.65794,34.81151],[126.66034,34.81377],[126.65171,34.82],[126.64457,34.81822],[126.64127,34.82003]]]},"properties":{"code":"1280036000","name":"군서면","parent":"12800"}},{"type":"Feature","geometry":{"type":"Polygon","coordinates":[[[126.59111,34.80852],[126.58504,34.81174],[126.57476,34.81927],[126.56533,34.82124],[126.56005,34.82047],[126.54367,34.81413],[126.53464,34.80309],[126.54398,34.79177],[126.54332,34.78578],[126.55258,34.78239],[126.55221,34.77909],[126.55601,34.77453],[126.55678,34.76672],[126.55079,34.75995],[126.55273,34.75082],[126.55604,34.74907],[126.55879,34.73661],[126.56566,34.73525],[126.5729,34.72961],[126.57753,34.72773],[126.58383,34.72839],[126.59056,34.73295],[126.59904,34.7258],[126.60253,34.7265],[126.60918,34.73291],[126.61324,34.74172],[126.61728,34.74194],[126.61592,34.74976],[126.61263,34.75077],[126.60883,34.76059],[126.59775,34.77112],[126.59428,34.77641],[126.58954,34.78923],[126.58825,34.79909],[126.59111,34.80852]]]},"properties":{"code":"1280037000","name":"서호면","parent":"12800"}},{"type":"Feature","geometry":{"type":"Polygon","coordinates":[[[126.53464,34.80309],[126.52267,34.79884],[126.51884,34.79432],[126.52054,34.7891],[126.51791,34.78093],[126.51085,34.77412],[126.5196,34.76194],[126.52421,34.74834],[126.53219,34.74021],[126.53192,34.73434],[126.53901,34.73371],[126.55377,34.73001],[126.56625,34.7245],[126.57609,34.72522],[126.5923,34.71806],[126.59621,34.71878],[126.60433,34.71554],[126.61264,34.70178],[126.6151,34.6934],[126.61308,34.68821],[126.61411,34.6818],[126.63094,34.67777],[126.63509,34.67413],[126.63902,34.67429],[126.64312,34.68272],[126.64759,34.68515],[126.64818,34.68902],[126.65771,34.68955],[126.66808,34.69214],[126.67006,34.69101],[126.67533,34.70165],[126.67214,34.70648],[126.67441,34.7095],[126.68139,34.71304],[126.67936,34.72067],[126.67421,34.7231],[126.66498,34.72243],[126.66263,34.72784],[126.65616,34.73169],[126.65191,34.73668],[126.64908,34.74492],[126.63907,34.74251],[126.63242,34.74331],[126.62588,34.74732],[126.61592,34.74976],[126.61728,34.74194],[126.61324,34.74172],[126.60918,34.73291],[126.60253,34.7265],[126.59904,34.7258],[126.59056,34.73295],[126.58383,34.72839],[126.57753,34.72773],[126.5729,34.72961],[126.56566,34.73525],[126.55879,34.73661],[126.55604,34.74907],[126.55273,34.75082],[126.55079,34.75995],[126.55678,34.76672],[126.55601,34.77453],[126.55221,34.77909],[126.55258,34.78239],[126.54332,34.78578],[126.54398,34.79177],[126.53464,34.80309]]]},"properties":{"code":"1280038000","name":"학산면","parent":"12800"}},{"type":"Feature","geometry":{"type":"Polygon","coordinates":[[[126.61411,34.6818],[126.61308,34.68821],[126.6151,34.6934],[126.61264,34.70178],[126.60433,34.71554],[126.59621,34.71878],[126.5923,34.71806],[126.57609,34.72522],[126.56625,34.7245],[126.54617,34.72411],[126.54582,34.71848],[126.5426,34.71645],[126.53458,34.71786],[126.53101,34.71616],[126.52878,34.70719],[126.50751,34.69555],[126.5101,34.69284],[126.52503,34.69097],[126.52552,34.68786],[126.51346,34.68901],[126.50987,34.68749],[126.51293,34.68291],[126.52435,34.6723],[126.536,34.66767],[126.54167,34.67169],[126.55189,34.67364],[126.55138,34.67886],[126.55587,34.68405],[126.56142,34.6827],[126.56424,34.6799],[126.55962,34.67449],[126.55743,34.66846],[126.56291,34.66722],[126.56427,34.67229],[126.57113,34.6781],[126.57855,34.68036],[126.58682,34.67891],[126.60189,34.68296],[126.60854,34.67992],[126.61411,34.6818]]]},"properties":{"code":"1280039000","name":"미암면","parent":"12800"}},{"type":"Feature","geometry":{"type":"Polygon","coordinates":[[[126.46488,35.03784],[126.45615,35.03783],[126.45313,35.0299],[126.45472,35.02413],[126.45329,35.02012],[126.44776,35.01656],[126.44822,35.0082],[126.45445,34.99847],[126.45281,34.99477],[126.44521,34.99158],[126.43432,34.99334],[126.43015,34.98863],[126.42528,34.98897],[126.42033,34.98575],[126.41679,34.97738],[126.42228,34.97794],[126.44668,34.96845],[126.45213,34.9769],[126.45568,34.97989],[126.46008,34.97922],[126.46185,34.97439],[126.46606,34.97346],[126.46755,34.96761],[126.47523,34.96437],[126.48747,34.96194],[126.49015,34.95888],[126.49509,34.96301],[126.50145,34.96378],[126.5047,34.96817],[126.51087,34.96576],[126.51578,34.97151],[126.50936,34.97512],[126.50932,34.97891],[126.51687,34.98428],[126.51224,34.99005],[126.50506,34.98578],[126.49979,34.98607],[126.49827,34.99164],[126.49449,34.99446],[126.4901,35.00128],[126.50011,35.00411],[126.49846,35.0162],[126.49185,35.01611],[126.48219,35.01941],[126.48047,35.02666],[126.47116,35.02123],[126.46633,35.02511],[126.46404,35.03131],[126.46488,35.03784]]]},"properties":{"code":"1281025000","name":"무안읍","parent":"12810"}},{"type":"Feature","geometry":{"type":"Polygon","coordinates":[[[126.5532,34.86324],[126.53115,34.87658],[126.52183,34.88016],[126.50324,34.88922],[126.496,34.88144],[126.48958,34.87986],[126.4862,34.87696],[126.47726,34.87618],[126.46373,34.8802],[126.45379,34.87512],[126.45259,34.87053],[126.46233,34.85883],[126.46815,34.85826],[126.47709,34.86231],[126.47804,34.85871],[126.48769,34.8402],[126.49762,34.83534],[126.49403,34.82772],[126.49582,34.82306],[126.49337,34.82042],[126.48426,34.81602],[126.48284,34.8101],[126.47707,34.80637],[126.47295,34.80094],[126.46231,34.79257],[126.47435,34.78784],[126.48868,34.77346],[126.49461,34.76936],[126.50085,34.76987],[126.51085,34.77412],[126.51791,34.78093],[126.52054,34.7891],[126.51884,34.79432],[126.52267,34.79884],[126.53464,34.80309],[126.54367,34.81413],[126.54814,34.82811],[126.55265,34.85444],[126.5532,34.86324]]]},"properties":{"code":"1281025300","name":"일로읍","parent":"12810"}},{"type":"Feature","geometry":{"type":"Polygon","coordinates":[[[126.45259,34.87053],[126.44795,34.87466],[126.44081,34.87536],[126.43536,34.88364],[126.42498,34.88618],[126.42012,34.88897],[126.39714,34.8851],[126.39293,34.88235],[126.40185,34.87906],[126.39539,34.87339],[126.3947,34.86926],[126.40054,34.86373],[126.40692,34.85195],[126.40684,34.84715],[126.41211,34.84389],[126.41984,34.84407],[126.42775,34.83788],[126.43824,34.83663],[126.43923,34.83043],[126.43831,34.82113],[126.45319,34.81833],[126.45489,34.8144],[126.4579,34.80813],[126.45859,34.80077],[126.46194,34.80006],[126.45883,34.79335],[126.46231,34.79257],[126.47295,34.80094],[126.47707,34.80637],[126.48284,34.8101],[126.48426,34.81602],[126.49337,34.82042],[126.49582,34.82306],[126.49403,34.82772],[126.49762,34.83534],[126.48769,34.8402],[126.47804,34.85871],[126.47709,34.86231],[126.46815,34.85826],[126.46233,34.85883],[126.45259,34.87053]]]},"properties":{"code":"1281025600","name":"삼향읍","parent":"12810"}},{"type":"Feature","geometry":{"type":"Polygon","coordinates":[[[126.54075,34.97523],[126.53096,34.97844],[126.5258,34.98266],[126.51687,34.98428],[126.50932,34.97891],[126.50936,34.97512],[126.51578,34.97151],[126.51087,34.96576],[126.5047,34.96817],[126.50145,34.96378],[126.49509,34.96301],[126.49015,34.95888],[126.48747,34.96194],[126.47523,34.96437],[126.47113,34.95407],[126.46508,34.94853],[126.4614,34.93315],[126.46359,34.92561],[126.4607,34.92261],[126.45409,34.92485],[126.44859,34.92288],[126.45366,34.91594],[126.45352,34.91118],[126.46194,34.90131],[126.46445,34.89565],[126.46301,34.89031],[126.46563,34.8857],[126.46373,34.8802],[126.47726,34.87618],[126.4862,34.87696],[126.48958,34.87986],[126.496,34.88144],[126.50324,34.88922],[126.52183,34.88016],[126.53115,34.87658],[126.5532,34.86324],[126.55239,34.87088],[126.54783,34.88063],[126.53385,34.89473],[126.52666,34.9031],[126.51541,34.91427],[126.51362,34.92213],[126.51581,34.92622],[126.52069,34.92908],[126.52884,34.92649],[126.53644,34.91766],[126.5402,34.91817],[126.54235,34.92268],[126.53349,34.93541],[126.52861,34.94509],[126.52871,34.95309],[126.53639,34.96496],[126.54075,34.97523]]]},"properties":{"code":"1281032000","name":"몽탄면","parent":"12810"}},{"type":"Feature","geometry":{"type":"Polygon","coordinates":[[[126.41679,34.97738],[126.41112,34.97878],[126.40418,34.98644],[126.40071,34.98735],[126.3947,34.98136],[126.39357,34.97778],[126.38689,34.97299],[126.39217,34.96594],[126.39402,34.96174],[126.38916,34.95416],[126.3871,34.9469],[126.38894,34.94022],[126.39845,34.93497],[126.39036,34.92954],[126.39162,34.91997],[126.40312,34.91479],[126.40457,34.91024],[126.40079,34.90055],[126.38896,34.88936],[126.39293,34.88235],[126.39714,34.8851],[126.42012,34.88897],[126.42498,34.88618],[126.43536,34.88364],[126.44081,34.87536],[126.44795,34.87466],[126.45259,34.87053],[126.45379,34.87512],[126.46373,34.8802],[126.46563,34.8857],[126.46301,34.89031],[126.46445,34.89565],[126.46194,34.90131],[126.45352,34.91118],[126.45366,34.91594],[126.44859,34.92288],[126.45409,34.92485],[126.4607,34.92261],[126.46359,34.92561],[126.4614,34.93315],[126.46508,34.94853],[126.47113,34.95407],[126.47523,34.96437],[126.46755,34.96761],[126.46606,34.97346],[126.46185,34.97439],[126.46008,34.97922],[126.45568,34.97989],[126.45213,34.9769],[126.44668,34.96845],[126.42228,34.97794],[126.41679,34.97738]]]},"properties":{"code":"1281033000","name":"청계면","parent":"12810"}},{"type":"Feature","geometry":{"type":"Polygon","coordinates":[[[126.45704,35.07429],[126.45205,35.07319],[126.44515,35.06082],[126.43951,35.05558],[126.43096,35.05277],[126.42295,35.04825],[126.41787,35.04189],[126.4263,35.02806],[126.41677,35.02695],[126.41129,35.02993],[126.40237,35.02727],[126.39905,35.03292],[126.40152,35.037],[126.40015,35.04393],[126.39324,35.04173],[126.39412,35.048],[126.40166,35.04942],[126.39917,35.05284],[126.40629,35.05723],[126.40699,35.06366],[126.40411,35.06572],[126.40427,35.07073],[126.39664,35.07667],[126.39214,35.0718],[126.39031,35.06514],[126.38455,35.06665],[126.38413,35.07006],[126.39175,35.08644],[126.38875,35.08674],[126.37991,35.08159],[126.3799,35.07557],[126.3746,35.06936],[126.37375,35.06425],[126.37044,35.062],[126.36569,35.06521],[126.36803,35.07134],[126.36428,35.07468],[126.3585,35.07533],[126.35341,35.07913],[126.34916,35.07628],[126.34482,35.07726],[126.34611,35.08297],[126.34286,35.08608],[126.35306,35.08896],[126.35101,35.09511],[126.34355,35.09202],[126.33506,35.09167],[126.33245,35.08753],[126.33735,35.08151],[126.33899,35.07627],[126.34405,35.07046],[126.33797,35.06321],[126.33743,35.06047],[126.3478,35.05738],[126.34744,35.04509],[126.35156,35.03879],[126.35849,35.03859],[126.3615,35.04242],[126.37098,35.04705],[126.37573,35.044],[126.38075,35.04821],[126.38805,35.03639],[126.38983,35.03079],[126.38926,35.0251],[126.39801,35.02443],[126.40206,35.02263],[126.40667,35.01502],[126.40569,35.01242],[126.40862,35.00282],[126.40311,34.99827],[126.40071,34.98735],[126.40418,34.98644],[126.41112,34.97878],[126.41679,34.97738],[126.42033,34.98575],[126.42528,34.98897],[126.43015,34.98863],[126.43432,34.99334],[126.44521,34.99158],[126.45281,34.99477],[126.45445,34.99847],[126.44822,35.0082],[126.44776,35.01656],[126.45329,35.02012],[126.45472,35.02413],[126.45313,35.0299],[126.45615,35.03783],[126.46488,35.03784],[126.46317,35.04146],[126.46565,35.04614],[126.47541,35.05757],[126.47741,35.06491],[126.47083,35.06645],[126.4643,35.07144],[126.45704,35.07429]]]},"properties":{"code":"1281034000","name":"현경면","parent":"12810"}},{"type":"Feature","geometry":{"type":"MultiPolygon","coordinates":[[[[126.31936,35.01339],[126.31622,35.01548],[126.31125,35.00739],[126.31737,35.00689],[126.31936,35.01339]]],[[[126.38926,35.0251],[126.38358,35.02341],[126.36212,35.00948],[126.3486,35.00407],[126.33914,34.997],[126.34954,34.99486],[126.358,34.99128],[126.36765,34.9887],[126.36784,34.99556],[126.37423,34.99597],[126.37328,34.98989],[126.37992,34.98772],[126.37887,34.97117],[126.3822,34.96836],[126.39217,34.96594],[126.38689,34.97299],[126.39357,34.97778],[126.3947,34.98136],[126.40071,34.98735],[126.40311,34.99827],[126.40862,35.00282],[126.40569,35.01242],[126.40667,35.01502],[126.40206,35.02263],[126.39801,35.02443],[126.38926,35.0251]]]]},"properties":{"code":"1281035000","name":"망운면","parent":"12810"}},{"type":"Feature","geometry":{"type":"Polygon","coordinates":[[[126.33506,35.09167],[126.3316,35.09472],[126.33569,35.09885],[126.33544,35.10271],[126.3404,35.10687],[126.34059,35.11156],[126.34445,35.1154],[126.34211,35.1214],[126.3427,35.13116],[126.34694,35.13847],[126.3452,35.14157],[126.3449,35.15112],[126.34592,35.15976],[126.33418,35.14935],[126.32633,35.15016],[126.33034,35.14112],[126.32481,35.13414],[126.31826,35.13139],[126.31034,35.13271],[126.30828,35.13733],[126.30132,35.13908],[126.29156,35.13826],[126.28646,35.13495],[126.2784,35.13668],[126.27864,35.14198],[126.27196,35.14605],[126.26134,35.14522],[126.25735,35.14206],[126.2532,35.13156],[126.24771,35.12394],[126.24181,35.11152],[126.24182,35.10606],[126.24736,35.10006],[126.24768,35.09711],[126.24913,35.09334],[126.24503,35.08487],[126.24423,35.07824],[126.24611,35.0755],[126.2591,35.0676],[126.26216,35.06013],[126.26215,35.05369],[126.26723,35.05257],[126.27809,35.05448],[126.28491,35.06163],[126.29076,35.05971],[126.29539,35.05467],[126.29457,35.04982],[126.30436,35.04503],[126.31452,35.05326],[126.3115,35.05963],[126.3008,35.06123],[126.30563,35.06592],[126.31167,35.06682],[126.31789,35.07009],[126.31181,35.07564],[126.31826,35.07805],[126.31675,35.08667],[126.32232,35.08883],[126.33245,35.08753],[126.33506,35.09167]]]},"properties":{"code":"1281036000","name":"해제면","parent":"12810"}},{"type":"Feature","geometry":{"type":"Polygon","coordinates":[[[126.358,34.99128],[126.35684,34.98363],[126.35051,34.98216],[126.34802,34.97579],[126.34178,34.97244],[126.33302,34.97081],[126.33045,34.96747],[126.32063,34.97917],[126.31573,34.97509],[126.30999,34.97586],[126.31379,34.98854],[126.30497,34.9845],[126.30378,34.97729],[126.29977,34.97675],[126.29479,34.9653],[126.3022,34.95687],[126.30667,34.95595],[126.30846,34.94945],[126.31236,34.94669],[126.32046,34.94439],[126.31584,34.93702],[126.30558,34.93311],[126.30661,34.92799],[126.31123,34.92643],[126.31769,34.93168],[126.32061,34.92952],[126.32636,34.93051],[126.32871,34.91685],[126.34311,34.9146],[126.3513,34.91706],[126.35325,34.9221],[126.35911,34.92189],[126.36404,34.91926],[126.36911,34.91957],[126.37037,34.92363],[126.36653,34.92799],[126.36667,34.93263],[126.37286,34.94171],[126.36583,34.94288],[126.37077,34.94709],[126.37174,34.95362],[126.3746,34.95592],[126.36758,34.9633],[126.3606,34.96339],[126.36143,34.97187],[126.371,34.97303],[126.3664,34.98182],[126.36765,34.9887],[126.358,34.99128]]]},"properties":{"code":"1281037000","name":"운남면","parent":"12810"}},{"type":"Feature","geometry":{"type":"Polygon","coordinates":[[[126.49132,35.1146],[126.48369,35.11189],[126.47096,35.10648],[126.47015,35.1017],[126.4659,35.09675],[126.46186,35.09605],[126.46006,35.09186],[126.45016,35.08807],[126.43607,35.08661],[126.44722,35.07951],[126.45589,35.07631],[126.45704,35.07429],[126.4643,35.07144],[126.47083,35.06645],[126.47741,35.06491],[126.47541,35.05757],[126.46565,35.04614],[126.46317,35.04146],[126.46488,35.03784],[126.46404,35.03131],[126.46633,35.02511],[126.47116,35.02123],[126.48047,35.02666],[126.48741,35.02959],[126.49234,35.0294],[126.50225,35.03415],[126.50809,35.04296],[126.51033,35.04979],[126.51375,35.0528],[126.51861,35.05012],[126.52614,35.051],[126.53069,35.05243],[126.53073,35.06338],[126.52926,35.06795],[126.52998,35.07461],[126.52724,35.0794],[126.51771,35.07625],[126.50948,35.08375],[126.50557,35.09553],[126.50071,35.09686],[126.49761,35.10263],[126.49003,35.10584],[126.49132,35.1146]]]},"properties":{"code":"1282025000","name":"함평읍","parent":"12820"}},{"type":"Feature","geometry":{"type":"Polygon","coordinates":[[[126.41973,35.18548],[126.40775,35.18606],[126.40725,35.18137],[126.39978,35.17613],[126.39576,35.17941],[126.38774,35.17807],[126.38563,35.17468],[126.37772,35.17141],[126.36865,35.16503],[126.37229,35.15849],[126.38269,35.15259],[126.38664,35.14292],[126.39647,35.13405],[126.40301,35.1354],[126.41963,35.10754],[126.42203,35.10574],[126.43025,35.10721],[126.43764,35.10504],[126.44563,35.10592],[126.4535,35.10192],[126.4618,35.10183],[126.46186,35.09605],[126.4659,35.09675],[126.47015,35.1017],[126.47096,35.10648],[126.48369,35.11189],[126.48219,35.1182],[126.4846,35.13409],[126.4762,35.14506],[126.47077,35.15528],[126.46642,35.15351],[126.45922,35.15682],[126.44655,35.15179],[126.44251,35.15341],[126.43961,35.16002],[126.4362,35.16219],[126.43723,35.1688],[126.43531,35.17291],[126.41973,35.18548]]]},"properties":{"code":"1282031000","name":"손불면","parent":"12820"}},{"type":"Feature","geometry":{"type":"Polygon","coordinates":[[[126.53077,35.18263],[126.52819,35.18595],[126.51904,35.18569],[126.51441,35.18751],[126.51007,35.18447],[126.50051,35.18346],[126.48918,35.18806],[126.48771,35.19211],[126.48145,35.19095],[126.47349,35.19289],[126.46979,35.18797],[126.46498,35.18606],[126.46185,35.18833],[126.45638,35.18526],[126.4515,35.18632],[126.43531,35.17291],[126.43723,35.1688],[126.4362,35.16219],[126.43961,35.16002],[126.44251,35.15341],[126.44655,35.15179],[126.45922,35.15682],[126.46642,35.15351],[126.47077,35.15528],[126.4762,35.14506],[126.4846,35.13409],[126.48219,35.1182],[126.48369,35.11189],[126.49132,35.1146],[126.49058,35.12269],[126.49199,35.12552],[126.50075,35.13003],[126.49915,35.13858],[126.50759,35.13465],[126.51333,35.13841],[126.52296,35.14095],[126.52874,35.14847],[126.5216,35.15407],[126.52919,35.15701],[126.52762,35.16816],[126.53025,35.1718],[126.5329,35.17766],[126.53077,35.18263]]]},"properties":{"code":"1282032000","name":"신광면","parent":"12820"}},{"type":"Feature","geometry":{"type":"Polygon","coordinates":[[[126.58813,35.0584],[126.58451,35.05722],[126.57873,35.06224],[126.57384,35.06098],[126.56759,35.0522],[126.56118,35.05329],[126.55873,35.05961],[126.544,35.05912],[126.53493,35.05135],[126.53069,35.05243],[126.52614,35.051],[126.52574,35.04421],[126.52937,35.03648],[126.52831,35.0222],[126.53128,35.01859],[126.52986,35.01366],[126.52929,35.00013],[126.53077,34.99742],[126.53855,34.99375],[126.53442,34.98518],[126.54098,34.98536],[126.54602,34.98291],[126.55424,34.98771],[126.55987,34.98838],[126.56629,34.98557],[126.56986,34.97635],[126.57399,34.97284],[126.58083,34.97684],[126.58661,34.98827],[126.59126,34.99125],[126.59621,34.99895],[126.59454,35.00259],[126.59896,35.00735],[126.59868,35.01277],[126.58932,35.01272],[126.58579,35.01479],[126.59404,35.02589],[126.59303,35.03225],[126.58672,35.04821],[126.5897,35.04996],[126.58813,35.0584]]]},"properties":{"code":"1282033000","name":"학교면","parent":"12820"}},{"type":"Feature","geometry":{"type":"Polygon","coordinates":[[[126.52614,35.051],[126.51861,35.05012],[126.51375,35.0528],[126.51033,35.04979],[126.50809,35.04296],[126.50225,35.03415],[126.49234,35.0294],[126.48741,35.02959],[126.48047,35.02666],[126.48219,35.01941],[126.49185,35.01611],[126.49846,35.0162],[126.50011,35.00411],[126.4901,35.00128],[126.49449,34.99446],[126.49827,34.99164],[126.49979,34.98607],[126.50506,34.98578],[126.51224,34.99005],[126.51687,34.98428],[126.5258,34.98266],[126.53096,34.97844],[126.54075,34.97523],[126.54602,34.98291],[126.54098,34.98536],[126.53442,34.98518],[126.53855,34.99375],[126.53077,34.99742],[126.52929,35.00013],[126.52986,35.01366],[126.53128,35.01859],[126.52831,35.0222],[126.52937,35.03648],[126.52574,35.04421],[126.52614,35.051]]]},"properties":{"code":"1282034000","name":"엄다면","parent":"12820"}},{"type":"Feature","geometry":{"type":"Polygon","coordinates":[[[126.53025,35.1718],[126.52762,35.16816],[126.52919,35.15701],[126.5216,35.15407],[126.52874,35.14847],[126.52296,35.14095],[126.51333,35.13841],[126.50759,35.13465],[126.49915,35.13858],[126.50075,35.13003],[126.49199,35.12552],[126.49058,35.12269],[126.49132,35.1146],[126.49003,35.10584],[126.49761,35.10263],[126.50071,35.09686],[126.50557,35.09553],[126.50948,35.08375],[126.51771,35.07625],[126.52724,35.0794],[126.52998,35.07461],[126.52926,35.06795],[126.53073,35.06338],[126.53069,35.05243],[126.53493,35.05135],[126.544,35.05912],[126.55873,35.05961],[126.56118,35.05329],[126.56759,35.0522],[126.57384,35.06098],[126.57873,35.06224],[126.58451,35.05722],[126.58813,35.0584],[126.59124,35.06567],[126.59282,35.07944],[126.59586,35.0885],[126.58357,35.09172],[126.57833,35.09459],[126.56779,35.09416],[126.56099,35.09584],[126.54796,35.10674],[126.54887,35.11292],[126.55346,35.11903],[126.56011,35.12069],[126.55338,35.13468],[126.54878,35.13381],[126.54051,35.1378],[126.53833,35.16266],[126.53354,35.16542],[126.53025,35.1718]]]},"properties":{"code":"1282035000","name":"대동면","parent":"12820"}},{"type":"Feature","geometry":{"type":"Polygon","coordinates":[[[126.65118,35.15069],[126.64178,35.15536],[126.6296,35.14869],[126.62438,35.15469],[126.61597,35.1554],[126.60786,35.14833],[126.6002,35.14961],[126.59589,35.1542],[126.5879,35.1535],[126.58667,35.15069],[126.57878,35.14782],[126.57071,35.14246],[126.566,35.14323],[126.55422,35.14012],[126.55338,35.13468],[126.56011,35.12069],[126.55346,35.11903],[126.54887,35.11292],[126.54796,35.10674],[126.56099,35.09584],[126.56779,35.09416],[126.57833,35.09459],[126.58357,35.09172],[126.59586,35.0885],[126.59773,35.09304],[126.59382,35.09792],[126.5996,35.09984],[126.60484,35.09922],[126.6085,35.09291],[126.61757,35.09075],[126.62332,35.08693],[126.62924,35.09209],[126.63545,35.09452],[126.63883,35.09361],[126.64722,35.09581],[126.64678,35.10352],[126.65398,35.10748],[126.65522,35.11503],[126.65151,35.1205],[126.65485,35.13672],[126.65352,35.14365],[126.64787,35.14388],[126.65118,35.15069]]]},"properties":{"code":"1282036000","name":"나산면","parent":"12820"}},{"type":"Feature","geometry":{"type":"Polygon","coordinates":[[[126.61597,35.1554],[126.61127,35.16387],[126.6171,35.16816],[126.6221,35.17901],[126.61873,35.18409],[126.61866,35.18934],[126.61335,35.18929],[126.60778,35.19534],[126.59779,35.19684],[126.59372,35.19493],[126.5836,35.20132],[126.58097,35.19602],[126.56813,35.19894],[126.5623,35.19669],[126.56496,35.19072],[126.56088,35.18798],[126.54918,35.18525],[126.54366,35.18818],[126.53348,35.18229],[126.53077,35.18263],[126.5329,35.17766],[126.53025,35.1718],[126.53354,35.16542],[126.53833,35.16266],[126.54051,35.1378],[126.54878,35.13381],[126.55338,35.13468],[126.55422,35.14012],[126.566,35.14323],[126.57071,35.14246],[126.57878,35.14782],[126.58667,35.15069],[126.5879,35.1535],[126.59589,35.1542],[126.6002,35.14961],[126.60786,35.14833],[126.61597,35.1554]]]},"properties":{"code":"1282037000","name":"해보면","parent":"12820"}},{"type":"Feature","geometry":{"type":"Polygon","coordinates":[[[126.65312,35.1924],[126.64263,35.20728],[126.6392,35.20765],[126.62901,35.21503],[126.62605,35.21943],[126.6184,35.22127],[126.61384,35.22869],[126.6015,35.23561],[126.59188,35.23194],[126.58979,35.21781],[126.59055,35.21342],[126.5836,35.20132],[126.59372,35.19493],[126.59779,35.19684],[126.60778,35.19534],[126.61335,35.18929],[126.61866,35.18934],[126.61873,35.18409],[126.6221,35.17901],[126.6171,35.16816],[126.61127,35.16387],[126.61597,35.1554],[126.62438,35.15469],[126.6296,35.14869],[126.64178,35.15536],[126.65118,35.15069],[126.65166,35.15542],[126.65549,35.15887],[126.65397,35.16457],[126.65727,35.16663],[126.67105,35.16944],[126.67137,35.17452],[126.66782,35.17541],[126.66371,35.18227],[126.65552,35.18877],[126.65312,35.1924]]]},"properties":{"code":"1282038000","name":"월야면","parent":"12820"}},{"type":"Feature","geometry":{"type":"Polygon","coordinates":[[[126.51573,35.33167],[126.51969,35.34327],[126.52024,35.34979],[126.5141,35.3563],[126.51069,35.35157],[126.51308,35.3441],[126.50945,35.33552],[126.49835,35.33025],[126.49577,35.32545],[126.48783,35.32772],[126.47635,35.32866],[126.47059,35.32284],[126.45972,35.32732],[126.45688,35.32487],[126.45911,35.31852],[126.46531,35.31662],[126.47097,35.31177],[126.47058,35.30846],[126.46316,35.29948],[126.46916,35.29317],[126.47785,35.2908],[126.48279,35.28764],[126.47961,35.285],[126.48214,35.2775],[126.48635,35.27571],[126.48913,35.26736],[126.49271,35.26473],[126.49538,35.25564],[126.50664,35.2533],[126.5124,35.25408],[126.51579,35.2511],[126.51507,35.24519],[126.51081,35.2394],[126.51459,35.23663],[126.52783,35.24087],[126.52904,35.24732],[126.53237,35.25061],[126.53015,35.25469],[126.5338,35.25885],[126.53405,35.26298],[126.52677,35.27114],[126.52576,35.27598],[126.53378,35.27969],[126.53527,35.28413],[126.53068,35.28752],[126.52977,35.292],[126.54156,35.29791],[126.54571,35.29912],[126.55794,35.31178],[126.55095,35.3136],[126.54479,35.31045],[126.53119,35.30747],[126.52326,35.31544],[126.52075,35.32504],[126.51407,35.32707],[126.51573,35.33167]]]},"properties":{"code":"1283025000","name":"영광읍","parent":"12830"}},{"type":"Feature","geometry":{"type":"Polygon","coordinates":[[[126.44839,35.35034],[126.44412,35.35558],[126.42759,35.35827],[126.42225,35.36398],[126.41359,35.36336],[126.40387,35.36853],[126.39654,35.36842],[126.39175,35.35613],[126.38725,35.35315],[126.38751,35.34391],[126.38293,35.33509],[126.37833,35.32898],[126.37896,35.31973],[126.37548,35.31161],[126.37778,35.30576],[126.37321,35.30034],[126.36407,35.2952],[126.3584,35.28935],[126.34387,35.29299],[126.32878,35.29013],[126.32336,35.28806],[126.32485,35.27072],[126.3321,35.26748],[126.32511,35.2624],[126.32835,35.25917],[126.32403,35.25259],[126.32608,35.24747],[126.33343,35.24727],[126.33241,35.25217],[126.33916,35.25431],[126.34319,35.24742],[126.35227,35.24855],[126.36493,35.24869],[126.37997,35.25455],[126.38734,35.25892],[126.39997,35.26636],[126.40798,35.2679],[126.41953,35.26662],[126.42511,35.26389],[126.4402,35.2714],[126.44317,35.27869],[126.44797,35.28345],[126.45759,35.28465],[126.45126,35.29408],[126.46121,35.29394],[126.46316,35.29948],[126.47058,35.30846],[126.47097,35.31177],[126.46531,35.31662],[126.45911,35.31852],[126.45688,35.32487],[126.44824,35.32582],[126.4439,35.33231],[126.43237,35.34029],[126.44096,35.34152],[126.44898,35.34594],[126.44839,35.35034]]]},"properties":{"code":"1283025300","name":"백수읍","parent":"12830"}},{"type":"Feature","geometry":{"type":"Polygon","coordinates":[[[126.44757,35.42981],[126.44166,35.42887],[126.43745,35.4306],[126.42745,35.42609],[126.42333,35.43065],[126.41481,35.42193],[126.41437,35.41739],[126.40994,35.41452],[126.40301,35.40407],[126.40742,35.4024],[126.40203,35.39018],[126.40768,35.38873],[126.40762,35.38171],[126.41979,35.38123],[126.4106,35.37554],[126.41909,35.36943],[126.42478,35.3689],[126.429,35.37254],[126.43395,35.37276],[126.45277,35.37691],[126.46064,35.38161],[126.46588,35.38808],[126.47758,35.3861],[126.49051,35.39521],[126.49088,35.40439],[126.49281,35.40914],[126.48755,35.41304],[126.47871,35.42423],[126.47247,35.42648],[126.46947,35.42524],[126.45203,35.42691],[126.44757,35.42981]]]},"properties":{"code":"1283025600","name":"홍농읍","parent":"12830"}},{"type":"Feature","geometry":{"type":"Polygon","coordinates":[[[126.64473,35.31987],[126.64175,35.32086],[126.62955,35.32038],[126.62507,35.32134],[126.61555,35.3285],[126.60916,35.33117],[126.604,35.33558],[126.59541,35.32923],[126.58686,35.33071],[126.58395,35.32951],[126.58134,35.32289],[126.58337,35.31802],[126.58965,35.31198],[126.58838,35.30621],[126.58494,35.3008],[126.5783,35.30339],[126.57322,35.30964],[126.56436,35.30975],[126.55794,35.31178],[126.54571,35.29912],[126.54156,35.29791],[126.54464,35.29525],[126.54571,35.28589],[126.54912,35.27809],[126.55568,35.27824],[126.56117,35.27574],[126.57233,35.27569],[126.58017,35.27314],[126.5875,35.27334],[126.59582,35.27053],[126.59839,35.26796],[126.60983,35.27126],[126.61578,35.27878],[126.61473,35.28825],[126.61822,35.29354],[126.61102,35.30032],[126.6185,35.30464],[126.62932,35.30248],[126.63392,35.30372],[126.64014,35.30904],[126.64007,35.31282],[126.64473,35.31987]]]},"properties":{"code":"1283031000","name":"대마면","parent":"12830"}},{"type":"Feature","geometry":{"type":"Polygon","coordinates":[[[126.59839,35.26796],[126.59582,35.27053],[126.5875,35.27334],[126.58017,35.27314],[126.57233,35.27569],[126.56117,35.27574],[126.55568,35.27824],[126.54912,35.27809],[126.54571,35.28589],[126.54464,35.29525],[126.54156,35.29791],[126.52977,35.292],[126.53068,35.28752],[126.53527,35.28413],[126.53378,35.27969],[126.52576,35.27598],[126.52677,35.27114],[126.53405,35.26298],[126.5338,35.25885],[126.53015,35.25469],[126.53237,35.25061],[126.52904,35.24732],[126.52783,35.24087],[126.51459,35.23663],[126.52202,35.23633],[126.52623,35.23142],[126.53623,35.22438],[126.54218,35.218],[126.54386,35.21356],[126.55234,35.20832],[126.55381,35.20516],[126.5623,35.19669],[126.56813,35.19894],[126.58097,35.19602],[126.5836,35.20132],[126.59055,35.21342],[126.58979,35.21781],[126.59188,35.23194],[126.58331,35.23944],[126.58748,35.24637],[126.58401,35.25385],[126.585,35.25857],[126.5926,35.26141],[126.59839,35.26796]]]},"properties":{"code":"1283032000","name":"묘량면","parent":"12830"}},{"type":"Feature","geometry":{"type":"Polygon","coordinates":[[[126.51081,35.2394],[126.50289,35.23267],[126.5005,35.23979],[126.49225,35.23958],[126.48516,35.2427],[126.48135,35.23286],[126.47759,35.22934],[126.47889,35.22285],[126.46953,35.21755],[126.47066,35.21117],[126.47439,35.20845],[126.47022,35.2008],[126.47349,35.19289],[126.48145,35.19095],[126.48771,35.19211],[126.48918,35.18806],[126.50051,35.18346],[126.51007,35.18447],[126.51441,35.18751],[126.51904,35.18569],[126.52819,35.18595],[126.53077,35.18263],[126.53348,35.18229],[126.54366,35.18818],[126.54918,35.18525],[126.56088,35.18798],[126.56496,35.19072],[126.5623,35.19669],[126.55381,35.20516],[126.55234,35.20832],[126.54386,35.21356],[126.54218,35.218],[126.53623,35.22438],[126.52623,35.23142],[126.52202,35.23633],[126.51459,35.23663],[126.51081,35.2394]]]},"properties":{"code":"1283033000","name":"불갑면","parent":"12830"}},{"type":"Feature","geometry":{"type":"Polygon","coordinates":[[[126.51081,35.2394],[126.51507,35.24519],[126.51579,35.2511],[126.5124,35.25408],[126.50664,35.2533],[126.49538,35.25564],[126.49271,35.26473],[126.48913,35.26736],[126.48635,35.27571],[126.48214,35.2775],[126.47961,35.285],[126.48279,35.28764],[126.47785,35.2908],[126.46916,35.29317],[126.46316,35.29948],[126.46121,35.29394],[126.45126,35.29408],[126.45759,35.28465],[126.44797,35.28345],[126.44317,35.27869],[126.4402,35.2714],[126.42511,35.26389],[126.43016,35.25849],[126.44568,35.24688],[126.4516,35.24618],[126.46022,35.24982],[126.46776,35.2483],[126.47559,35.24936],[126.48516,35.2427],[126.49225,35.23958],[126.5005,35.23979],[126.50289,35.23267],[126.51081,35.2394]]]},"properties":{"code":"1283034000","name":"군서면","parent":"12830"}},{"type":"Feature","geometry":{"type":"Polygon","coordinates":[[[126.42511,35.26389],[126.41953,35.26662],[126.40798,35.2679],[126.39997,35.26636],[126.38734,35.25892],[126.38653,35.25678],[126.3959,35.25167],[126.3947,35.23929],[126.39815,35.23784],[126.40768,35.23866],[126.41056,35.23672],[126.42006,35.22069],[126.41933,35.21477],[126.41171,35.20538],[126.41635,35.19689],[126.42112,35.19142],[126.41973,35.18548],[126.43531,35.17291],[126.4515,35.18632],[126.45638,35.18526],[126.46185,35.18833],[126.46498,35.18606],[126.46979,35.18797],[126.47349,35.19289],[126.47022,35.2008],[126.47439,35.20845],[126.47066,35.21117],[126.46953,35.21755],[126.47889,35.22285],[126.47759,35.22934],[126.48135,35.23286],[126.48516,35.2427],[126.47559,35.24936],[126.46776,35.2483],[126.46022,35.24982],[126.4516,35.24618],[126.44568,35.24688],[126.43016,35.25849],[126.42511,35.26389]]]},"properties":{"code":"1283035000","name":"군남면","parent":"12830"}},{"type":"Feature","geometry":{"type":"Polygon","coordinates":[[[126.41973,35.18548],[126.42112,35.19142],[126.41635,35.19689],[126.41171,35.20538],[126.41933,35.21477],[126.42006,35.22069],[126.41056,35.23672],[126.40768,35.23866],[126.39815,35.23784],[126.3947,35.23929],[126.3959,35.25167],[126.38653,35.25678],[126.38734,35.25892],[126.37997,35.25455],[126.36493,35.24869],[126.35227,35.24855],[126.34319,35.24742],[126.33916,35.25431],[126.33241,35.25217],[126.33343,35.24727],[126.32594,35.24292],[126.31766,35.24833],[126.31114,35.25458],[126.30476,35.24544],[126.30237,35.23729],[126.2975,35.22737],[126.29878,35.22359],[126.29754,35.21599],[126.29964,35.21019],[126.30614,35.21117],[126.31342,35.20999],[126.29966,35.19684],[126.29812,35.18812],[126.30438,35.18524],[126.30701,35.17823],[126.31749,35.18028],[126.33546,35.19123],[126.35663,35.19505],[126.36725,35.2011],[126.37215,35.20806],[126.37877,35.20885],[126.37216,35.19889],[126.36861,35.19819],[126.36232,35.19236],[126.35416,35.19007],[126.34199,35.18953],[126.34173,35.18505],[126.34908,35.18349],[126.35442,35.17878],[126.35913,35.16998],[126.36865,35.16503],[126.37772,35.17141],[126.38563,35.17468],[126.38774,35.17807],[126.39576,35.17941],[126.39978,35.17613],[126.40725,35.18137],[126.40775,35.18606],[126.41973,35.18548]]]},"properties":{"code":"1283036000","name":"염산면","parent":"12830"}},{"type":"Feature","geometry":{"type":"Polygon","coordinates":[[[126.47758,35.3861],[126.46588,35.38808],[126.46064,35.38161],[126.45277,35.37691],[126.43395,35.37276],[126.429,35.37254],[126.42478,35.3689],[126.4308,35.36015],[126.44627,35.35711],[126.44839,35.35034],[126.44898,35.34594],[126.44096,35.34152],[126.43237,35.34029],[126.4439,35.33231],[126.44824,35.32582],[126.45688,35.32487],[126.45972,35.32732],[126.47059,35.32284],[126.47635,35.32866],[126.48783,35.32772],[126.49577,35.32545],[126.49835,35.33025],[126.50945,35.33552],[126.51308,35.3441],[126.51069,35.35157],[126.5141,35.3563],[126.51282,35.36202],[126.50776,35.3614],[126.49921,35.35405],[126.49529,35.36263],[126.4975,35.37235],[126.4862,35.37759],[126.48158,35.38563],[126.47758,35.3861]]]},"properties":{"code":"1283037000","name":"법성면","parent":"12830"}},{"type":"Feature","geometry":{"type":"MultiPolygon","coordinates":[[[[126.15072,35.20623],[126.13646,35.2049],[126.1296,35.20036],[126.12475,35.20254],[126.12195,35.19891],[126.12764,35.19181],[126.12956,35.2],[126.14032,35.20214],[126.14673,35.20152],[126.15072,35.20623]]],[[[126.10035,35.25622],[126.09957,35.25213],[126.09232,35.25022],[126.08944,35.246],[126.09224,35.24285],[126.098,35.24347],[126.10318,35.24902],[126.10035,35.25622]]],[[[126.15253,35.2902],[126.146,35.2947],[126.14,35.29377],[126.13592,35.28978],[126.13189,35.28963],[126.1324,35.28173],[126.1429,35.27673],[126.13777,35.27068],[126.1484,35.2711],[126.15444,35.27862],[126.15263,35.28223],[126.15253,35.2902]]],[[[126.02588,35.35965],[126.01724,35.35669],[126.00718,35.3591],[126.00579,35.35487],[126.01276,35.35217],[126.01791,35.35227],[126.02242,35.34457],[126.01692,35.34164],[126.01989,35.33687],[126.01483,35.33491],[126.01421,35.33163],[126.02634,35.33638],[126.03134,35.33493],[126.04144,35.34634],[126.03719,35.3515],[126.02913,35.35478],[126.02588,35.35965]]],[[[126.05694,35.37507],[126.04467,35.37478],[126.04796,35.37093],[126.05694,35.37507]]]]},"properties":{"code":"1283038000","name":"낙월면","parent":"12830"}},{"type":"Feature","geometry":{"type":"Polygon","coordinates":[[[126.86138,35.32123],[126.84725,35.32472],[126.8484,35.32974],[126.85437,35.33419],[126.85381,35.34241],[126.85891,35.35558],[126.85695,35.35941],[126.84847,35.36244],[126.84385,35.36591],[126.84261,35.36986],[126.84652,35.37346],[126.84747,35.38062],[126.84281,35.38236],[126.84187,35.38966],[126.83252,35.38133],[126.8225,35.38784],[126.81726,35.38482],[126.81573,35.37572],[126.81301,35.36872],[126.80724,35.36495],[126.80541,35.35734],[126.80166,35.3515],[126.7966,35.35028],[126.79168,35.35236],[126.78596,35.34955],[126.76895,35.34764],[126.76839,35.3403],[126.78038,35.32345],[126.77552,35.31937],[126.77351,35.31273],[126.76582,35.30807],[126.7656,35.30086],[126.77074,35.29867],[126.77281,35.2923],[126.78493,35.28836],[126.78052,35.28348],[126.78547,35.27879],[126.78128,35.27225],[126.78499,35.26763],[126.7944,35.27264],[126.80535,35.27239],[126.81331,35.27858],[126.8158,35.28759],[126.81968,35.28988],[126.82361,35.29847],[126.83081,35.2976],[126.83626,35.29982],[126.84784,35.29221],[126.85467,35.29421],[126.86221,35.29967],[126.86336,35.30267],[126.86138,35.32123]]]},"properties":{"code":"1284025000","name":"장성읍","parent":"12840"}},{"type":"Feature","geometry":{"type":"Polygon","coordinates":[[[126.85467,35.29421],[126.84784,35.29221],[126.83626,35.29982],[126.83081,35.2976],[126.82361,35.29847],[126.81968,35.28988],[126.8158,35.28759],[126.81331,35.27858],[126.80535,35.27239],[126.7944,35.27264],[126.79504,35.26865],[126.80377,35.26608],[126.81129,35.25364],[126.81675,35.24997],[126.82089,35.26156],[126.83425,35.25591],[126.83732,35.24941],[126.83341,35.24256],[126.84029,35.24002],[126.84435,35.23439],[126.85883,35.23974],[126.86242,35.24515],[126.87002,35.24626],[126.87955,35.25149],[126.87791,35.25715],[126.86915,35.27067],[126.86636,35.27194],[126.8643,35.27999],[126.85982,35.28997],[126.85467,35.29421]]]},"properties":{"code":"1284031000","name":"진원면","parent":"12840"}},{"type":"Feature","geometry":{"type":"Polygon","coordinates":[[[126.84435,35.23439],[126.84029,35.24002],[126.83341,35.24256],[126.83732,35.24941],[126.83425,35.25591],[126.82089,35.26156],[126.81675,35.24997],[126.81129,35.25364],[126.80377,35.26608],[126.79504,35.26865],[126.7944,35.27264],[126.78499,35.26763],[126.77574,35.26385],[126.76812,35.25625],[126.76333,35.25642],[126.75962,35.24607],[126.75562,35.2433],[126.75396,35.23693],[126.75552,35.23439],[126.77546,35.23068],[126.78138,35.22483],[126.78767,35.22322],[126.79433,35.22027],[126.80476,35.21956],[126.81037,35.22121],[126.81986,35.22616],[126.82392,35.22565],[126.82526,35.23178],[126.83516,35.22875],[126.84435,35.23439]]]},"properties":{"code":"1284032000","name":"남면","parent":"12840"}},{"type":"Feature","geometry":{"type":"Polygon","coordinates":[[[126.7398,35.25159],[126.74091,35.2588],[126.7364,35.26316],[126.74131,35.26799],[126.7399,35.27243],[126.74635,35.27972],[126.74454,35.28817],[126.7487,35.29209],[126.74133,35.30076],[126.73384,35.30076],[126.72932,35.29719],[126.72513,35.29768],[126.72141,35.30254],[126.71181,35.3058],[126.69258,35.30868],[126.69381,35.29502],[126.69878,35.29034],[126.69885,35.28672],[126.70879,35.28346],[126.71023,35.27786],[126.71009,35.26883],[126.71437,35.26466],[126.71369,35.26026],[126.71,35.25756],[126.70817,35.2522],[126.7111,35.24952],[126.71061,35.24321],[126.70408,35.2364],[126.70343,35.22682],[126.69789,35.22508],[126.69292,35.22093],[126.69055,35.21533],[126.69517,35.21058],[126.70263,35.2078],[126.71074,35.21239],[126.71775,35.21189],[126.72089,35.2188],[126.71857,35.22189],[126.71981,35.2269],[126.72937,35.23765],[126.73042,35.24399],[126.73719,35.25206],[126.7398,35.25159]]]},"properties":{"code":"1284033000","name":"동화면","parent":"12840"}},{"type":"Feature","geometry":{"type":"Polygon","coordinates":[[[126.70408,35.2364],[126.70222,35.24211],[126.6959,35.23892],[126.69333,35.24227],[126.67311,35.24173],[126.66743,35.24447],[126.65721,35.24465],[126.65033,35.24815],[126.65057,35.25565],[126.64376,35.25829],[126.63533,35.25682],[126.62833,35.26105],[126.6154,35.26571],[126.60983,35.27126],[126.59839,35.26796],[126.5926,35.26141],[126.585,35.25857],[126.58401,35.25385],[126.58748,35.24637],[126.58331,35.23944],[126.59188,35.23194],[126.6015,35.23561],[126.61384,35.22869],[126.6184,35.22127],[126.62605,35.21943],[126.62901,35.21503],[126.6392,35.20765],[126.64263,35.20728],[126.65312,35.1924],[126.65616,35.19406],[126.66358,35.19248],[126.67211,35.19416],[126.67569,35.19084],[126.67736,35.20136],[126.68056,35.20757],[126.68726,35.21541],[126.69055,35.21533],[126.69292,35.22093],[126.69789,35.22508],[126.70343,35.22682],[126.70408,35.2364]]]},"properties":{"code":"1284034000","name":"삼서면","parent":"12840"}},{"type":"Feature","geometry":{"type":"Polygon","coordinates":[[[126.68548,35.34459],[126.68198,35.34715],[126.66673,35.35155],[126.66019,35.34389],[126.65953,35.33456],[126.65261,35.32769],[126.64422,35.32727],[126.64696,35.32458],[126.64473,35.31987],[126.64007,35.31282],[126.64014,35.30904],[126.63392,35.30372],[126.62932,35.30248],[126.6185,35.30464],[126.61102,35.30032],[126.61822,35.29354],[126.61473,35.28825],[126.61578,35.27878],[126.60983,35.27126],[126.6154,35.26571],[126.62833,35.26105],[126.63533,35.25682],[126.64376,35.25829],[126.65057,35.25565],[126.65033,35.24815],[126.65721,35.24465],[126.66743,35.24447],[126.67311,35.24173],[126.69333,35.24227],[126.6959,35.23892],[126.70222,35.24211],[126.70408,35.2364],[126.71061,35.24321],[126.7111,35.24952],[126.70817,35.2522],[126.71,35.25756],[126.71369,35.26026],[126.71437,35.26466],[126.71009,35.26883],[126.71023,35.27786],[126.70879,35.28346],[126.69885,35.28672],[126.69878,35.29034],[126.69381,35.29502],[126.69258,35.30868],[126.6882,35.3131],[126.68708,35.31868],[126.67827,35.32243],[126.67871,35.33736],[126.68548,35.34459]]]},"properties":{"code":"1284035000","name":"삼계면","parent":"12840"}},{"type":"Feature","geometry":{"type":"Polygon","coordinates":[[[126.71943,35.36492],[126.71026,35.36402],[126.70458,35.36511],[126.69924,35.34968],[126.69067,35.35086],[126.68548,35.34459],[126.67871,35.33736],[126.67827,35.32243],[126.68708,35.31868],[126.6882,35.3131],[126.69258,35.30868],[126.71181,35.3058],[126.72141,35.30254],[126.72513,35.29768],[126.72932,35.29719],[126.73384,35.30076],[126.74133,35.30076],[126.7487,35.29209],[126.74454,35.28817],[126.74635,35.27972],[126.7399,35.27243],[126.74131,35.26799],[126.7364,35.26316],[126.74091,35.2588],[126.7398,35.25159],[126.74826,35.25316],[126.74934,35.25598],[126.76023,35.25861],[126.76333,35.25642],[126.76812,35.25625],[126.77574,35.26385],[126.78499,35.26763],[126.78128,35.27225],[126.78547,35.27879],[126.78052,35.28348],[126.78493,35.28836],[126.77281,35.2923],[126.77074,35.29867],[126.7656,35.30086],[126.76582,35.30807],[126.75632,35.31262],[126.74888,35.31347],[126.74608,35.31723],[126.74195,35.3301],[126.7344,35.32731],[126.72625,35.34264],[126.71734,35.34457],[126.71716,35.34838],[126.71317,35.35239],[126.71389,35.35866],[126.71796,35.3595],[126.71943,35.36492]]]},"properties":{"code":"1284036000","name":"황룡면","parent":"12840"}},{"type":"Feature","geometry":{"type":"Polygon","coordinates":[[[126.79168,35.35236],[126.78702,35.3549],[126.78137,35.36269],[126.77598,35.36715],[126.7712,35.36683],[126.76945,35.37069],[126.77221,35.37901],[126.7663,35.37901],[126.76268,35.38297],[126.75354,35.38638],[126.73071,35.38019],[126.7312,35.37678],[126.71943,35.36492],[126.71796,35.3595],[126.71389,35.35866],[126.71317,35.35239],[126.71716,35.34838],[126.71734,35.34457],[126.72625,35.34264],[126.7344,35.32731],[126.74195,35.3301],[126.74608,35.31723],[126.74888,35.31347],[126.75632,35.31262],[126.76582,35.30807],[126.77351,35.31273],[126.77552,35.31937],[126.78038,35.32345],[126.76839,35.3403],[126.76895,35.34764],[126.78596,35.34955],[126.79168,35.35236]]]},"properties":{"code":"1284037000","name":"서삼면","parent":"12840"}},{"type":"Feature","geometry":{"type":"Polygon","coordinates":[[[126.75396,35.41624],[126.74841,35.41516],[126.74443,35.40929],[126.73608,35.40325],[126.72204,35.39835],[126.72961,35.39449],[126.73204,35.38317],[126.73071,35.38019],[126.75354,35.38638],[126.76268,35.38297],[126.7663,35.37901],[126.77221,35.37901],[126.76945,35.37069],[126.7712,35.36683],[126.77598,35.36715],[126.78137,35.36269],[126.78702,35.3549],[126.79168,35.35236],[126.7966,35.35028],[126.80166,35.3515],[126.80541,35.35734],[126.80724,35.36495],[126.81301,35.36872],[126.81573,35.37572],[126.81726,35.38482],[126.8225,35.38784],[126.81477,35.39367],[126.81419,35.4001],[126.80852,35.40292],[126.80613,35.39433],[126.79748,35.39971],[126.79076,35.4008],[126.78357,35.40787],[126.77499,35.4074],[126.76896,35.40935],[126.76294,35.4062],[126.75623,35.41205],[126.75396,35.41624]]]},"properties":{"code":"1284038000","name":"북일면","parent":"12840"}},{"type":"Feature","geometry":{"type":"Polygon","coordinates":[[[126.81357,35.46885],[126.80408,35.46756],[126.78791,35.46761],[126.78216,35.47034],[126.77252,35.46838],[126.76405,35.46604],[126.75676,35.46078],[126.75427,35.45527],[126.74787,35.45033],[126.74091,35.45232],[126.73812,35.44903],[126.74438,35.44075],[126.75118,35.43708],[126.75183,35.42298],[126.75396,35.41624],[126.75623,35.41205],[126.76294,35.4062],[126.76896,35.40935],[126.77499,35.4074],[126.78357,35.40787],[126.79076,35.4008],[126.79748,35.39971],[126.80613,35.39433],[126.80852,35.40292],[126.81419,35.4001],[126.81477,35.39367],[126.8225,35.38784],[126.83252,35.38133],[126.84187,35.38966],[126.83541,35.39534],[126.83833,35.4023],[126.83788,35.41051],[126.83463,35.41441],[126.83781,35.42294],[126.83513,35.42869],[126.83651,35.43567],[126.83299,35.44045],[126.83236,35.44995],[126.82393,35.4587],[126.81782,35.46248],[126.81357,35.46885]]]},"properties":{"code":"1284039000","name":"북이면","parent":"12840"}},{"type":"Feature","geometry":{"type":"Polygon","coordinates":[[[126.86869,35.46139],[126.86156,35.46165],[126.85062,35.46598],[126.84229,35.46389],[126.84045,35.46915],[126.84314,35.47599],[126.84027,35.4829],[126.8315,35.48004],[126.82613,35.4863],[126.81858,35.48576],[126.81396,35.48294],[126.81293,35.47663],[126.81503,35.47364],[126.81357,35.46885],[126.81782,35.46248],[126.82393,35.4587],[126.83236,35.44995],[126.83299,35.44045],[126.83651,35.43567],[126.83513,35.42869],[126.83781,35.42294],[126.83463,35.41441],[126.83788,35.41051],[126.83833,35.4023],[126.83541,35.39534],[126.84187,35.38966],[126.84281,35.38236],[126.84747,35.38062],[126.84652,35.37346],[126.84261,35.36986],[126.84385,35.36591],[126.84847,35.36244],[126.85695,35.35941],[126.85891,35.35558],[126.85381,35.34241],[126.85437,35.33419],[126.8484,35.32974],[126.84725,35.32472],[126.86138,35.32123],[126.86972,35.32305],[126.88013,35.32105],[126.88772,35.32587],[126.87934,35.33837],[126.87665,35.3451],[126.88284,35.35286],[126.88425,35.36149],[126.88701,35.36497],[126.89153,35.36465],[126.90062,35.37285],[126.90407,35.37756],[126.91222,35.38171],[126.91763,35.38599],[126.92457,35.37944],[126.92534,35.38631],[126.92406,35.39265],[126.92491,35.39922],[126.9196,35.40197],[126.91696,35.40519],[126.92067,35.41089],[126.91628,35.41549],[126.90863,35.4166],[126.90737,35.42028],[126.90196,35.42277],[126.90372,35.42995],[126.89793,35.43268],[126.89758,35.43587],[126.90451,35.44043],[126.89972,35.44263],[126.89484,35.44848],[126.884,35.45099],[126.8805,35.45547],[126.87626,35.45624],[126.86869,35.46139]]]},"properties":{"code":"1284040000","name":"북하면","parent":"12840"}},{"type":"Feature","geometry":{"type":"Polygon","coordinates":[[[126.7296,34.3791],[126.71772,34.37486],[126.71134,34.38037],[126.70941,34.37437],[126.70339,34.3726],[126.70055,34.3688],[126.69588,34.3693],[126.68389,34.36453],[126.68675,34.35128],[126.69284,34.34828],[126.68557,34.34191],[126.67751,34.34089],[126.66968,34.3313],[126.66519,34.32379],[126.66877,34.32367],[126.6692,34.31707],[126.67732,34.31459],[126.68157,34.30783],[126.67867,34.30459],[126.68648,34.30108],[126.68842,34.29672],[126.69381,34.29352],[126.70224,34.29697],[126.70987,34.29773],[126.71754,34.29685],[126.7315,34.28706],[126.73827,34.28655],[126.73452,34.29938],[126.74303,34.29827],[126.74237,34.2951],[126.74829,34.29119],[126.76836,34.29005],[126.76863,34.28736],[126.77776,34.28741],[126.77204,34.2947],[126.76339,34.29787],[126.76263,34.30373],[126.76758,34.30464],[126.77221,34.31234],[126.76603,34.31813],[126.75765,34.31511],[126.75464,34.31563],[126.74851,34.32151],[126.75069,34.32602],[126.74082,34.33624],[126.73581,34.34293],[126.73838,34.34836],[126.73147,34.35189],[126.73197,34.35965],[126.72913,34.36224],[126.7334,34.36739],[126.7296,34.3791]]]},"properties":{"code":"1285025000","name":"완도읍","parent":"12850"}},{"type":"Feature","geometry":{"type":"MultiPolygon","coordinates":[[[[127.08465,34.18755],[127.08548,34.19011],[127.08025,34.19494],[127.07076,34.19405],[127.06777,34.19032],[127.07583,34.18597],[127.08465,34.18755]]],[[[127.16541,34.20267],[127.17516,34.20328],[127.18009,34.20782],[127.17619,34.20967],[127.15493,34.2077],[127.15585,34.20269],[127.16541,34.20267]]],[[[127.01192,34.22591],[127.00067,34.22328],[126.99943,34.21732],[127.01163,34.21824],[127.01192,34.22591]]],[[[127.10016,34.3018],[127.10421,34.30363],[127.10445,34.31121],[127.09971,34.31341],[127.09402,34.30729],[127.09403,34.30314],[127.10016,34.3018]]],[[[127.13928,34.30817],[127.13227,34.31446],[127.12865,34.31027],[127.11864,34.30547],[127.12537,34.29942],[127.13157,34.30246],[127.13719,34.30146],[127.14168,34.30518],[127.13928,34.30817]]],[[[127.08951,34.31993],[127.09194,34.32267],[127.0848,34.33076],[127.07741,34.32955],[127.08078,34.3221],[127.08951,34.31993]]],[[[127.03487,34.3761],[127.02418,34.37477],[127.02011,34.37796],[127.01112,34.37715],[127.01052,34.37065],[127.00703,34.36722],[127.01065,34.36305],[127.00651,34.35821],[127.00109,34.35838],[126.98909,34.36278],[126.98511,34.36006],[126.98994,34.35539],[126.99717,34.35407],[126.99823,34.35161],[127.00867,34.34879],[127.01238,34.35249],[127.01907,34.35196],[127.02597,34.34791],[127.03192,34.34193],[127.0265,34.33955],[127.02605,34.33645],[127.03289,34.33131],[127.03573,34.33698],[127.04286,34.34114],[127.05177,34.33937],[127.05318,34.33424],[127.0497,34.32886],[127.0461,34.33004],[127.03614,34.32585],[127.03492,34.32339],[127.03734,34.3168],[127.03775,34.31009],[127.04368,34.30797],[127.04395,34.31601],[127.05043,34.32384],[127.05663,34.32249],[127.05595,34.32901],[127.06327,34.33266],[127.06924,34.3335],[127.07575,34.33069],[127.08107,34.33227],[127.08256,34.3364],[127.07689,34.33931],[127.06638,34.33943],[127.06422,34.34122],[127.06813,34.34647],[127.07231,34.34356],[127.08674,34.34232],[127.08943,34.3364],[127.09685,34.33494],[127.10292,34.33695],[127.09072,34.34807],[127.09408,34.35362],[127.09101,34.35848],[127.08235,34.35964],[127.07565,34.36335],[127.05861,34.36267],[127.05442,34.36082],[127.05302,34.35549],[127.04631,34.35295],[127.04548,34.35758],[127.05079,34.35943],[127.05079,34.36406],[127.04521,34.37008],[127.04101,34.37008],[127.03487,34.3761]]],[[[127.09598,34.38745],[127.09487,34.39203],[127.09036,34.39279],[127.07948,34.38824],[127.07324,34.3871],[127.07481,34.38132],[127.0684,34.37438],[127.07765,34.37356],[127.08682,34.37675],[127.09208,34.3768],[127.09169,34.38438],[127.09598,34.38745]]],[[[127.04632,34.39491],[127.03674,34.395],[127.03247,34.39145],[127.03707,34.38603],[127.04206,34.38689],[127.05123,34.38581],[127.05167,34.39308],[127.04632,34.39491]]]]},"properties":{"code":"1285025300","name":"금일읍","parent":"12850"}},{"type":"Feature","geometry":{"type":"MultiPolygon","coordinates":[[[[126.47728,34.17188],[126.47529,34.16585],[126.48083,34.16463],[126.48166,34.16956],[126.47728,34.17188]]],[[[126.4866,34.19062],[126.48221,34.19289],[126.47532,34.1903],[126.47848,34.17729],[126.48026,34.1771],[126.48678,34.1872],[126.4866,34.19062]]],[[[126.51072,34.19972],[126.50488,34.20511],[126.50151,34.19911],[126.4956,34.19377],[126.49505,34.18806],[126.49228,34.1836],[126.48438,34.18047],[126.49169,34.17686],[126.49807,34.18537],[126.50096,34.18727],[126.50589,34.18473],[126.51092,34.18776],[126.5104,34.19231],[126.51871,34.19908],[126.51072,34.19972]]],[[[126.54717,34.19938],[126.54352,34.20545],[126.53969,34.2044],[126.53792,34.19922],[126.54076,34.1974],[126.54717,34.19938]]],[[[126.56819,34.23443],[126.56431,34.23541],[126.55329,34.23209],[126.56131,34.22463],[126.56623,34.22341],[126.56529,34.21873],[126.55642,34.21858],[126.56189,34.2134],[126.55789,34.20769],[126.55298,34.20656],[126.55371,34.19378],[126.54686,34.1932],[126.54778,34.18897],[126.56179,34.18896],[126.56028,34.17891],[126.56319,34.17738],[126.58687,34.17226],[126.60415,34.17356],[126.61174,34.17618],[126.61664,34.18053],[126.61699,34.18558],[126.61152,34.19249],[126.61738,34.19885],[126.6217,34.19905],[126.62511,34.20277],[126.6239,34.20667],[126.61815,34.20875],[126.61543,34.21608],[126.60759,34.21983],[126.60794,34.22423],[126.59607,34.22728],[126.58688,34.22397],[126.57926,34.22865],[126.57362,34.22275],[126.56911,34.22911],[126.56819,34.23443]]],[[[126.4773,34.28822],[126.47023,34.28839],[126.46939,34.28364],[126.47606,34.28348],[126.4773,34.28822]]]]},"properties":{"code":"1285025600","name":"노화읍","parent":"12850"}},{"type":"Feature","geometry":{"type":"MultiPolygon","coordinates":[[[[126.56643,34.28202],[126.56234,34.28411],[126.55784,34.28153],[126.5501,34.2808],[126.54112,34.28272],[126.53973,34.27549],[126.56869,34.27508],[126.57227,34.28075],[126.56643,34.28202]]],[[[126.61256,34.28979],[126.60629,34.28834],[126.60552,34.28315],[126.61081,34.2832],[126.61256,34.28979]]],[[[126.59227,34.29502],[126.58998,34.29775],[126.59226,34.30383],[126.58028,34.29774],[126.57546,34.29142],[126.57678,34.28886],[126.5856,34.29423],[126.59227,34.29502]]],[[[126.73927,34.39905],[126.73546,34.40338],[126.73228,34.40116],[126.73667,34.39267],[126.74394,34.39159],[126.73927,34.39905]]],[[[126.7296,34.3791],[126.7269,34.38317],[126.71972,34.38444],[126.71985,34.3874],[126.71318,34.38841],[126.71024,34.39364],[126.70156,34.39856],[126.69415,34.39728],[126.68508,34.40317],[126.68097,34.40046],[126.67309,34.40029],[126.67119,34.3963],[126.66644,34.39829],[126.65947,34.39439],[126.65422,34.39332],[126.64469,34.39489],[126.63332,34.40077],[126.6257,34.40178],[126.62701,34.39519],[126.63189,34.39356],[126.64324,34.3942],[126.64793,34.39286],[126.64595,34.38773],[126.63868,34.38211],[126.64208,34.3724],[126.64562,34.36743],[126.64124,34.36196],[126.64501,34.35174],[126.64448,34.34392],[126.64098,34.34113],[126.64747,34.33828],[126.64895,34.3337],[126.64609,34.32971],[126.65104,34.32734],[126.65508,34.32877],[126.66519,34.32379],[126.66968,34.3313],[126.67751,34.34089],[126.68557,34.34191],[126.69284,34.34828],[126.68675,34.35128],[126.68389,34.36453],[126.69588,34.3693],[126.70055,34.3688],[126.70339,34.3726],[126.70941,34.37437],[126.71134,34.38037],[126.71772,34.37486],[126.7296,34.3791]]],[[[126.71137,34.41817],[126.70272,34.41585],[126.70491,34.4112],[126.70901,34.41306],[126.71605,34.41291],[126.7194,34.40851],[126.72711,34.40639],[126.72572,34.41243],[126.71137,34.41817]]]]},"properties":{"code":"1285031000","name":"군외면","parent":"12850"}},{"type":"Feature","geometry":{"type":"MultiPolygon","coordinates":[[[[126.9005,34.28375],[126.9011,34.2882],[126.89511,34.28907],[126.89437,34.2849],[126.9005,34.28375]]],[[[126.86435,34.29654],[126.86756,34.30136],[126.85987,34.30395],[126.86435,34.29654]]],[[[126.8395,34.35315],[126.83501,34.35864],[126.82505,34.35414],[126.8185,34.34835],[126.8165,34.33701],[126.80263,34.33364],[126.79447,34.34405],[126.78763,34.3474],[126.77824,34.33637],[126.77271,34.33529],[126.76772,34.33804],[126.76052,34.33909],[126.75148,34.33602],[126.75668,34.33083],[126.76202,34.33296],[126.7683,34.32797],[126.77621,34.32644],[126.77993,34.32751],[126.78354,34.32327],[126.78889,34.32078],[126.79135,34.31539],[126.79878,34.31829],[126.80868,34.32611],[126.82542,34.32585],[126.8317,34.32354],[126.83508,34.3142],[126.83892,34.31142],[126.83603,34.30644],[126.83976,34.2997],[126.84534,34.29827],[126.85045,34.30116],[126.85079,34.30473],[126.85651,34.30566],[126.85616,34.30913],[126.8651,34.3127],[126.86719,34.3154],[126.86346,34.3205],[126.8688,34.32137],[126.87347,34.31271],[126.87196,34.30885],[126.88381,34.31041],[126.88346,34.31445],[126.88729,34.3224],[126.8836,34.3232],[126.88135,34.32958],[126.889,34.33398],[126.89241,34.32993],[126.89753,34.33189],[126.89665,34.34516],[126.89037,34.3432],[126.88114,34.33717],[126.87704,34.34684],[126.86917,34.35065],[126.85893,34.34529],[126.85696,34.34949],[126.85287,34.35068],[126.84775,34.34538],[126.84422,34.3481],[126.84411,34.35287],[126.8395,34.35315]]]]},"properties":{"code":"1285032000","name":"신지면","parent":"12850"}},{"type":"Feature","geometry":{"type":"MultiPolygon","coordinates":[[[[126.87763,34.41438],[126.87477,34.42562],[126.86959,34.42367],[126.87566,34.4149],[126.87763,34.41438]]],[[[126.83341,34.43322],[126.83466,34.44411],[126.82589,34.44031],[126.81958,34.43926],[126.81519,34.43605],[126.80124,34.43172],[126.78838,34.43331],[126.78168,34.42618],[126.77479,34.42176],[126.77179,34.41415],[126.76563,34.41112],[126.76409,34.4051],[126.76858,34.40074],[126.76353,34.39564],[126.75841,34.39431],[126.75527,34.38649],[126.75098,34.38457],[126.76797,34.38137],[126.77123,34.38256],[126.77885,34.37994],[126.77212,34.37522],[126.76541,34.35992],[126.76884,34.35694],[126.77663,34.35668],[126.78192,34.36228],[126.78051,34.36698],[126.78477,34.37024],[126.79136,34.38061],[126.80329,34.38529],[126.80897,34.3829],[126.81859,34.38191],[126.82182,34.38619],[126.83021,34.37765],[126.8339,34.38429],[126.83732,34.38427],[126.84725,34.39007],[126.85399,34.39238],[126.86628,34.39089],[126.86468,34.39657],[126.85748,34.40717],[126.84895,34.40682],[126.85187,34.41661],[126.84046,34.41095],[126.83497,34.41524],[126.82897,34.41692],[126.82793,34.42236],[126.83506,34.41982],[126.84387,34.4205],[126.84558,34.43049],[126.84021,34.43416],[126.83341,34.43322]]]]},"properties":{"code":"1285033000","name":"고금면","parent":"12850"}},{"type":"Feature","geometry":{"type":"Polygon","coordinates":[[[126.94371,34.41299],[126.94125,34.40738],[126.94312,34.40287],[126.93957,34.401],[126.93083,34.3906],[126.92087,34.39477],[126.91639,34.39138],[126.90685,34.39931],[126.89776,34.39872],[126.892,34.3965],[126.88986,34.40192],[126.88185,34.40432],[126.87918,34.3997],[126.87169,34.40153],[126.87224,34.40875],[126.86452,34.41092],[126.86208,34.40682],[126.87177,34.39984],[126.87219,34.39396],[126.86824,34.39061],[126.86513,34.38399],[126.86378,34.37457],[126.87018,34.36813],[126.88851,34.36514],[126.88667,34.36197],[126.90682,34.3574],[126.9176,34.35577],[126.92444,34.36061],[126.92152,34.36583],[126.93361,34.37055],[126.9387,34.36554],[126.94894,34.36726],[126.95019,34.3723],[126.94775,34.37758],[126.936,34.38455],[126.94224,34.38668],[126.94352,34.39457],[126.95064,34.40195],[126.94822,34.41042],[126.94371,34.41299]]]},"properties":{"code":"1285034000","name":"약산면","parent":"12850"}},{"type":"Feature","geometry":{"type":"MultiPolygon","coordinates":[[[[126.93077,33.98718],[126.92376,33.98896],[126.91426,33.98732],[126.90961,33.98229],[126.91723,33.96869],[126.92718,33.97067],[126.93518,33.96916],[126.93696,33.9794],[126.93077,33.98718]]],[[[126.76984,34.19038],[126.77102,34.19787],[126.76935,34.20412],[126.76348,34.21168],[126.75474,34.20782],[126.75153,34.20178],[126.75303,34.19708],[126.74959,34.18815],[126.76184,34.17709],[126.76415,34.18883],[126.76984,34.19038]]],[[[126.89596,34.21235],[126.89144,34.2173],[126.8846,34.21688],[126.88105,34.2122],[126.87602,34.21306],[126.87194,34.21],[126.87311,34.20633],[126.86933,34.20302],[126.85896,34.20071],[126.86157,34.19667],[126.85678,34.19113],[126.85678,34.1877],[126.84693,34.17422],[126.85033,34.16928],[126.85555,34.17305],[126.85943,34.17069],[126.84839,34.16264],[126.85514,34.1601],[126.85348,34.15555],[126.85618,34.15056],[126.86072,34.15769],[126.86003,34.16221],[126.86498,34.16582],[126.86946,34.16604],[126.87298,34.1599],[126.88115,34.15386],[126.88238,34.14973],[126.89409,34.15424],[126.90298,34.15409],[126.90617,34.15206],[126.91545,34.15424],[126.91789,34.15818],[126.92001,34.16954],[126.9252,34.17462],[126.92452,34.17973],[126.91965,34.18764],[126.91458,34.18621],[126.91047,34.18992],[126.91178,34.19465],[126.90426,34.20331],[126.91002,34.20474],[126.91193,34.21256],[126.90703,34.21434],[126.90073,34.2118],[126.89596,34.21235]]],[[[126.77633,34.22242],[126.77818,34.22724],[126.76876,34.22952],[126.76991,34.22447],[126.77633,34.22242]]]]},"properties":{"code":"1285035000","name":"청산면","parent":"12850"}},{"type":"Feature","geometry":{"type":"MultiPolygon","coordinates":[[[[126.60501,34.10097],[126.59382,34.1093],[126.58875,34.10053],[126.59985,34.09816],[126.60501,34.10097]]],[[[126.6612,34.1949],[126.65507,34.19943],[126.65022,34.20046],[126.64506,34.19707],[126.64465,34.19033],[126.6333,34.18654],[126.63718,34.18279],[126.64207,34.17373],[126.64615,34.17503],[126.6475,34.16806],[126.64014,34.16194],[126.63884,34.15589],[126.63178,34.15348],[126.6273,34.14556],[126.63294,34.14072],[126.62888,34.13713],[126.63407,34.1344],[126.63444,34.12688],[126.64007,34.12452],[126.65065,34.12757],[126.64912,34.12348],[126.65014,34.11762],[126.64751,34.1144],[126.65799,34.11342],[126.66296,34.11124],[126.668,34.11919],[126.66753,34.12634],[126.6726,34.12922],[126.6738,34.13325],[126.67121,34.14498],[126.68149,34.13978],[126.68345,34.14694],[126.67924,34.15169],[126.66987,34.14983],[126.66871,34.16281],[126.65678,34.16626],[126.6583,34.17249],[126.68234,34.17572],[126.68506,34.18044],[126.68188,34.18533],[126.67091,34.19038],[126.66878,34.19474],[126.6612,34.1949]]],[[[126.62689,34.23878],[126.61949,34.24878],[126.61282,34.25107],[126.60423,34.24963],[126.59382,34.24221],[126.593,34.23424],[126.60222,34.23279],[126.60685,34.23705],[126.61143,34.23333],[126.61776,34.23792],[126.62689,34.23878]]]]},"properties":{"code":"1285036000","name":"소안면","parent":"12850"}},{"type":"Feature","geometry":{"type":"MultiPolygon","coordinates":[[[[127.08503,34.40548],[127.08275,34.41245],[127.08648,34.41601],[127.08492,34.42506],[127.07722,34.42735],[127.07857,34.41975],[127.07514,34.41487],[127.07468,34.41024],[127.08503,34.40548]]],[[[127.01232,34.43607],[127.00656,34.43983],[127.00614,34.43348],[127.01232,34.43607]]],[[[127.04766,34.4571],[127.04209,34.46026],[127.03269,34.456],[127.02252,34.45618],[127.02464,34.45094],[127.03233,34.44951],[127.03605,34.43588],[127.03639,34.4237],[127.03965,34.41888],[127.04695,34.41411],[127.05877,34.41323],[127.06107,34.40646],[127.06673,34.40415],[127.07513,34.42136],[127.07535,34.42933],[127.07344,34.43091],[127.06856,34.44616],[127.06588,34.4516],[127.05664,34.45827],[127.05119,34.45348],[127.04766,34.4571]]]]},"properties":{"code":"1285037000","name":"금당면","parent":"12850"}},{"type":"Feature","geometry":{"type":"MultiPolygon","coordinates":[[[[126.56773,34.12824],[126.57269,34.12943],[126.56781,34.13629],[126.56521,34.1292],[126.56773,34.12824]]],[[[126.54925,34.17951],[126.54012,34.18254],[126.53749,34.17987],[126.53094,34.1795],[126.53192,34.1758],[126.52566,34.17491],[126.52254,34.17149],[126.51545,34.1699],[126.51597,34.16639],[126.5043,34.1606],[126.50874,34.15528],[126.50854,34.14587],[126.50456,34.13733],[126.5114,34.13046],[126.5103,34.12502],[126.51246,34.12116],[126.51873,34.12453],[126.52466,34.12089],[126.52957,34.12143],[126.53785,34.12565],[126.54778,34.12662],[126.54928,34.12945],[126.55506,34.13094],[126.55894,34.1343],[126.56435,34.13494],[126.56456,34.14174],[126.56845,34.14405],[126.57739,34.1444],[126.57447,34.14951],[126.58075,34.15131],[126.57959,34.15688],[126.58882,34.15757],[126.58999,34.16099],[126.59676,34.15731],[126.59684,34.15378],[126.60166,34.14952],[126.60422,34.1541],[126.60908,34.15683],[126.61111,34.15279],[126.61698,34.1483],[126.61926,34.1527],[126.62432,34.15618],[126.61857,34.16513],[126.60961,34.16215],[126.60401,34.16783],[126.59197,34.16837],[126.58444,34.17031],[126.57641,34.16878],[126.57041,34.17038],[126.5629,34.17029],[126.55574,34.16819],[126.55526,34.17473],[126.54925,34.17951]]]]},"properties":{"code":"1285038000","name":"보길면","parent":"12850"}},{"type":"Feature","geometry":{"type":"MultiPolygon","coordinates":[[[[127.01702,34.23982],[127.02038,34.24536],[127.01933,34.25344],[127.01665,34.25678],[127.01111,34.25828],[127.00797,34.25368],[127.0135,34.2455],[127.01212,34.24215],[127.01702,34.23982]]],[[[127.01545,34.28208],[127.01146,34.28395],[127.00886,34.27835],[127.01103,34.26944],[127.01778,34.26879],[127.02125,34.27044],[127.02298,34.27554],[127.01545,34.28208]]],[[[126.98877,34.33734],[126.98306,34.34147],[126.97074,34.33945],[126.95738,34.32938],[126.95616,34.32434],[126.95686,34.31269],[126.95947,34.3078],[126.96554,34.31068],[126.96676,34.30305],[126.97162,34.30104],[126.9763,34.30219],[126.97804,34.30608],[126.98706,34.30694],[126.99815,34.31357],[127.00305,34.3137],[127.00694,34.32169],[127.01527,34.32266],[127.01674,34.32679],[127.015,34.33212],[127.0098,34.33183],[127.00528,34.33758],[126.99903,34.33945],[126.98877,34.33734]]]]},"properties":{"code":"1285039000","name":"생일면","parent":"12850"}},{"type":"Feature","geometry":{"type":"Polygon","coordinates":[[[126.24219,34.53205],[126.23702,34.53246],[126.22781,34.53608],[126.22486,34.53019],[126.22008,34.5314],[126.21198,34.52432],[126.22391,34.51892],[126.22315,34.51637],[126.21049,34.51683],[126.19899,34.51107],[126.20742,34.50189],[126.20642,34.49831],[126.21214,34.49087],[126.2127,34.4849],[126.2098,34.47623],[126.21057,34.47181],[126.2161,34.4592],[126.21369,34.45042],[126.22671,34.44909],[126.23223,34.45055],[126.23658,34.46034],[126.24172,34.45545],[126.24847,34.45755],[126.25141,34.46311],[126.25729,34.46305],[126.2608,34.46676],[126.26794,34.46666],[126.27192,34.46474],[126.27619,34.46937],[126.27639,34.47332],[126.28811,34.47167],[126.29029,34.47487],[126.30044,34.47338],[126.30315,34.47865],[126.29655,34.48236],[126.28402,34.48531],[126.28235,34.49332],[126.26941,34.49731],[126.26658,34.49509],[126.26007,34.49695],[126.25375,34.50346],[126.2563,34.51253],[126.25401,34.51917],[126.25019,34.52333],[126.24221,34.52387],[126.24596,34.52877],[126.24219,34.53205]]]},"properties":{"code":"1286025000","name":"진도읍","parent":"12860"}},{"type":"Feature","geometry":{"type":"Polygon","coordinates":[[[126.32545,34.54133],[126.31767,34.54768],[126.31426,34.54741],[126.30351,34.55588],[126.30822,34.55964],[126.30923,34.5653],[126.30286,34.57066],[126.28989,34.57784],[126.28316,34.5769],[126.28129,34.5806],[126.27216,34.58354],[126.26679,34.58222],[126.25772,34.58744],[126.25021,34.58576],[126.25021,34.5895],[126.2401,34.58709],[126.24448,34.58099],[126.2399,34.57635],[126.23981,34.57049],[126.25019,34.56397],[126.25507,34.55952],[126.26099,34.54819],[126.25499,34.53679],[126.24786,34.53808],[126.24219,34.53205],[126.24596,34.52877],[126.24221,34.52387],[126.25019,34.52333],[126.25401,34.51917],[126.2563,34.51253],[126.25375,34.50346],[126.26007,34.49695],[126.26658,34.49509],[126.26941,34.49731],[126.28235,34.49332],[126.28402,34.48531],[126.29655,34.48236],[126.30315,34.47865],[126.31456,34.47999],[126.31721,34.48163],[126.31105,34.4886],[126.29718,34.49762],[126.29351,34.49797],[126.29591,34.50487],[126.30128,34.50393],[126.30893,34.50676],[126.31551,34.50383],[126.31547,34.50868],[126.32237,34.51497],[126.3364,34.50909],[126.34157,34.51384],[126.34749,34.51592],[126.33714,34.5284],[126.33106,34.5291],[126.32379,34.52644],[126.32205,34.53739],[126.32545,34.54133]]]},"properties":{"code":"1286031000","name":"군내면","parent":"12860"}},{"type":"Feature","geometry":{"type":"MultiPolygon","coordinates":[[[[126.36567,34.41745],[126.36478,34.41012],[126.37052,34.40827],[126.37332,34.41319],[126.3711,34.41621],[126.36567,34.41745]]],[[[126.34254,34.41556],[126.34294,34.41862],[126.35158,34.42629],[126.35173,34.43108],[126.35662,34.43663],[126.36548,34.44302],[126.35817,34.45614],[126.3613,34.46075],[126.36681,34.46487],[126.37038,34.46453],[126.37209,34.47027],[126.36094,34.47299],[126.35791,34.47663],[126.35997,34.48298],[126.37419,34.48533],[126.38041,34.478],[126.38455,34.48179],[126.37891,34.4869],[126.3792,34.49259],[126.37317,34.49607],[126.37298,34.5007],[126.38082,34.50112],[126.38216,34.50465],[126.37708,34.50833],[126.37738,34.51257],[126.36794,34.51551],[126.36233,34.52445],[126.35132,34.52753],[126.35386,34.53242],[126.34819,34.53473],[126.34548,34.54244],[126.33684,34.54379],[126.33889,34.55163],[126.32652,34.54692],[126.32545,34.54133],[126.32205,34.53739],[126.32379,34.52644],[126.33106,34.5291],[126.33714,34.5284],[126.34749,34.51592],[126.34157,34.51384],[126.3364,34.50909],[126.32237,34.51497],[126.31547,34.50868],[126.31551,34.50383],[126.30893,34.50676],[126.30128,34.50393],[126.29591,34.50487],[126.29351,34.49797],[126.29718,34.49762],[126.31105,34.4886],[126.31721,34.48163],[126.32196,34.4802],[126.32379,34.47275],[126.32278,34.46928],[126.33127,34.45659],[126.32933,34.45193],[126.33533,34.44194],[126.33626,34.43492],[126.34169,34.42944],[126.33858,34.42325],[126.34254,34.41556]]]]},"properties":{"code":"1286032000","name":"고군면","parent":"12860"}},{"type":"Feature","geometry":{"type":"Polygon","coordinates":[[[126.34254,34.41556],[126.33858,34.42325],[126.34169,34.42944],[126.33626,34.43492],[126.33533,34.44194],[126.32933,34.45193],[126.33127,34.45659],[126.32278,34.46928],[126.32379,34.47275],[126.32196,34.4802],[126.31721,34.48163],[126.31456,34.47999],[126.30315,34.47865],[126.30044,34.47338],[126.29029,34.47487],[126.28811,34.47167],[126.27639,34.47332],[126.27619,34.46937],[126.27192,34.46474],[126.26794,34.46666],[126.2608,34.46676],[126.25729,34.46305],[126.25141,34.46311],[126.24847,34.45755],[126.24172,34.45545],[126.23658,34.46034],[126.23223,34.45055],[126.23854,34.43813],[126.24399,34.43474],[126.24629,34.42718],[126.25603,34.42924],[126.25676,34.41975],[126.26259,34.41551],[126.25818,34.40997],[126.25948,34.40584],[126.26666,34.40355],[126.27158,34.39637],[126.27616,34.39614],[126.2799,34.39016],[126.28471,34.39459],[126.29193,34.39119],[126.28885,34.38779],[126.2836,34.38672],[126.28425,34.37973],[126.28069,34.37617],[126.28022,34.36875],[126.28574,34.36477],[126.29197,34.36621],[126.28899,34.37073],[126.29165,34.37388],[126.29904,34.36893],[126.3089,34.37601],[126.30581,34.3808],[126.29939,34.38256],[126.30343,34.39059],[126.30249,34.39546],[126.2923,34.39131],[126.29126,34.39597],[126.2968,34.39675],[126.29147,34.40305],[126.29268,34.40882],[126.29764,34.40854],[126.29935,34.40386],[126.30622,34.40274],[126.30106,34.41291],[126.31236,34.40558],[126.31311,34.41392],[126.31635,34.41985],[126.32298,34.42093],[126.32099,34.4125],[126.32753,34.40614],[126.3207,34.40475],[126.32733,34.39682],[126.33111,34.40068],[126.33663,34.40024],[126.33774,34.4036],[126.33552,34.4141],[126.34254,34.41556]]]},"properties":{"code":"1286033000","name":"의신면","parent":"12860"}},{"type":"Feature","geometry":{"type":"Polygon","coordinates":[[[126.23223,34.45055],[126.22671,34.44909],[126.21369,34.45042],[126.21302,34.44382],[126.20341,34.42806],[126.19609,34.4212],[126.18926,34.41818],[126.19091,34.41248],[126.18029,34.41067],[126.17474,34.40446],[126.17501,34.39815],[126.16929,34.39534],[126.15828,34.39355],[126.14864,34.4014],[126.14236,34.39842],[126.14443,34.3925],[126.13294,34.38812],[126.13291,34.38524],[126.14288,34.38465],[126.1454,34.37961],[126.14165,34.37581],[126.13416,34.3741],[126.1377,34.37024],[126.13467,34.35973],[126.13933,34.357],[126.14511,34.35854],[126.14512,34.36508],[126.14992,34.36651],[126.1559,34.36531],[126.15634,34.35668],[126.16288,34.35294],[126.17323,34.3527],[126.18024,34.35895],[126.18257,34.35786],[126.18096,34.35081],[126.18988,34.35657],[126.20305,34.35763],[126.20571,34.36117],[126.21294,34.36425],[126.20762,34.3687],[126.20871,34.37147],[126.22136,34.36745],[126.22895,34.37013],[126.23424,34.36846],[126.2393,34.37048],[126.24348,34.37847],[126.24653,34.37989],[126.25407,34.37856],[126.2652,34.38121],[126.26739,34.38442],[126.26024,34.38575],[126.26065,34.39282],[126.26544,34.39742],[126.27158,34.39637],[126.26666,34.40355],[126.25948,34.40584],[126.25818,34.40997],[126.26259,34.41551],[126.25676,34.41975],[126.25603,34.42924],[126.24629,34.42718],[126.24399,34.43474],[126.23854,34.43813],[126.23223,34.45055]]]},"properties":{"code":"1286034000","name":"임회면","parent":"12860"}},{"type":"Feature","geometry":{"type":"Polygon","coordinates":[[[126.20642,34.49831],[126.20414,34.49538],[126.19163,34.49428],[126.1886,34.50005],[126.19177,34.50987],[126.19048,34.5144],[126.17853,34.50221],[126.17321,34.49502],[126.17566,34.49135],[126.17251,34.48469],[126.16089,34.4829],[126.14503,34.47576],[126.14299,34.47134],[126.13506,34.46651],[126.12423,34.46469],[126.11608,34.45853],[126.11824,34.45343],[126.12657,34.4528],[126.12542,34.44242],[126.11783,34.44951],[126.11231,34.44839],[126.1017,34.44152],[126.09981,34.43654],[126.09635,34.43457],[126.09238,34.42653],[126.09328,34.42314],[126.08899,34.41862],[126.09005,34.4147],[126.09606,34.40848],[126.10109,34.40037],[126.10924,34.39501],[126.10886,34.39215],[126.11396,34.38565],[126.1171,34.37897],[126.12693,34.37894],[126.12632,34.3817],[126.13291,34.38524],[126.13294,34.38812],[126.14443,34.3925],[126.14236,34.39842],[126.14864,34.4014],[126.15828,34.39355],[126.16929,34.39534],[126.17501,34.39815],[126.17474,34.40446],[126.18029,34.41067],[126.19091,34.41248],[126.18926,34.41818],[126.19609,34.4212],[126.20341,34.42806],[126.21302,34.44382],[126.21369,34.45042],[126.2161,34.4592],[126.21057,34.47181],[126.2098,34.47623],[126.2127,34.4849],[126.21214,34.49087],[126.20642,34.49831]]]},"properties":{"code":"1286035000","name":"지산면","parent":"12860"}},{"type":"Feature","geometry":{"type":"MultiPolygon","coordinates":[[[[125.94477,34.1408],[125.94803,34.14444],[125.94308,34.15271],[125.94136,34.1635],[125.93565,34.15963],[125.9388,34.15337],[125.93948,34.14553],[125.94477,34.1408]]],[[[125.8631,34.21313],[125.85697,34.21752],[125.84898,34.21593],[125.85062,34.21162],[125.86439,34.20773],[125.8631,34.21313]]],[[[125.84745,34.21953],[125.84841,34.22528],[125.84076,34.22637],[125.84745,34.21953]]],[[[125.94174,34.24449],[125.93338,34.2474],[125.92526,34.23863],[125.92877,34.22936],[125.93484,34.2289],[125.94407,34.23111],[125.9473,34.23566],[125.95598,34.24017],[125.95406,34.24596],[125.94174,34.24449]]],[[[126.08972,34.24846],[126.07807,34.24906],[126.07655,34.24593],[126.08198,34.24182],[126.08845,34.24515],[126.08972,34.24846]]],[[[126.05393,34.25013],[126.04977,34.24099],[126.04105,34.23559],[126.03703,34.23923],[126.03025,34.23682],[126.02503,34.2381],[126.02345,34.23199],[126.0339,34.23126],[126.03624,34.22206],[126.04528,34.23118],[126.04888,34.22773],[126.05857,34.22761],[126.06511,34.24143],[126.06208,34.24712],[126.05393,34.25013]]],[[[125.92374,34.25522],[125.92281,34.24472],[125.92881,34.24928],[125.92374,34.25522]]],[[[126.18387,34.26187],[126.17616,34.25353],[126.17306,34.24389],[126.17269,34.23851],[126.17751,34.23596],[126.18016,34.24762],[126.18657,34.25318],[126.18652,34.25903],[126.18387,34.26187]]],[[[126.05502,34.25657],[126.05398,34.26059],[126.04827,34.26142],[126.04791,34.25687],[126.05502,34.25657]]],[[[125.92578,34.25728],[125.92217,34.26245],[125.91804,34.26038],[125.90524,34.2589],[125.89844,34.25285],[125.89772,34.24549],[125.90752,34.24643],[125.91147,34.24104],[125.91968,34.24897],[125.92095,34.25656],[125.92578,34.25728]]],[[[126.14193,34.26935],[126.14546,34.263],[126.15186,34.2614],[126.15128,34.26916],[126.14193,34.26935]]],[[[126.1031,34.26731],[126.09964,34.26338],[126.1111,34.26079],[126.10948,34.26851],[126.1031,34.26731]]],[[[125.99757,34.27084],[125.99714,34.27732],[125.99143,34.2799],[125.97884,34.27716],[125.97698,34.27547],[125.97714,34.26818],[125.97905,34.26468],[125.99232,34.26054],[125.99284,34.25255],[125.99889,34.2547],[125.99981,34.26084],[126.00782,34.26628],[126.00494,34.27031],[126.00084,34.26543],[125.99631,34.26662],[125.99757,34.27084]]],[[[126.00015,34.2876],[125.99398,34.29277],[125.99165,34.28709],[126.00015,34.2876]]],[[[125.97446,34.30462],[125.96995,34.29985],[125.97299,34.29721],[125.9797,34.29568],[125.98337,34.29728],[125.97446,34.30462]]],[[[125.94915,34.30575],[125.94657,34.31059],[125.9423,34.30868],[125.944,34.30169],[125.94915,34.30575]]],[[[125.96455,34.31048],[125.96284,34.3158],[125.95131,34.31079],[125.95434,34.3089],[125.96455,34.31048]]],[[[126.01633,34.31634],[126.00442,34.31543],[126.00915,34.31034],[126.01268,34.31179],[126.01939,34.30978],[126.01633,34.31634]]],[[[126.04034,34.31885],[126.03181,34.31787],[126.03372,34.31335],[126.03004,34.30996],[126.02398,34.31327],[126.02081,34.30289],[126.01712,34.29986],[126.01514,34.29113],[126.02418,34.29533],[126.0264,34.29317],[126.02343,34.28516],[126.02793,34.28365],[126.03702,34.2839],[126.04438,34.28142],[126.04964,34.28164],[126.05443,34.27414],[126.05922,34.27663],[126.05297,34.28702],[126.05912,34.28507],[126.06489,34.28848],[126.06204,34.27856],[126.06853,34.27643],[126.07512,34.28447],[126.07994,34.28441],[126.08108,34.28034],[126.09273,34.27588],[126.0912,34.2855],[126.09213,34.29114],[126.08806,34.29274],[126.08657,34.29936],[126.08989,34.30603],[126.08774,34.31228],[126.08034,34.30805],[126.07005,34.30761],[126.06044,34.3049],[126.05286,34.30657],[126.04559,34.30996],[126.04034,34.31885]]],[[[125.97519,34.32154],[125.96806,34.32082],[125.972,34.3071],[125.97672,34.30834],[125.98002,34.31624],[125.97519,34.32154]]],[[[125.9776,34.32325],[125.98112,34.32907],[125.97669,34.33032],[125.97472,34.32605],[125.9776,34.32325]]],[[[126.03019,34.34058],[126.0179,34.34063],[126.011,34.33939],[126.01664,34.33348],[126.009,34.33387],[126.00088,34.33782],[125.9994,34.3413],[125.99254,34.33738],[125.99634,34.33518],[125.9978,34.32507],[126.01095,34.32124],[126.01558,34.32388],[126.02089,34.32266],[126.02376,34.33034],[126.03424,34.32403],[126.03833,34.32763],[126.04573,34.32419],[126.05238,34.32298],[126.05874,34.3237],[126.05362,34.33214],[126.04614,34.33506],[126.03552,34.3375],[126.03019,34.34058]]],[[[125.95332,34.35306],[125.94887,34.349],[125.94642,34.34348],[125.95868,34.3451],[125.9582,34.351],[125.95332,34.35306]]],[[[125.98883,34.35407],[125.98259,34.35145],[125.98835,34.34815],[125.98883,34.35407]]],[[[126.01459,34.36095],[126.01236,34.35456],[126.01393,34.34327],[126.02157,34.34186],[126.02684,34.34366],[126.02193,34.3578],[126.01459,34.36095]]],[[[125.93671,34.36413],[125.94238,34.37474],[125.93763,34.37817],[125.93194,34.36865],[125.93671,34.36413]]],[[[125.97066,34.37987],[125.96726,34.37556],[125.96237,34.37434],[125.96034,34.36536],[125.9692,34.36661],[125.97311,34.37244],[125.97066,34.37987]]],[[[126.04059,34.39305],[126.03877,34.39926],[126.0343,34.3951],[126.04059,34.39305]]],[[[126.01166,34.39598],[126.01439,34.39998],[126.00869,34.40336],[126.00737,34.39886],[126.01166,34.39598]]],[[[126.0545,34.39269],[126.05096,34.40124],[126.04654,34.40476],[126.03991,34.4069],[126.03861,34.403],[126.04332,34.39586],[126.0545,34.39269]]],[[[126.08158,34.48434],[126.08609,34.48603],[126.08814,34.48988],[126.08523,34.49384],[126.07863,34.49193],[126.07758,34.48762],[126.08158,34.48434]]],[[[126.11078,34.49181],[126.10375,34.49463],[126.10206,34.49103],[126.10961,34.48938],[126.11078,34.49181]]],[[[126.05859,34.49672],[126.05493,34.4987],[126.04747,34.49617],[126.03895,34.48084],[126.03086,34.48128],[126.0378,34.47531],[126.0409,34.46914],[126.0351,34.46374],[126.03636,34.46007],[126.04424,34.46064],[126.05387,34.4669],[126.05321,34.47192],[126.06631,34.47503],[126.06648,34.47854],[126.0719,34.48143],[126.06621,34.48457],[126.05978,34.48033],[126.05969,34.48836],[126.06516,34.48807],[126.06469,34.49342],[126.05944,34.49305],[126.05859,34.49672]]]]},"properties":{"code":"1286036000","name":"조도면","parent":"12860"}},{"type":"Feature","geometry":{"type":"MultiPolygon","coordinates":[[[[126.23245,34.99562],[126.23286,35.00105],[126.22717,35.00098],[126.22636,34.99623],[126.23245,34.99562]]],[[[126.25192,35.00613],[126.24949,34.98051],[126.24458,34.97519],[126.24929,34.97285],[126.26058,34.97573],[126.27075,34.97617],[126.27104,34.98118],[126.26761,34.98619],[126.27023,34.9939],[126.26533,34.99458],[126.26553,35.00083],[126.26196,35.00564],[126.25192,35.00613]]],[[[126.1552,35.05614],[126.14412,35.05887],[126.13796,35.05768],[126.13353,35.05173],[126.12883,35.05142],[126.12654,35.04775],[126.13671,35.04725],[126.13965,35.04217],[126.14613,35.03815],[126.14862,35.03361],[126.16778,35.03272],[126.16624,35.02819],[126.17559,35.02634],[126.18256,35.02717],[126.18408,35.02126],[126.19334,35.01694],[126.19006,35.01397],[126.19005,35.00764],[126.19566,35.01014],[126.19711,35.01934],[126.19518,35.02801],[126.20003,35.03207],[126.20111,35.03839],[126.19335,35.04452],[126.18574,35.04244],[126.18063,35.04761],[126.18079,35.05138],[126.17559,35.05205],[126.16973,35.05579],[126.15725,35.05497],[126.1552,35.05614]]],[[[126.24768,35.09711],[126.23775,35.10118],[126.23262,35.09854],[126.22484,35.10451],[126.2167,35.10683],[126.20982,35.1032],[126.19031,35.11279],[126.18297,35.10995],[126.17902,35.10477],[126.17295,35.10632],[126.16742,35.10412],[126.15994,35.09887],[126.15704,35.08973],[126.16557,35.08347],[126.15986,35.07221],[126.16109,35.06695],[126.16511,35.06726],[126.17241,35.06369],[126.18014,35.06639],[126.18244,35.0578],[126.1988,35.06294],[126.20211,35.05867],[126.19412,35.05624],[126.19922,35.05158],[126.20624,35.03945],[126.20989,35.04063],[126.21003,35.04542],[126.2072,35.05466],[126.22261,35.05781],[126.23268,35.05306],[126.23518,35.04424],[126.22762,35.03813],[126.23059,35.0354],[126.22663,35.02343],[126.22884,35.01752],[126.24145,35.01913],[126.23972,35.0218],[126.24286,35.0275],[126.25021,35.01173],[126.25592,35.01268],[126.26054,35.01943],[126.26725,35.02455],[126.26582,35.02742],[126.27408,35.03394],[126.2742,35.03766],[126.26423,35.04242],[126.2606,35.05005],[126.26215,35.05369],[126.26216,35.06013],[126.2591,35.0676],[126.24611,35.0755],[126.24423,35.07824],[126.24503,35.08487],[126.24913,35.09334],[126.24768,35.09711]]],[[[126.20746,35.11114],[126.2104,35.1152],[126.2049,35.12167],[126.20004,35.11713],[126.203,35.11101],[126.20746,35.11114]]],[[[126.20701,35.12217],[126.20939,35.12673],[126.20349,35.12932],[126.20033,35.12725],[126.20701,35.12217]]],[[[126.20248,35.13867],[126.20397,35.14462],[126.2009,35.14799],[126.19663,35.14762],[126.18335,35.14277],[126.18535,35.13555],[126.18148,35.13032],[126.19119,35.13173],[126.19601,35.13857],[126.20248,35.13867]]]]},"properties":{"code":"1287025000","name":"지도읍","parent":"12870"}},{"type":"Feature","geometry":{"type":"MultiPolygon","coordinates":[[[[126.37899,34.87702],[126.37,34.87777],[126.36247,34.87526],[126.35709,34.86676],[126.36193,34.86473],[126.36724,34.86621],[126.37899,34.87702]]],[[[126.35238,34.90961],[126.34506,34.90967],[126.34386,34.90606],[126.35148,34.90052],[126.35616,34.90683],[126.35238,34.90961]]],[[[126.30344,34.91923],[126.29641,34.922],[126.29094,34.91755],[126.28174,34.91272],[126.28061,34.90969],[126.29106,34.90133],[126.29517,34.9015],[126.3031,34.89046],[126.30368,34.88722],[126.2926,34.88129],[126.28524,34.88744],[126.28118,34.88726],[126.28105,34.8823],[126.27821,34.87324],[126.2816,34.8676],[126.27395,34.8641],[126.27154,34.8714],[126.26782,34.86725],[126.26417,34.85931],[126.25661,34.85846],[126.24339,34.85874],[126.2329,34.86476],[126.22659,34.84747],[126.23098,34.84861],[126.2399,34.84793],[126.25507,34.84015],[126.26557,34.84152],[126.27233,34.84776],[126.27549,34.85517],[126.29153,34.85496],[126.29556,34.85142],[126.30223,34.85398],[126.31255,34.85328],[126.31613,34.8463],[126.32058,34.85047],[126.32864,34.85112],[126.3343,34.84837],[126.33933,34.8386],[126.34433,34.84151],[126.34579,34.8354],[126.34358,34.83298],[126.33743,34.83389],[126.33359,34.82497],[126.32822,34.82522],[126.32748,34.82158],[126.33816,34.8162],[126.34393,34.81821],[126.34731,34.81433],[126.35757,34.81461],[126.36124,34.82266],[126.36762,34.82404],[126.36578,34.83145],[126.37338,34.83305],[126.37114,34.84213],[126.37148,34.84739],[126.36748,34.85298],[126.36273,34.85652],[126.35661,34.86402],[126.34828,34.8631],[126.33614,34.86413],[126.33262,34.8621],[126.32104,34.86219],[126.31536,34.86587],[126.32113,34.86804],[126.3203,34.87621],[126.31304,34.87899],[126.31952,34.88367],[126.32607,34.88377],[126.32542,34.89022],[126.33129,34.89057],[126.34301,34.8945],[126.3516,34.89115],[126.35176,34.89796],[126.34353,34.89976],[126.33839,34.9051],[126.33838,34.90796],[126.3192,34.91316],[126.32114,34.90767],[126.31798,34.90643],[126.3115,34.90891],[126.30575,34.91341],[126.30344,34.91923]]],[[[126.23859,34.93299],[126.23414,34.93652],[126.22696,34.93723],[126.21947,34.92408],[126.21999,34.91906],[126.22658,34.91313],[126.23469,34.90939],[126.23965,34.91488],[126.24853,34.91757],[126.25142,34.92038],[126.25411,34.93045],[126.25207,34.93498],[126.24321,34.93511],[126.23859,34.93299]]],[[[126.2412,34.95585],[126.2327,34.95512],[126.23479,34.94546],[126.24063,34.94395],[126.24768,34.94705],[126.24876,34.95262],[126.2412,34.95585]]],[[[126.27451,34.96938],[126.26342,34.96869],[126.26372,34.96202],[126.25768,34.96218],[126.25879,34.95655],[126.26237,34.95203],[126.26964,34.95761],[126.27654,34.94787],[126.2796,34.94869],[126.287,34.94244],[126.28646,34.93668],[126.29308,34.93373],[126.30051,34.938],[126.29582,34.94491],[126.2888,34.96263],[126.28264,34.96383],[126.27451,34.96938]]]]},"properties":{"code":"1287025300","name":"압해읍","parent":"12870"}},{"type":"Feature","geometry":{"type":"MultiPolygon","coordinates":[[[[126.21471,34.98635],[126.20709,34.98605],[126.20092,34.97761],[126.19781,34.96744],[126.1948,34.96428],[126.18796,34.94611],[126.19048,34.93873],[126.19024,34.9322],[126.19292,34.92219],[126.18839,34.91865],[126.19467,34.91481],[126.20119,34.91786],[126.20373,34.92339],[126.20796,34.92668],[126.21275,34.93656],[126.21641,34.95201],[126.22226,34.96195],[126.2268,34.96512],[126.22733,34.97377],[126.23063,34.97994],[126.22691,34.98606],[126.21914,34.98475],[126.21471,34.98635]]],[[[126.19107,34.99329],[126.19587,34.99651],[126.19076,35.00301],[126.1878,35.00203],[126.19107,34.99329]]],[[[126.14477,35.026],[126.13258,35.02729],[126.1265,35.02689],[126.12038,35.02141],[126.11533,35.01898],[126.10986,35.01033],[126.10342,35.00611],[126.1009,35.00039],[126.10728,34.99662],[126.11581,34.99552],[126.13321,35.0014],[126.13623,34.9973],[126.13324,34.98952],[126.13508,34.97759],[126.13519,34.96752],[126.1235,34.95087],[126.12402,34.946],[126.12872,34.94449],[126.1362,34.94557],[126.14467,34.94139],[126.15797,34.93789],[126.16979,34.94259],[126.17459,34.94597],[126.17857,34.95408],[126.1854,34.97365],[126.18787,34.977],[126.18766,34.98651],[126.18193,34.99732],[126.17194,35.01385],[126.16524,35.02274],[126.15416,35.02648],[126.14477,35.026]]]]},"properties":{"code":"1287031000","name":"증도면","parent":"12870"}},{"type":"Feature","geometry":{"type":"MultiPolygon","coordinates":[[[[125.92327,35.07695],[125.92047,35.08423],[125.91684,35.08023],[125.92327,35.07695]]],[[[126.14427,35.09337],[126.13279,35.09223],[126.13008,35.08289],[126.13713,35.08458],[126.14397,35.08205],[126.14695,35.08372],[126.14659,35.09129],[126.14427,35.09337]]],[[[126.02212,35.09967],[126.01888,35.10373],[126.0153,35.10313],[126.01,35.09728],[126.01182,35.08626],[126.01556,35.08221],[126.02435,35.07909],[126.03027,35.0833],[126.03159,35.0901],[126.02212,35.09967]]],[[[126.05961,35.11339],[126.05658,35.111],[126.06373,35.10612],[126.06573,35.10896],[126.05961,35.11339]]],[[[126.0494,35.11082],[126.04811,35.11646],[126.04211,35.11359],[126.0494,35.11082]]],[[[126.16195,35.14358],[126.15316,35.14801],[126.14563,35.1465],[126.14137,35.14319],[126.13337,35.14386],[126.11798,35.1429],[126.10642,35.13115],[126.08483,35.11162],[126.07542,35.10641],[126.06731,35.10392],[126.06211,35.10534],[126.04838,35.10256],[126.05115,35.09386],[126.04585,35.09138],[126.04148,35.08527],[126.04572,35.07735],[126.04505,35.07139],[126.03706,35.07108],[126.03669,35.06513],[126.04635,35.06472],[126.04802,35.06109],[126.05866,35.0619],[126.0565,35.05654],[126.06347,35.05513],[126.0641,35.06486],[126.07427,35.06724],[126.07259,35.05982],[126.07814,35.05245],[126.0836,35.05346],[126.09072,35.05206],[126.09491,35.04772],[126.10157,35.04667],[126.10257,35.04984],[126.10818,35.0511],[126.10518,35.05508],[126.1112,35.05846],[126.11623,35.05825],[126.11857,35.0613],[126.1157,35.06639],[126.12344,35.0758],[126.12427,35.08091],[126.12324,35.09409],[126.121,35.09663],[126.12804,35.11624],[126.13898,35.13151],[126.14528,35.13738],[126.15754,35.14051],[126.16195,35.14358]]]]},"properties":{"code":"1287032000","name":"임자면","parent":"12870"}},{"type":"Feature","geometry":{"type":"Polygon","coordinates":[[[126.06265,34.93567],[126.05518,34.93867],[126.0585,34.93152],[126.05712,34.92513],[126.05019,34.92335],[126.05577,34.91594],[126.05016,34.91151],[126.04612,34.91188],[126.04018,34.91936],[126.03123,34.90953],[126.02672,34.91086],[126.02157,34.9087],[126.0178,34.91345],[126.0136,34.91355],[126.01057,34.91007],[126.00968,34.90341],[126.00565,34.90298],[126.0054,34.89726],[125.99887,34.88923],[125.9921,34.88865],[125.99491,34.88282],[125.98927,34.87719],[125.9838,34.87555],[125.97941,34.87751],[125.97363,34.8752],[125.96779,34.87727],[125.96574,34.8734],[125.96805,34.86979],[125.97549,34.86915],[125.97392,34.86439],[125.98252,34.86141],[125.98776,34.86496],[125.99168,34.86304],[125.99712,34.86495],[126.0036,34.86259],[126.00874,34.85855],[126.01276,34.86127],[126.03192,34.85775],[126.04361,34.8428],[126.04762,34.84459],[126.04595,34.85002],[126.05027,34.85338],[126.06075,34.85439],[126.0704,34.85766],[126.07536,34.86182],[126.08534,34.86362],[126.08738,34.86882],[126.09579,34.8753],[126.09879,34.88184],[126.10407,34.90108],[126.09913,34.90955],[126.09296,34.91203],[126.08424,34.91249],[126.08549,34.91569],[126.09064,34.91733],[126.09187,34.92319],[126.08059,34.92098],[126.07602,34.9248],[126.08001,34.92942],[126.07575,34.93471],[126.06942,34.93732],[126.06265,34.93567]]]},"properties":{"code":"1287033000","name":"자은면","parent":"12870"}},{"type":"Feature","geometry":{"type":"MultiPolygon","coordinates":[[[[126.02049,34.7658],[126.01657,34.76631],[126.01626,34.75914],[126.0113,34.75054],[126.01056,34.7451],[126.01214,34.73404],[126.01848,34.72323],[126.02948,34.72171],[126.03175,34.7273],[126.02558,34.73872],[126.0281,34.74486],[126.02992,34.75658],[126.02729,34.76461],[126.02049,34.7658]]],[[[125.91068,34.79563],[125.9042,34.78943],[125.91097,34.78714],[125.91699,34.79155],[125.91068,34.79563]]],[[[125.99708,34.80471],[125.99318,34.80737],[125.98729,34.80382],[125.98322,34.80501],[125.979,34.80212],[125.97395,34.8033],[125.96954,34.80008],[125.97195,34.79717],[125.96697,34.79159],[125.96027,34.78827],[125.95442,34.78961],[125.95281,34.78405],[125.93639,34.77629],[125.92879,34.775],[125.91749,34.77687],[125.90869,34.77654],[125.89883,34.78119],[125.89705,34.77376],[125.89294,34.77128],[125.88867,34.76517],[125.89361,34.75788],[125.88998,34.75597],[125.89149,34.74635],[125.88752,34.74034],[125.88737,34.73659],[125.89423,34.72623],[125.90283,34.72545],[125.90298,34.72154],[125.90968,34.71557],[125.91981,34.71505],[125.92732,34.71842],[125.93847,34.71917],[125.94242,34.72142],[125.94419,34.73016],[125.95107,34.73242],[125.94548,34.73709],[125.94598,34.74446],[125.94221,34.74541],[125.94153,34.75265],[125.95778,34.75117],[125.9627,34.74677],[125.96442,34.75246],[125.9771,34.75247],[125.98141,34.75519],[125.98448,34.76014],[125.9892,34.76197],[125.99263,34.75602],[125.99861,34.75993],[126.00094,34.76611],[126.00103,34.77298],[125.99696,34.77433],[125.9957,34.77978],[125.99751,34.78601],[126.00054,34.78857],[126.00086,34.79527],[125.99708,34.80471]]]]},"properties":{"code":"1287034000","name":"비금면","parent":"12870"}},{"type":"Feature","geometry":{"type":"MultiPolygon","coordinates":[[[[125.87955,34.61005],[125.88137,34.60648],[125.89052,34.59878],[125.88721,34.60969],[125.87955,34.61005]]],[[[125.85385,34.61901],[125.85822,34.62266],[125.85493,34.63064],[125.84742,34.63006],[125.84591,34.62638],[125.83258,34.62166],[125.83067,34.61901],[125.8209,34.61468],[125.81205,34.62177],[125.803,34.62365],[125.80091,34.62021],[125.81372,34.61646],[125.81051,34.61209],[125.81264,34.60973],[125.82246,34.61134],[125.82619,34.60704],[125.82242,34.6043],[125.81534,34.60444],[125.81064,34.60266],[125.81113,34.59595],[125.81668,34.59308],[125.82215,34.59401],[125.82545,34.59985],[125.82932,34.60119],[125.84256,34.597],[125.84681,34.60153],[125.86137,34.60412],[125.86269,34.60539],[125.85817,34.61946],[125.85385,34.61901]]],[[[125.96866,34.72761],[125.96501,34.73536],[125.96077,34.7374],[125.9579,34.73211],[125.94752,34.72242],[125.94191,34.71366],[125.93716,34.71624],[125.92668,34.71263],[125.91862,34.71173],[125.91421,34.70256],[125.91531,34.69284],[125.91437,34.68526],[125.91562,34.67734],[125.92053,34.67647],[125.92035,34.67142],[125.92452,34.67085],[125.92802,34.67735],[125.93219,34.67738],[125.93554,34.6733],[125.93219,34.66758],[125.94763,34.6663],[125.95099,34.67199],[125.95628,34.66971],[125.95419,34.65844],[125.96533,34.65645],[125.976,34.65907],[125.98121,34.66387],[125.97811,34.66687],[125.98037,34.67255],[125.98832,34.67315],[125.98801,34.6782],[125.99437,34.67906],[125.99867,34.68238],[126.00839,34.68443],[126.01091,34.68853],[126.0107,34.6956],[126.01459,34.69826],[126.01354,34.70391],[126.00903,34.70636],[126.01468,34.71041],[126.00907,34.71931],[126.01048,34.72154],[126.00312,34.7257],[125.9993,34.73155],[125.99427,34.73196],[125.99187,34.72651],[126.00474,34.72051],[125.99733,34.71911],[125.98135,34.72256],[125.97634,34.72141],[125.97223,34.72653],[125.96866,34.72761]]]]},"properties":{"code":"1287035000","name":"도초면","parent":"12870"}},{"type":"Feature","geometry":{"type":"MultiPolygon","coordinates":[[[[125.10278,34.09593],[125.09633,34.09323],[125.09381,34.08737],[125.09338,34.07413],[125.08367,34.07679],[125.08203,34.07456],[125.09446,34.06894],[125.10169,34.06905],[125.11244,34.0628],[125.11559,34.05122],[125.1222,34.04671],[125.13132,34.04865],[125.13474,34.0465],[125.14594,34.05268],[125.13876,34.0614],[125.13144,34.06489],[125.12104,34.07737],[125.12091,34.08338],[125.12394,34.08804],[125.11501,34.0881],[125.11125,34.09486],[125.10278,34.09593]]],[[[125.46899,34.20333],[125.47342,34.21154],[125.46624,34.21169],[125.46899,34.20333]]],[[[125.29335,34.39287],[125.2911,34.39899],[125.287,34.40395],[125.28153,34.40053],[125.28537,34.39397],[125.28883,34.39158],[125.29416,34.37985],[125.29972,34.38328],[125.31002,34.38025],[125.31472,34.38464],[125.31313,34.39131],[125.30479,34.39241],[125.30185,34.39664],[125.29335,34.39287]]],[[[125.288,34.41993],[125.29027,34.42678],[125.28142,34.433],[125.27579,34.42964],[125.28032,34.42348],[125.2804,34.41859],[125.28558,34.41723],[125.288,34.41993]]],[[[125.29614,34.45324],[125.29058,34.45255],[125.2872,34.44518],[125.28294,34.44156],[125.28268,34.434],[125.28986,34.43493],[125.29147,34.43859],[125.29635,34.44115],[125.29507,34.4505],[125.29614,34.45324]]],[[[125.4795,34.6552],[125.46491,34.65662],[125.4636,34.65361],[125.45536,34.64774],[125.45539,34.64239],[125.46675,34.64093],[125.47863,34.64985],[125.4795,34.6552]]],[[[125.39529,34.69742],[125.38584,34.69791],[125.3896,34.69185],[125.38061,34.68545],[125.3795,34.68162],[125.36868,34.68104],[125.36022,34.67472],[125.36224,34.66988],[125.37069,34.66574],[125.37888,34.67515],[125.38082,34.68014],[125.38637,34.68154],[125.38958,34.68769],[125.3937,34.69075],[125.39529,34.69742]]],[[[125.44219,34.70045],[125.41297,34.69854],[125.40728,34.69557],[125.40581,34.68923],[125.40779,34.68557],[125.40441,34.67894],[125.39806,34.67701],[125.39505,34.66802],[125.39704,34.6641],[125.38975,34.66163],[125.38639,34.65395],[125.39513,34.64748],[125.38453,34.6438],[125.3887,34.63318],[125.39295,34.62823],[125.40293,34.62283],[125.41378,34.62245],[125.4153,34.62616],[125.41358,34.63298],[125.41475,34.63852],[125.42047,34.63965],[125.42169,34.64256],[125.43028,34.64373],[125.43086,34.6469],[125.42787,34.65291],[125.42744,34.6587],[125.43544,34.65749],[125.44491,34.66288],[125.44822,34.67345],[125.44809,34.68056],[125.45375,34.68484],[125.461,34.68128],[125.4657,34.6873],[125.4654,34.69342],[125.45804,34.69464],[125.44416,34.69414],[125.44417,34.68821],[125.44113,34.68489],[125.43169,34.68565],[125.43219,34.69535],[125.43702,34.69678],[125.44277,34.69581],[125.44219,34.70045]]],[[[125.20713,34.68529],[125.21317,34.69539],[125.21546,34.70522],[125.21142,34.70918],[125.21311,34.71549],[125.1993,34.71075],[125.19956,34.70428],[125.19194,34.69381],[125.19195,34.68652],[125.18849,34.68471],[125.17835,34.68312],[125.17831,34.67639],[125.17597,34.6722],[125.17915,34.66571],[125.18848,34.66409],[125.19028,34.67242],[125.19565,34.67049],[125.19378,34.67938],[125.19935,34.68273],[125.20318,34.68023],[125.20713,34.68529]]],[[[125.45552,34.74329],[125.45421,34.73867],[125.45754,34.73574],[125.45625,34.73005],[125.4531,34.72589],[125.45393,34.71984],[125.45982,34.71918],[125.4596,34.71443],[125.46636,34.71544],[125.46689,34.72554],[125.47734,34.72915],[125.47855,34.7348],[125.47094,34.73405],[125.45552,34.74329]]],[[[125.43978,34.74278],[125.43635,34.73435],[125.43999,34.73231],[125.44934,34.73222],[125.45137,34.73871],[125.44413,34.74367],[125.44077,34.74305],[125.43978,34.74278]]],[[[125.42714,34.75702],[125.42793,34.75177],[125.43216,34.74865],[125.43848,34.74878],[125.4353,34.75414],[125.42714,34.75702]]]]},"properties":{"code":"1287036000","name":"흑산면","parent":"12870"}},{"type":"Feature","geometry":{"type":"MultiPolygon","coordinates":[[[[125.97648,34.60257],[125.96723,34.59775],[125.95861,34.59886],[125.96058,34.59434],[125.97215,34.59523],[125.97425,34.59002],[125.96912,34.58899],[125.97098,34.58348],[125.96624,34.58078],[125.9701,34.57746],[125.97962,34.57991],[125.97888,34.59154],[125.97599,34.59359],[125.98605,34.60097],[125.97648,34.60257]]],[[[126.00023,34.59761],[126.00669,34.59974],[126.00306,34.60361],[125.99732,34.60071],[126.00023,34.59761]]],[[[125.99708,34.63056],[125.99306,34.63039],[125.99489,34.62072],[125.98767,34.61628],[125.98934,34.61206],[125.98639,34.60914],[125.99021,34.60429],[125.99592,34.61296],[126.00299,34.60864],[126.00989,34.61088],[126.01051,34.61661],[126.00465,34.62688],[126.00392,34.63069],[125.99708,34.63056]]],[[[126.01952,34.64305],[126.01131,34.6454],[126.00316,34.64212],[126.00242,34.63817],[126.00745,34.63402],[126.01957,34.63911],[126.01952,34.64305]]],[[[125.96911,34.63854],[125.9616,34.64504],[125.95596,34.64317],[125.95404,34.63762],[125.94835,34.64],[125.94622,34.63434],[125.95351,34.62766],[125.95561,34.62379],[125.9601,34.62334],[125.96239,34.6284],[125.96952,34.62312],[125.97148,34.61919],[125.97751,34.61888],[125.97938,34.62794],[125.97496,34.63501],[125.96911,34.63854]]],[[[126.04874,34.65935],[126.03852,34.65837],[126.03213,34.6489],[126.02822,34.64691],[126.02852,34.63648],[126.02566,34.63418],[126.01546,34.63557],[126.00984,34.63137],[126.01292,34.62129],[126.01648,34.61708],[126.01048,34.6064],[126.01416,34.60237],[126.01088,34.59743],[126.01462,34.59575],[126.01955,34.60022],[126.02644,34.59291],[126.01482,34.58588],[126.01908,34.57549],[126.01752,34.57192],[126.01947,34.56359],[126.02967,34.56531],[126.03135,34.57203],[126.03675,34.57235],[126.042,34.56771],[126.04686,34.57114],[126.05481,34.56757],[126.06118,34.57195],[126.06532,34.58294],[126.06173,34.58668],[126.06274,34.59432],[126.05794,34.59822],[126.05655,34.60264],[126.04634,34.60269],[126.04027,34.60518],[126.03703,34.61122],[126.0374,34.61488],[126.04206,34.61908],[126.04075,34.6296],[126.04365,34.62892],[126.05134,34.64078],[126.05324,34.65306],[126.04874,34.65935]]],[[[126.08142,34.68856],[126.07946,34.69173],[126.06463,34.68473],[126.06255,34.67549],[126.06418,34.66819],[126.06369,34.65493],[126.06985,34.64343],[126.07909,34.64339],[126.07915,34.65017],[126.08139,34.65581],[126.08573,34.65828],[126.08651,34.66899],[126.08352,34.68445],[126.08142,34.68856]]]]},"properties":{"code":"1287037000","name":"하의면","parent":"12870"}},{"type":"Feature","geometry":{"type":"MultiPolygon","coordinates":[[[[126.15193,34.56297],[126.15452,34.56794],[126.14996,34.57055],[126.14628,34.56878],[126.14619,34.56381],[126.15193,34.56297]]],[[[126.14916,34.58075],[126.1404,34.57992],[126.14302,34.57577],[126.14937,34.57566],[126.14916,34.58075]]],[[[126.08326,34.61371],[126.08347,34.61831],[126.07874,34.62451],[126.06524,34.63516],[126.05835,34.63417],[126.0492,34.62893],[126.04944,34.61897],[126.04785,34.60846],[126.05521,34.6105],[126.06395,34.60796],[126.06754,34.60245],[126.06757,34.59399],[126.07306,34.58825],[126.07432,34.58292],[126.07987,34.58307],[126.08036,34.57826],[126.07262,34.57096],[126.06482,34.56136],[126.05484,34.56269],[126.04604,34.56554],[126.03715,34.56526],[126.031,34.56273],[126.02572,34.55586],[126.02732,34.54878],[126.03175,34.55283],[126.03474,34.55041],[126.038,34.55736],[126.04869,34.55448],[126.05555,34.55604],[126.05625,34.54984],[126.04449,34.54652],[126.04704,34.53895],[126.03848,34.53795],[126.03502,34.54251],[126.02927,34.54408],[126.02522,34.5344],[126.031,34.53085],[126.04044,34.53385],[126.04742,34.52994],[126.05737,34.5308],[126.06479,34.53416],[126.06269,34.53649],[126.07809,34.54009],[126.08666,34.54631],[126.08558,34.55451],[126.09068,34.55544],[126.09926,34.55435],[126.1023,34.55886],[126.09786,34.56724],[126.09349,34.56956],[126.09615,34.57386],[126.10215,34.57313],[126.10227,34.57995],[126.10506,34.58456],[126.11017,34.58588],[126.11111,34.58941],[126.10393,34.59179],[126.10465,34.5958],[126.09915,34.59674],[126.09965,34.6009],[126.10337,34.60493],[126.09965,34.60931],[126.09464,34.60712],[126.08753,34.60907],[126.08326,34.61371]]],[[[126.08752,34.634],[126.08543,34.63734],[126.07918,34.64074],[126.07151,34.64072],[126.07593,34.63367],[126.08752,34.634]]]]},"properties":{"code":"1287038000","name":"신의면","parent":"12870"}},{"type":"Feature","geometry":{"type":"MultiPolygon","coordinates":[[[[126.19518,34.57349],[126.20023,34.57982],[126.1948,34.58246],[126.18767,34.57632],[126.19111,34.57304],[126.19518,34.57349]]],[[[126.18232,34.61813],[126.18026,34.61401],[126.18642,34.61237],[126.1861,34.61734],[126.18232,34.61813]]],[[[126.19988,34.62673],[126.19306,34.62719],[126.19848,34.62058],[126.20744,34.62009],[126.21158,34.61759],[126.2151,34.62612],[126.20239,34.62541],[126.19988,34.62673]]],[[[126.12087,34.62691],[126.11532,34.62889],[126.10936,34.61898],[126.124,34.61791],[126.12643,34.62054],[126.12087,34.62691]]],[[[126.14745,34.67399],[126.14271,34.67433],[126.12462,34.66778],[126.11744,34.66438],[126.11366,34.65914],[126.11271,34.65336],[126.10816,34.64662],[126.11151,34.63929],[126.12817,34.6201],[126.12157,34.6153],[126.12937,34.61294],[126.13779,34.61579],[126.13833,34.61831],[126.15433,34.61842],[126.16191,34.61605],[126.16952,34.62085],[126.17776,34.62016],[126.17784,34.62352],[126.19078,34.63218],[126.19608,34.63213],[126.20259,34.63487],[126.20127,34.64287],[126.1881,34.64054],[126.18501,34.64536],[126.18835,34.64995],[126.18333,34.65615],[126.18439,34.66241],[126.17107,34.66437],[126.15621,34.67307],[126.14745,34.67399]]]]},"properties":{"code":"1287039000","name":"장산면","parent":"12870"}},{"type":"Feature","geometry":{"type":"MultiPolygon","coordinates":[[[[126.1993,34.6949],[126.20385,34.7001],[126.19558,34.7059],[126.1896,34.70483],[126.18074,34.70006],[126.17703,34.69463],[126.17143,34.6977],[126.15951,34.69348],[126.154,34.68735],[126.16089,34.68005],[126.16702,34.67986],[126.17391,34.67313],[126.18115,34.67272],[126.18918,34.67691],[126.19663,34.68339],[126.2013,34.69031],[126.1993,34.6949]]],[[[126.0563,34.76301],[126.0586,34.76619],[126.05592,34.77118],[126.04831,34.76649],[126.04612,34.76208],[126.04109,34.76011],[126.0404,34.75533],[126.0513,34.75025],[126.05965,34.73944],[126.06093,34.74192],[126.06039,34.75641],[126.0563,34.76301]]],[[[126.08124,34.77889],[126.07568,34.778],[126.07553,34.77289],[126.06791,34.77199],[126.06315,34.7687],[126.06318,34.76547],[126.0696,34.76314],[126.0767,34.75487],[126.08002,34.75302],[126.07287,34.74702],[126.06909,34.7356],[126.07139,34.73187],[126.06834,34.72811],[126.06764,34.71706],[126.06358,34.71243],[126.06998,34.71129],[126.07393,34.70809],[126.083,34.70714],[126.0923,34.70466],[126.0942,34.70088],[126.10085,34.69583],[126.10888,34.69606],[126.1137,34.68862],[126.11994,34.68271],[126.12591,34.68327],[126.13555,34.68741],[126.14545,34.68629],[126.14828,34.69141],[126.1542,34.69656],[126.16139,34.69916],[126.17297,34.7006],[126.18484,34.70901],[126.19017,34.71159],[126.19628,34.71945],[126.19336,34.723],[126.19369,34.73185],[126.18644,34.73503],[126.17537,34.74923],[126.17512,34.75365],[126.16914,34.75429],[126.16291,34.75833],[126.1561,34.75896],[126.14622,34.75787],[126.13838,34.7584],[126.1307,34.76259],[126.12396,34.7758],[126.11755,34.77763],[126.11244,34.77385],[126.10171,34.77428],[126.09679,34.77135],[126.09159,34.77506],[126.08582,34.77518],[126.08124,34.77889]]]]},"properties":{"code":"1287040000","name":"안좌면","parent":"12870"}},{"type":"Feature","geometry":{"type":"Polygon","coordinates":[[[126.17028,34.80323],[126.16561,34.81732],[126.16557,34.82097],[126.1602,34.82407],[126.15649,34.82322],[126.14997,34.81423],[126.14548,34.81131],[126.13517,34.80095],[126.12331,34.79832],[126.11631,34.79275],[126.09984,34.79256],[126.09378,34.78983],[126.08692,34.79259],[126.08658,34.78612],[126.09155,34.7856],[126.09954,34.77766],[126.11265,34.77701],[126.11421,34.77907],[126.12346,34.77951],[126.13576,34.76233],[126.14021,34.76065],[126.16066,34.76079],[126.16965,34.75779],[126.17503,34.76223],[126.17544,34.78489],[126.17449,34.78868],[126.16951,34.78902],[126.17126,34.7953],[126.17028,34.80323]]]},"properties":{"code":"1287041000","name":"팔금면","parent":"12870"}},{"type":"Feature","geometry":{"type":"MultiPolygon","coordinates":[[[[126.05093,34.82281],[126.04766,34.82814],[126.04406,34.8268],[126.0441,34.81961],[126.0498,34.81441],[126.05545,34.81408],[126.05662,34.80902],[126.06658,34.8056],[126.07295,34.79593],[126.07953,34.79842],[126.07621,34.80211],[126.07294,34.81179],[126.06637,34.81315],[126.06257,34.81852],[126.05591,34.82296],[126.05093,34.82281]]],[[[126.11579,34.88217],[126.10909,34.88024],[126.11238,34.87477],[126.10903,34.86838],[126.11027,34.86481],[126.11613,34.8582],[126.12003,34.8576],[126.1149,34.85071],[126.10828,34.85014],[126.09224,34.85536],[126.08672,34.86087],[126.08112,34.85804],[126.07532,34.85122],[126.05837,34.84959],[126.0613,34.84388],[126.07103,34.83443],[126.07658,34.82731],[126.07382,34.823],[126.08077,34.81848],[126.09059,34.81499],[126.09561,34.80269],[126.09168,34.80201],[126.09388,34.79662],[126.11437,34.80042],[126.11904,34.8003],[126.11839,34.80555],[126.12264,34.81045],[126.12111,34.81509],[126.11735,34.81694],[126.11461,34.82527],[126.12068,34.83017],[126.1246,34.8359],[126.13031,34.83227],[126.13897,34.83031],[126.13957,34.835],[126.14927,34.83961],[126.15104,34.84543],[126.14004,34.85219],[126.13478,34.85288],[126.1335,34.85655],[126.1353,34.8623],[126.14991,34.85877],[126.15792,34.86205],[126.15716,34.86643],[126.14083,34.87812],[126.13789,34.87521],[126.131,34.88042],[126.12426,34.87922],[126.11579,34.88217]]],[[[126.16885,34.87511],[126.16899,34.88429],[126.16477,34.88455],[126.16885,34.87511]]],[[[126.17842,34.9033],[126.17503,34.90058],[126.1802,34.89242],[126.17529,34.88558],[126.17714,34.88067],[126.18901,34.88977],[126.18839,34.89653],[126.18008,34.89951],[126.17842,34.9033]]]]},"properties":{"code":"1287042000","name":"암태면","parent":"12870"}},{"type":"Feature","geometry":{"type":"Polygon","coordinates":[[[126.87077,35.20902],[126.87894,35.21399],[126.88817,35.21158],[126.88703,35.21857],[126.89679,35.21983],[126.90558,35.21866],[126.91112,35.22156],[126.9125,35.22545],[126.91814,35.22315],[126.92422,35.22445],[126.92702,35.23109],[126.93405,35.2347],[126.93418,35.23959],[126.9326,35.24149],[126.93369,35.24704],[126.93088,35.25139],[126.92065,35.25355],[126.91663,35.25683],[126.90947,35.25881],[126.90572,35.25887],[126.89862,35.25321],[126.88639,35.24626],[126.87903,35.24811],[126.87955,35.25149],[126.87002,35.24626],[126.86242,35.24515],[126.85883,35.23974],[126.84435,35.23439],[126.83516,35.22875],[126.83822,35.22382],[126.84469,35.22572],[126.84599,35.22189],[126.85286,35.22186],[126.85676,35.21726],[126.86369,35.22274],[126.87138,35.21362],[126.87077,35.20902]]]},"properties":{"code":"1230069500","name":"건국동","parent":"12300"}},{"type":"Feature","geometry":{"type":"Polygon","coordinates":[[[126.91247,35.11047],[126.9121,35.1157],[126.90415,35.11866],[126.9038,35.12425],[126.89531,35.12461],[126.88842,35.12166],[126.88774,35.11698],[126.89344,35.11441],[126.89634,35.10904],[126.89249,35.10608],[126.90005,35.10524],[126.90071,35.11057],[126.90959,35.1093],[126.91247,35.11047]]]},"properties":{"code":"1227070500","name":"진월동","parent":"12270"}},{"type":"Feature","geometry":{"type":"Polygon","coordinates":[[[126.90469,35.16763],[126.91535,35.16583],[126.91835,35.17552],[126.91576,35.17602],[126.90574,35.1725],[126.90469,35.16763]]]},"properties":{"code":"1230053500","name":"중흥동","parent":"12300"}}]}