{"type":"FeatureCollection","features":[{"type":"Feature","geometry":{"type":"Polygon","coordinates":[[[127.00612,37.33807],[127.00047,37.33849],[126.99141,37.33401],[126.98711,37.32945],[126.98094,37.32659],[126.97119,37.33179],[126.96692,37.32324],[126.97,37.31692],[126.97394,37.30911],[126.97274,37.30552],[126.98219,37.30619],[126.98168,37.30976],[126.98675,37.31172],[126.99709,37.30314],[127.00212,37.31227],[127.00799,37.31875],[127.00235,37.32689],[127.0063,37.33209],[127.00612,37.33807]]]},"properties":{"key":"경기도|수원시장안구|파장동","code":"4111156000"}},{"type":"Feature","geometry":{"type":"Polygon","coordinates":[[[126.97274,37.30552],[126.97394,37.30911],[126.97,37.31692],[126.96771,37.31594],[126.96635,37.30821],[126.96108,37.30197],[126.96807,37.29426],[126.96973,37.28777],[126.97428,37.28552],[126.97877,37.28657],[126.98437,37.29134],[126.97818,37.29835],[126.9727,37.30028],[126.97274,37.30552]]]},"properties":{"key":"경기도|수원시장안구|율천동","code":"4111156600"}},{"type":"Feature","geometry":{"type":"Polygon","coordinates":[[[126.99709,37.30314],[126.98675,37.31172],[126.98168,37.30976],[126.98219,37.30619],[126.98449,37.30148],[126.99132,37.29846],[126.9977,37.29785],[126.9978,37.29798],[126.99709,37.30314]]]},"properties":{"key":"경기도|수원시장안구|정자1동","code":"4111157100"}},{"type":"Feature","geometry":{"type":"Polygon","coordinates":[[[127.00935,37.29537],[126.9978,37.29798],[126.9977,37.29785],[126.98613,37.28941],[126.99054,37.2862],[127.00064,37.28978],[127.01096,37.29323],[127.00935,37.29537]]]},"properties":{"key":"경기도|수원시장안구|정자2동","code":"4111157200"}},{"type":"Feature","geometry":{"type":"Polygon","coordinates":[[[127.01761,37.28783],[127.02543,37.29583],[127.02552,37.29783],[127.01096,37.29323],[127.00064,37.28978],[127.00526,37.2866],[127.00921,37.28552],[127.01481,37.28945],[127.01761,37.28783]]]},"properties":{"key":"경기도|수원시장안구|영화동","code":"4111158000"}},{"type":"Feature","geometry":{"type":"Polygon","coordinates":[[[127.01278,37.31653],[127.00799,37.31875],[127.00212,37.31227],[126.99709,37.30314],[126.9978,37.29798],[127.00935,37.29537],[127.00938,37.30148],[127.00432,37.3046],[127.01278,37.31653]]]},"properties":{"key":"경기도|수원시장안구|송죽동","code":"4111159100"}},{"type":"Feature","geometry":{"type":"Polygon","coordinates":[[[127.02552,37.29783],[127.02403,37.30747],[127.01394,37.3063],[127.00938,37.30148],[127.00935,37.29537],[127.01096,37.29323],[127.02552,37.29783]]]},"properties":{"key":"경기도|수원시장안구|조원1동","code":"4111159700"}},{"type":"Feature","geometry":{"type":"Polygon","coordinates":[[[127.03344,37.34471],[127.01881,37.35156],[127.0127,37.34688],[127.00903,37.33876],[127.00612,37.33807],[127.0063,37.33209],[127.00235,37.32689],[127.00799,37.31875],[127.01278,37.31653],[127.02403,37.30747],[127.02552,37.29783],[127.02543,37.29583],[127.01761,37.28783],[127.02466,37.28952],[127.0251,37.28951],[127.03393,37.2932],[127.03258,37.29875],[127.03423,37.31377],[127.03807,37.31616],[127.03992,37.32134],[127.03827,37.3285],[127.03153,37.337],[127.03344,37.34471]]]},"properties":{"key":"경기도|수원시장안구|연무동","code":"4111160000"}},{"type":"Feature","geometry":{"type":"Polygon","coordinates":[[[126.9977,37.29785],[126.99132,37.29846],[126.98449,37.30148],[126.98219,37.30619],[126.97274,37.30552],[126.9727,37.30028],[126.97818,37.29835],[126.98437,37.29134],[126.98613,37.28941],[126.9977,37.29785]]]},"properties":{"key":"경기도|수원시장안구|정자3동","code":"4111157300"}},{"type":"Feature","geometry":{"type":"Polygon","coordinates":[[[127.02403,37.30747],[127.01278,37.31653],[127.00432,37.3046],[127.00938,37.30148],[127.01394,37.3063],[127.02403,37.30747]]]},"properties":{"key":"경기도|수원시장안구|조원2동","code":"4111159800"}},{"type":"Feature","geometry":{"type":"Polygon","coordinates":[[[127.01219,37.2663],[127.00981,37.26765],[127.00719,37.2636],[127.00102,37.2634],[127.00364,37.25952],[126.99844,37.25357],[127.00456,37.25462],[127.00842,37.25951],[127.01219,37.2663]]]},"properties":{"key":"경기도|수원시권선구|세류1동","code":"4111352000"}},{"type":"Feature","geometry":{"type":"Polygon","coordinates":[[[127.02026,37.25313],[127.01129,37.25608],[127.00842,37.25951],[127.00456,37.25462],[126.99844,37.25357],[127.00081,37.24357],[126.99813,37.2375],[126.99758,37.23023],[127.00368,37.22929],[127.00301,37.23284],[127.00965,37.23656],[127.016,37.23783],[127.01771,37.24795],[127.02026,37.25313]]]},"properties":{"key":"경기도|수원시권선구|세류2동","code":"4111353000"}},{"type":"Feature","geometry":{"type":"Polygon","coordinates":[[[127.02068,37.2645],[127.01219,37.2663],[127.00842,37.25951],[127.01129,37.25608],[127.02026,37.25313],[127.0219,37.25625],[127.01704,37.25743],[127.02068,37.2645]]]},"properties":{"key":"경기도|수원시권선구|세류3동","code":"4111354000"}},{"type":"Feature","geometry":{"type":"Polygon","coordinates":[[[127.00102,37.2634],[127.00039,37.26418],[126.99904,37.26294],[126.98249,37.25797],[126.97338,37.25962],[126.96744,37.25836],[126.96074,37.25358],[126.95224,37.25147],[126.95668,37.24519],[126.95776,37.23976],[126.96695,37.23563],[126.97039,37.2292],[126.97822,37.22957],[126.98036,37.23224],[126.98812,37.23359],[126.99758,37.23023],[126.99813,37.2375],[127.00081,37.24357],[126.99844,37.25357],[127.00364,37.25952],[127.00102,37.2634]]]},"properties":{"key":"경기도|수원시권선구|평동","code":"4111355000"}},{"type":"Feature","geometry":{"type":"Polygon","coordinates":[[[126.99314,37.27737],[126.98693,37.27476],[126.98661,37.28211],[126.98134,37.28352],[126.97851,37.28286],[126.97964,37.27619],[126.96211,37.27316],[126.96773,37.26794],[126.97047,37.26108],[126.96744,37.25836],[126.97338,37.25962],[126.98249,37.25797],[126.99904,37.26294],[127.00039,37.26418],[126.99743,37.2699],[126.99539,37.27362],[126.99314,37.27737]]]},"properties":{"key":"경기도|수원시권선구|서둔동","code":"4111356000"}},{"type":"Feature","geometry":{"type":"Polygon","coordinates":[[[126.96973,37.28777],[126.96311,37.28878],[126.96506,37.28337],[126.96004,37.28009],[126.96211,37.27316],[126.97964,37.27619],[126.97851,37.28286],[126.98134,37.28352],[126.97877,37.28657],[126.97428,37.28552],[126.96973,37.28777]]]},"properties":{"key":"경기도|수원시권선구|구운동","code":"4111365000"}},{"type":"Feature","geometry":{"type":"Polygon","coordinates":[[[126.96211,37.27316],[126.95604,37.26879],[126.94532,37.27134],[126.94169,37.27046],[126.93706,37.26321],[126.93085,37.26104],[126.93578,37.25677],[126.94653,37.2575],[126.95224,37.25147],[126.96074,37.25358],[126.96744,37.25836],[126.97047,37.26108],[126.96773,37.26794],[126.96211,37.27316]]]},"properties":{"key":"경기도|수원시권선구|호매실동","code":"4111366400"}},{"type":"Feature","geometry":{"type":"Polygon","coordinates":[[[127.03968,37.2435],[127.04254,37.25116],[127.03947,37.25417],[127.03507,37.25287],[127.03245,37.24678],[127.02567,37.23638],[127.02129,37.23387],[127.016,37.23783],[127.00965,37.23656],[127.00301,37.23284],[127.00368,37.22929],[127.0081,37.22784],[127.02263,37.2249],[127.0229,37.22951],[127.02964,37.23201],[127.0367,37.2384],[127.03968,37.2435]]]},"properties":{"key":"경기도|수원시권선구|곡선동","code":"4111369000"}},{"type":"Feature","geometry":{"type":"Polygon","coordinates":[[[126.96108,37.30197],[126.9543,37.30314],[126.95229,37.30065],[126.94159,37.30102],[126.93295,37.30305],[126.93259,37.30076],[126.93929,37.29498],[126.93298,37.29163],[126.92929,37.28602],[126.9274,37.27885],[126.94074,37.27707],[126.94131,37.28156],[126.95281,37.28297],[126.96004,37.28009],[126.96506,37.28337],[126.96311,37.28878],[126.96973,37.28777],[126.96807,37.29426],[126.96108,37.30197]]]},"properties":{"key":"경기도|수원시권선구|입북동","code":"4111370000"}},{"type":"Feature","geometry":{"type":"Polygon","coordinates":[[[126.96004,37.28009],[126.95281,37.28297],[126.94131,37.28156],[126.94074,37.27707],[126.9274,37.27885],[126.92737,37.2788],[126.92726,37.27143],[126.93085,37.26104],[126.93706,37.26321],[126.94169,37.27046],[126.94532,37.27134],[126.95604,37.26879],[126.96211,37.27316],[126.96004,37.28009]]]},"properties":{"key":"경기도|수원시권선구|금곡동","code":"4111366200"}},{"type":"Feature","geometry":{"type":"Polygon","coordinates":[[[127.03507,37.25287],[127.0219,37.25625],[127.02026,37.25313],[127.01771,37.24795],[127.016,37.23783],[127.02129,37.23387],[127.02567,37.23638],[127.03245,37.24678],[127.03507,37.25287]]]},"properties":{"key":"경기도|수원시권선구|권선2동","code":"4111368000"}},{"type":"Feature","geometry":{"type":"Polygon","coordinates":[[[127.0251,37.28951],[127.02466,37.28952],[127.02325,37.28354],[127.01879,37.27815],[127.01974,37.27526],[127.03115,37.27819],[127.0251,37.28951]]]},"properties":{"key":"경기도|수원시팔달구|지동","code":"4111570000"}},{"type":"Feature","geometry":{"type":"Polygon","coordinates":[[[127.03881,37.2848],[127.04322,37.29037],[127.03393,37.2932],[127.0251,37.28951],[127.03115,37.27819],[127.03169,37.27814],[127.03362,37.28311],[127.03881,37.2848]]]},"properties":{"key":"경기도|수원시팔달구|우만1동","code":"4111571000"}},{"type":"Feature","geometry":{"type":"Polygon","coordinates":[[[127.04407,37.28543],[127.03881,37.2848],[127.03362,37.28311],[127.03169,37.27814],[127.04036,37.27587],[127.04405,37.27471],[127.04178,37.28413],[127.04407,37.28543]]]},"properties":{"key":"경기도|수원시팔달구|우만2동","code":"4111572000"}},{"type":"Feature","geometry":{"type":"Polygon","coordinates":[[[127.03115,37.27819],[127.01974,37.27526],[127.01821,37.27225],[127.02068,37.2645],[127.02935,37.26228],[127.03046,37.2582],[127.03667,37.25652],[127.04041,37.26528],[127.03699,37.27507],[127.04036,37.27587],[127.03169,37.27814],[127.03115,37.27819]]]},"properties":{"key":"경기도|수원시팔달구|인계동","code":"4111573000"}},{"type":"Feature","geometry":{"type":"Polygon","coordinates":[[[127.01821,37.27225],[127.01178,37.27385],[127.00981,37.26765],[127.01219,37.2663],[127.02068,37.2645],[127.01821,37.27225]]]},"properties":{"key":"경기도|수원시팔달구|매교동","code":"4111565000"}},{"type":"Feature","geometry":{"type":"Polygon","coordinates":[[[127.01178,37.27385],[127.01071,37.27759],[127.00777,37.27072],[126.99743,37.2699],[127.00039,37.26418],[127.00102,37.2634],[127.00719,37.2636],[127.00981,37.26765],[127.01178,37.27385]]]},"properties":{"key":"경기도|수원시팔달구|매산동","code":"4111566000"}},{"type":"Feature","geometry":{"type":"Polygon","coordinates":[[[127.00993,37.27935],[126.99663,37.27606],[126.99539,37.27362],[126.99743,37.2699],[127.00777,37.27072],[127.01071,37.27759],[127.00993,37.27935]]]},"properties":{"key":"경기도|수원시팔달구|고등동","code":"4111567000"}},{"type":"Feature","geometry":{"type":"Polygon","coordinates":[[[127.00921,37.28552],[127.00526,37.2866],[127.00075,37.28214],[126.99268,37.28021],[126.99314,37.27737],[126.99539,37.27362],[126.99663,37.27606],[127.00993,37.27935],[127.00921,37.28552]]]},"properties":{"key":"경기도|수원시팔달구|화서1동","code":"4111568000"}},{"type":"Feature","geometry":{"type":"Polygon","coordinates":[[[126.98613,37.28941],[126.98437,37.29134],[126.97877,37.28657],[126.98134,37.28352],[126.98661,37.28211],[126.98693,37.27476],[126.99314,37.27737],[126.99268,37.28021],[127.00075,37.28214],[127.00526,37.2866],[127.00064,37.28978],[126.99054,37.2862],[126.98613,37.28941]]]},"properties":{"key":"경기도|수원시팔달구|화서2동","code":"4111569000"}},{"type":"Feature","geometry":{"type":"Polygon","coordinates":[[[127.01974,37.27526],[127.01879,37.27815],[127.02325,37.28354],[127.02466,37.28952],[127.01761,37.28783],[127.01481,37.28945],[127.00921,37.28552],[127.00993,37.27935],[127.01071,37.27759],[127.01178,37.27385],[127.01821,37.27225],[127.01974,37.27526]]]},"properties":{"key":"경기도|수원시팔달구|행궁동","code":"4111574000"}},{"type":"Feature","geometry":{"type":"Polygon","coordinates":[[[127.04405,37.27471],[127.04036,37.27587],[127.03699,37.27507],[127.04041,37.26528],[127.0428,37.27049],[127.04799,37.27352],[127.04405,37.27471]]]},"properties":{"key":"경기도|수원시영통구|매탄1동","code":"4111751000"}},{"type":"Feature","geometry":{"type":"Polygon","coordinates":[[[127.05542,37.26715],[127.05836,37.27117],[127.04799,37.27352],[127.0428,37.27049],[127.05542,37.26715]]]},"properties":{"key":"경기도|수원시영통구|매탄2동","code":"4111752000"}},{"type":"Feature","geometry":{"type":"Polygon","coordinates":[[[127.06155,37.2645],[127.05967,37.26171],[127.05199,37.26569],[127.04952,37.26308],[127.04041,37.26528],[127.03667,37.25652],[127.03947,37.25417],[127.04254,37.25116],[127.03968,37.2435],[127.04262,37.24675],[127.04585,37.25098],[127.05322,37.24859],[127.06163,37.25296],[127.063,37.25727],[127.06155,37.2645]]]},"properties":{"key":"경기도|수원시영통구|매탄3동","code":"4111753000"}},{"type":"Feature","geometry":{"type":"Polygon","coordinates":[[[127.05542,37.26715],[127.0428,37.27049],[127.04041,37.26528],[127.04952,37.26308],[127.05199,37.26569],[127.05967,37.26171],[127.06155,37.2645],[127.05542,37.26715]]]},"properties":{"key":"경기도|수원시영통구|매탄4동","code":"4111754000"}},{"type":"Feature","geometry":{"type":"Polygon","coordinates":[[[127.08244,37.25445],[127.08122,37.26059],[127.0862,37.26477],[127.08553,37.27051],[127.07599,37.26573],[127.07089,37.26655],[127.07059,37.26298],[127.06523,37.25831],[127.07128,37.25741],[127.07166,37.25753],[127.08006,37.25319],[127.08244,37.25445]]]},"properties":{"key":"경기도|수원시영통구|영통1동","code":"4111757000"}},{"type":"Feature","geometry":{"type":"Polygon","coordinates":[[[127.06442,37.24375],[127.06804,37.24803],[127.06163,37.25296],[127.05322,37.24859],[127.04585,37.25098],[127.04262,37.24675],[127.04197,37.2451],[127.05688,37.24566],[127.06442,37.24375]]]},"properties":{"key":"경기도|수원시영통구|영통2동","code":"4111758000"}},{"type":"Feature","geometry":{"type":"Polygon","coordinates":[[[127.05166,37.23431],[127.05632,37.23287],[127.06326,37.23917],[127.06668,37.24015],[127.06621,37.24388],[127.06442,37.24375],[127.05688,37.24566],[127.05192,37.23911],[127.05166,37.23431]]]},"properties":{"key":"경기도|수원시영통구|망포1동","code":"4111759300"}},{"type":"Feature","geometry":{"type":"Polygon","coordinates":[[[127.05351,37.28279],[127.04407,37.28543],[127.04178,37.28413],[127.04405,37.27471],[127.04799,37.27352],[127.05836,37.27117],[127.05542,37.26715],[127.06155,37.2645],[127.063,37.25727],[127.06523,37.25831],[127.07059,37.26298],[127.07089,37.26655],[127.06466,37.27111],[127.06806,37.27561],[127.06055,37.27545],[127.05911,37.28268],[127.05351,37.28279]]]},"properties":{"key":"경기도|수원시영통구|원천동","code":"4111755000"}},{"type":"Feature","geometry":{"type":"Polygon","coordinates":[[[127.06062,37.31094],[127.05765,37.31556],[127.04903,37.31592],[127.03992,37.32134],[127.03807,37.31616],[127.03423,37.31377],[127.03258,37.29875],[127.03393,37.2932],[127.04322,37.29037],[127.03881,37.2848],[127.04407,37.28543],[127.05351,37.28279],[127.06504,37.29181],[127.06186,37.29636],[127.05818,37.30494],[127.06062,37.31094]]]},"properties":{"key":"경기도|수원시영통구|광교1동","code":"4111760000"}},{"type":"Feature","geometry":{"type":"Polygon","coordinates":[[[127.08831,37.29317],[127.08988,37.29841],[127.0798,37.29535],[127.07934,37.29327],[127.06186,37.29636],[127.06504,37.29181],[127.05351,37.28279],[127.05911,37.28268],[127.06055,37.27545],[127.06806,37.27561],[127.06954,37.27874],[127.08413,37.28632],[127.08863,37.28687],[127.08831,37.29317]]]},"properties":{"key":"경기도|수원시영통구|광교2동","code":"4111761000"}},{"type":"Feature","geometry":{"type":"Polygon","coordinates":[[[127.14458,37.43955],[127.14246,37.44413],[127.14076,37.44361],[127.13613,37.4422],[127.14079,37.43742],[127.14451,37.43952],[127.14458,37.43955]]]},"properties":{"key":"경기도|성남시수정구|신흥1동","code":"4113151000"}},{"type":"Feature","geometry":{"type":"Polygon","coordinates":[[[127.15048,37.4568],[127.14951,37.45682],[127.14288,37.45623],[127.14015,37.45308],[127.14542,37.44627],[127.15225,37.44259],[127.15688,37.44505],[127.15695,37.44513],[127.15731,37.44569],[127.15261,37.44997],[127.14932,37.45231],[127.15048,37.4568]]]},"properties":{"key":"경기도|성남시수정구|신흥2동","code":"4113152000"}},{"type":"Feature","geometry":{"type":"Polygon","coordinates":[[[127.15225,37.44259],[127.14542,37.44627],[127.14246,37.44413],[127.14458,37.43955],[127.15225,37.44259]]]},"properties":{"key":"경기도|성남시수정구|신흥3동","code":"4113153000"}},{"type":"Feature","geometry":{"type":"Polygon","coordinates":[[[127.12019,37.4531],[127.1173,37.45281],[127.11646,37.44498],[127.11826,37.44064],[127.12726,37.43958],[127.13176,37.4409],[127.12819,37.44906],[127.12019,37.4531]]]},"properties":{"key":"경기도|성남시수정구|태평1동","code":"4113154000"}},{"type":"Feature","geometry":{"type":"Polygon","coordinates":[[[127.13742,37.45307],[127.13243,37.45026],[127.13613,37.4422],[127.14076,37.44361],[127.13742,37.45307]]]},"properties":{"key":"경기도|성남시수정구|태평2동","code":"4113155000"}},{"type":"Feature","geometry":{"type":"Polygon","coordinates":[[[127.13613,37.4422],[127.13243,37.45026],[127.12819,37.44906],[127.13176,37.4409],[127.13613,37.4422]]]},"properties":{"key":"경기도|성남시수정구|태평3동","code":"4113156000"}},{"type":"Feature","geometry":{"type":"Polygon","coordinates":[[[127.14015,37.45308],[127.13742,37.45307],[127.14076,37.44361],[127.14246,37.44413],[127.14542,37.44627],[127.14015,37.45308]]]},"properties":{"key":"경기도|성남시수정구|태평4동","code":"4113156100"}},{"type":"Feature","geometry":{"type":"Polygon","coordinates":[[[127.14079,37.43742],[127.13613,37.4422],[127.13176,37.4409],[127.13467,37.43466],[127.14079,37.43742]]]},"properties":{"key":"경기도|성남시수정구|수진1동","code":"4113157000"}},{"type":"Feature","geometry":{"type":"Polygon","coordinates":[[[127.13467,37.43466],[127.13176,37.4409],[127.12726,37.43958],[127.11826,37.44064],[127.11839,37.43233],[127.13467,37.43466]]]},"properties":{"key":"경기도|성남시수정구|수진2동","code":"4113158000"}},{"type":"Feature","geometry":{"type":"Polygon","coordinates":[[[127.16085,37.45418],[127.15798,37.46119],[127.16084,37.46432],[127.15384,37.46341],[127.15528,37.46268],[127.15468,37.45126],[127.15261,37.44997],[127.15731,37.44569],[127.16085,37.45418]]]},"properties":{"key":"경기도|성남시수정구|단대동","code":"4113159000"}},{"type":"Feature","geometry":{"type":"Polygon","coordinates":[[[127.15384,37.46341],[127.15048,37.4568],[127.14932,37.45231],[127.15261,37.44997],[127.15468,37.45126],[127.15528,37.46268],[127.15384,37.46341]]]},"properties":{"key":"경기도|성남시수정구|산성동","code":"4113160000"}},{"type":"Feature","geometry":{"type":"Polygon","coordinates":[[[127.16085,37.45418],[127.1663,37.46067],[127.174,37.46611],[127.17596,37.4722],[127.16462,37.4691],[127.16084,37.46432],[127.15798,37.46119],[127.16085,37.45418]]]},"properties":{"key":"경기도|성남시수정구|양지동","code":"4113161000"}},{"type":"Feature","geometry":{"type":"Polygon","coordinates":[[[127.12659,37.46885],[127.12229,37.46521],[127.11746,37.46217],[127.11675,37.45859],[127.12019,37.4531],[127.12819,37.44906],[127.13243,37.45026],[127.13742,37.45307],[127.14015,37.45308],[127.14288,37.45623],[127.14951,37.45682],[127.14719,37.4595],[127.13056,37.46763],[127.12659,37.46885]]]},"properties":{"key":"경기도|성남시수정구|복정동","code":"4113162000"}},{"type":"Feature","geometry":{"type":"Polygon","coordinates":[[[127.11675,37.45859],[127.10631,37.46254],[127.1035,37.45963],[127.09632,37.46143],[127.09428,37.45652],[127.08832,37.44864],[127.08799,37.44506],[127.09175,37.44189],[127.09985,37.43996],[127.1106,37.44268],[127.11826,37.44064],[127.11646,37.44498],[127.1173,37.45281],[127.12019,37.4531],[127.11675,37.45859]]]},"properties":{"key":"경기도|성남시수정구|신촌동","code":"4113163000"}},{"type":"Feature","geometry":{"type":"Polygon","coordinates":[[[127.11826,37.44064],[127.1106,37.44268],[127.09985,37.43996],[127.09175,37.44189],[127.08799,37.44506],[127.08231,37.4412],[127.07338,37.43934],[127.07046,37.43006],[127.06316,37.42971],[127.05089,37.42965],[127.04747,37.43087],[127.04183,37.42691],[127.04168,37.41563],[127.04675,37.4136],[127.05565,37.41312],[127.06418,37.41589],[127.06927,37.42134],[127.08362,37.42396],[127.08972,37.42174],[127.10258,37.4232],[127.10213,37.42725],[127.11074,37.42854],[127.11471,37.42726],[127.11779,37.4222],[127.11793,37.42651],[127.11839,37.43233],[127.11826,37.44064]]]},"properties":{"key":"경기도|성남시수정구|고등동","code":"4113164000"}},{"type":"Feature","geometry":{"type":"Polygon","coordinates":[[[127.11779,37.4222],[127.11471,37.42726],[127.11074,37.42854],[127.10213,37.42725],[127.10258,37.4232],[127.08972,37.42174],[127.08362,37.42396],[127.06927,37.42134],[127.06418,37.41589],[127.05565,37.41312],[127.04675,37.4136],[127.04279,37.40824],[127.0437,37.40421],[127.05587,37.40243],[127.06305,37.39866],[127.07451,37.39787],[127.07851,37.39911],[127.08401,37.39697],[127.08899,37.40097],[127.09474,37.40573],[127.10256,37.40971],[127.10657,37.40765],[127.11575,37.40901],[127.11834,37.41123],[127.11796,37.41521],[127.11779,37.4222]]]},"properties":{"key":"경기도|성남시수정구|시흥동","code":"4113165000"}},{"type":"Feature","geometry":{"type":"Polygon","coordinates":[[[127.14451,37.43952],[127.14079,37.43742],[127.13467,37.43466],[127.11839,37.43233],[127.11793,37.42651],[127.12883,37.42391],[127.12939,37.42983],[127.14009,37.42899],[127.14789,37.43472],[127.14451,37.43952]]]},"properties":{"key":"경기도|성남시중원구|성남동","code":"4113351000"}},{"type":"Feature","geometry":{"type":"Polygon","coordinates":[[[127.17543,37.44576],[127.17303,37.44791],[127.1602,37.44477],[127.15695,37.44513],[127.15688,37.44505],[127.15998,37.44115],[127.16256,37.44044],[127.16878,37.44229],[127.17543,37.44576]]]},"properties":{"key":"경기도|성남시중원구|금광1동","code":"4113353000"}},{"type":"Feature","geometry":{"type":"Polygon","coordinates":[[[127.17543,37.44576],[127.17854,37.45447],[127.17232,37.45411],[127.17108,37.45201],[127.16266,37.45319],[127.16085,37.45418],[127.15731,37.44569],[127.15695,37.44513],[127.1602,37.44477],[127.17303,37.44791],[127.17543,37.44576]]]},"properties":{"key":"경기도|성남시중원구|금광2동","code":"4113354000"}},{"type":"Feature","geometry":{"type":"Polygon","coordinates":[[[127.17232,37.45411],[127.16266,37.45319],[127.17108,37.45201],[127.17232,37.45411]]]},"properties":{"key":"경기도|성남시중원구|은행1동","code":"4113355000"}},{"type":"Feature","geometry":{"type":"Polygon","coordinates":[[[127.18105,37.47329],[127.17596,37.4722],[127.174,37.46611],[127.1663,37.46067],[127.16085,37.45418],[127.16266,37.45319],[127.17232,37.45411],[127.17854,37.45447],[127.18445,37.45876],[127.1816,37.46047],[127.18105,37.47329]]]},"properties":{"key":"경기도|성남시중원구|은행2동","code":"4113356000"}},{"type":"Feature","geometry":{"type":"Polygon","coordinates":[[[127.19572,37.44506],[127.19099,37.45735],[127.18445,37.45876],[127.17854,37.45447],[127.17543,37.44576],[127.16878,37.44229],[127.16432,37.43731],[127.15887,37.43427],[127.15884,37.42839],[127.15962,37.42798],[127.17509,37.42606],[127.17975,37.42633],[127.18713,37.4314],[127.19439,37.43277],[127.19366,37.43916],[127.19572,37.44506]]]},"properties":{"key":"경기도|성남시중원구|상대원1동","code":"4113357000"}},{"type":"Feature","geometry":{"type":"Polygon","coordinates":[[[127.16256,37.44044],[127.15998,37.44115],[127.15292,37.43635],[127.15804,37.43279],[127.15884,37.42839],[127.15887,37.43427],[127.16256,37.44044]]]},"properties":{"key":"경기도|성남시중원구|상대원2동","code":"4113358000"}},{"type":"Feature","geometry":{"type":"Polygon","coordinates":[[[127.16878,37.44229],[127.16256,37.44044],[127.15887,37.43427],[127.16432,37.43731],[127.16878,37.44229]]]},"properties":{"key":"경기도|성남시중원구|상대원3동","code":"4113359000"}},{"type":"Feature","geometry":{"type":"Polygon","coordinates":[[[127.15884,37.42839],[127.15804,37.43279],[127.15292,37.43635],[127.14789,37.43472],[127.14009,37.42899],[127.12939,37.42983],[127.12883,37.42391],[127.13905,37.42397],[127.14664,37.42079],[127.15962,37.42798],[127.15884,37.42839]]]},"properties":{"key":"경기도|성남시중원구|하대원동","code":"4113366000"}},{"type":"Feature","geometry":{"type":"Polygon","coordinates":[[[127.19439,37.43277],[127.18713,37.4314],[127.17975,37.42633],[127.17509,37.42606],[127.15962,37.42798],[127.14664,37.42079],[127.13905,37.42397],[127.12883,37.42391],[127.11793,37.42651],[127.11779,37.4222],[127.11796,37.41521],[127.12212,37.41695],[127.13388,37.41696],[127.1436,37.41504],[127.14655,37.41098],[127.15528,37.41077],[127.16467,37.40669],[127.17426,37.40543],[127.18026,37.4159],[127.19464,37.42539],[127.19439,37.43277]]]},"properties":{"key":"경기도|성남시중원구|도촌동","code":"4113367000"}},{"type":"Feature","geometry":{"type":"Polygon","coordinates":[[[127.15998,37.44115],[127.15688,37.44505],[127.15225,37.44259],[127.14458,37.43955],[127.14451,37.43952],[127.14789,37.43472],[127.15292,37.43635],[127.15998,37.44115]]]},"properties":{"key":"경기도|성남시중원구|중앙동","code":"4113352500"}},{"type":"Feature","geometry":{"type":"Polygon","coordinates":[[[127.16077,37.37416],[127.14744,37.37493],[127.14281,37.37886],[127.14149,37.37276],[127.13703,37.36953],[127.13039,37.37534],[127.12562,37.37196],[127.13212,37.36896],[127.13319,37.3654],[127.13948,37.35996],[127.14443,37.35939],[127.15285,37.36354],[127.16077,37.37416]]]},"properties":{"key":"경기도|성남시분당구|분당동","code":"4113551000"}},{"type":"Feature","geometry":{"type":"Polygon","coordinates":[[[127.13948,37.35996],[127.13319,37.3654],[127.13212,37.36896],[127.12562,37.37196],[127.12083,37.3685],[127.12416,37.36489],[127.13394,37.35848],[127.13948,37.35996]]]},"properties":{"key":"경기도|성남시분당구|수내3동","code":"4113554000"}},{"type":"Feature","geometry":{"type":"Polygon","coordinates":[[[127.12176,37.38224],[127.11655,37.38671],[127.10901,37.37851],[127.11234,37.37549],[127.1166,37.37164],[127.12183,37.37538],[127.11866,37.37999],[127.12176,37.38224]]]},"properties":{"key":"경기도|성남시분당구|수내1동","code":"4113552000"}},{"type":"Feature","geometry":{"type":"Polygon","coordinates":[[[127.13039,37.37534],[127.12176,37.38224],[127.11866,37.37999],[127.12183,37.37538],[127.1166,37.37164],[127.12083,37.3685],[127.12562,37.37196],[127.13039,37.37534]]]},"properties":{"key":"경기도|성남시분당구|수내2동","code":"4113553000"}},{"type":"Feature","geometry":{"type":"Polygon","coordinates":[[[127.12083,37.3685],[127.1166,37.37164],[127.11479,37.36344],[127.12416,37.36489],[127.12083,37.3685]]]},"properties":{"key":"경기도|성남시분당구|정자2동","code":"4113556000"}},{"type":"Feature","geometry":{"type":"Polygon","coordinates":[[[127.13394,37.35848],[127.12416,37.36489],[127.11479,37.36344],[127.11167,37.35732],[127.11751,37.3537],[127.11968,37.35234],[127.12748,37.35329],[127.13174,37.3512],[127.13394,37.35848]]]},"properties":{"key":"경기도|성남시분당구|정자3동","code":"4113557000"}},{"type":"Feature","geometry":{"type":"Polygon","coordinates":[[[127.16866,37.39545],[127.15679,37.39644],[127.14572,37.39468],[127.14117,37.38913],[127.13631,37.38929],[127.12745,37.38571],[127.12163,37.39049],[127.12031,37.39113],[127.11655,37.38671],[127.12176,37.38224],[127.13039,37.37534],[127.13709,37.38023],[127.14281,37.37886],[127.14744,37.37493],[127.16077,37.37416],[127.16169,37.37971],[127.16794,37.38035],[127.17665,37.38508],[127.17681,37.38725],[127.16839,37.39249],[127.16866,37.39545]]]},"properties":{"key":"경기도|성남시분당구|서현1동","code":"4113558000"}},{"type":"Feature","geometry":{"type":"Polygon","coordinates":[[[127.14281,37.37886],[127.13709,37.38023],[127.13039,37.37534],[127.13703,37.36953],[127.14149,37.37276],[127.14281,37.37886]]]},"properties":{"key":"경기도|성남시분당구|서현2동","code":"4113559000"}},{"type":"Feature","geometry":{"type":"Polygon","coordinates":[[[127.14572,37.39468],[127.14106,37.39953],[127.13365,37.40144],[127.12863,37.40533],[127.1245,37.40531],[127.12415,37.39316],[127.12163,37.39049],[127.12745,37.38571],[127.13631,37.38929],[127.14117,37.38913],[127.14572,37.39468]]]},"properties":{"key":"경기도|성남시분당구|이매1동","code":"4113560000"}},{"type":"Feature","geometry":{"type":"Polygon","coordinates":[[[127.1245,37.40531],[127.11914,37.40545],[127.12076,37.39469],[127.12031,37.39113],[127.12163,37.39049],[127.12415,37.39316],[127.1245,37.40531]]]},"properties":{"key":"경기도|성남시분당구|이매2동","code":"4113561000"}},{"type":"Feature","geometry":{"type":"Polygon","coordinates":[[[127.13388,37.41696],[127.12212,37.41695],[127.11796,37.41521],[127.11834,37.41123],[127.11873,37.40836],[127.12709,37.40985],[127.13388,37.40943],[127.13388,37.41696]]]},"properties":{"key":"경기도|성남시분당구|야탑1동","code":"4113562000"}},{"type":"Feature","geometry":{"type":"Polygon","coordinates":[[[127.17426,37.40543],[127.16467,37.40669],[127.15528,37.41077],[127.14655,37.41098],[127.1436,37.41504],[127.13388,37.41696],[127.13388,37.40943],[127.12863,37.40533],[127.13365,37.40144],[127.14106,37.39953],[127.14572,37.39468],[127.15679,37.39644],[127.16866,37.39545],[127.17426,37.40543]]]},"properties":{"key":"경기도|성남시분당구|야탑3동","code":"4113564000"}},{"type":"Feature","geometry":{"type":"Polygon","coordinates":[[[127.13388,37.40943],[127.12709,37.40985],[127.11873,37.40836],[127.11914,37.40545],[127.1245,37.40531],[127.12863,37.40533],[127.13388,37.40943]]]},"properties":{"key":"경기도|성남시분당구|야탑2동","code":"4113563000"}},{"type":"Feature","geometry":{"type":"Polygon","coordinates":[[[127.13174,37.3512],[127.12748,37.35329],[127.11968,37.35234],[127.12073,37.34651],[127.10893,37.34583],[127.10892,37.34271],[127.10225,37.34241],[127.1027,37.33996],[127.11275,37.33569],[127.11688,37.33341],[127.12329,37.33701],[127.13634,37.33964],[127.13796,37.34117],[127.13786,37.34439],[127.13174,37.3512]]]},"properties":{"key":"경기도|성남시분당구|구미동","code":"4113567000"}},{"type":"Feature","geometry":{"type":"Polygon","coordinates":[[[127.08899,37.40097],[127.08401,37.39697],[127.07851,37.39911],[127.07451,37.39787],[127.06305,37.39866],[127.05587,37.40243],[127.0437,37.40421],[127.0374,37.40084],[127.03872,37.39133],[127.03536,37.38879],[127.02708,37.37557],[127.02794,37.37214],[127.04634,37.36823],[127.05311,37.36326],[127.05295,37.36113],[127.06307,37.36039],[127.07088,37.35768],[127.07454,37.35317],[127.07545,37.35973],[127.07853,37.36552],[127.07848,37.37276],[127.07946,37.37873],[127.08542,37.38288],[127.08391,37.38633],[127.08913,37.39868],[127.08899,37.40097]]]},"properties":{"key":"경기도|성남시분당구|운중동","code":"4113568000"}},{"type":"Feature","geometry":{"type":"Polygon","coordinates":[[[127.10345,37.37611],[127.09384,37.376],[127.07848,37.37276],[127.07853,37.36552],[127.09211,37.35835],[127.09572,37.34799],[127.10173,37.34649],[127.10337,37.35007],[127.11344,37.35002],[127.11751,37.3537],[127.11167,37.35732],[127.10854,37.35664],[127.10364,37.35663],[127.10452,37.36588],[127.10345,37.37611]]]},"properties":{"key":"경기도|성남시분당구|금곡동","code":"4113566200"}},{"type":"Feature","geometry":{"type":"Polygon","coordinates":[[[127.11751,37.3537],[127.11344,37.35002],[127.10337,37.35007],[127.10173,37.34649],[127.09572,37.34799],[127.09211,37.35835],[127.07853,37.36552],[127.07545,37.35973],[127.07454,37.35317],[127.0781,37.3491],[127.08356,37.35203],[127.09699,37.34322],[127.10225,37.34241],[127.10892,37.34271],[127.10893,37.34583],[127.12073,37.34651],[127.11968,37.35234],[127.11751,37.3537]]]},"properties":{"key":"경기도|성남시분당구|구미1동","code":"4113566500"}},{"type":"Feature","geometry":{"type":"Polygon","coordinates":[[[127.11873,37.40836],[127.11834,37.41123],[127.11575,37.40901],[127.10657,37.40765],[127.10256,37.40971],[127.09474,37.40573],[127.10016,37.39987],[127.10189,37.39114],[127.10627,37.39473],[127.12076,37.39469],[127.11914,37.40545],[127.11873,37.40836]]]},"properties":{"key":"경기도|성남시분당구|삼평동","code":"4113565500"}},{"type":"Feature","geometry":{"type":"Polygon","coordinates":[[[127.10189,37.39114],[127.10016,37.39987],[127.09474,37.40573],[127.08899,37.40097],[127.08913,37.39868],[127.08391,37.38633],[127.08542,37.38288],[127.07946,37.37873],[127.07848,37.37276],[127.09384,37.376],[127.10345,37.37611],[127.10343,37.38141],[127.10189,37.39114]]]},"properties":{"key":"경기도|성남시분당구|판교동","code":"4113565000"}},{"type":"Feature","geometry":{"type":"Polygon","coordinates":[[[127.12076,37.39469],[127.10627,37.39473],[127.10189,37.39114],[127.10343,37.38141],[127.10901,37.37851],[127.11655,37.38671],[127.12031,37.39113],[127.12076,37.39469]]]},"properties":{"key":"경기도|성남시분당구|백현동","code":"4113565700"}},{"type":"Feature","geometry":{"type":"Polygon","coordinates":[[[127.10901,37.37851],[127.10343,37.38141],[127.10345,37.37611],[127.10452,37.36588],[127.10364,37.35663],[127.10854,37.35664],[127.10806,37.37244],[127.11234,37.37549],[127.10901,37.37851]]]},"properties":{"key":"경기도|성남시분당구|정자1동","code":"4113555000"}},{"type":"Feature","geometry":{"type":"Polygon","coordinates":[[[127.1166,37.37164],[127.11234,37.37549],[127.10806,37.37244],[127.10854,37.35664],[127.11167,37.35732],[127.11479,37.36344],[127.1166,37.37164]]]},"properties":{"key":"경기도|성남시분당구|정자동","code":"4113554500"}},{"type":"Feature","geometry":{"type":"Polygon","coordinates":[[[127.04348,37.73093],[127.04693,37.73151],[127.0449,37.74691],[127.03932,37.74607],[127.03969,37.73963],[127.03296,37.7418],[127.02971,37.73982],[127.02497,37.72776],[127.03341,37.72767],[127.04348,37.73093]]]},"properties":{"key":"경기도|의정부시|의정부2동","code":"4115052000"}},{"type":"Feature","geometry":{"type":"Polygon","coordinates":[[[127.05042,37.72367],[127.04649,37.71878],[127.03494,37.71892],[127.02886,37.71712],[127.01939,37.70726],[127.01585,37.70103],[127.0249,37.69944],[127.02807,37.70056],[127.03114,37.69294],[127.03584,37.69222],[127.04158,37.69536],[127.04509,37.69244],[127.0482,37.69391],[127.04846,37.7006],[127.05209,37.70432],[127.04925,37.71789],[127.05042,37.72367]]]},"properties":{"key":"경기도|의정부시|호원1동","code":"4115054500"}},{"type":"Feature","geometry":{"type":"Polygon","coordinates":[[[127.07343,37.71992],[127.07112,37.72177],[127.06116,37.72153],[127.06435,37.72658],[127.05202,37.72651],[127.05042,37.72367],[127.04925,37.71789],[127.05209,37.70432],[127.04846,37.7006],[127.0482,37.69391],[127.05078,37.68702],[127.05463,37.68929],[127.06511,37.68985],[127.06881,37.69406],[127.08111,37.69609],[127.08384,37.70174],[127.07974,37.70561],[127.08071,37.7113],[127.07343,37.71992]]]},"properties":{"key":"경기도|의정부시|장암동","code":"4115056100"}},{"type":"Feature","geometry":{"type":"Polygon","coordinates":[[[127.07343,37.71992],[127.07439,37.729],[127.07102,37.73208],[127.07416,37.74136],[127.05853,37.73664],[127.05417,37.74052],[127.05434,37.73052],[127.05144,37.72732],[127.05202,37.72651],[127.06435,37.72658],[127.06116,37.72153],[127.07112,37.72177],[127.07343,37.71992]]]},"properties":{"key":"경기도|의정부시|신곡1동","code":"4115056700"}},{"type":"Feature","geometry":{"type":"Polygon","coordinates":[[[127.08268,37.75222],[127.07858,37.75431],[127.07191,37.75095],[127.05971,37.74806],[127.05453,37.74377],[127.05417,37.74052],[127.05853,37.73664],[127.07416,37.74136],[127.08268,37.75222]]]},"properties":{"key":"경기도|의정부시|신곡2동","code":"4115056800"}},{"type":"Feature","geometry":{"type":"Polygon","coordinates":[[[127.08977,37.73222],[127.08789,37.73989],[127.08456,37.74583],[127.08339,37.75073],[127.08268,37.75222],[127.07416,37.74136],[127.07102,37.73208],[127.07439,37.729],[127.07343,37.71992],[127.08071,37.7113],[127.08545,37.71485],[127.08649,37.72181],[127.09151,37.72744],[127.08977,37.73222]]]},"properties":{"key":"경기도|의정부시|송산1동","code":"4115057300"}},{"type":"Feature","geometry":{"type":"Polygon","coordinates":[[[127.12543,37.7633],[127.1291,37.76689],[127.12807,37.77184],[127.12139,37.77375],[127.11069,37.7794],[127.10434,37.77967],[127.08468,37.77361],[127.08154,37.77067],[127.07405,37.7685],[127.06429,37.76359],[127.05276,37.76137],[127.04608,37.75377],[127.05453,37.74377],[127.05971,37.74806],[127.07191,37.75095],[127.07858,37.75431],[127.08268,37.75222],[127.08339,37.75073],[127.08752,37.75423],[127.09518,37.75394],[127.1034,37.75723],[127.10451,37.76235],[127.11053,37.76802],[127.11506,37.76533],[127.12215,37.76541],[127.12543,37.7633]]]},"properties":{"key":"경기도|의정부시|자금동","code":"4115058000"}},{"type":"Feature","geometry":{"type":"Polygon","coordinates":[[[127.04232,37.7579],[127.03626,37.75481],[127.02488,37.75669],[127.01904,37.75583],[127.00797,37.76249],[127.0047,37.76318],[127.00227,37.76276],[127.0021,37.7514],[127.00457,37.74318],[127.0182,37.74807],[127.0281,37.74852],[127.03082,37.74651],[127.03932,37.74607],[127.0449,37.74691],[127.04232,37.7579]]]},"properties":{"key":"경기도|의정부시|가능동","code":"4115059500"}},{"type":"Feature","geometry":{"type":"Polygon","coordinates":[[[127.03932,37.74607],[127.03082,37.74651],[127.0281,37.74852],[127.0182,37.74807],[127.00457,37.74318],[127.00311,37.73865],[127.01267,37.72561],[127.01414,37.71921],[127.02011,37.72221],[127.02497,37.72776],[127.02971,37.73982],[127.03296,37.7418],[127.03969,37.73963],[127.03932,37.74607]]]},"properties":{"key":"경기도|의정부시|흥선동","code":"4115061500"}},{"type":"Feature","geometry":{"type":"Polygon","coordinates":[[[127.05276,37.76137],[127.05086,37.76094],[127.04117,37.76674],[127.03508,37.76772],[127.02547,37.76695],[127.01728,37.76856],[127.0047,37.76318],[127.00797,37.76249],[127.01904,37.75583],[127.02488,37.75669],[127.03626,37.75481],[127.04232,37.7579],[127.04608,37.75377],[127.05276,37.76137]]]},"properties":{"key":"경기도|의정부시|녹양동","code":"4115062000"}},{"type":"Feature","geometry":{"type":"Polygon","coordinates":[[[127.04348,37.73093],[127.03341,37.72767],[127.02497,37.72776],[127.02011,37.72221],[127.01414,37.71921],[127.01352,37.71394],[127.01939,37.70726],[127.02886,37.71712],[127.03494,37.71892],[127.04649,37.71878],[127.05042,37.72367],[127.05202,37.72651],[127.05144,37.72732],[127.04348,37.73093]]]},"properties":{"key":"경기도|의정부시|호원2동","code":"4115055500"}},{"type":"Feature","geometry":{"type":"Polygon","coordinates":[[[127.08456,37.74583],[127.08789,37.73989],[127.08977,37.73222],[127.09366,37.73594],[127.09814,37.73435],[127.10192,37.73778],[127.10534,37.7408],[127.10043,37.74176],[127.09182,37.7461],[127.08456,37.74583]]]},"properties":{"key":"경기도|의정부시|송산2동","code":"4115057600"}},{"type":"Feature","geometry":{"type":"Polygon","coordinates":[[[126.92784,37.40083],[126.92234,37.40454],[126.91988,37.40051],[126.92332,37.39645],[126.92827,37.39574],[126.93146,37.39744],[126.92784,37.40083]]]},"properties":{"key":"경기도|안양시만안구|안양1동","code":"4117151000"}},{"type":"Feature","geometry":{"type":"Polygon","coordinates":[[[126.93708,37.41419],[126.94631,37.42171],[126.93106,37.4179],[126.92909,37.41961],[126.92052,37.41863],[126.91361,37.41319],[126.91085,37.40852],[126.91336,37.40262],[126.91988,37.40051],[126.92234,37.40454],[126.92784,37.40083],[126.92752,37.40734],[126.9294,37.41339],[126.93708,37.41419]]]},"properties":{"key":"경기도|안양시만안구|안양2동","code":"4117152000"}},{"type":"Feature","geometry":{"type":"Polygon","coordinates":[[[126.91988,37.40051],[126.91336,37.40262],[126.91025,37.40018],[126.90575,37.39512],[126.9131,37.39486],[126.91584,37.39174],[126.9165,37.39327],[126.9147,37.3959],[126.91988,37.40051]]]},"properties":{"key":"경기도|안양시만안구|안양3동","code":"4117153000"}},{"type":"Feature","geometry":{"type":"Polygon","coordinates":[[[126.92332,37.39645],[126.91988,37.40051],[126.9147,37.3959],[126.9165,37.39327],[126.92332,37.39645]]]},"properties":{"key":"경기도|안양시만안구|안양4동","code":"4117154000"}},{"type":"Feature","geometry":{"type":"Polygon","coordinates":[[[126.92827,37.39574],[126.92332,37.39645],[126.9165,37.39327],[126.91584,37.39174],[126.91881,37.38727],[126.93014,37.3943],[126.92827,37.39574]]]},"properties":{"key":"경기도|안양시만안구|안양5동","code":"4117155000"}},{"type":"Feature","geometry":{"type":"Polygon","coordinates":[[[126.93601,37.38326],[126.93336,37.39044],[126.93014,37.3943],[126.91881,37.38727],[126.91452,37.38161],[126.91753,37.37678],[126.91918,37.37693],[126.92579,37.38425],[126.93224,37.3858],[126.93601,37.38326]]]},"properties":{"key":"경기도|안양시만안구|안양6동","code":"4117156000"}},{"type":"Feature","geometry":{"type":"Polygon","coordinates":[[[126.93149,37.39742],[126.93146,37.39744],[126.92827,37.39574],[126.93014,37.3943],[126.93336,37.39044],[126.93601,37.38326],[126.94119,37.37676],[126.94082,37.37913],[126.94134,37.39182],[126.93149,37.39742]]]},"properties":{"key":"경기도|안양시만안구|안양7동","code":"4117157000"}},{"type":"Feature","geometry":{"type":"Polygon","coordinates":[[[126.93601,37.38326],[126.93224,37.3858],[126.92579,37.38425],[126.91918,37.37693],[126.92142,37.37652],[126.93489,37.377],[126.94119,37.37676],[126.93601,37.38326]]]},"properties":{"key":"경기도|안양시만안구|명학동","code":"4117158200"}},{"type":"Feature","geometry":{"type":"Polygon","coordinates":[[[126.91584,37.39174],[126.9131,37.39486],[126.90575,37.39512],[126.8995,37.39281],[126.89815,37.3876],[126.8911,37.37527],[126.89556,37.36045],[126.89724,37.35807],[126.90554,37.35875],[126.90697,37.3597],[126.91377,37.37285],[126.91753,37.37678],[126.91452,37.38161],[126.91881,37.38727],[126.91584,37.39174]]]},"properties":{"key":"경기도|안양시만안구|병목안동","code":"4117158300"}},{"type":"Feature","geometry":{"type":"Polygon","coordinates":[[[126.93103,37.44782],[126.92875,37.45019],[126.92109,37.44413],[126.91522,37.44006],[126.90934,37.43416],[126.90192,37.43637],[126.90373,37.42792],[126.90698,37.42164],[126.91361,37.41319],[126.92052,37.41863],[126.92909,37.41961],[126.93106,37.4179],[126.94631,37.42171],[126.94802,37.42231],[126.94822,37.43852],[126.93864,37.43605],[126.93785,37.44018],[126.93051,37.44529],[126.93103,37.44782]]]},"properties":{"key":"경기도|안양시만안구|석수1동","code":"4117159000"}},{"type":"Feature","geometry":{"type":"Polygon","coordinates":[[[126.90049,37.43736],[126.89583,37.43063],[126.89648,37.42562],[126.88961,37.41776],[126.89351,37.41611],[126.89451,37.41281],[126.90225,37.41155],[126.90745,37.40761],[126.91085,37.40852],[126.91361,37.41319],[126.90698,37.42164],[126.90373,37.42792],[126.90192,37.43637],[126.90049,37.43736]]]},"properties":{"key":"경기도|안양시만안구|석수2동","code":"4117160000"}},{"type":"Feature","geometry":{"type":"Polygon","coordinates":[[[126.90745,37.40761],[126.90225,37.41155],[126.89451,37.41281],[126.89351,37.41611],[126.89076,37.41113],[126.8953,37.40432],[126.90325,37.40487],[126.90745,37.40761]]]},"properties":{"key":"경기도|안양시만안구|충훈동","code":"4117161100"}},{"type":"Feature","geometry":{"type":"Polygon","coordinates":[[[126.91336,37.40262],[126.91085,37.40852],[126.90745,37.40761],[126.90325,37.40487],[126.91025,37.40018],[126.91336,37.40262]]]},"properties":{"key":"경기도|안양시만안구|박달동","code":"4117164000"}},{"type":"Feature","geometry":{"type":"Polygon","coordinates":[[[126.89351,37.41611],[126.88961,37.41776],[126.88891,37.41256],[126.87994,37.41019],[126.87124,37.41255],[126.87089,37.40669],[126.87576,37.40658],[126.877,37.40205],[126.87609,37.39466],[126.88191,37.37622],[126.8911,37.37527],[126.89815,37.3876],[126.8995,37.39281],[126.90575,37.39512],[126.91025,37.40018],[126.90325,37.40487],[126.8953,37.40432],[126.89076,37.41113],[126.89351,37.41611]]]},"properties":{"key":"경기도|안양시만안구|호현동","code":"4117165000"}},{"type":"Feature","geometry":{"type":"Polygon","coordinates":[[[126.9429,37.40072],[126.93833,37.40689],[126.94008,37.41181],[126.93708,37.41419],[126.9294,37.41339],[126.92752,37.40734],[126.92784,37.40083],[126.93146,37.39744],[126.93149,37.39742],[126.94145,37.39884],[126.9429,37.40072]]]},"properties":{"key":"경기도|안양시동안구|비산1동","code":"4117351000"}},{"type":"Feature","geometry":{"type":"Polygon","coordinates":[[[126.94543,37.3986],[126.9429,37.40072],[126.94145,37.39884],[126.93149,37.39742],[126.94134,37.39182],[126.94402,37.39242],[126.93994,37.39554],[126.94543,37.3986]]]},"properties":{"key":"경기도|안양시동안구|비산2동","code":"4117352000"}},{"type":"Feature","geometry":{"type":"Polygon","coordinates":[[[126.95401,37.40098],[126.95264,37.40812],[126.95969,37.41818],[126.95789,37.42425],[126.96227,37.42899],[126.96424,37.43139],[126.9638,37.44077],[126.95525,37.43859],[126.94822,37.43852],[126.94802,37.42231],[126.94631,37.42171],[126.93708,37.41419],[126.94008,37.41181],[126.93833,37.40689],[126.9429,37.40072],[126.94543,37.3986],[126.95065,37.40072],[126.95401,37.40098]]]},"properties":{"key":"경기도|안양시동안구|비산3동","code":"4117353000"}},{"type":"Feature","geometry":{"type":"Polygon","coordinates":[[[126.95096,37.3911],[126.94543,37.3986],[126.93994,37.39554],[126.94402,37.39242],[126.94812,37.38907],[126.95096,37.3911]]]},"properties":{"key":"경기도|안양시동안구|부흥동","code":"4117354000"}},{"type":"Feature","geometry":{"type":"Polygon","coordinates":[[[126.95517,37.39254],[126.95065,37.40072],[126.94543,37.3986],[126.95096,37.3911],[126.95517,37.39254]]]},"properties":{"key":"경기도|안양시동안구|달안동","code":"4117354600"}},{"type":"Feature","geometry":{"type":"Polygon","coordinates":[[[126.97854,37.40319],[126.97526,37.4126],[126.97077,37.41631],[126.96402,37.41913],[126.96091,37.42603],[126.96227,37.42899],[126.95789,37.42425],[126.95969,37.41818],[126.95264,37.40812],[126.95401,37.40098],[126.96,37.40193],[126.96449,37.40439],[126.97141,37.40486],[126.97854,37.40319]]]},"properties":{"key":"경기도|안양시동안구|관양동","code":"4117355200"}},{"type":"Feature","geometry":{"type":"Polygon","coordinates":[[[126.97854,37.40319],[126.97141,37.40486],[126.96449,37.40439],[126.96,37.40193],[126.96407,37.39555],[126.96881,37.39599],[126.96944,37.39084],[126.97423,37.39167],[126.97386,37.39646],[126.97951,37.39589],[126.98257,37.40067],[126.97854,37.40319]]]},"properties":{"key":"경기도|안양시동안구|인덕원동","code":"4117355900"}},{"type":"Feature","geometry":{"type":"Polygon","coordinates":[[[126.96,37.40193],[126.95401,37.40098],[126.95065,37.40072],[126.95517,37.39254],[126.95624,37.39053],[126.96407,37.39555],[126.96,37.40193]]]},"properties":{"key":"경기도|안양시동안구|부림동","code":"4117356600"}},{"type":"Feature","geometry":{"type":"Polygon","coordinates":[[[126.97951,37.39589],[126.97386,37.39646],[126.97423,37.39167],[126.96944,37.39084],[126.96972,37.38829],[126.97293,37.38676],[126.97416,37.38847],[126.98183,37.39438],[126.97951,37.39589]]]},"properties":{"key":"경기도|안양시동안구|평촌동","code":"4117357000"}},{"type":"Feature","geometry":{"type":"Polygon","coordinates":[[[126.96944,37.39084],[126.96881,37.39599],[126.96407,37.39555],[126.95624,37.39053],[126.9592,37.38502],[126.96972,37.38829],[126.96944,37.39084]]]},"properties":{"key":"경기도|안양시동안구|평안동","code":"4117357600"}},{"type":"Feature","geometry":{"type":"Polygon","coordinates":[[[126.97293,37.38676],[126.96972,37.38829],[126.9592,37.38502],[126.96148,37.38086],[126.96611,37.38231],[126.97144,37.38027],[126.97293,37.38676]]]},"properties":{"key":"경기도|안양시동안구|귀인동","code":"4117357800"}},{"type":"Feature","geometry":{"type":"Polygon","coordinates":[[[126.96319,37.3722],[126.9592,37.37808],[126.9558,37.37694],[126.95134,37.37455],[126.94669,37.37566],[126.94575,37.37401],[126.94559,37.37378],[126.95034,37.36737],[126.96319,37.3722]]]},"properties":{"key":"경기도|안양시동안구|호계1동","code":"4117358000"}},{"type":"Feature","geometry":{"type":"Polygon","coordinates":[[[126.94812,37.38907],[126.94402,37.39242],[126.94134,37.39182],[126.94082,37.37913],[126.94528,37.37701],[126.94669,37.37566],[126.95134,37.37455],[126.9558,37.37694],[126.95272,37.38284],[126.94812,37.38907]]]},"properties":{"key":"경기도|안양시동안구|호계2동","code":"4117359000"}},{"type":"Feature","geometry":{"type":"Polygon","coordinates":[[[126.96576,37.37275],[126.96625,37.3733],[126.96319,37.3722],[126.95034,37.36737],[126.9539,37.36628],[126.96214,37.36156],[126.96576,37.37275]]]},"properties":{"key":"경기도|안양시동안구|호계3동","code":"4117360000"}},{"type":"Feature","geometry":{"type":"Polygon","coordinates":[[[126.95624,37.39053],[126.95517,37.39254],[126.95096,37.3911],[126.94812,37.38907],[126.95272,37.38284],[126.9592,37.38502],[126.95624,37.39053]]]},"properties":{"key":"경기도|안양시동안구|범계동","code":"4117361000"}},{"type":"Feature","geometry":{"type":"Polygon","coordinates":[[[126.96148,37.38086],[126.9592,37.38502],[126.95272,37.38284],[126.9558,37.37694],[126.9592,37.37808],[126.96148,37.38086]]]},"properties":{"key":"경기도|안양시동안구|신촌동","code":"4117362000"}},{"type":"Feature","geometry":{"type":"Polygon","coordinates":[[[126.97144,37.38027],[126.96611,37.38231],[126.96148,37.38086],[126.9592,37.37808],[126.96319,37.3722],[126.96625,37.3733],[126.97144,37.38027]]]},"properties":{"key":"경기도|안양시동안구|갈산동","code":"4117363000"}},{"type":"Feature","geometry":{"type":"Polygon","coordinates":[[[126.86268,37.48648],[126.86704,37.49296],[126.86309,37.49096],[126.85651,37.48569],[126.86247,37.48332],[126.86268,37.48648]]]},"properties":{"key":"경기도|광명시|광명1동","code":"4121051000"}},{"type":"Feature","geometry":{"type":"Polygon","coordinates":[[[126.86247,37.48332],[126.85651,37.48569],[126.85348,37.48264],[126.86154,37.48137],[126.86247,37.48332]]]},"properties":{"key":"경기도|광명시|광명2동","code":"4121052000"}},{"type":"Feature","geometry":{"type":"Polygon","coordinates":[[[126.86154,37.48137],[126.85348,37.48264],[126.84827,37.48236],[126.84648,37.4817],[126.84961,37.4808],[126.86055,37.47765],[126.86222,37.47713],[126.86154,37.48137]]]},"properties":{"key":"경기도|광명시|광명3동","code":"4121054000"}},{"type":"Feature","geometry":{"type":"Polygon","coordinates":[[[126.86055,37.47765],[126.84961,37.4808],[126.85306,37.47658],[126.85981,37.47597],[126.86055,37.47765]]]},"properties":{"key":"경기도|광명시|광명4동","code":"4121055000"}},{"type":"Feature","geometry":{"type":"Polygon","coordinates":[[[126.84961,37.4808],[126.84648,37.4817],[126.84555,37.47453],[126.85183,37.4739],[126.85306,37.47658],[126.84961,37.4808]]]},"properties":{"key":"경기도|광명시|광명5동","code":"4121056000"}},{"type":"Feature","geometry":{"type":"Polygon","coordinates":[[[126.84555,37.47453],[126.83579,37.47526],[126.83301,37.47725],[126.83351,37.4687],[126.82597,37.4594],[126.83314,37.46035],[126.83883,37.4557],[126.84052,37.45814],[126.84182,37.46657],[126.85198,37.46853],[126.85183,37.4739],[126.84555,37.47453]]]},"properties":{"key":"경기도|광명시|광명6동","code":"4121057000"}},{"type":"Feature","geometry":{"type":"Polygon","coordinates":[[[126.85981,37.47597],[126.85306,37.47658],[126.85183,37.4739],[126.85198,37.46853],[126.84182,37.46657],[126.84052,37.45814],[126.84364,37.4564],[126.85607,37.45911],[126.85727,37.46548],[126.86077,37.46979],[126.85981,37.47597]]]},"properties":{"key":"경기도|광명시|광명7동","code":"4121058000"}},{"type":"Feature","geometry":{"type":"Polygon","coordinates":[[[126.87474,37.48538],[126.86831,37.4951],[126.86704,37.49296],[126.86268,37.48648],[126.86735,37.4871],[126.87398,37.48505],[126.87474,37.48538]]]},"properties":{"key":"경기도|광명시|철산1동","code":"4121059000"}},{"type":"Feature","geometry":{"type":"Polygon","coordinates":[[[126.87398,37.48505],[126.86735,37.4871],[126.86268,37.48648],[126.86247,37.48332],[126.86154,37.48137],[126.86222,37.47713],[126.86292,37.47682],[126.86498,37.48138],[126.87391,37.48333],[126.87398,37.48505]]]},"properties":{"key":"경기도|광명시|철산2동","code":"4121060000"}},{"type":"Feature","geometry":{"type":"Polygon","coordinates":[[[126.88065,37.47185],[126.87391,37.48333],[126.86498,37.48138],[126.86292,37.47682],[126.86683,37.4712],[126.87236,37.47127],[126.87423,37.46835],[126.87472,37.46844],[126.88065,37.47185]]]},"properties":{"key":"경기도|광명시|철산3동","code":"4121061000"}},{"type":"Feature","geometry":{"type":"Polygon","coordinates":[[[126.86222,37.47713],[126.86055,37.47765],[126.85981,37.47597],[126.86077,37.46979],[126.86683,37.4712],[126.86292,37.47682],[126.86222,37.47713]]]},"properties":{"key":"경기도|광명시|철산4동","code":"4121062000"}},{"type":"Feature","geometry":{"type":"Polygon","coordinates":[[[126.87423,37.46835],[126.87236,37.47127],[126.86683,37.4712],[126.86077,37.46979],[126.85727,37.46548],[126.85607,37.45911],[126.85722,37.45031],[126.85942,37.44673],[126.86644,37.44361],[126.86845,37.44557],[126.8715,37.45013],[126.87927,37.45323],[126.87928,37.45698],[126.87612,37.4606],[126.87008,37.46463],[126.87423,37.46835]]]},"properties":{"key":"경기도|광명시|하안1동","code":"4121063100"}},{"type":"Feature","geometry":{"type":"Polygon","coordinates":[[[126.87974,37.46257],[126.87472,37.46844],[126.87423,37.46835],[126.87008,37.46463],[126.87612,37.4606],[126.87974,37.46257]]]},"properties":{"key":"경기도|광명시|하안2동","code":"4121063200"}},{"type":"Feature","geometry":{"type":"Polygon","coordinates":[[[126.88677,37.46468],[126.88578,37.46582],[126.87974,37.46257],[126.87612,37.4606],[126.87928,37.45698],[126.88638,37.4562],[126.88677,37.46468]]]},"properties":{"key":"경기도|광명시|하안3동","code":"4121063300"}},{"type":"Feature","geometry":{"type":"Polygon","coordinates":[[[126.88578,37.46582],[126.88065,37.47185],[126.87472,37.46844],[126.87974,37.46257],[126.88578,37.46582]]]},"properties":{"key":"경기도|광명시|하안4동","code":"4121063400"}},{"type":"Feature","geometry":{"type":"Polygon","coordinates":[[[126.88638,37.4562],[126.87928,37.45698],[126.87927,37.45323],[126.8715,37.45013],[126.86845,37.44557],[126.88539,37.44361],[126.88443,37.43633],[126.89039,37.43146],[126.89583,37.43063],[126.90049,37.43736],[126.89823,37.44465],[126.89407,37.45264],[126.88971,37.45232],[126.88638,37.4562]]]},"properties":{"key":"경기도|광명시|소하1동","code":"4121064000"}},{"type":"Feature","geometry":{"type":"Polygon","coordinates":[[[126.87261,37.42385],[126.8696,37.4206],[126.87124,37.41255],[126.87994,37.41019],[126.88891,37.41256],[126.88961,37.41776],[126.89648,37.42562],[126.89583,37.43063],[126.89039,37.43146],[126.8772,37.42384],[126.87261,37.42385]]]},"properties":{"key":"경기도|광명시|일직동","code":"4121065500"}},{"type":"Feature","geometry":{"type":"Polygon","coordinates":[[[126.86644,37.44361],[126.85942,37.44673],[126.85722,37.45031],[126.85607,37.45911],[126.84364,37.4564],[126.84052,37.45814],[126.83883,37.4557],[126.83781,37.43693],[126.8446,37.42097],[126.84632,37.41247],[126.85284,37.40829],[126.85374,37.40547],[126.86197,37.40151],[126.877,37.40205],[126.87576,37.40658],[126.87089,37.40669],[126.87124,37.41255],[126.8696,37.4206],[126.87261,37.42385],[126.86742,37.42668],[126.86516,37.43505],[126.86644,37.44361]]]},"properties":{"key":"경기도|광명시|학온동","code":"4121066000"}},{"type":"Feature","geometry":{"type":"Polygon","coordinates":[[[127.09974,36.97373],[127.09382,36.97425],[127.09317,36.98028],[127.08594,36.98067],[127.07564,36.98515],[127.07297,36.98816],[127.0642,36.98962],[127.05159,36.99497],[127.04715,36.99112],[127.03955,36.99107],[127.03565,36.98454],[127.03472,36.97775],[127.03087,36.97633],[127.02123,36.97819],[127.00627,36.98413],[126.99267,36.99265],[126.98551,36.99263],[126.9783,36.98777],[126.97351,36.97867],[126.97974,36.96671],[126.98026,36.95802],[126.98303,36.95037],[126.98533,36.93247],[126.99541,36.93552],[127.01586,36.93446],[127.03173,36.92834],[127.03815,36.93245],[127.04805,36.9335],[127.06064,36.93952],[127.07138,36.94004],[127.07393,36.93839],[127.08612,36.94781],[127.09471,36.94184],[127.09752,36.94981],[127.10169,36.95363],[127.09638,36.95571],[127.09633,36.95923],[127.10443,36.96611],[127.10014,36.96877],[127.09974,36.97373]]]},"properties":{"key":"경기도|평택시|팽성읍","code":"4122025000"}},{"type":"Feature","geometry":{"type":"Polygon","coordinates":[[[126.94948,37.0211],[126.9313,37.02083],[126.92996,37.01737],[126.91755,37.01581],[126.91409,37.01386],[126.90624,37.0146],[126.90213,37.01284],[126.90644,37.00503],[126.89985,37.00284],[126.90219,36.99655],[126.89708,36.98723],[126.90099,36.98295],[126.91027,36.98115],[126.91123,36.97467],[126.91497,36.9713],[126.92237,36.97302],[126.92485,36.9776],[126.92894,36.97627],[126.9297,36.97161],[126.93407,36.96894],[126.94257,36.97313],[126.94678,36.97117],[126.94738,36.96626],[126.95144,36.95797],[126.95653,36.96148],[126.96749,36.96236],[126.97568,36.95801],[126.98026,36.95802],[126.97974,36.96671],[126.97351,36.97867],[126.96481,36.97542],[126.96247,36.97671],[126.95673,36.99214],[126.96537,36.99979],[126.9609,37.00521],[126.95439,37.00438],[126.95314,37.00718],[126.95492,37.01553],[126.94948,37.0211]]]},"properties":{"key":"경기도|평택시|안중읍","code":"4122025300"}},{"type":"Feature","geometry":{"type":"Polygon","coordinates":[[[126.90213,37.01284],[126.89729,37.02193],[126.89148,37.02786],[126.88157,37.02914],[126.87291,37.03221],[126.86072,37.02989],[126.85311,37.02],[126.84693,37.01585],[126.83806,37.01365],[126.80685,37.01272],[126.79691,37.01206],[126.79522,37.00593],[126.78185,37.00371],[126.78711,36.99524],[126.79361,36.99509],[126.79966,36.9994],[126.80974,36.99799],[126.81083,36.99559],[126.82422,36.99596],[126.82729,36.9929],[126.82536,36.98713],[126.83885,36.96792],[126.83592,36.96658],[126.84988,36.94537],[126.85905,36.95049],[126.86241,36.94885],[126.86547,36.93901],[126.86422,36.93269],[126.88698,36.93609],[126.89266,36.93475],[126.89613,36.93931],[126.89564,36.945],[126.89891,36.94842],[126.88943,36.94935],[126.88588,36.95579],[126.88785,36.95949],[126.89779,36.96067],[126.89616,36.96583],[126.89066,36.97258],[126.88985,36.98237],[126.89251,36.98816],[126.89708,36.98723],[126.90219,36.99655],[126.89985,37.00284],[126.90644,37.00503],[126.90213,37.01284]]]},"properties":{"key":"경기도|평택시|포승읍","code":"4122025600"}},{"type":"Feature","geometry":{"type":"Polygon","coordinates":[[[127.1227,37.14451],[127.11413,37.14462],[127.10923,37.14269],[127.10365,37.14357],[127.10035,37.14229],[127.09786,37.13686],[127.0916,37.13728],[127.08774,37.1348],[127.09153,37.13135],[127.08904,37.12794],[127.07928,37.12816],[127.07114,37.12561],[127.06614,37.12769],[127.06509,37.13194],[127.0557,37.13352],[127.05233,37.12962],[127.0527,37.11715],[127.04714,37.11006],[127.0494,37.10415],[127.04203,37.10319],[127.04026,37.09994],[127.0418,37.09453],[127.04615,37.09495],[127.05902,37.09134],[127.0686,37.09311],[127.07648,37.09315],[127.08211,37.08317],[127.08732,37.08277],[127.09177,37.07932],[127.10024,37.07842],[127.10375,37.07524],[127.12145,37.07641],[127.12644,37.08159],[127.12306,37.09135],[127.11261,37.11385],[127.10979,37.11741],[127.10867,37.12481],[127.11495,37.12974],[127.12079,37.12989],[127.12107,37.14158],[127.1227,37.14451]]]},"properties":{"key":"경기도|평택시|진위면","code":"4122031000"}},{"type":"Feature","geometry":{"type":"Polygon","coordinates":[[[127.05233,37.12962],[127.04094,37.12907],[127.03563,37.13602],[127.02422,37.13322],[127.0175,37.12992],[127.00537,37.1281],[126.99914,37.12364],[126.9981,37.12309],[127.00205,37.12177],[126.99666,37.11198],[126.99785,37.10445],[126.99703,37.09782],[126.99888,37.09317],[126.99359,37.08958],[126.99173,37.08477],[126.99513,37.07005],[126.99566,37.06994],[127.00046,37.07353],[127.00758,37.06824],[127.0198,37.07064],[127.02523,37.07375],[127.02971,37.07301],[127.03792,37.07743],[127.04548,37.07539],[127.04571,37.08024],[127.04448,37.09169],[127.0418,37.09453],[127.04026,37.09994],[127.04203,37.10319],[127.0494,37.10415],[127.04714,37.11006],[127.0527,37.11715],[127.05233,37.12962]]]},"properties":{"key":"경기도|평택시|서탄면","code":"4122032000"}},{"type":"Feature","geometry":{"type":"Polygon","coordinates":[[[127.04271,37.0673],[127.03792,37.07743],[127.02971,37.07301],[127.02523,37.07375],[127.0198,37.07064],[127.00758,37.06824],[127.00046,37.07353],[126.99566,37.06994],[126.99622,37.06544],[126.99109,37.05884],[126.99641,37.0537],[126.99789,37.04659],[126.99361,37.03723],[127.00356,37.0303],[126.99865,37.02637],[127.00797,37.02713],[127.01107,37.02369],[127.01706,37.02298],[127.01531,37.00832],[127.02834,37.00893],[127.02991,37.00175],[127.03965,36.99434],[127.03955,36.99107],[127.04715,36.99112],[127.04768,36.99655],[127.05735,37.00563],[127.06006,37.01066],[127.05457,37.01959],[127.05425,37.02475],[127.03877,37.02494],[127.02681,37.02663],[127.01955,37.02595],[127.02148,37.03175],[127.01377,37.04093],[127.01235,37.04992],[127.01463,37.05699],[127.02412,37.06134],[127.03345,37.06045],[127.04271,37.0673]]]},"properties":{"key":"경기도|평택시|고덕면","code":"4122033000"}},{"type":"Feature","geometry":{"type":"Polygon","coordinates":[[[126.99865,37.02637],[126.99281,37.02428],[126.98451,37.02814],[126.97153,37.02903],[126.96418,37.02656],[126.95139,37.03226],[126.94604,37.02468],[126.94948,37.0211],[126.95492,37.01553],[126.95314,37.00718],[126.95439,37.00438],[126.9609,37.00521],[126.96537,36.99979],[126.95673,36.99214],[126.96247,36.97671],[126.96481,36.97542],[126.97351,36.97867],[126.9783,36.98777],[126.98551,36.99263],[126.99267,36.99265],[127.00627,36.98413],[127.02123,36.97819],[127.03087,36.97633],[127.03472,36.97775],[127.03565,36.98454],[127.03955,36.99107],[127.03965,36.99434],[127.02991,37.00175],[127.02834,37.00893],[127.01531,37.00832],[127.01706,37.02298],[127.01107,37.02369],[127.00797,37.02713],[126.99865,37.02637]]]},"properties":{"key":"경기도|평택시|오성면","code":"4122034000"}},{"type":"Feature","geometry":{"type":"Polygon","coordinates":[[[126.99513,37.07005],[126.98463,37.07165],[126.97554,37.0706],[126.96883,37.07343],[126.9664,37.06911],[126.96115,37.06981],[126.95137,37.06856],[126.94038,37.06081],[126.932,37.06256],[126.92715,37.06788],[126.91942,37.06519],[126.9063,37.06929],[126.90491,37.07364],[126.90082,37.07009],[126.89169,37.06711],[126.88376,37.06648],[126.88253,37.06081],[126.86072,37.02989],[126.87291,37.03221],[126.88157,37.02914],[126.89148,37.02786],[126.89729,37.02193],[126.90213,37.01284],[126.90624,37.0146],[126.91409,37.01386],[126.91755,37.01581],[126.92996,37.01737],[126.9313,37.02083],[126.94948,37.0211],[126.94604,37.02468],[126.95139,37.03226],[126.96418,37.02656],[126.97153,37.02903],[126.98451,37.02814],[126.99281,37.02428],[126.99865,37.02637],[127.00356,37.0303],[126.99361,37.03723],[126.99789,37.04659],[126.99641,37.0537],[126.99109,37.05884],[126.99622,37.06544],[126.99566,37.06994],[126.99513,37.07005]]]},"properties":{"key":"경기도|평택시|청북읍","code":"4122025900"}},{"type":"Feature","geometry":{"type":"Polygon","coordinates":[[[126.89708,36.98723],[126.89251,36.98816],[126.88985,36.98237],[126.89066,36.97258],[126.89616,36.96583],[126.89779,36.96067],[126.88785,36.95949],[126.88588,36.95579],[126.88943,36.94935],[126.89891,36.94842],[126.89564,36.945],[126.89613,36.93931],[126.89266,36.93475],[126.90062,36.93056],[126.9045,36.92598],[126.9059,36.91631],[126.90896,36.90491],[126.91706,36.90536],[126.94323,36.918],[126.97285,36.92622],[126.98533,36.93247],[126.98303,36.95037],[126.98026,36.95802],[126.97568,36.95801],[126.96749,36.96236],[126.95653,36.96148],[126.95144,36.95797],[126.94738,36.96626],[126.94678,36.97117],[126.94257,36.97313],[126.93407,36.96894],[126.9297,36.97161],[126.92894,36.97627],[126.92485,36.9776],[126.92237,36.97302],[126.91497,36.9713],[126.91123,36.97467],[126.91027,36.98115],[126.90099,36.98295],[126.89708,36.98723]]]},"properties":{"key":"경기도|평택시|현덕면","code":"4122037000"}},{"type":"Feature","geometry":{"type":"Polygon","coordinates":[[[127.04548,37.07539],[127.03792,37.07743],[127.04271,37.0673],[127.05385,37.06548],[127.05351,37.06238],[127.05823,37.06221],[127.06144,37.06537],[127.06652,37.0652],[127.06805,37.07025],[127.06526,37.07183],[127.06171,37.07376],[127.0546,37.07251],[127.04548,37.07539]]]},"properties":{"key":"경기도|평택시|서정동","code":"4122052000"}},{"type":"Feature","geometry":{"type":"Polygon","coordinates":[[[127.0679,37.02616],[127.06754,37.0244],[127.08595,37.02378],[127.09587,37.02291],[127.10993,37.02324],[127.11606,37.02512],[127.11694,37.02721],[127.10705,37.03292],[127.10529,37.03575],[127.11005,37.0409],[127.11477,37.04216],[127.12218,37.05042],[127.12762,37.05286],[127.13057,37.058],[127.12532,37.0647],[127.11847,37.06267],[127.1139,37.06509],[127.10673,37.06486],[127.10284,37.06779],[127.07585,37.069],[127.07556,37.0598],[127.0781,37.05103],[127.06934,37.04777],[127.07258,37.04245],[127.06982,37.038],[127.06945,37.02794],[127.0679,37.02616]]]},"properties":{"key":"경기도|평택시|송탄동","code":"4122053500"}},{"type":"Feature","geometry":{"type":"Polygon","coordinates":[[[127.06526,37.07183],[127.06265,37.0801],[127.05464,37.08128],[127.0546,37.07251],[127.06171,37.07376],[127.06526,37.07183]]]},"properties":{"key":"경기도|평택시|지산동","code":"4122055000"}},{"type":"Feature","geometry":{"type":"Polygon","coordinates":[[[127.10375,37.07524],[127.10024,37.07842],[127.09177,37.07932],[127.08732,37.08277],[127.08211,37.08317],[127.07648,37.09315],[127.0686,37.09311],[127.05902,37.09134],[127.05464,37.08128],[127.06265,37.0801],[127.06526,37.07183],[127.06805,37.07025],[127.07585,37.069],[127.10284,37.06779],[127.10375,37.07524]]]},"properties":{"key":"경기도|평택시|송북동","code":"4122056000"}},{"type":"Feature","geometry":{"type":"Polygon","coordinates":[[[127.05902,37.09134],[127.04615,37.09495],[127.0418,37.09453],[127.04448,37.09169],[127.04571,37.08024],[127.05464,37.08128],[127.05902,37.09134]]]},"properties":{"key":"경기도|평택시|신장1동","code":"4122057000"}},{"type":"Feature","geometry":{"type":"Polygon","coordinates":[[[127.0546,37.07251],[127.05464,37.08128],[127.04571,37.08024],[127.04548,37.07539],[127.0546,37.07251]]]},"properties":{"key":"경기도|평택시|신장2동","code":"4122058000"}},{"type":"Feature","geometry":{"type":"Polygon","coordinates":[[[127.08751,36.99475],[127.08265,36.99357],[127.1009,36.97441],[127.09974,36.97373],[127.10014,36.96877],[127.10443,36.96611],[127.11106,36.97088],[127.1195,36.96913],[127.12451,36.97679],[127.12442,36.98443],[127.11778,36.98654],[127.11764,36.991],[127.11103,36.98988],[127.09397,36.99351],[127.08751,36.99475]]]},"properties":{"key":"경기도|평택시|신평동","code":"4122059000"}},{"type":"Feature","geometry":{"type":"Polygon","coordinates":[[[127.11606,37.02512],[127.10993,37.02324],[127.09587,37.02291],[127.08595,37.02378],[127.08594,37.01218],[127.09223,37.01228],[127.0904,37.00678],[127.09609,37.00579],[127.10268,37.01],[127.10567,37.01721],[127.11232,37.01791],[127.11606,37.02512]]]},"properties":{"key":"경기도|평택시|동삭동","code":"4122065000"}},{"type":"Feature","geometry":{"type":"Polygon","coordinates":[[[127.12701,37.00132],[127.12276,36.99903],[127.11255,36.99843],[127.10162,37.00054],[127.09541,36.99822],[127.09397,36.99351],[127.11103,36.98988],[127.11764,36.991],[127.11778,36.98654],[127.12442,36.98443],[127.12451,36.97679],[127.13398,36.9768],[127.14114,36.97971],[127.13123,36.98564],[127.13618,36.99337],[127.13059,36.99327],[127.12701,37.00132]]]},"properties":{"key":"경기도|평택시|비전2동","code":"4122063000"}},{"type":"Feature","geometry":{"type":"Polygon","coordinates":[[[127.07526,37.91123],[127.07089,37.91603],[127.0647,37.91664],[127.05776,37.91306],[127.05801,37.90357],[127.06301,37.90202],[127.06831,37.90465],[127.07416,37.90389],[127.07748,37.90798],[127.07526,37.91123]]]},"properties":{"key":"경기도|동두천시|생연1동","code":"4125051000"}},{"type":"Feature","geometry":{"type":"Polygon","coordinates":[[[127.05653,37.90344],[127.04961,37.90509],[127.04398,37.89985],[127.04377,37.89669],[127.05597,37.89637],[127.05653,37.90344]]]},"properties":{"key":"경기도|동두천시|생연2동","code":"4125052000"}},{"type":"Feature","geometry":{"type":"Polygon","coordinates":[[[127.05776,37.91306],[127.05525,37.91449],[127.05034,37.90967],[127.04961,37.90509],[127.05653,37.90344],[127.05801,37.90357],[127.05776,37.91306]]]},"properties":{"key":"경기도|동두천시|중앙동","code":"4125053500"}},{"type":"Feature","geometry":{"type":"Polygon","coordinates":[[[127.1209,37.91703],[127.11525,37.9283],[127.10801,37.93909],[127.09605,37.94365],[127.08746,37.93752],[127.07856,37.93833],[127.06571,37.93073],[127.06057,37.9295],[127.06223,37.92545],[127.05409,37.92388],[127.05157,37.92012],[127.05525,37.91449],[127.05776,37.91306],[127.0647,37.91664],[127.07089,37.91603],[127.07526,37.91123],[127.0818,37.91448],[127.08961,37.91243],[127.09807,37.91191],[127.11327,37.91461],[127.1209,37.91703]]]},"properties":{"key":"경기도|동두천시|보산동","code":"4125055000"}},{"type":"Feature","geometry":{"type":"Polygon","coordinates":[[[127.15565,37.89568],[127.14966,37.89792],[127.14675,37.90442],[127.14663,37.91081],[127.13284,37.91592],[127.1209,37.91703],[127.11327,37.91461],[127.09807,37.91191],[127.08961,37.91243],[127.0818,37.91448],[127.07526,37.91123],[127.07748,37.90798],[127.07416,37.90389],[127.06831,37.90465],[127.06301,37.90202],[127.05801,37.90357],[127.05653,37.90344],[127.05597,37.89637],[127.05664,37.88678],[127.06042,37.8845],[127.06996,37.88567],[127.08635,37.87934],[127.08788,37.87208],[127.09598,37.8674],[127.10287,37.86559],[127.10919,37.85985],[127.11368,37.86548],[127.12316,37.86716],[127.12856,37.87391],[127.13478,37.87373],[127.13984,37.87621],[127.14696,37.87603],[127.14946,37.88439],[127.1534,37.89055],[127.15565,37.89568]]]},"properties":{"key":"경기도|동두천시|불현동","code":"4125056500"}},{"type":"Feature","geometry":{"type":"Polygon","coordinates":[[[127.09171,37.97144],[127.08457,37.97562],[127.07618,37.97668],[127.0661,37.97528],[127.06439,37.9796],[127.05326,37.98134],[127.04493,37.97],[127.03921,37.95783],[127.0293,37.95573],[127.02757,37.94315],[127.01676,37.93662],[127.01399,37.92996],[127.01005,37.92757],[127.00904,37.92505],[127.01234,37.91843],[127.01596,37.91746],[127.03002,37.92174],[127.04104,37.91691],[127.04581,37.91698],[127.05157,37.92012],[127.05409,37.92388],[127.06223,37.92545],[127.06057,37.9295],[127.06571,37.93073],[127.07856,37.93833],[127.08746,37.93752],[127.09605,37.94365],[127.09558,37.94902],[127.09912,37.95246],[127.09224,37.96005],[127.09414,37.96801],[127.09171,37.97144]]]},"properties":{"key":"경기도|동두천시|소요동","code":"4125058000"}},{"type":"Feature","geometry":{"type":"Polygon","coordinates":[[[127.05157,37.92012],[127.04581,37.91698],[127.04104,37.91691],[127.03002,37.92174],[127.01596,37.91746],[127.01234,37.91843],[127.0079,37.91615],[127.01056,37.91034],[127.01071,37.90447],[127.03623,37.89593],[127.04626,37.89385],[127.04377,37.89669],[127.04398,37.89985],[127.04961,37.90509],[127.05034,37.90967],[127.05525,37.91449],[127.05157,37.92012]]]},"properties":{"key":"경기도|동두천시|상패동","code":"4125060000"}},{"type":"Feature","geometry":{"type":"Polygon","coordinates":[[[127.05597,37.89637],[127.04377,37.89669],[127.04626,37.89385],[127.04825,37.88288],[127.05946,37.87023],[127.06255,37.86921],[127.07373,37.87279],[127.0775,37.87102],[127.08788,37.87208],[127.08635,37.87934],[127.06996,37.88567],[127.06042,37.8845],[127.05664,37.88678],[127.05597,37.89637]]]},"properties":{"key":"경기도|동두천시|송내동","code":"4125056600"}},{"type":"Feature","geometry":{"type":"Polygon","coordinates":[[[126.87812,37.31946],[126.87421,37.32086],[126.86991,37.31841],[126.86117,37.32074],[126.85578,37.31796],[126.85703,37.31511],[126.86393,37.31165],[126.87449,37.30285],[126.87834,37.30238],[126.8794,37.30775],[126.87713,37.31325],[126.87812,37.31946]]]},"properties":{"key":"경기도|안산시상록구|일동","code":"4127151000"}},{"type":"Feature","geometry":{"type":"Polygon","coordinates":[[[126.85857,37.3044],[126.85471,37.30836],[126.85,37.30594],[126.84375,37.30704],[126.8444,37.29877],[126.8421,37.29421],[126.84416,37.29036],[126.85775,37.29305],[126.85794,37.29374],[126.85877,37.29697],[126.85857,37.3044]]]},"properties":{"key":"경기도|안산시상록구|사동","code":"4127152500"}},{"type":"Feature","geometry":{"type":"Polygon","coordinates":[[[126.85775,37.29305],[126.84416,37.29036],[126.83198,37.2902],[126.82848,37.2889],[126.82574,37.28881],[126.828,37.2798],[126.83372,37.27774],[126.83781,37.27541],[126.84885,37.27703],[126.8553,37.27974],[126.85775,37.29305]]]},"properties":{"key":"경기도|안산시상록구|사이동","code":"4127153200"}},{"type":"Feature","geometry":{"type":"Polygon","coordinates":[[[126.89841,37.294],[126.88883,37.29797],[126.87851,37.29911],[126.8752,37.29899],[126.87843,37.29173],[126.87255,37.29323],[126.85794,37.29374],[126.85775,37.29305],[126.8553,37.27974],[126.84885,37.27703],[126.83781,37.27541],[126.84128,37.26865],[126.84647,37.26587],[126.85272,37.27204],[126.85822,37.27418],[126.87132,37.27471],[126.87815,37.27923],[126.87969,37.28567],[126.88618,37.28053],[126.89091,37.28202],[126.89287,37.28645],[126.89955,37.2902],[126.89841,37.294]]]},"properties":{"key":"경기도|안산시상록구|본오1동","code":"4127154000"}},{"type":"Feature","geometry":{"type":"Polygon","coordinates":[[[126.8752,37.29899],[126.87269,37.2965],[126.85877,37.29697],[126.85794,37.29374],[126.87255,37.29323],[126.87843,37.29173],[126.8752,37.29899]]]},"properties":{"key":"경기도|안산시상록구|본오2동","code":"4127155000"}},{"type":"Feature","geometry":{"type":"Polygon","coordinates":[[[126.87449,37.30285],[126.86324,37.30314],[126.85857,37.3044],[126.85877,37.29697],[126.87269,37.2965],[126.8752,37.29899],[126.87851,37.29911],[126.87834,37.30238],[126.87449,37.30285]]]},"properties":{"key":"경기도|안산시상록구|본오3동","code":"4127156000"}},{"type":"Feature","geometry":{"type":"Polygon","coordinates":[[[126.88731,37.34675],[126.87575,37.34508],[126.86773,37.34773],[126.86187,37.34725],[126.85634,37.34252],[126.85657,37.33781],[126.86278,37.33679],[126.85776,37.33046],[126.85667,37.32604],[126.85578,37.31796],[126.86117,37.32074],[126.86991,37.31841],[126.87421,37.32086],[126.87275,37.32621],[126.87672,37.33265],[126.88091,37.33362],[126.88678,37.34019],[126.88731,37.34675]]]},"properties":{"key":"경기도|안산시상록구|부곡동","code":"4127157000"}},{"type":"Feature","geometry":{"type":"Polygon","coordinates":[[[126.85449,37.36029],[126.84825,37.36505],[126.84075,37.36369],[126.84056,37.35894],[126.83696,37.35577],[126.83519,37.3489],[126.83634,37.34536],[126.84183,37.3428],[126.8371,37.33903],[126.84146,37.33422],[126.84182,37.32807],[126.85667,37.32604],[126.85776,37.33046],[126.86278,37.33679],[126.85657,37.33781],[126.85634,37.34252],[126.85341,37.34802],[126.85352,37.35271],[126.85689,37.35699],[126.85449,37.36029]]]},"properties":{"key":"경기도|안산시상록구|월피동","code":"4127158000"}},{"type":"Feature","geometry":{"type":"Polygon","coordinates":[[[126.84182,37.32807],[126.84102,37.3203],[126.84311,37.31629],[126.85274,37.31455],[126.85703,37.31511],[126.85578,37.31796],[126.85667,37.32604],[126.84182,37.32807]]]},"properties":{"key":"경기도|안산시상록구|성포동","code":"4127159000"}},{"type":"Feature","geometry":{"type":"Polygon","coordinates":[[[126.93043,37.30706],[126.91528,37.30558],[126.91417,37.31594],[126.90816,37.32161],[126.88774,37.31791],[126.88306,37.32086],[126.87812,37.31946],[126.87713,37.31325],[126.8794,37.30775],[126.87834,37.30238],[126.87851,37.29911],[126.88883,37.29797],[126.89841,37.294],[126.90555,37.28989],[126.91385,37.29147],[126.91756,37.28539],[126.92737,37.2788],[126.9274,37.27885],[126.92929,37.28602],[126.93298,37.29163],[126.93929,37.29498],[126.93259,37.30076],[126.93295,37.30305],[126.93043,37.30706]]]},"properties":{"key":"경기도|안산시상록구|반월동","code":"4127160000"}},{"type":"Feature","geometry":{"type":"Polygon","coordinates":[[[126.8911,37.37527],[126.88191,37.37622],[126.86483,37.36152],[126.85449,37.36029],[126.85689,37.35699],[126.85352,37.35271],[126.85341,37.34802],[126.85634,37.34252],[126.86187,37.34725],[126.86773,37.34773],[126.87575,37.34508],[126.88731,37.34675],[126.89724,37.35807],[126.89556,37.36045],[126.8911,37.37527]]]},"properties":{"key":"경기도|안산시상록구|안산동","code":"4127161000"}},{"type":"Feature","geometry":{"type":"Polygon","coordinates":[[[126.85703,37.31511],[126.85274,37.31455],[126.84311,37.31629],[126.84211,37.30716],[126.84375,37.30704],[126.85,37.30594],[126.85471,37.30836],[126.85857,37.3044],[126.86324,37.30314],[126.87449,37.30285],[126.86393,37.31165],[126.85703,37.31511]]]},"properties":{"key":"경기도|안산시상록구|이동","code":"4127151500"}},{"type":"Feature","geometry":{"type":"Polygon","coordinates":[[[126.84375,37.30704],[126.84211,37.30716],[126.83545,37.3035],[126.82099,37.30363],[126.81632,37.29801],[126.81392,37.29505],[126.82165,37.2908],[126.82848,37.2889],[126.83198,37.2902],[126.84416,37.29036],[126.8421,37.29421],[126.8444,37.29877],[126.84375,37.30704]]]},"properties":{"key":"경기도|안산시상록구|해양동","code":"4127153700"}},{"type":"Feature","geometry":{"type":"Polygon","coordinates":[[[126.8371,37.33903],[126.84183,37.3428],[126.83634,37.34536],[126.83519,37.3489],[126.82899,37.34597],[126.82482,37.34843],[126.81861,37.34803],[126.8166,37.334],[126.81709,37.33161],[126.81756,37.33026],[126.82298,37.32945],[126.83127,37.33325],[126.8371,37.33903]]]},"properties":{"key":"경기도|안산시단원구|와동","code":"4127351000"}},{"type":"Feature","geometry":{"type":"Polygon","coordinates":[[[126.83127,37.33325],[126.82298,37.32945],[126.81756,37.33026],[126.82128,37.3173],[126.83037,37.31683],[126.82812,37.32341],[126.83127,37.33325]]]},"properties":{"key":"경기도|안산시단원구|고잔동","code":"4127352500"}},{"type":"Feature","geometry":{"type":"Polygon","coordinates":[[[126.84182,37.32807],[126.84146,37.33422],[126.8371,37.33903],[126.83127,37.33325],[126.82812,37.32341],[126.83037,37.31683],[126.84311,37.31629],[126.84102,37.3203],[126.84182,37.32807]]]},"properties":{"key":"경기도|안산시단원구|중앙동","code":"4127353200"}},{"type":"Feature","geometry":{"type":"Polygon","coordinates":[[[126.78923,37.34024],[126.7828,37.34006],[126.77638,37.34201],[126.77059,37.34042],[126.76394,37.34162],[126.75812,37.33849],[126.75023,37.33396],[126.74767,37.3256],[126.74877,37.32086],[126.75715,37.3184],[126.76026,37.32531],[126.77333,37.32146],[126.78362,37.32177],[126.78734,37.32253],[126.78591,37.32652],[126.79012,37.33353],[126.79077,37.33925],[126.78923,37.34024]]]},"properties":{"key":"경기도|안산시단원구|신길동","code":"4127356500"}},{"type":"Feature","geometry":{"type":"Polygon","coordinates":[[[126.80007,37.33329],[126.79542,37.33024],[126.79109,37.32283],[126.8005,37.3156],[126.80444,37.31696],[126.80573,37.32935],[126.80007,37.33329]]]},"properties":{"key":"경기도|안산시단원구|백운동","code":"4127355500"}},{"type":"Feature","geometry":{"type":"Polygon","coordinates":[[[126.79888,37.33752],[126.79077,37.33925],[126.79012,37.33353],[126.78591,37.32652],[126.78734,37.32253],[126.79109,37.32283],[126.79542,37.33024],[126.80007,37.33329],[126.79888,37.33752]]]},"properties":{"key":"경기도|안산시단원구|원곡동","code":"4127354500"}},{"type":"Feature","geometry":{"type":"Polygon","coordinates":[[[126.81709,37.33161],[126.80984,37.32763],[126.80573,37.32935],[126.80444,37.31696],[126.8005,37.3156],[126.79109,37.32283],[126.78734,37.32253],[126.78362,37.32177],[126.77333,37.32146],[126.76026,37.32531],[126.75715,37.3184],[126.74877,37.32086],[126.74767,37.3256],[126.73852,37.32968],[126.72403,37.31469],[126.71716,37.30752],[126.72558,37.30232],[126.77258,37.28941],[126.78299,37.29235],[126.80418,37.29625],[126.80715,37.29929],[126.81632,37.29801],[126.82099,37.30363],[126.82128,37.3173],[126.81756,37.33026],[126.81709,37.33161]]]},"properties":{"key":"경기도|안산시단원구|초지동","code":"4127357000"}},{"type":"Feature","geometry":{"type":"Polygon","coordinates":[[[126.80808,37.33446],[126.79888,37.33752],[126.80007,37.33329],[126.80573,37.32935],[126.80984,37.32763],[126.81709,37.33161],[126.8166,37.334],[126.80808,37.33446]]]},"properties":{"key":"경기도|안산시단원구|선부1동","code":"4127358000"}},{"type":"Feature","geometry":{"type":"Polygon","coordinates":[[[126.80808,37.33446],[126.81099,37.34232],[126.80603,37.35004],[126.81022,37.35562],[126.80216,37.3531],[126.79528,37.35514],[126.79158,37.35248],[126.79209,37.34314],[126.78923,37.34024],[126.79077,37.33925],[126.79888,37.33752],[126.80808,37.33446]]]},"properties":{"key":"경기도|안산시단원구|선부2동","code":"4127359000"}},{"type":"Feature","geometry":{"type":"Polygon","coordinates":[[[126.84075,37.36369],[126.83163,37.36165],[126.82372,37.36314],[126.81665,37.35765],[126.81022,37.35562],[126.80603,37.35004],[126.81099,37.34232],[126.80808,37.33446],[126.8166,37.334],[126.81861,37.34803],[126.82482,37.34843],[126.82899,37.34597],[126.83519,37.3489],[126.83696,37.35577],[126.84056,37.35894],[126.84075,37.36369]]]},"properties":{"key":"경기도|안산시단원구|선부3동","code":"4127360000"}},{"type":"Feature","geometry":{"type":"MultiPolygon","coordinates":[[[[126.45294,37.09476],[126.45769,37.097],[126.45122,37.10319],[126.44883,37.098],[126.45294,37.09476]]],[[[126.39708,37.10331],[126.39486,37.11262],[126.38964,37.11525],[126.38201,37.11423],[126.37971,37.10791],[126.38202,37.10216],[126.38909,37.10179],[126.39365,37.099],[126.39708,37.10331]]],[[[126.59566,37.30189],[126.61478,37.31257],[126.64666,37.32176],[126.64525,37.32447],[126.6122,37.31513],[126.579,37.29596],[126.5771,37.29094],[126.5695,37.28536],[126.56774,37.28135],[126.5604,37.27754],[126.5555,37.28409],[126.54937,37.28371],[126.54164,37.28563],[126.53947,37.28265],[126.54861,37.27995],[126.55083,37.27293],[126.55757,37.26673],[126.5595,37.2571],[126.56302,37.2562],[126.55979,37.2486],[126.56036,37.24253],[126.56676,37.23717],[126.55786,37.23676],[126.55431,37.2336],[126.54444,37.23358],[126.54347,37.22443],[126.54711,37.22072],[126.5471,37.21567],[126.54323,37.21384],[126.54441,37.20634],[126.55227,37.20401],[126.55793,37.20033],[126.56178,37.1933],[126.56896,37.20088],[126.56976,37.20643],[126.5732,37.2098],[126.57657,37.22056],[126.58515,37.22059],[126.58844,37.21362],[126.59526,37.21407],[126.60294,37.20762],[126.60808,37.20928],[126.61583,37.20923],[126.61162,37.21902],[126.59951,37.2269],[126.6028,37.23018],[126.60847,37.22924],[126.60995,37.23263],[126.6234,37.22699],[126.62921,37.218],[126.63941,37.21555],[126.64683,37.21077],[126.64226,37.20647],[126.64059,37.19793],[126.64562,37.19166],[126.65116,37.20008],[126.6464,37.2042],[126.65073,37.22503],[126.64377,37.22881],[126.62259,37.23664],[126.62339,37.24325],[126.61456,37.25046],[126.61822,37.2574],[126.60912,37.26058],[126.60768,37.26339],[126.59686,37.26243],[126.59068,37.26412],[126.58552,37.26864],[126.58707,37.27219],[126.57256,37.27615],[126.57022,37.27985],[126.57796,37.2883],[126.58219,37.28855],[126.58615,37.293],[126.58369,37.295],[126.59566,37.30189]]]]},"properties":{"key":"경기도|안산시단원구|대부동","code":"4127361000"}},{"type":"Feature","geometry":{"type":"Polygon","coordinates":[[[126.83037,37.31683],[126.82128,37.3173],[126.82099,37.30363],[126.83545,37.3035],[126.84211,37.30716],[126.84311,37.31629],[126.83037,37.31683]]]},"properties":{"key":"경기도|안산시단원구|호수동","code":"4127353500"}},{"type":"Feature","geometry":{"type":"Polygon","coordinates":[[[126.84574,37.66707],[126.84255,37.6718],[126.83503,37.67487],[126.83218,37.67938],[126.83238,37.67784],[126.82163,37.67205],[126.8194,37.66422],[126.81109,37.65951],[126.81605,37.65549],[126.81816,37.64917],[126.81608,37.64635],[126.82517,37.64439],[126.83059,37.64862],[126.83249,37.65572],[126.84574,37.66707]]]},"properties":{"key":"경기도|고양시덕양구|주교동","code":"4128151000"}},{"type":"Feature","geometry":{"type":"Polygon","coordinates":[[[126.85255,37.6888],[126.84808,37.68633],[126.83352,37.68309],[126.83218,37.67938],[126.83503,37.67487],[126.84255,37.6718],[126.84574,37.66707],[126.84912,37.66964],[126.85384,37.66534],[126.85259,37.65301],[126.86222,37.65349],[126.86702,37.65759],[126.87555,37.6572],[126.87841,37.65965],[126.88365,37.65796],[126.88924,37.65661],[126.89381,37.659],[126.89198,37.67055],[126.88699,37.66976],[126.88207,37.675],[126.8856,37.68225],[126.88447,37.68421],[126.87296,37.68695],[126.86654,37.68471],[126.85641,37.68592],[126.85255,37.6888]]]},"properties":{"key":"경기도|고양시덕양구|원신동","code":"4128152000"}},{"type":"Feature","geometry":{"type":"Polygon","coordinates":[[[126.86222,37.65349],[126.85259,37.65301],[126.84927,37.64922],[126.84311,37.6455],[126.84235,37.64014],[126.8477,37.63725],[126.84841,37.62951],[126.84836,37.6214],[126.85453,37.62212],[126.85462,37.61068],[126.85826,37.60886],[126.87257,37.61804],[126.87528,37.62617],[126.87476,37.63315],[126.87766,37.64252],[126.87374,37.64768],[126.86406,37.6492],[126.86222,37.65349]]]},"properties":{"key":"경기도|고양시덕양구|흥도동","code":"4128153000"}},{"type":"Feature","geometry":{"type":"Polygon","coordinates":[[[126.85259,37.65301],[126.85384,37.66534],[126.84912,37.66964],[126.84574,37.66707],[126.83249,37.65572],[126.84471,37.6526],[126.84927,37.64922],[126.85259,37.65301]]]},"properties":{"key":"경기도|고양시덕양구|성사1동","code":"4128154000"}},{"type":"Feature","geometry":{"type":"Polygon","coordinates":[[[126.84927,37.64922],[126.84471,37.6526],[126.83249,37.65572],[126.83059,37.64862],[126.83882,37.65049],[126.84311,37.6455],[126.84927,37.64922]]]},"properties":{"key":"경기도|고양시덕양구|성사2동","code":"4128155000"}},{"type":"Feature","geometry":{"type":"Polygon","coordinates":[[[126.99174,37.67947],[126.97929,37.68622],[126.97299,37.68668],[126.96524,37.69247],[126.95444,37.69265],[126.95101,37.68772],[126.94464,37.68485],[126.94471,37.67693],[126.93982,37.67076],[126.93006,37.67229],[126.92803,37.6707],[126.92394,37.66365],[126.9164,37.66163],[126.91231,37.65784],[126.90022,37.6506],[126.90527,37.64891],[126.91419,37.64468],[126.92127,37.64556],[126.92889,37.64996],[126.93704,37.65193],[126.94119,37.65715],[126.94731,37.65893],[126.95462,37.65475],[126.96173,37.64516],[126.96882,37.63868],[126.97179,37.63229],[126.97507,37.63139],[126.98463,37.63656],[126.98637,37.64065],[126.98327,37.6436],[126.9837,37.64978],[126.97964,37.65488],[126.98802,37.66334],[126.99426,37.66648],[126.99174,37.67947]]]},"properties":{"key":"경기도|고양시덕양구|효자동","code":"4128156000"}},{"type":"Feature","geometry":{"type":"Polygon","coordinates":[[[126.90022,37.6506],[126.8962,37.65141],[126.88866,37.6487],[126.88542,37.64754],[126.87766,37.64252],[126.87476,37.63315],[126.87528,37.62617],[126.87257,37.61804],[126.87553,37.61601],[126.88613,37.61457],[126.8868,37.61126],[126.90103,37.61246],[126.90524,37.6195],[126.90794,37.62539],[126.90881,37.62905],[126.91223,37.64438],[126.90527,37.64891],[126.90022,37.6506]]]},"properties":{"key":"경기도|고양시덕양구|창릉동","code":"4128158000"}},{"type":"Feature","geometry":{"type":"Polygon","coordinates":[[[126.92971,37.74853],[126.92183,37.74703],[126.90956,37.74722],[126.90088,37.73713],[126.90216,37.72843],[126.89469,37.72677],[126.88923,37.72345],[126.88692,37.71888],[126.8827,37.71931],[126.87575,37.71323],[126.87258,37.70556],[126.87651,37.7037],[126.88978,37.70335],[126.8914,37.70028],[126.88757,37.68941],[126.88447,37.68421],[126.8856,37.68225],[126.88207,37.675],[126.88699,37.66976],[126.89198,37.67055],[126.89669,37.67158],[126.90101,37.67787],[126.90688,37.67542],[126.91138,37.67439],[126.91478,37.67961],[126.91401,37.68724],[126.92174,37.69903],[126.92454,37.71173],[126.92047,37.71368],[126.92504,37.71991],[126.92189,37.73018],[126.93102,37.73751],[126.92971,37.74853]]]},"properties":{"key":"경기도|고양시덕양구|고양동","code":"4128159000"}},{"type":"Feature","geometry":{"type":"Polygon","coordinates":[[[126.8827,37.71931],[126.88099,37.72616],[126.87343,37.72614],[126.87149,37.7293],[126.85656,37.73572],[126.84804,37.73369],[126.83563,37.72807],[126.83992,37.72322],[126.84178,37.71641],[126.84656,37.70716],[126.84976,37.69804],[126.85494,37.69213],[126.85255,37.6888],[126.85641,37.68592],[126.86654,37.68471],[126.87296,37.68695],[126.88447,37.68421],[126.88757,37.68941],[126.8914,37.70028],[126.88978,37.70335],[126.87651,37.7037],[126.87258,37.70556],[126.87575,37.71323],[126.8827,37.71931]]]},"properties":{"key":"경기도|고양시덕양구|관산동","code":"4128160000"}},{"type":"Feature","geometry":{"type":"Polygon","coordinates":[[[126.81608,37.64635],[126.81203,37.64813],[126.80588,37.64382],[126.80209,37.645],[126.79527,37.64054],[126.79308,37.62774],[126.78848,37.62773],[126.78405,37.63151],[126.77427,37.63191],[126.77269,37.62974],[126.774,37.62219],[126.78251,37.61659],[126.79795,37.61086],[126.80357,37.61513],[126.81344,37.61778],[126.81758,37.61642],[126.8231,37.62907],[126.82572,37.63524],[126.82202,37.63613],[126.82517,37.64439],[126.81608,37.64635]]]},"properties":{"key":"경기도|고양시덕양구|능곡동","code":"4128161000"}},{"type":"Feature","geometry":{"type":"Polygon","coordinates":[[[126.84311,37.6455],[126.83882,37.65049],[126.83059,37.64862],[126.82517,37.64439],[126.82202,37.63613],[126.82572,37.63524],[126.83817,37.6341],[126.83861,37.63861],[126.84235,37.64014],[126.84311,37.6455]]]},"properties":{"key":"경기도|고양시덕양구|화정1동","code":"4128162100"}},{"type":"Feature","geometry":{"type":"Polygon","coordinates":[[[126.84841,37.62951],[126.8477,37.63725],[126.84235,37.64014],[126.83861,37.63861],[126.83817,37.6341],[126.82572,37.63524],[126.8231,37.62907],[126.83086,37.62649],[126.83427,37.62428],[126.83676,37.63018],[126.84113,37.62954],[126.84841,37.62951]]]},"properties":{"key":"경기도|고양시덕양구|화정2동","code":"4128162200"}},{"type":"Feature","geometry":{"type":"Polygon","coordinates":[[[126.83086,37.62649],[126.8231,37.62907],[126.81758,37.61642],[126.81344,37.61778],[126.80357,37.61513],[126.79795,37.61086],[126.80494,37.60402],[126.81858,37.59359],[126.82682,37.58799],[126.83281,37.59575],[126.83092,37.59914],[126.83189,37.60725],[126.82787,37.61783],[126.82742,37.62388],[126.83086,37.62649]]]},"properties":{"key":"경기도|고양시덕양구|행주동","code":"4128163000"}},{"type":"Feature","geometry":{"type":"Polygon","coordinates":[[[126.83427,37.62428],[126.83086,37.62649],[126.82742,37.62388],[126.82787,37.61783],[126.83023,37.61919],[126.8445,37.61842],[126.84227,37.61924],[126.83427,37.62428]]]},"properties":{"key":"경기도|고양시덕양구|행신1동","code":"4128164000"}},{"type":"Feature","geometry":{"type":"Polygon","coordinates":[[[126.8445,37.61842],[126.83023,37.61919],[126.82787,37.61783],[126.83189,37.60725],[126.83092,37.59914],[126.83281,37.59575],[126.83429,37.59734],[126.84416,37.59719],[126.85358,37.60401],[126.85826,37.60886],[126.85462,37.61068],[126.84611,37.6128],[126.8445,37.61842]]]},"properties":{"key":"경기도|고양시덕양구|행신2동","code":"4128165000"}},{"type":"Feature","geometry":{"type":"Polygon","coordinates":[[[126.90103,37.61246],[126.8868,37.61126],[126.88613,37.61457],[126.87553,37.61601],[126.87257,37.61804],[126.85826,37.60886],[126.86459,37.60592],[126.88224,37.59094],[126.88726,37.58859],[126.89984,37.58987],[126.90142,37.59827],[126.90208,37.60382],[126.90171,37.60573],[126.90103,37.61246]]]},"properties":{"key":"경기도|고양시덕양구|화전동","code":"4128166000"}},{"type":"Feature","geometry":{"type":"Polygon","coordinates":[[[126.88224,37.59094],[126.86459,37.60592],[126.85826,37.60886],[126.85358,37.60401],[126.84416,37.59719],[126.83429,37.59734],[126.83281,37.59575],[126.82682,37.58799],[126.83209,37.58577],[126.85163,37.57326],[126.85356,37.57181],[126.85412,37.57386],[126.87708,37.5789],[126.87667,37.58412],[126.88224,37.59094]]]},"properties":{"key":"경기도|고양시덕양구|대덕동","code":"4128167000"}},{"type":"Feature","geometry":{"type":"Polygon","coordinates":[[[126.84113,37.62954],[126.83676,37.63018],[126.83427,37.62428],[126.84227,37.61924],[126.84387,37.6274],[126.84113,37.62954]]]},"properties":{"key":"경기도|고양시덕양구|행신3동","code":"4128165500"}},{"type":"Feature","geometry":{"type":"Polygon","coordinates":[[[126.83352,37.68309],[126.83167,37.68922],[126.81933,37.69428],[126.81307,37.69196],[126.80763,37.68526],[126.79915,37.6834],[126.79868,37.67512],[126.80451,37.6739],[126.80279,37.66698],[126.81202,37.66469],[126.81109,37.65951],[126.8194,37.66422],[126.82163,37.67205],[126.83238,37.67784],[126.83218,37.67938],[126.83352,37.68309]]]},"properties":{"key":"경기도|고양시일산동구|식사동","code":"4128551000"}},{"type":"Feature","geometry":{"type":"Polygon","coordinates":[[[126.77788,37.68277],[126.77729,37.67887],[126.77756,37.67876],[126.78304,37.67632],[126.78558,37.67272],[126.7938,37.67957],[126.79469,37.68473],[126.79027,37.68881],[126.77788,37.68277]]]},"properties":{"key":"경기도|고양시일산동구|중산2동","code":"4128552600"}},{"type":"Feature","geometry":{"type":"Polygon","coordinates":[[[126.78558,37.67272],[126.78304,37.67632],[126.77756,37.67876],[126.77325,37.67298],[126.76742,37.66623],[126.77095,37.66262],[126.77904,37.66794],[126.78321,37.66615],[126.7883,37.66803],[126.78558,37.67272]]]},"properties":{"key":"경기도|고양시일산동구|정발산동","code":"4128553000"}},{"type":"Feature","geometry":{"type":"Polygon","coordinates":[[[126.79915,37.6834],[126.79469,37.68473],[126.7938,37.67957],[126.78558,37.67272],[126.7883,37.66803],[126.79557,37.65501],[126.80209,37.645],[126.80588,37.64382],[126.81203,37.64813],[126.81608,37.64635],[126.81816,37.64917],[126.81605,37.65549],[126.81109,37.65951],[126.81202,37.66469],[126.80279,37.66698],[126.80451,37.6739],[126.79868,37.67512],[126.79915,37.6834]]]},"properties":{"key":"경기도|고양시일산동구|풍산동","code":"4128554000"}},{"type":"Feature","geometry":{"type":"Polygon","coordinates":[[[126.80209,37.645],[126.79557,37.65501],[126.78809,37.65226],[126.78107,37.64835],[126.79238,37.63975],[126.79527,37.64054],[126.80209,37.645]]]},"properties":{"key":"경기도|고양시일산동구|백석1동","code":"4128555100"}},{"type":"Feature","geometry":{"type":"Polygon","coordinates":[[[126.7883,37.66803],[126.78321,37.66615],[126.77904,37.66794],[126.77095,37.66262],[126.776,37.65497],[126.78464,37.65817],[126.78809,37.65226],[126.79557,37.65501],[126.7883,37.66803]]]},"properties":{"key":"경기도|고양시일산동구|마두1동","code":"4128556000"}},{"type":"Feature","geometry":{"type":"Polygon","coordinates":[[[126.78809,37.65226],[126.78464,37.65817],[126.776,37.65497],[126.78103,37.64831],[126.78107,37.64835],[126.78809,37.65226]]]},"properties":{"key":"경기도|고양시일산동구|마두2동","code":"4128557000"}},{"type":"Feature","geometry":{"type":"Polygon","coordinates":[[[126.75633,37.66356],[126.75097,37.66411],[126.75022,37.65872],[126.74509,37.6595],[126.74086,37.6539],[126.74092,37.63893],[126.76824,37.62369],[126.774,37.62219],[126.77269,37.62974],[126.77427,37.63191],[126.78405,37.63151],[126.78848,37.62773],[126.79308,37.62774],[126.79527,37.64054],[126.79238,37.63975],[126.78784,37.63596],[126.77613,37.64422],[126.76311,37.65206],[126.75962,37.65989],[126.75633,37.66356]]]},"properties":{"key":"경기도|고양시일산동구|장항1동","code":"4128558000"}},{"type":"Feature","geometry":{"type":"Polygon","coordinates":[[[126.77095,37.66262],[126.76742,37.66623],[126.76268,37.66329],[126.75833,37.66598],[126.75804,37.6661],[126.75633,37.66356],[126.75962,37.65989],[126.76311,37.65206],[126.77613,37.64422],[126.78103,37.64831],[126.776,37.65497],[126.77095,37.66262]]]},"properties":{"key":"경기도|고양시일산동구|장항2동","code":"4128559000"}},{"type":"Feature","geometry":{"type":"Polygon","coordinates":[[[126.83563,37.72807],[126.82541,37.72715],[126.82303,37.72881],[126.81399,37.72348],[126.80099,37.73075],[126.80076,37.73528],[126.79438,37.73429],[126.79608,37.72961],[126.79195,37.7242],[126.78503,37.72089],[126.77328,37.70923],[126.77335,37.70425],[126.78127,37.6992],[126.78924,37.69396],[126.79027,37.68881],[126.79469,37.68473],[126.79915,37.6834],[126.80763,37.68526],[126.81307,37.69196],[126.81933,37.69428],[126.83167,37.68922],[126.83352,37.68309],[126.84808,37.68633],[126.85255,37.6888],[126.85494,37.69213],[126.84976,37.69804],[126.84656,37.70716],[126.84178,37.71641],[126.83992,37.72322],[126.83563,37.72807]]]},"properties":{"key":"경기도|고양시일산동구|고봉동","code":"4128560000"}},{"type":"Feature","geometry":{"type":"Polygon","coordinates":[[[126.79238,37.63975],[126.78107,37.64835],[126.78103,37.64831],[126.77613,37.64422],[126.78784,37.63596],[126.79238,37.63975]]]},"properties":{"key":"경기도|고양시일산동구|백석2동","code":"4128555200"}},{"type":"Feature","geometry":{"type":"Polygon","coordinates":[[[126.77512,37.69208],[126.76105,37.68931],[126.76141,37.68748],[126.76251,37.68582],[126.76825,37.68279],[126.77512,37.69208]]]},"properties":{"key":"경기도|고양시일산서구|일산1동","code":"4128751000"}},{"type":"Feature","geometry":{"type":"Polygon","coordinates":[[[126.77729,37.67887],[126.77788,37.68277],[126.77691,37.69044],[126.77814,37.69579],[126.77625,37.69403],[126.77512,37.69208],[126.76825,37.68279],[126.77729,37.67887]]]},"properties":{"key":"경기도|고양시일산서구|일산2동","code":"4128752000"}},{"type":"Feature","geometry":{"type":"Polygon","coordinates":[[[126.76825,37.68279],[126.76251,37.68582],[126.75814,37.67952],[126.76547,37.67634],[126.77325,37.67298],[126.77756,37.67876],[126.77729,37.67887],[126.76825,37.68279]]]},"properties":{"key":"경기도|고양시일산서구|일산3동","code":"4128753000"}},{"type":"Feature","geometry":{"type":"Polygon","coordinates":[[[126.76106,37.69907],[126.76105,37.68931],[126.77512,37.69208],[126.77625,37.69403],[126.77275,37.69357],[126.76825,37.69969],[126.76106,37.69907]]]},"properties":{"key":"경기도|고양시일산서구|탄현1동","code":"4128754500"}},{"type":"Feature","geometry":{"type":"Polygon","coordinates":[[[126.77325,37.67298],[126.76547,37.67634],[126.75833,37.66598],[126.76268,37.66329],[126.76742,37.66623],[126.77325,37.67298]]]},"properties":{"key":"경기도|고양시일산서구|주엽1동","code":"4128755000"}},{"type":"Feature","geometry":{"type":"Polygon","coordinates":[[[126.76547,37.67634],[126.75814,37.67952],[126.75101,37.66919],[126.75804,37.6661],[126.75833,37.66598],[126.76547,37.67634]]]},"properties":{"key":"경기도|고양시일산서구|주엽2동","code":"4128756000"}},{"type":"Feature","geometry":{"type":"Polygon","coordinates":[[[126.76141,37.68748],[126.75946,37.68796],[126.74622,37.68587],[126.7386,37.68169],[126.73652,37.66748],[126.73475,37.66592],[126.74454,37.65966],[126.75097,37.66411],[126.75633,37.66356],[126.75804,37.6661],[126.75101,37.66919],[126.75814,37.67952],[126.76251,37.68582],[126.76141,37.68748]]]},"properties":{"key":"경기도|고양시일산서구|대화동","code":"4128757000"}},{"type":"Feature","geometry":{"type":"Polygon","coordinates":[[[126.75946,37.68796],[126.75189,37.68798],[126.74373,37.68998],[126.72908,37.68191],[126.71033,37.68117],[126.70059,37.67691],[126.68932,37.66618],[126.70933,37.65466],[126.71826,37.64929],[126.7358,37.64155],[126.74092,37.63893],[126.74086,37.6539],[126.74509,37.6595],[126.75022,37.65872],[126.75097,37.66411],[126.74454,37.65966],[126.73475,37.66592],[126.73652,37.66748],[126.7386,37.68169],[126.74622,37.68587],[126.75946,37.68796]]]},"properties":{"key":"경기도|고양시일산서구|송포동","code":"4128758000"}},{"type":"Feature","geometry":{"type":"Polygon","coordinates":[[[126.72838,37.70394],[126.71707,37.70024],[126.71191,37.69974],[126.70458,37.69621],[126.69929,37.69703],[126.6914,37.68911],[126.67655,37.70008],[126.66705,37.68914],[126.66846,37.68018],[126.67346,37.67491],[126.68932,37.66618],[126.70059,37.67691],[126.71033,37.68117],[126.72908,37.68191],[126.72795,37.69096],[126.72838,37.70394]]]},"properties":{"key":"경기도|고양시일산서구|가좌동","code":"4128761000"}},{"type":"Feature","geometry":{"type":"Polygon","coordinates":[[[127.00071,37.43784],[126.99619,37.44548],[126.98813,37.44318],[126.97081,37.44746],[126.9687,37.44679],[126.96441,37.44558],[126.9638,37.44077],[126.96424,37.43139],[126.96616,37.42746],[126.97252,37.42133],[126.97782,37.42323],[126.98919,37.42386],[126.98943,37.42575],[126.99724,37.43454],[127.00071,37.43784]]]},"properties":{"key":"경기도|과천시|중앙동","code":"4129051000"}},{"type":"Feature","geometry":{"type":"Polygon","coordinates":[[[127.0015,37.42952],[126.99724,37.43454],[126.98943,37.42575],[126.99635,37.42185],[127.0015,37.42952]]]},"properties":{"key":"경기도|과천시|별양동","code":"4129053000"}},{"type":"Feature","geometry":{"type":"Polygon","coordinates":[[[127.00071,37.43784],[126.99724,37.43454],[127.0015,37.42952],[127.00071,37.43784]]]},"properties":{"key":"경기도|과천시|부림동","code":"4129054000"}},{"type":"Feature","geometry":{"type":"Polygon","coordinates":[[[127.02986,37.46545],[127.0261,37.45851],[127.02053,37.45617],[127.01106,37.45539],[127.00342,37.46726],[126.99628,37.46672],[126.99683,37.46218],[126.98862,37.45814],[126.98236,37.45516],[126.97398,37.4476],[126.97081,37.44746],[126.98813,37.44318],[126.99619,37.44548],[127.00071,37.43784],[127.00648,37.43574],[127.01302,37.44083],[127.02065,37.4383],[127.02332,37.4402],[127.03541,37.44117],[127.03836,37.44565],[127.03583,37.45755],[127.02986,37.46545]]]},"properties":{"key":"경기도|과천시|과천동","code":"4129055000"}},{"type":"Feature","geometry":{"type":"Polygon","coordinates":[[[127.03541,37.44117],[127.02332,37.4402],[127.02065,37.4383],[127.01302,37.44083],[127.00648,37.43574],[127.00071,37.43784],[127.0015,37.42952],[126.99635,37.42185],[126.99141,37.41776],[126.99134,37.41292],[127.00075,37.40574],[127.00845,37.41218],[127.01814,37.41318],[127.0284,37.41211],[127.04168,37.41563],[127.04183,37.42691],[127.04747,37.43087],[127.04106,37.43811],[127.03541,37.44117]]]},"properties":{"key":"경기도|과천시|문원동","code":"4129056000"}},{"type":"Feature","geometry":{"type":"Polygon","coordinates":[[[127.12903,37.64169],[127.11651,37.6434],[127.11115,37.64241],[127.11238,37.63523],[127.11098,37.63059],[127.10549,37.62726],[127.10571,37.62083],[127.11567,37.61929],[127.12718,37.62604],[127.12943,37.63667],[127.12903,37.64169]]]},"properties":{"key":"경기도|구리시|갈매동","code":"4131051000"}},{"type":"Feature","geometry":{"type":"Polygon","coordinates":[[[127.15026,37.63943],[127.14175,37.64613],[127.12903,37.64169],[127.12943,37.63667],[127.12718,37.62604],[127.11567,37.61929],[127.11697,37.61743],[127.12357,37.61619],[127.13266,37.61198],[127.13972,37.60245],[127.14895,37.60467],[127.14702,37.61513],[127.14343,37.62063],[127.14437,37.62896],[127.14845,37.63182],[127.15026,37.63943]]]},"properties":{"key":"경기도|구리시|동구동","code":"4131052000"}},{"type":"Feature","geometry":{"type":"Polygon","coordinates":[[[127.14895,37.60467],[127.13972,37.60245],[127.13266,37.61198],[127.12357,37.61619],[127.11697,37.61743],[127.1168,37.60991],[127.12866,37.60288],[127.13589,37.60055],[127.1401,37.60051],[127.1492,37.60403],[127.14895,37.60467]]]},"properties":{"key":"경기도|구리시|인창동","code":"4131053000"}},{"type":"Feature","geometry":{"type":"Polygon","coordinates":[[[127.13589,37.60055],[127.12866,37.60288],[127.1168,37.60991],[127.11662,37.60882],[127.11801,37.60458],[127.11396,37.59942],[127.11837,37.59502],[127.1124,37.59186],[127.11014,37.58742],[127.10933,37.58466],[127.10267,37.5841],[127.10268,37.57891],[127.10093,37.57356],[127.10334,37.56965],[127.10115,37.56002],[127.10425,37.55988],[127.11377,37.55889],[127.12228,37.56425],[127.13382,37.56845],[127.12927,37.5771],[127.12827,37.57855],[127.13124,37.59321],[127.13736,37.59484],[127.13674,37.59729],[127.13589,37.60055]]]},"properties":{"key":"경기도|구리시|교문1동","code":"4131054100"}},{"type":"Feature","geometry":{"type":"Polygon","coordinates":[[[127.13793,37.59236],[127.13736,37.59484],[127.13124,37.59321],[127.12827,37.57855],[127.12927,37.5771],[127.13947,37.58251],[127.13793,37.59236]]]},"properties":{"key":"경기도|구리시|교문2동","code":"4131054200"}},{"type":"Feature","geometry":{"type":"Polygon","coordinates":[[[127.16287,37.59454],[127.15408,37.59708],[127.1492,37.60403],[127.1401,37.60051],[127.13589,37.60055],[127.13674,37.59729],[127.14398,37.59755],[127.15076,37.59435],[127.16287,37.59454]]]},"properties":{"key":"경기도|구리시|수택1동","code":"4131057000"}},{"type":"Feature","geometry":{"type":"Polygon","coordinates":[[[127.15076,37.59435],[127.14398,37.59755],[127.13674,37.59729],[127.13736,37.59484],[127.13793,37.59236],[127.14948,37.5907],[127.15076,37.59435]]]},"properties":{"key":"경기도|구리시|수택2동","code":"4131058000"}},{"type":"Feature","geometry":{"type":"Polygon","coordinates":[[[127.16857,37.57895],[127.17076,37.58092],[127.16228,37.58453],[127.16092,37.58835],[127.16831,37.59047],[127.16287,37.59454],[127.15076,37.59435],[127.14948,37.5907],[127.13793,37.59236],[127.13947,37.58251],[127.12927,37.5771],[127.13382,37.56845],[127.14541,37.56827],[127.15291,37.57067],[127.16228,37.57642],[127.16857,37.57895]]]},"properties":{"key":"경기도|구리시|수택3동","code":"4131059000"}},{"type":"Feature","geometry":{"type":"Polygon","coordinates":[[[127.2582,37.63886],[127.25282,37.63888],[127.24901,37.63595],[127.23993,37.6333],[127.23494,37.63343],[127.23068,37.63141],[127.22215,37.62374],[127.21431,37.61823],[127.21391,37.61568],[127.20604,37.60752],[127.2127,37.59716],[127.21029,37.59079],[127.20243,37.58818],[127.20619,37.5851],[127.21294,37.57697],[127.21967,37.5739],[127.22186,37.56467],[127.22906,37.56336],[127.23423,37.55774],[127.23618,37.55045],[127.23842,37.545],[127.24855,37.5414],[127.25914,37.53565],[127.26496,37.53747],[127.27137,37.5445],[127.26618,37.5528],[127.26813,37.55741],[127.2574,37.56214],[127.25694,37.57394],[127.26742,37.58384],[127.26734,37.59075],[127.27069,37.59368],[127.27761,37.5916],[127.28321,37.59332],[127.29257,37.60692],[127.2882,37.61317],[127.28814,37.61659],[127.28237,37.61889],[127.27961,37.62767],[127.27995,37.63378],[127.26783,37.63142],[127.2582,37.63886]]]},"properties":{"key":"경기도|남양주시|와부읍","code":"4136025000"}},{"type":"Feature","geometry":{"type":"Polygon","coordinates":[[[127.25973,37.7684],[127.24047,37.76271],[127.22462,37.75359],[127.22187,37.75717],[127.21405,37.7606],[127.21096,37.76461],[127.19092,37.76258],[127.18431,37.76473],[127.18091,37.7631],[127.17326,37.75511],[127.16585,37.75292],[127.15912,37.75324],[127.15376,37.7555],[127.14671,37.75484],[127.14248,37.74777],[127.14817,37.73962],[127.14854,37.73435],[127.15588,37.72953],[127.15596,37.72569],[127.14162,37.71719],[127.14113,37.70299],[127.1451,37.69488],[127.14319,37.68957],[127.14424,37.6855],[127.14097,37.68008],[127.14216,37.67469],[127.14378,37.67072],[127.15115,37.6634],[127.1581,37.66631],[127.16029,37.67327],[127.16667,37.67968],[127.18021,37.68086],[127.17968,37.68633],[127.18924,37.68883],[127.1863,37.69618],[127.18235,37.69928],[127.19327,37.71277],[127.19859,37.70981],[127.20497,37.71227],[127.21081,37.70829],[127.22091,37.70424],[127.22835,37.70496],[127.23006,37.70795],[127.2375,37.70686],[127.24608,37.71092],[127.24651,37.71964],[127.25192,37.72966],[127.25493,37.73773],[127.25232,37.74148],[127.25268,37.74882],[127.25658,37.75328],[127.25703,37.7604],[127.26126,37.76588],[127.25973,37.7684]]]},"properties":{"key":"경기도|남양주시|진접읍","code":"4136025300"}},{"type":"Feature","geometry":{"type":"Polygon","coordinates":[[[127.36714,37.69011],[127.35321,37.68273],[127.34591,37.67594],[127.3332,37.67349],[127.32442,37.66472],[127.31497,37.66725],[127.3133,37.67383],[127.31778,37.67986],[127.3177,37.68354],[127.32176,37.68982],[127.31699,37.69516],[127.30613,37.6976],[127.29823,37.70202],[127.29017,37.69827],[127.27659,37.69869],[127.27125,37.68999],[127.27523,37.68159],[127.27199,37.67957],[127.26528,37.67453],[127.26011,37.66328],[127.2651,37.6596],[127.26626,37.64841],[127.26036,37.64241],[127.2582,37.63886],[127.26783,37.63142],[127.27995,37.63378],[127.27961,37.62767],[127.28237,37.61889],[127.28814,37.61659],[127.2882,37.61317],[127.29257,37.60692],[127.29526,37.60757],[127.3067,37.60455],[127.31186,37.60683],[127.3133,37.61063],[127.32206,37.61298],[127.33541,37.60938],[127.34532,37.61094],[127.3471,37.61778],[127.35216,37.62779],[127.36408,37.63809],[127.37113,37.64819],[127.37637,37.66011],[127.3792,37.67459],[127.37477,37.67797],[127.37381,37.68249],[127.36857,37.68579],[127.36714,37.69011]]]},"properties":{"key":"경기도|남양주시|화도읍","code":"4136025600"}},{"type":"Feature","geometry":{"type":"Polygon","coordinates":[[[127.23502,37.67393],[127.2256,37.67924],[127.21394,37.67332],[127.20416,37.67801],[127.19989,37.68712],[127.18924,37.68883],[127.17968,37.68633],[127.18021,37.68086],[127.16667,37.67968],[127.16029,37.67327],[127.1581,37.66631],[127.15115,37.6634],[127.14744,37.65671],[127.15308,37.64967],[127.15026,37.63943],[127.14845,37.63182],[127.15689,37.63145],[127.15991,37.6287],[127.16723,37.62701],[127.17177,37.62937],[127.17756,37.62872],[127.1869,37.63037],[127.19377,37.63351],[127.19456,37.64082],[127.19888,37.63903],[127.2056,37.63991],[127.2069,37.64379],[127.21166,37.6442],[127.21231,37.65372],[127.22451,37.65947],[127.22543,37.66534],[127.23502,37.67393]]]},"properties":{"key":"경기도|남양주시|진건읍","code":"4136025900"}},{"type":"Feature","geometry":{"type":"Polygon","coordinates":[[[127.24608,37.71092],[127.2375,37.70686],[127.23006,37.70795],[127.22835,37.70496],[127.22091,37.70424],[127.21081,37.70829],[127.20497,37.71227],[127.19859,37.70981],[127.19327,37.71277],[127.18235,37.69928],[127.1863,37.69618],[127.18924,37.68883],[127.19989,37.68712],[127.20416,37.67801],[127.21394,37.67332],[127.2256,37.67924],[127.23502,37.67393],[127.24548,37.6756],[127.25658,37.68048],[127.26723,37.68162],[127.27199,37.67957],[127.27523,37.68159],[127.27125,37.68999],[127.27659,37.69869],[127.27487,37.70822],[127.26778,37.71082],[127.25951,37.7092],[127.24899,37.70923],[127.24608,37.71092]]]},"properties":{"key":"경기도|남양주시|오남읍","code":"4136026200"}},{"type":"Feature","geometry":{"type":"Polygon","coordinates":[[[127.14248,37.74777],[127.13622,37.74931],[127.12823,37.74715],[127.12371,37.73861],[127.12577,37.72747],[127.12301,37.72214],[127.11222,37.71772],[127.10901,37.70864],[127.10365,37.70721],[127.09663,37.70221],[127.08384,37.70174],[127.08111,37.69609],[127.08493,37.69084],[127.09592,37.68772],[127.10143,37.68999],[127.1033,37.69492],[127.1128,37.69656],[127.11801,37.6886],[127.12561,37.6861],[127.1246,37.68112],[127.12686,37.67483],[127.14216,37.67469],[127.14097,37.68008],[127.14424,37.6855],[127.14319,37.68957],[127.1451,37.69488],[127.14113,37.70299],[127.14162,37.71719],[127.15596,37.72569],[127.15588,37.72953],[127.14854,37.73435],[127.14817,37.73962],[127.14248,37.74777]]]},"properties":{"key":"경기도|남양주시|별내면","code":"4136031000"}},{"type":"Feature","geometry":{"type":"Polygon","coordinates":[[[127.15115,37.6634],[127.14378,37.67072],[127.14148,37.66808],[127.14028,37.65995],[127.13596,37.65137],[127.13112,37.64694],[127.12903,37.64169],[127.14175,37.64613],[127.15026,37.63943],[127.15308,37.64967],[127.14744,37.65671],[127.15115,37.6634]]]},"properties":{"key":"경기도|남양주시|퇴계원읍","code":"4136026500"}},{"type":"Feature","geometry":{"type":"Polygon","coordinates":[[[127.35545,37.72369],[127.34286,37.72955],[127.34241,37.7378],[127.33293,37.74646],[127.33383,37.75298],[127.31857,37.76723],[127.31088,37.76812],[127.3021,37.77338],[127.29313,37.77624],[127.29,37.77501],[127.27406,37.77405],[127.26652,37.78045],[127.26329,37.77682],[127.25973,37.7684],[127.26126,37.76588],[127.25703,37.7604],[127.25658,37.75328],[127.25268,37.74882],[127.25232,37.74148],[127.25493,37.73773],[127.25192,37.72966],[127.24651,37.71964],[127.24608,37.71092],[127.24899,37.70923],[127.25951,37.7092],[127.26778,37.71082],[127.27487,37.70822],[127.27659,37.69869],[127.29017,37.69827],[127.29823,37.70202],[127.30613,37.6976],[127.31699,37.69516],[127.32176,37.68982],[127.3177,37.68354],[127.31778,37.67986],[127.3133,37.67383],[127.31497,37.66725],[127.32442,37.66472],[127.3332,37.67349],[127.34591,37.67594],[127.35321,37.68273],[127.36714,37.69011],[127.36135,37.69381],[127.35849,37.69923],[127.35344,37.70382],[127.35339,37.71094],[127.35545,37.72369]]]},"properties":{"key":"경기도|남양주시|수동면","code":"4136034000"}},{"type":"Feature","geometry":{"type":"Polygon","coordinates":[[[127.34532,37.61094],[127.33541,37.60938],[127.32206,37.61298],[127.3133,37.61063],[127.31186,37.60683],[127.3067,37.60455],[127.29526,37.60757],[127.29257,37.60692],[127.28321,37.59332],[127.27761,37.5916],[127.27069,37.59368],[127.26734,37.59075],[127.26742,37.58384],[127.25694,37.57394],[127.2574,37.56214],[127.26813,37.55741],[127.26618,37.5528],[127.27137,37.5445],[127.26496,37.53747],[127.25914,37.53565],[127.27899,37.52636],[127.28478,37.52149],[127.28758,37.5135],[127.28906,37.50714],[127.30128,37.51055],[127.3071,37.51638],[127.30477,37.52499],[127.3079,37.53804],[127.31169,37.54547],[127.32133,37.55835],[127.33583,37.58074],[127.34147,37.59179],[127.34532,37.61094]]]},"properties":{"key":"경기도|남양주시|조안면","code":"4136036000"}},{"type":"Feature","geometry":{"type":"Polygon","coordinates":[[[127.27199,37.67957],[127.26723,37.68162],[127.25658,37.68048],[127.24548,37.6756],[127.23502,37.67393],[127.22543,37.66534],[127.22451,37.65947],[127.23183,37.65853],[127.23575,37.65237],[127.24724,37.6536],[127.25496,37.64851],[127.26036,37.64241],[127.26626,37.64841],[127.2651,37.6596],[127.26011,37.66328],[127.26528,37.67453],[127.27199,37.67957]]]},"properties":{"key":"경기도|남양주시|호평동","code":"4136051000"}},{"type":"Feature","geometry":{"type":"Polygon","coordinates":[[[127.26036,37.64241],[127.25496,37.64851],[127.24724,37.6536],[127.23575,37.65237],[127.23183,37.65853],[127.22451,37.65947],[127.21231,37.65372],[127.21166,37.6442],[127.21756,37.64613],[127.22275,37.64188],[127.23389,37.6362],[127.23494,37.63343],[127.23993,37.6333],[127.24901,37.63595],[127.25282,37.63888],[127.2582,37.63886],[127.26036,37.64241]]]},"properties":{"key":"경기도|남양주시|평내동","code":"4136052000"}},{"type":"Feature","geometry":{"type":"Polygon","coordinates":[[[127.23494,37.63343],[127.23389,37.6362],[127.22275,37.64188],[127.21756,37.64613],[127.21166,37.6442],[127.2069,37.64379],[127.2056,37.63991],[127.19888,37.63903],[127.19456,37.64082],[127.19377,37.63351],[127.19941,37.63038],[127.19674,37.6218],[127.20152,37.61932],[127.20856,37.61978],[127.21431,37.61823],[127.22215,37.62374],[127.23068,37.63141],[127.23494,37.63343]]]},"properties":{"key":"경기도|남양주시|금곡동","code":"4136053000"}},{"type":"Feature","geometry":{"type":"Polygon","coordinates":[[[127.21431,37.61823],[127.20856,37.61978],[127.20152,37.61932],[127.19674,37.6218],[127.19941,37.63038],[127.19377,37.63351],[127.1869,37.63037],[127.17756,37.62872],[127.17177,37.62937],[127.16723,37.62701],[127.1732,37.61273],[127.17337,37.60729],[127.17432,37.60616],[127.17867,37.60324],[127.17855,37.6026],[127.18615,37.60302],[127.18625,37.5989],[127.18056,37.59429],[127.18533,37.59172],[127.19929,37.59114],[127.20243,37.58818],[127.21029,37.59079],[127.2127,37.59716],[127.20604,37.60752],[127.21391,37.61568],[127.21431,37.61823]]]},"properties":{"key":"경기도|남양주시|양정동","code":"4136054000"}},{"type":"Feature","geometry":{"type":"Polygon","coordinates":[[[127.1732,37.61273],[127.15684,37.60557],[127.1492,37.60403],[127.15408,37.59708],[127.16287,37.59454],[127.16831,37.59047],[127.16092,37.58835],[127.16228,37.58453],[127.17076,37.58092],[127.18533,37.59172],[127.18056,37.59429],[127.18625,37.5989],[127.18615,37.60302],[127.17855,37.6026],[127.17867,37.60324],[127.17432,37.60616],[127.17337,37.60729],[127.1732,37.61273]]]},"properties":{"key":"경기도|남양주시|다산2동","code":"4136056500"}},{"type":"Feature","geometry":{"type":"Polygon","coordinates":[[[127.1492,37.60403],[127.15684,37.60557],[127.1732,37.61273],[127.16723,37.62701],[127.15991,37.6287],[127.15689,37.63145],[127.14845,37.63182],[127.14437,37.62896],[127.14343,37.62063],[127.14702,37.61513],[127.14895,37.60467],[127.1492,37.60403]]]},"properties":{"key":"경기도|남양주시|다산1동","code":"4136054500"}},{"type":"Feature","geometry":{"type":"Polygon","coordinates":[[[127.14216,37.67469],[127.12686,37.67483],[127.1246,37.68112],[127.12561,37.6861],[127.11801,37.6886],[127.1128,37.69656],[127.1033,37.69492],[127.10143,37.68999],[127.09592,37.68772],[127.09183,37.67919],[127.09556,37.67281],[127.09396,37.66257],[127.09244,37.65809],[127.08603,37.65591],[127.09282,37.6549],[127.09445,37.64576],[127.10657,37.64549],[127.11115,37.64241],[127.11651,37.6434],[127.12903,37.64169],[127.13112,37.64694],[127.13596,37.65137],[127.14028,37.65995],[127.14148,37.66808],[127.14378,37.67072],[127.14216,37.67469]]]},"properties":{"key":"경기도|남양주시|별내동","code":"4136057000"}},{"type":"Feature","geometry":{"type":"Polygon","coordinates":[[[127.10095,37.14609],[127.09776,37.1517],[127.09799,37.15585],[127.08895,37.16052],[127.07784,37.16232],[127.06672,37.1546],[127.06717,37.14906],[127.07814,37.14876],[127.09595,37.14785],[127.10095,37.14609]]]},"properties":{"key":"경기도|오산시|중앙동","code":"4137051000"}},{"type":"Feature","geometry":{"type":"Polygon","coordinates":[[[127.07814,37.14876],[127.06717,37.14906],[127.06509,37.13194],[127.06614,37.12769],[127.07114,37.12561],[127.07928,37.12816],[127.07837,37.13085],[127.07814,37.14876]]]},"properties":{"key":"경기도|오산시|대원1동","code":"4137052300"}},{"type":"Feature","geometry":{"type":"Polygon","coordinates":[[[127.06672,37.1546],[127.0658,37.1584],[127.05558,37.16552],[127.04683,37.16835],[127.04208,37.16726],[127.03709,37.16998],[127.02402,37.16526],[127.0281,37.16312],[127.02879,37.15498],[127.04714,37.15651],[127.05117,37.14827],[127.06281,37.1495],[127.06118,37.13699],[127.0557,37.13352],[127.06509,37.13194],[127.06717,37.14906],[127.06672,37.1546]]]},"properties":{"key":"경기도|오산시|남촌동","code":"4137053000"}},{"type":"Feature","geometry":{"type":"Polygon","coordinates":[[[127.04776,37.1831],[127.04202,37.18247],[127.03672,37.17922],[127.03709,37.16998],[127.04208,37.16726],[127.04683,37.16835],[127.05558,37.16552],[127.0658,37.1584],[127.06293,37.17055],[127.05795,37.17664],[127.04776,37.1831]]]},"properties":{"key":"경기도|오산시|신장1동","code":"4137054300"}},{"type":"Feature","geometry":{"type":"Polygon","coordinates":[[[127.04251,37.19764],[127.03706,37.19991],[127.02665,37.20042],[127.02468,37.19809],[127.0136,37.19481],[127.00982,37.1924],[127.00785,37.187],[126.9965,37.17846],[126.99967,37.17374],[127.00653,37.16806],[127.01663,37.16785],[127.02402,37.16526],[127.03709,37.16998],[127.03672,37.17922],[127.04202,37.18247],[127.04776,37.1831],[127.05993,37.18687],[127.06532,37.18645],[127.06497,37.19775],[127.06147,37.1994],[127.05041,37.19633],[127.04251,37.19764]]]},"properties":{"key":"경기도|오산시|세마동","code":"4137055000"}},{"type":"Feature","geometry":{"type":"Polygon","coordinates":[[[127.0557,37.13352],[127.06118,37.13699],[127.06281,37.1495],[127.05117,37.14827],[127.04714,37.15651],[127.02879,37.15498],[127.03257,37.1402],[127.03563,37.13602],[127.04094,37.12907],[127.05233,37.12962],[127.0557,37.13352]]]},"properties":{"key":"경기도|오산시|초평동","code":"4137056000"}},{"type":"Feature","geometry":{"type":"Polygon","coordinates":[[[126.80106,37.46375],[126.79978,37.46417],[126.78927,37.46566],[126.78432,37.47241],[126.77823,37.47179],[126.77984,37.46579],[126.77745,37.45752],[126.77832,37.45079],[126.78235,37.44511],[126.79013,37.43878],[126.79345,37.43875],[126.79413,37.4429],[126.80665,37.44824],[126.8106,37.44365],[126.80871,37.43811],[126.8179,37.4391],[126.82205,37.44184],[126.82572,37.44707],[126.82319,37.45835],[126.81548,37.46098],[126.80699,37.46202],[126.80106,37.46375]]]},"properties":{"key":"경기도|시흥시|대야동","code":"4139051000"}},{"type":"Feature","geometry":{"type":"Polygon","coordinates":[[[126.77832,37.45079],[126.77174,37.45027],[126.76884,37.44293],[126.77105,37.43682],[126.77035,37.42905],[126.77682,37.43128],[126.79162,37.42823],[126.79345,37.43875],[126.79013,37.43878],[126.78235,37.44511],[126.77832,37.45079]]]},"properties":{"key":"경기도|시흥시|신천동","code":"4139052000"}},{"type":"Feature","geometry":{"type":"Polygon","coordinates":[[[126.79162,37.42823],[126.77682,37.43128],[126.77035,37.42905],[126.76737,37.42659],[126.76098,37.42629],[126.75369,37.42254],[126.75329,37.41692],[126.75058,37.40761],[126.74384,37.40037],[126.74857,37.39853],[126.75446,37.39971],[126.76173,37.39892],[126.76628,37.39461],[126.77339,37.3938],[126.77697,37.39183],[126.78465,37.39169],[126.78931,37.39555],[126.78931,37.40676],[126.79058,37.40911],[126.80305,37.42053],[126.80207,37.42358],[126.79315,37.4239],[126.79162,37.42823]]]},"properties":{"key":"경기도|시흥시|신현동","code":"4139053100"}},{"type":"Feature","geometry":{"type":"Polygon","coordinates":[[[126.82205,37.44184],[126.8179,37.4391],[126.80871,37.43811],[126.8106,37.44365],[126.80665,37.44824],[126.79413,37.4429],[126.79345,37.43875],[126.79162,37.42823],[126.79315,37.4239],[126.80207,37.42358],[126.80305,37.42053],[126.81072,37.41899],[126.81647,37.42032],[126.81715,37.4244],[126.8254,37.42868],[126.82588,37.43606],[126.82205,37.44184]]]},"properties":{"key":"경기도|시흥시|은행동","code":"4139054000"}},{"type":"Feature","geometry":{"type":"Polygon","coordinates":[[[126.85024,37.40363],[126.84586,37.40705],[126.84159,37.40621],[126.83307,37.41233],[126.82654,37.4223],[126.81715,37.4244],[126.81647,37.42032],[126.81072,37.41899],[126.80305,37.42053],[126.79058,37.40911],[126.78931,37.40676],[126.79388,37.40406],[126.8024,37.41071],[126.80987,37.40506],[126.81538,37.40277],[126.82226,37.38897],[126.82826,37.38867],[126.835,37.39091],[126.84346,37.38861],[126.84889,37.39028],[126.84858,37.39759],[126.85024,37.40363]]]},"properties":{"key":"경기도|시흥시|매화동","code":"4139055000"}},{"type":"Feature","geometry":{"type":"Polygon","coordinates":[[[126.877,37.40205],[126.86197,37.40151],[126.85374,37.40547],[126.85024,37.40363],[126.84858,37.39759],[126.84889,37.39028],[126.84346,37.38861],[126.835,37.39091],[126.82826,37.38867],[126.82226,37.38897],[126.82377,37.38465],[126.82214,37.37879],[126.82534,37.37691],[126.82219,37.37139],[126.82001,37.36741],[126.82372,37.36314],[126.83163,37.36165],[126.84075,37.36369],[126.84825,37.36505],[126.85449,37.36029],[126.86483,37.36152],[126.88191,37.37622],[126.87609,37.39466],[126.877,37.40205]]]},"properties":{"key":"경기도|시흥시|목감동","code":"4139057000"}},{"type":"Feature","geometry":{"type":"Polygon","coordinates":[[[126.83883,37.4557],[126.83314,37.46035],[126.82597,37.4594],[126.82319,37.45835],[126.82572,37.44707],[126.82205,37.44184],[126.82588,37.43606],[126.8254,37.42868],[126.81715,37.4244],[126.82654,37.4223],[126.83307,37.41233],[126.84159,37.40621],[126.84586,37.40705],[126.85024,37.40363],[126.85374,37.40547],[126.85284,37.40829],[126.84632,37.41247],[126.8446,37.42097],[126.83781,37.43693],[126.83883,37.4557]]]},"properties":{"key":"경기도|시흥시|과림동","code":"4139062100"}},{"type":"Feature","geometry":{"type":"Polygon","coordinates":[[[126.70178,37.32851],[126.69149,37.33593],[126.67106,37.32989],[126.67716,37.32009],[126.6924,37.319],[126.70611,37.31044],[126.71716,37.30752],[126.72403,37.31469],[126.71202,37.3223],[126.70178,37.32851]]]},"properties":{"key":"경기도|시흥시|거북섬동","code":"4139065000"}},{"type":"Feature","geometry":{"type":"Polygon","coordinates":[[[126.72903,37.35645],[126.72177,37.36097],[126.71426,37.35714],[126.71178,37.35884],[126.7032,37.35127],[126.69291,37.34829],[126.68845,37.34886],[126.68559,37.34088],[126.69115,37.33921],[126.69149,37.33593],[126.70178,37.32851],[126.72903,37.35645]]]},"properties":{"key":"경기도|시흥시|정왕3동","code":"4139059300"}},{"type":"Feature","geometry":{"type":"Polygon","coordinates":[[[126.72177,37.36097],[126.72903,37.35645],[126.73616,37.36008],[126.74035,37.36606],[126.7342,37.36807],[126.72177,37.36097]]]},"properties":{"key":"경기도|시흥시|정왕4동","code":"4139059400"}},{"type":"Feature","geometry":{"type":"Polygon","coordinates":[[[126.76611,37.36103],[126.76157,37.37303],[126.75657,37.37489],[126.73958,37.37626],[126.7342,37.36807],[126.74035,37.36606],[126.73616,37.36008],[126.73936,37.3501],[126.75812,37.33849],[126.76394,37.34162],[126.77059,37.34042],[126.76802,37.34271],[126.76527,37.35603],[126.76611,37.36103]]]},"properties":{"key":"경기도|시흥시|정왕본동","code":"4139058900"}},{"type":"Feature","geometry":{"type":"Polygon","coordinates":[[[126.73936,37.3501],[126.71202,37.3223],[126.72403,37.31469],[126.73852,37.32968],[126.74767,37.3256],[126.75023,37.33396],[126.75812,37.33849],[126.73936,37.3501]]]},"properties":{"key":"경기도|시흥시|정왕1동","code":"4139059100"}},{"type":"Feature","geometry":{"type":"Polygon","coordinates":[[[126.82219,37.37139],[126.81437,37.37896],[126.80958,37.37725],[126.80831,37.36839],[126.79842,37.36816],[126.79717,37.36572],[126.79528,37.35514],[126.80216,37.3531],[126.81022,37.35562],[126.81665,37.35765],[126.82372,37.36314],[126.82001,37.36741],[126.82219,37.37139]]]},"properties":{"key":"경기도|시흥시|능곡동","code":"4139064000"}},{"type":"Feature","geometry":{"type":"Polygon","coordinates":[[[126.79133,37.36779],[126.78381,37.37216],[126.76711,37.36413],[126.76611,37.36103],[126.76527,37.35603],[126.76802,37.34271],[126.77059,37.34042],[126.77638,37.34201],[126.7828,37.34006],[126.78923,37.34024],[126.79209,37.34314],[126.79158,37.35248],[126.79528,37.35514],[126.79717,37.36572],[126.79133,37.36779]]]},"properties":{"key":"경기도|시흥시|군자동","code":"4139058100"}},{"type":"Feature","geometry":{"type":"Polygon","coordinates":[[[126.77339,37.3938],[126.76628,37.39461],[126.76173,37.39892],[126.75446,37.39971],[126.74857,37.39853],[126.74384,37.40037],[126.73836,37.39652],[126.73654,37.39543],[126.73351,37.38903],[126.74055,37.3869],[126.74259,37.38264],[126.73958,37.37626],[126.75657,37.37489],[126.76157,37.37303],[126.76611,37.36103],[126.76711,37.36413],[126.78381,37.37216],[126.77252,37.3782],[126.77339,37.3938]]]},"properties":{"key":"경기도|시흥시|월곶동","code":"4139058200"}},{"type":"Feature","geometry":{"type":"Polygon","coordinates":[[[126.82226,37.38897],[126.81538,37.40277],[126.80987,37.40506],[126.8024,37.41071],[126.79388,37.40406],[126.78931,37.40676],[126.78931,37.39555],[126.78914,37.38797],[126.79221,37.3819],[126.79353,37.37458],[126.79133,37.36779],[126.79717,37.36572],[126.79842,37.36816],[126.80831,37.36839],[126.80958,37.37725],[126.81437,37.37896],[126.82219,37.37139],[126.82534,37.37691],[126.82214,37.37879],[126.82377,37.38465],[126.82226,37.38897]]]},"properties":{"key":"경기도|시흥시|연성동","code":"4139063000"}},{"type":"Feature","geometry":{"type":"Polygon","coordinates":[[[126.79133,37.36779],[126.79353,37.37458],[126.79221,37.3819],[126.78914,37.38797],[126.78931,37.39555],[126.78465,37.39169],[126.77697,37.39183],[126.77339,37.3938],[126.77252,37.3782],[126.78381,37.37216],[126.79133,37.36779]]]},"properties":{"key":"경기도|시흥시|장곡동","code":"4139063100"}},{"type":"Feature","geometry":{"type":"Polygon","coordinates":[[[126.96214,37.36156],[126.9539,37.36628],[126.94562,37.35914],[126.94014,37.35655],[126.93695,37.35117],[126.94957,37.3507],[126.9475,37.33474],[126.9479,37.33119],[126.94856,37.33975],[126.95444,37.3411],[126.95824,37.34723],[126.96237,37.35534],[126.96214,37.36156]]]},"properties":{"key":"경기도|군포시|군포1동","code":"4141051000"}},{"type":"Feature","geometry":{"type":"Polygon","coordinates":[[[126.94528,37.37701],[126.94082,37.37913],[126.94119,37.37676],[126.93489,37.377],[126.93478,37.37331],[126.93923,37.36668],[126.94559,37.37378],[126.94575,37.37401],[126.94528,37.37701]]]},"properties":{"key":"경기도|군포시|산본1동","code":"4141054000"}},{"type":"Feature","geometry":{"type":"Polygon","coordinates":[[[126.93489,37.377],[126.92142,37.37652],[126.93296,37.3668],[126.93196,37.36195],[126.93717,37.36427],[126.93923,37.36668],[126.93478,37.37331],[126.93489,37.377]]]},"properties":{"key":"경기도|군포시|산본2동","code":"4141055000"}},{"type":"Feature","geometry":{"type":"MultiPolygon","coordinates":[[[[126.94562,37.35914],[126.9539,37.36628],[126.95034,37.36737],[126.94559,37.37378],[126.93923,37.36668],[126.93717,37.36427],[126.94562,37.35914]]],[[[126.94669,37.37566],[126.94528,37.37701],[126.94575,37.37401],[126.94669,37.37566]]]]},"properties":{"key":"경기도|군포시|금정동","code":"4141056000"}},{"type":"Feature","geometry":{"type":"Polygon","coordinates":[[[126.94562,37.35914],[126.93717,37.36427],[126.93196,37.36195],[126.93183,37.35704],[126.93686,37.35105],[126.93695,37.35117],[126.94014,37.35655],[126.94562,37.35914]]]},"properties":{"key":"경기도|군포시|재궁동","code":"4141057000"}},{"type":"Feature","geometry":{"type":"Polygon","coordinates":[[[126.93686,37.35105],[126.93183,37.35704],[126.92689,37.35356],[126.92438,37.34115],[126.92707,37.34041],[126.9341,37.34976],[126.93686,37.35105]]]},"properties":{"key":"경기도|군포시|오금동","code":"4141058000"}},{"type":"Feature","geometry":{"type":"Polygon","coordinates":[[[126.92439,37.3579],[126.91839,37.35962],[126.90697,37.3597],[126.90554,37.35875],[126.91006,37.3522],[126.90933,37.34541],[126.91613,37.3412],[126.92438,37.34115],[126.92689,37.35356],[126.92439,37.3579]]]},"properties":{"key":"경기도|군포시|수리동","code":"4141059000"}},{"type":"Feature","geometry":{"type":"Polygon","coordinates":[[[126.92439,37.3579],[126.92896,37.36041],[126.91377,37.37285],[126.90697,37.3597],[126.91839,37.35962],[126.92439,37.3579]]]},"properties":{"key":"경기도|군포시|궁내동","code":"4141060000"}},{"type":"Feature","geometry":{"type":"Polygon","coordinates":[[[126.92142,37.37652],[126.91918,37.37693],[126.91753,37.37678],[126.91377,37.37285],[126.92896,37.36041],[126.92439,37.3579],[126.92689,37.35356],[126.93183,37.35704],[126.93196,37.36195],[126.93296,37.3668],[126.92142,37.37652]]]},"properties":{"key":"경기도|군포시|광정동","code":"4141062000"}},{"type":"Feature","geometry":{"type":"Polygon","coordinates":[[[127.01687,37.35375],[127.00068,37.35226],[126.99648,37.35321],[126.99195,37.35054],[126.97493,37.34976],[126.97023,37.35375],[126.96237,37.35534],[126.95824,37.34723],[126.96953,37.33784],[126.97119,37.33179],[126.98094,37.32659],[126.98711,37.32945],[126.99141,37.33401],[127.00047,37.33849],[127.00612,37.33807],[127.00903,37.33876],[127.0127,37.34688],[127.01881,37.35156],[127.01687,37.35375]]]},"properties":{"key":"경기도|의왕시|고천동","code":"4143051000"}},{"type":"Feature","geometry":{"type":"Polygon","coordinates":[[[126.97119,37.33179],[126.96953,37.33784],[126.95824,37.34723],[126.95444,37.3411],[126.94856,37.33975],[126.9479,37.33119],[126.94741,37.32814],[126.94505,37.32034],[126.93867,37.32246],[126.92964,37.31703],[126.93285,37.30885],[126.93043,37.30706],[126.93295,37.30305],[126.94159,37.30102],[126.95229,37.30065],[126.9543,37.30314],[126.96108,37.30197],[126.96635,37.30821],[126.96771,37.31594],[126.97,37.31692],[126.96692,37.32324],[126.97119,37.33179]]]},"properties":{"key":"경기도|의왕시|부곡동","code":"4143052000"}},{"type":"Feature","geometry":{"type":"Polygon","coordinates":[[[127.01613,37.35664],[127.00336,37.36185],[126.99515,37.36317],[126.99059,37.3695],[126.9844,37.37403],[126.9766,37.36805],[126.97233,37.37118],[126.96576,37.37275],[126.96214,37.36156],[126.96237,37.35534],[126.97023,37.35375],[126.97493,37.34976],[126.99195,37.35054],[126.99648,37.35321],[127.00068,37.35226],[127.01687,37.35375],[127.01613,37.35664]]]},"properties":{"key":"경기도|의왕시|오전동","code":"4143053000"}},{"type":"Feature","geometry":{"type":"Polygon","coordinates":[[[126.98865,37.37961],[126.97878,37.38081],[126.97416,37.38847],[126.97293,37.38676],[126.97144,37.38027],[126.96625,37.3733],[126.96576,37.37275],[126.97233,37.37118],[126.9766,37.36805],[126.9844,37.37403],[126.98865,37.37961]]]},"properties":{"key":"경기도|의왕시|내손1동","code":"4143054000"}},{"type":"Feature","geometry":{"type":"Polygon","coordinates":[[[126.98865,37.37961],[126.9882,37.38914],[126.98183,37.39438],[126.97416,37.38847],[126.97878,37.38081],[126.98865,37.37961]]]},"properties":{"key":"경기도|의왕시|내손2동","code":"4143055000"}},{"type":"Feature","geometry":{"type":"Polygon","coordinates":[[[127.04675,37.4136],[127.04168,37.41563],[127.0284,37.41211],[127.01814,37.41318],[127.00845,37.41218],[127.00075,37.40574],[126.99498,37.40514],[126.9919,37.40772],[126.98578,37.40664],[126.98257,37.40067],[126.97951,37.39589],[126.98183,37.39438],[126.9882,37.38914],[126.98865,37.37961],[126.9844,37.37403],[126.99059,37.3695],[126.99515,37.36317],[127.00336,37.36185],[127.01613,37.35664],[127.01825,37.36035],[127.024,37.36421],[127.02794,37.37214],[127.02708,37.37557],[127.03536,37.38879],[127.03872,37.39133],[127.0374,37.40084],[127.0437,37.40421],[127.04279,37.40824],[127.04675,37.4136]]]},"properties":{"key":"경기도|의왕시|청계동","code":"4143056000"}},{"type":"Feature","geometry":{"type":"Polygon","coordinates":[[[127.23618,37.55045],[127.22941,37.55015],[127.22591,37.547],[127.22514,37.54186],[127.22988,37.53749],[127.22736,37.53424],[127.22013,37.53866],[127.21152,37.53543],[127.20872,37.53624],[127.20819,37.53607],[127.20104,37.53212],[127.19932,37.52812],[127.21036,37.5281],[127.21377,37.52583],[127.2114,37.52049],[127.2115,37.51344],[127.21576,37.50835],[127.21582,37.50434],[127.20693,37.50262],[127.20259,37.48171],[127.20684,37.48031],[127.21573,37.4823],[127.22615,37.47973],[127.23746,37.47493],[127.24622,37.47782],[127.24877,37.48235],[127.2538,37.48461],[127.25915,37.49211],[127.25553,37.49615],[127.25327,37.50325],[127.25439,37.50596],[127.2612,37.50724],[127.26816,37.50623],[127.27641,37.50831],[127.27957,37.51258],[127.28758,37.5135],[127.28478,37.52149],[127.27899,37.52636],[127.25914,37.53565],[127.24855,37.5414],[127.23842,37.545],[127.23618,37.55045]]]},"properties":{"key":"경기도|하남시|천현동","code":"4145051000"}},{"type":"Feature","geometry":{"type":"Polygon","coordinates":[[[127.20872,37.53624],[127.20656,37.54169],[127.20404,37.53821],[127.20819,37.53607],[127.20872,37.53624]]]},"properties":{"key":"경기도|하남시|신장1동","code":"4145052000"}},{"type":"Feature","geometry":{"type":"Polygon","coordinates":[[[127.23618,37.55045],[127.23423,37.55774],[127.22906,37.56336],[127.22186,37.56467],[127.21944,37.56479],[127.21922,37.55392],[127.22473,37.5539],[127.22475,37.54796],[127.21318,37.55366],[127.21273,37.54901],[127.20656,37.54169],[127.20872,37.53624],[127.21152,37.53543],[127.22013,37.53866],[127.22736,37.53424],[127.22988,37.53749],[127.22514,37.54186],[127.22591,37.547],[127.22941,37.55015],[127.23618,37.55045]]]},"properties":{"key":"경기도|하남시|신장2동","code":"4145053000"}},{"type":"Feature","geometry":{"type":"Polygon","coordinates":[[[127.20256,37.53878],[127.19826,37.53659],[127.19389,37.54045],[127.19129,37.53868],[127.19058,37.53338],[127.19696,37.53209],[127.19932,37.52812],[127.20104,37.53212],[127.20819,37.53607],[127.20404,37.53821],[127.20256,37.53878]]]},"properties":{"key":"경기도|하남시|덕풍1동","code":"4145054000"}},{"type":"Feature","geometry":{"type":"Polygon","coordinates":[[[127.20256,37.53878],[127.20389,37.54306],[127.19847,37.54711],[127.19389,37.54045],[127.19826,37.53659],[127.20256,37.53878]]]},"properties":{"key":"경기도|하남시|덕풍2동","code":"4145055000"}},{"type":"Feature","geometry":{"type":"Polygon","coordinates":[[[127.14466,37.51555],[127.15242,37.513],[127.1652,37.5147],[127.17737,37.50393],[127.18059,37.50727],[127.18123,37.51263],[127.17758,37.52213],[127.17436,37.51805],[127.16963,37.51861],[127.17003,37.52514],[127.16454,37.52461],[127.16144,37.52961],[127.15355,37.534],[127.15326,37.52933],[127.1458,37.52199],[127.14461,37.51696],[127.14466,37.51555]]]},"properties":{"key":"경기도|하남시|감북동","code":"4145058000"}},{"type":"Feature","geometry":{"type":"Polygon","coordinates":[[[127.19932,37.52812],[127.19696,37.53209],[127.19058,37.53338],[127.17758,37.52213],[127.18123,37.51263],[127.18059,37.50727],[127.17737,37.50393],[127.17522,37.49978],[127.17641,37.4901],[127.17873,37.48519],[127.18547,37.48102],[127.19804,37.47959],[127.20259,37.48171],[127.20693,37.50262],[127.21582,37.50434],[127.21576,37.50835],[127.2115,37.51344],[127.2114,37.52049],[127.21377,37.52583],[127.21036,37.5281],[127.19932,37.52812]]]},"properties":{"key":"경기도|하남시|춘궁동","code":"4145059000"}},{"type":"Feature","geometry":{"type":"Polygon","coordinates":[[[127.18355,37.54583],[127.17413,37.54541],[127.16319,37.54502],[127.1604,37.5416],[127.15355,37.534],[127.16144,37.52961],[127.16454,37.52461],[127.17003,37.52514],[127.16963,37.51861],[127.17436,37.51805],[127.17758,37.52213],[127.19058,37.53338],[127.19129,37.53868],[127.18355,37.54583]]]},"properties":{"key":"경기도|하남시|초이동","code":"4145060000"}},{"type":"Feature","geometry":{"type":"Polygon","coordinates":[[[127.19774,37.55558],[127.19387,37.56084],[127.18188,37.55886],[127.18139,37.55285],[127.18355,37.54583],[127.19129,37.53868],[127.19389,37.54045],[127.19847,37.54711],[127.19774,37.55558]]]},"properties":{"key":"경기도|하남시|미사3동","code":"4145063000"}},{"type":"Feature","geometry":{"type":"Polygon","coordinates":[[[127.22186,37.56467],[127.21967,37.5739],[127.21294,37.57697],[127.20619,37.5851],[127.20268,37.58121],[127.19434,37.58052],[127.1979,37.56942],[127.19025,37.56739],[127.17948,37.56654],[127.18188,37.55886],[127.19387,37.56084],[127.19774,37.55558],[127.20568,37.56186],[127.21318,37.55366],[127.22475,37.54796],[127.22473,37.5539],[127.21922,37.55392],[127.21944,37.56479],[127.22186,37.56467]]]},"properties":{"key":"경기도|하남시|미사1동","code":"4145061000"}},{"type":"Feature","geometry":{"type":"Polygon","coordinates":[[[127.20243,37.58818],[127.19929,37.59114],[127.18533,37.59172],[127.17076,37.58092],[127.16857,37.57895],[127.17395,37.57958],[127.17948,37.56654],[127.19025,37.56739],[127.1979,37.56942],[127.19434,37.58052],[127.20268,37.58121],[127.20619,37.5851],[127.20243,37.58818]]]},"properties":{"key":"경기도|하남시|미사2동","code":"4145062000"}},{"type":"Feature","geometry":{"type":"Polygon","coordinates":[[[127.2786,37.30544],[127.27518,37.30473],[127.26123,37.29404],[127.25225,37.29212],[127.24919,37.29653],[127.24309,37.30095],[127.23007,37.306],[127.22839,37.31849],[127.22288,37.32106],[127.21047,37.32106],[127.20157,37.32709],[127.1933,37.32055],[127.1876,37.31776],[127.18522,37.31098],[127.17613,37.30774],[127.17607,37.30476],[127.17015,37.2997],[127.1769,37.28195],[127.1737,37.27413],[127.17239,37.27066],[127.18338,37.26658],[127.19068,37.26994],[127.20097,37.26451],[127.20267,37.26891],[127.21073,37.27047],[127.21402,37.26543],[127.22583,37.26662],[127.23201,37.25966],[127.23684,37.26066],[127.24325,37.26253],[127.262,37.27783],[127.27446,37.28658],[127.2778,37.2904],[127.28166,37.29805],[127.2786,37.30544]]]},"properties":{"key":"경기도|용인시처인구|포곡읍","code":"4146125000"}},{"type":"Feature","geometry":{"type":"Polygon","coordinates":[[[127.28334,37.34531],[127.27545,37.34316],[127.26503,37.34268],[127.26097,37.34866],[127.25442,37.35076],[127.24691,37.35565],[127.24102,37.3535],[127.23876,37.3597],[127.22861,37.3589],[127.22262,37.35438],[127.22158,37.3493],[127.21681,37.34067],[127.21265,37.33742],[127.20831,37.33088],[127.20147,37.32861],[127.19744,37.33354],[127.19818,37.34112],[127.19246,37.34666],[127.19171,37.34719],[127.17876,37.34322],[127.17288,37.34461],[127.16206,37.34332],[127.1482,37.3377],[127.14186,37.33631],[127.14132,37.32908],[127.13725,37.32439],[127.13724,37.32064],[127.14273,37.3174],[127.14318,37.31339],[127.14875,37.3061],[127.16312,37.30415],[127.16724,37.30169],[127.17015,37.2997],[127.17607,37.30476],[127.17613,37.30774],[127.18522,37.31098],[127.1876,37.31776],[127.1933,37.32055],[127.20157,37.32709],[127.21047,37.32106],[127.22288,37.32106],[127.22839,37.31849],[127.23007,37.306],[127.24309,37.30095],[127.24919,37.29653],[127.25225,37.29212],[127.26123,37.29404],[127.27518,37.30473],[127.2786,37.30544],[127.27735,37.30954],[127.28309,37.31899],[127.28232,37.32741],[127.28015,37.33219],[127.2832,37.33649],[127.28334,37.34531]]]},"properties":{"key":"경기도|용인시처인구|모현읍","code":"4146125300"}},{"type":"Feature","geometry":{"type":"Polygon","coordinates":[[[127.1887,37.08636],[127.1763,37.10832],[127.18076,37.1084],[127.18874,37.11471],[127.18954,37.1202],[127.18716,37.12609],[127.19135,37.13127],[127.18706,37.13526],[127.19046,37.14582],[127.19693,37.14865],[127.1998,37.15801],[127.19869,37.16173],[127.19306,37.1639],[127.19394,37.17177],[127.18893,37.17541],[127.18842,37.17906],[127.18183,37.18489],[127.17427,37.18444],[127.16498,37.18045],[127.16067,37.18056],[127.14862,37.1698],[127.14371,37.17017],[127.13255,37.16818],[127.13368,37.16473],[127.12915,37.16203],[127.13059,37.15185],[127.12708,37.14565],[127.1227,37.14451],[127.12107,37.14158],[127.12079,37.12989],[127.11495,37.12974],[127.10867,37.12481],[127.10979,37.11741],[127.11261,37.11385],[127.12306,37.09135],[127.1357,37.09176],[127.14239,37.08794],[127.14643,37.09141],[127.1537,37.09101],[127.1662,37.0866],[127.17308,37.08587],[127.1819,37.08715],[127.18623,37.08449],[127.1887,37.08636]]]},"properties":{"key":"경기도|용인시처인구|남사읍","code":"4146125900"}},{"type":"Feature","geometry":{"type":"Polygon","coordinates":[[[127.17441,37.22459],[127.17056,37.22528],[127.16505,37.22298],[127.15621,37.22789],[127.14983,37.22169],[127.1516,37.21854],[127.15172,37.21414],[127.15768,37.207],[127.15229,37.19833],[127.16091,37.19172],[127.15908,37.18413],[127.16067,37.18056],[127.16498,37.18045],[127.17427,37.18444],[127.18183,37.18489],[127.18842,37.17906],[127.18893,37.17541],[127.19394,37.17177],[127.19306,37.1639],[127.19869,37.16173],[127.1998,37.15801],[127.19693,37.14865],[127.19046,37.14582],[127.18706,37.13526],[127.19135,37.13127],[127.18716,37.12609],[127.18954,37.1202],[127.18874,37.11471],[127.18076,37.1084],[127.1763,37.10832],[127.1887,37.08636],[127.19527,37.08907],[127.19891,37.09686],[127.20859,37.10439],[127.20861,37.1101],[127.22016,37.11343],[127.22617,37.11394],[127.23379,37.11764],[127.23645,37.12125],[127.25052,37.1227],[127.25338,37.129],[127.25116,37.1336],[127.25371,37.13809],[127.25026,37.14524],[127.25528,37.15116],[127.26694,37.15533],[127.26856,37.16024],[127.27329,37.16512],[127.26932,37.17119],[127.26402,37.17202],[127.26018,37.17895],[127.24822,37.18441],[127.2427,37.1962],[127.23579,37.19889],[127.22685,37.19966],[127.22472,37.20176],[127.22393,37.21004],[127.2193,37.2149],[127.20445,37.21337],[127.19246,37.21314],[127.18287,37.21464],[127.17441,37.22459]]]},"properties":{"key":"경기도|용인시처인구|이동읍","code":"4146125600"}},{"type":"Feature","geometry":{"type":"Polygon","coordinates":[[[127.3484,37.20436],[127.34218,37.20808],[127.33704,37.21745],[127.32862,37.21348],[127.31901,37.21432],[127.31049,37.21066],[127.30309,37.21105],[127.29266,37.202],[127.28601,37.19959],[127.28615,37.18922],[127.28292,37.18007],[127.28431,37.1736],[127.28017,37.16485],[127.27329,37.16512],[127.26856,37.16024],[127.26694,37.15533],[127.26803,37.14933],[127.27312,37.14331],[127.27193,37.14103],[127.27436,37.13364],[127.2823,37.13387],[127.29231,37.12665],[127.29714,37.12033],[127.2998,37.11249],[127.3041,37.10909],[127.31063,37.10538],[127.32672,37.11944],[127.33129,37.12779],[127.34513,37.13283],[127.34625,37.13606],[127.35609,37.15029],[127.34607,37.15468],[127.35068,37.15904],[127.35035,37.16272],[127.35441,37.17039],[127.34002,37.17296],[127.33826,37.17851],[127.33972,37.18493],[127.34883,37.19093],[127.35017,37.19754],[127.3484,37.20436]]]},"properties":{"key":"경기도|용인시처인구|원삼면","code":"4146134000"}},{"type":"Feature","geometry":{"type":"Polygon","coordinates":[[[127.37038,37.20392],[127.36205,37.20111],[127.3484,37.20436],[127.35017,37.19754],[127.34883,37.19093],[127.33972,37.18493],[127.33826,37.17851],[127.34002,37.17296],[127.35441,37.17039],[127.35035,37.16272],[127.35068,37.15904],[127.34607,37.15468],[127.35609,37.15029],[127.34625,37.13606],[127.34513,37.13283],[127.33129,37.12779],[127.32672,37.11944],[127.32959,37.11881],[127.33336,37.11174],[127.33969,37.10932],[127.34343,37.10402],[127.35232,37.10018],[127.35822,37.10725],[127.36926,37.10677],[127.37387,37.10524],[127.38414,37.10594],[127.38747,37.10818],[127.39323,37.1065],[127.39899,37.09538],[127.40197,37.09388],[127.41612,37.09309],[127.41628,37.09574],[127.42418,37.0997],[127.42107,37.10651],[127.42511,37.11271],[127.42027,37.11573],[127.41521,37.1157],[127.41257,37.11943],[127.42091,37.12607],[127.42561,37.13397],[127.42586,37.14304],[127.42982,37.14774],[127.4235,37.15183],[127.41484,37.15208],[127.41232,37.15507],[127.40969,37.16438],[127.41415,37.17339],[127.41113,37.18347],[127.40357,37.18033],[127.38828,37.18141],[127.38238,37.18274],[127.38121,37.18756],[127.37529,37.1851],[127.37821,37.19555],[127.37038,37.20392]]]},"properties":{"key":"경기도|용인시처인구|백암면","code":"4146135000"}},{"type":"Feature","geometry":{"type":"Polygon","coordinates":[[[127.3388,37.27054],[127.33089,37.27024],[127.31929,37.27499],[127.31073,37.27328],[127.29901,37.26926],[127.29148,37.27165],[127.28446,37.26898],[127.28006,37.26963],[127.27573,37.27475],[127.28175,37.27808],[127.2778,37.2904],[127.27446,37.28658],[127.262,37.27783],[127.24325,37.26253],[127.23684,37.26066],[127.23788,37.25408],[127.23373,37.25169],[127.24106,37.24832],[127.24665,37.23864],[127.25397,37.23595],[127.247,37.22674],[127.24615,37.21452],[127.25604,37.2086],[127.26109,37.21174],[127.26868,37.21224],[127.27331,37.20178],[127.27754,37.19868],[127.28601,37.19959],[127.29266,37.202],[127.30309,37.21105],[127.31049,37.21066],[127.31901,37.21432],[127.32862,37.21348],[127.33704,37.21745],[127.33187,37.22],[127.33445,37.23781],[127.33115,37.24312],[127.33344,37.24932],[127.33857,37.25239],[127.33666,37.26117],[127.34094,37.26582],[127.3388,37.27054]]]},"properties":{"key":"경기도|용인시처인구|양지읍","code":"4146126200"}},{"type":"Feature","geometry":{"type":"Polygon","coordinates":[[[127.21184,37.24042],[127.21115,37.2413],[127.21035,37.24457],[127.20224,37.24582],[127.19823,37.23716],[127.19092,37.23433],[127.19099,37.22745],[127.18792,37.22615],[127.17727,37.22632],[127.17441,37.22459],[127.18287,37.21464],[127.19246,37.21314],[127.20445,37.21337],[127.2193,37.2149],[127.2192,37.2261],[127.21204,37.22682],[127.20988,37.23464],[127.21184,37.24042]]]},"properties":{"key":"경기도|용인시처인구|중앙동","code":"4146151000"}},{"type":"Feature","geometry":{"type":"Polygon","coordinates":[[[127.17691,37.25466],[127.17512,37.25834],[127.16994,37.25498],[127.15913,37.25343],[127.15812,37.24781],[127.15059,37.24296],[127.15025,37.23634],[127.15621,37.22789],[127.16505,37.22298],[127.17056,37.22528],[127.17169,37.22934],[127.18223,37.24115],[127.17461,37.24569],[127.17691,37.25466]]]},"properties":{"key":"경기도|용인시처인구|삼가동","code":"4146152600"}},{"type":"Feature","geometry":{"type":"Polygon","coordinates":[[[127.21402,37.26543],[127.21073,37.27047],[127.20267,37.26891],[127.20097,37.26451],[127.19068,37.26994],[127.18338,37.26658],[127.17239,37.27066],[127.17512,37.25834],[127.17691,37.25466],[127.18719,37.25631],[127.19714,37.25463],[127.19668,37.25105],[127.20224,37.24582],[127.21035,37.24457],[127.21115,37.2413],[127.21406,37.24866],[127.21887,37.25295],[127.21743,37.25998],[127.21402,37.26543]]]},"properties":{"key":"경기도|용인시처인구|유림1동","code":"4146153500"}},{"type":"Feature","geometry":{"type":"Polygon","coordinates":[[[127.24665,37.23864],[127.23506,37.24071],[127.23035,37.23552],[127.22252,37.23384],[127.21641,37.23603],[127.21184,37.24042],[127.20988,37.23464],[127.21204,37.22682],[127.2192,37.2261],[127.2193,37.2149],[127.22393,37.21004],[127.22472,37.20176],[127.22685,37.19966],[127.23579,37.19889],[127.2427,37.1962],[127.24822,37.18441],[127.26018,37.17895],[127.26402,37.17202],[127.26932,37.17119],[127.27329,37.16512],[127.28017,37.16485],[127.28431,37.1736],[127.28292,37.18007],[127.28615,37.18922],[127.28601,37.19959],[127.27754,37.19868],[127.27331,37.20178],[127.26868,37.21224],[127.26109,37.21174],[127.25604,37.2086],[127.24615,37.21452],[127.247,37.22674],[127.25397,37.23595],[127.24665,37.23864]]]},"properties":{"key":"경기도|용인시처인구|동부동","code":"4146154000"}},{"type":"Feature","geometry":{"type":"Polygon","coordinates":[[[127.13209,37.28126],[127.1318,37.28676],[127.12693,37.28897],[127.11872,37.28705],[127.11137,37.2829],[127.10963,37.27962],[127.10915,37.27088],[127.11656,37.27158],[127.11782,37.26925],[127.12676,37.26603],[127.13054,37.26468],[127.13409,37.26757],[127.13453,37.27667],[127.13209,37.28126]]]},"properties":{"key":"경기도|용인시기흥구|구갈동","code":"4146352000"}},{"type":"Feature","geometry":{"type":"Polygon","coordinates":[[[127.09982,37.25886],[127.10491,37.25511],[127.10206,37.24761],[127.10631,37.24618],[127.11917,37.24788],[127.12361,37.24655],[127.12997,37.23931],[127.13744,37.22351],[127.14983,37.22169],[127.15621,37.22789],[127.15025,37.23634],[127.15059,37.24296],[127.14664,37.24747],[127.1394,37.25092],[127.13291,37.25629],[127.13054,37.26468],[127.12676,37.26603],[127.11906,37.26427],[127.11513,37.26084],[127.10197,37.26098],[127.09982,37.25886]]]},"properties":{"key":"경기도|용인시기흥구|보라동","code":"4146353500"}},{"type":"Feature","geometry":{"type":"Polygon","coordinates":[[[127.14983,37.22169],[127.13744,37.22351],[127.12997,37.23931],[127.12361,37.24655],[127.11917,37.24788],[127.10631,37.24618],[127.10206,37.24761],[127.09379,37.24362],[127.09199,37.23977],[127.09297,37.23312],[127.09096,37.22678],[127.0947,37.2258],[127.0893,37.21974],[127.08878,37.21644],[127.10433,37.21982],[127.11738,37.21996],[127.13676,37.21568],[127.14002,37.2175],[127.1516,37.21854],[127.14983,37.22169]]]},"properties":{"key":"경기도|용인시기흥구|기흥동","code":"4146354000"}},{"type":"Feature","geometry":{"type":"Polygon","coordinates":[[[127.09379,37.24362],[127.08353,37.24445],[127.08211,37.2494],[127.08004,37.24754],[127.06962,37.24619],[127.06621,37.24388],[127.06668,37.24015],[127.06876,37.23015],[127.07558,37.2259],[127.08283,37.21952],[127.08874,37.21646],[127.08878,37.21644],[127.0893,37.21974],[127.0947,37.2258],[127.09096,37.22678],[127.09297,37.23312],[127.09199,37.23977],[127.09379,37.24362]]]},"properties":{"key":"경기도|용인시기흥구|서농동","code":"4146355000"}},{"type":"Feature","geometry":{"type":"Polygon","coordinates":[[[127.16724,37.30169],[127.16312,37.30415],[127.14875,37.3061],[127.14377,37.30267],[127.1321,37.30253],[127.12367,37.299],[127.12056,37.29969],[127.11328,37.29096],[127.12146,37.28828],[127.12693,37.28897],[127.1318,37.28676],[127.13209,37.28126],[127.13818,37.28537],[127.14961,37.29032],[127.16077,37.29232],[127.16724,37.30169]]]},"properties":{"key":"경기도|용인시기흥구|구성동","code":"4146356000"}},{"type":"Feature","geometry":{"type":"Polygon","coordinates":[[[127.13725,37.32439],[127.13463,37.31984],[127.12585,37.31523],[127.1262,37.30779],[127.11662,37.30243],[127.10904,37.303],[127.105,37.30145],[127.10386,37.29309],[127.10851,37.29019],[127.11328,37.29096],[127.12056,37.29969],[127.12367,37.299],[127.1321,37.30253],[127.14377,37.30267],[127.14875,37.3061],[127.14318,37.31339],[127.14273,37.3174],[127.13724,37.32064],[127.13725,37.32439]]]},"properties":{"key":"경기도|용인시기흥구|마북동","code":"4146357000"}},{"type":"Feature","geometry":{"type":"Polygon","coordinates":[[[127.14961,37.29032],[127.13818,37.28537],[127.14248,37.28165],[127.14471,37.2751],[127.14808,37.27118],[127.14865,37.26466],[127.1521,37.26809],[127.14809,37.27596],[127.15189,37.27909],[127.14961,37.29032]]]},"properties":{"key":"경기도|용인시기흥구|동백3동","code":"4146357700"}},{"type":"Feature","geometry":{"type":"Polygon","coordinates":[[[127.12585,37.31523],[127.12456,37.32127],[127.1131,37.3209],[127.1108,37.32423],[127.10457,37.32364],[127.09763,37.32095],[127.10035,37.31896],[127.09993,37.31364],[127.09393,37.31314],[127.09303,37.30141],[127.08988,37.29841],[127.08831,37.29317],[127.09866,37.29159],[127.10386,37.29309],[127.105,37.30145],[127.10904,37.303],[127.11662,37.30243],[127.1262,37.30779],[127.12585,37.31523]]]},"properties":{"key":"경기도|용인시기흥구|보정동","code":"4146359000"}},{"type":"Feature","geometry":{"type":"Polygon","coordinates":[[[127.15913,37.25343],[127.14865,37.26466],[127.14808,37.27118],[127.14471,37.2751],[127.14248,37.28165],[127.13818,37.28537],[127.13209,37.28126],[127.13453,37.27667],[127.13409,37.26757],[127.13054,37.26468],[127.13291,37.25629],[127.1394,37.25092],[127.14664,37.24747],[127.15059,37.24296],[127.15812,37.24781],[127.15913,37.25343]]]},"properties":{"key":"경기도|용인시기흥구|상하동","code":"4146358600"}},{"type":"Feature","geometry":{"type":"Polygon","coordinates":[[[127.10386,37.29309],[127.09866,37.29159],[127.08831,37.29317],[127.08863,37.28687],[127.0901,37.27914],[127.09981,37.27007],[127.10153,37.26836],[127.10915,37.27088],[127.10963,37.27962],[127.11137,37.2829],[127.11872,37.28705],[127.12693,37.28897],[127.12146,37.28828],[127.11328,37.29096],[127.10851,37.29019],[127.10386,37.29309]]]},"properties":{"key":"경기도|용인시기흥구|신갈동","code":"4146351000"}},{"type":"Feature","geometry":{"type":"Polygon","coordinates":[[[127.08553,37.27051],[127.0862,37.26477],[127.08122,37.26059],[127.08244,37.25445],[127.08211,37.2494],[127.08353,37.24445],[127.09379,37.24362],[127.10206,37.24761],[127.10491,37.25511],[127.09982,37.25886],[127.09823,37.26003],[127.10153,37.26836],[127.09981,37.27007],[127.0899,37.27138],[127.08553,37.27051]]]},"properties":{"key":"경기도|용인시기흥구|영덕2동","code":"4146351700"}},{"type":"Feature","geometry":{"type":"Polygon","coordinates":[[[127.10278,37.33319],[127.0952,37.33319],[127.09273,37.32953],[127.08534,37.33298],[127.0814,37.33276],[127.08674,37.32515],[127.09508,37.32367],[127.09763,37.32095],[127.10457,37.32364],[127.10278,37.33319]]]},"properties":{"key":"경기도|용인시수지구|풍덕천1동","code":"4146551000"}},{"type":"Feature","geometry":{"type":"Polygon","coordinates":[[[127.09763,37.32095],[127.09508,37.32367],[127.08674,37.32515],[127.0814,37.33276],[127.08019,37.33175],[127.08071,37.32742],[127.08537,37.32166],[127.08303,37.31793],[127.08693,37.31384],[127.09393,37.31314],[127.09993,37.31364],[127.10035,37.31896],[127.09763,37.32095]]]},"properties":{"key":"경기도|용인시수지구|풍덕천2동","code":"4146552000"}},{"type":"Feature","geometry":{"type":"Polygon","coordinates":[[[127.08019,37.33175],[127.06895,37.33525],[127.06659,37.3377],[127.05276,37.34218],[127.04139,37.34147],[127.03344,37.34471],[127.03153,37.337],[127.03827,37.3285],[127.05477,37.32833],[127.08303,37.31793],[127.08537,37.32166],[127.08071,37.32742],[127.08019,37.33175]]]},"properties":{"key":"경기도|용인시수지구|신봉동","code":"4146553000"}},{"type":"Feature","geometry":{"type":"Polygon","coordinates":[[[127.11121,37.32683],[127.1108,37.32423],[127.1131,37.3209],[127.12456,37.32127],[127.12585,37.31523],[127.13463,37.31984],[127.13725,37.32439],[127.14132,37.32908],[127.13151,37.32698],[127.12828,37.32945],[127.12105,37.33029],[127.11121,37.32683]]]},"properties":{"key":"경기도|용인시수지구|죽전3동","code":"4146555500"}},{"type":"Feature","geometry":{"type":"Polygon","coordinates":[[[127.11275,37.33569],[127.1027,37.33996],[127.10278,37.33319],[127.10457,37.32364],[127.1108,37.32423],[127.11121,37.32683],[127.11275,37.33569]]]},"properties":{"key":"경기도|용인시수지구|죽전2동","code":"4146555000"}},{"type":"Feature","geometry":{"type":"Polygon","coordinates":[[[127.07454,37.35317],[127.07088,37.35768],[127.06307,37.36039],[127.05295,37.36113],[127.05311,37.36326],[127.04634,37.36823],[127.02794,37.37214],[127.024,37.36421],[127.01825,37.36035],[127.01613,37.35664],[127.01687,37.35375],[127.01881,37.35156],[127.03344,37.34471],[127.04139,37.34147],[127.05276,37.34218],[127.06659,37.3377],[127.06895,37.33525],[127.08019,37.33175],[127.0814,37.33276],[127.08534,37.33298],[127.09273,37.32953],[127.0952,37.33319],[127.10278,37.33319],[127.1027,37.33996],[127.10225,37.34241],[127.09699,37.34322],[127.08356,37.35203],[127.0781,37.3491],[127.07454,37.35317]]]},"properties":{"key":"경기도|용인시수지구|동천동","code":"4146556000"}},{"type":"Feature","geometry":{"type":"Polygon","coordinates":[[[127.07217,37.31033],[127.06062,37.31094],[127.05818,37.30494],[127.06186,37.29636],[127.07934,37.29327],[127.0798,37.29535],[127.08186,37.30127],[127.07137,37.30732],[127.07217,37.31033]]]},"properties":{"key":"경기도|용인시수지구|상현3동","code":"4146558500"}},{"type":"Feature","geometry":{"type":"Polygon","coordinates":[[[127.09393,37.31314],[127.08693,37.31384],[127.08318,37.31064],[127.08479,37.30952],[127.08186,37.30127],[127.0798,37.29535],[127.08988,37.29841],[127.09303,37.30141],[127.09393,37.31314]]]},"properties":{"key":"경기도|용인시수지구|상현2동","code":"4146558000"}},{"type":"Feature","geometry":{"type":"Polygon","coordinates":[[[127.08303,37.31793],[127.05477,37.32833],[127.03827,37.3285],[127.03992,37.32134],[127.04903,37.31592],[127.05765,37.31556],[127.06062,37.31094],[127.07217,37.31033],[127.08318,37.31064],[127.08693,37.31384],[127.08303,37.31793]]]},"properties":{"key":"경기도|용인시수지구|성복동","code":"4146559000"}},{"type":"Feature","geometry":{"type":"Polygon","coordinates":[[[126.79866,37.89282],[126.79523,37.89542],[126.79165,37.90364],[126.79166,37.91435],[126.78846,37.91706],[126.77767,37.91485],[126.76485,37.90861],[126.74739,37.90557],[126.74069,37.90121],[126.73427,37.89297],[126.73302,37.88682],[126.74109,37.87786],[126.75806,37.85539],[126.75539,37.85008],[126.74895,37.84793],[126.74239,37.84789],[126.74639,37.84308],[126.74614,37.83852],[126.75355,37.831],[126.75959,37.82846],[126.76107,37.83328],[126.76749,37.83224],[126.77409,37.83647],[126.78297,37.83746],[126.78671,37.84398],[126.78258,37.84979],[126.80128,37.85673],[126.808,37.85418],[126.81113,37.85766],[126.8217,37.8597],[126.83009,37.85339],[126.83164,37.85854],[126.83699,37.85995],[126.84841,37.87152],[126.84951,37.87669],[126.84299,37.88122],[126.84161,37.88434],[126.8274,37.88216],[126.82662,37.87889],[126.82125,37.87409],[126.81112,37.87218],[126.81132,37.87778],[126.79831,37.88087],[126.79985,37.88611],[126.79866,37.89282]]]},"properties":{"key":"경기도|파주시|문산읍","code":"4148025000"}},{"type":"Feature","geometry":{"type":"Polygon","coordinates":[[[126.83009,37.85339],[126.8217,37.8597],[126.81113,37.85766],[126.808,37.85418],[126.80128,37.85673],[126.78258,37.84979],[126.78671,37.84398],[126.78297,37.83746],[126.78651,37.82853],[126.78352,37.82351],[126.78475,37.81252],[126.78893,37.80226],[126.79976,37.79835],[126.81084,37.80097],[126.82753,37.80062],[126.83319,37.80291],[126.83742,37.81063],[126.84474,37.8168],[126.85951,37.82014],[126.85615,37.82188],[126.84674,37.83688],[126.84938,37.84079],[126.84777,37.84632],[126.84091,37.84575],[126.83009,37.85339]]]},"properties":{"key":"경기도|파주시|파주읍","code":"4148025300"}},{"type":"Feature","geometry":{"type":"Polygon","coordinates":[[[126.946,37.88846],[126.9401,37.8931],[126.93623,37.89882],[126.92545,37.9016],[126.91723,37.90748],[126.91527,37.91068],[126.9096,37.91225],[126.90554,37.92134],[126.90076,37.9271],[126.89123,37.92302],[126.88754,37.91938],[126.88099,37.91897],[126.88081,37.91253],[126.86557,37.90032],[126.86894,37.89406],[126.86929,37.88732],[126.86459,37.8847],[126.86046,37.8793],[126.85418,37.87552],[126.84951,37.87669],[126.84841,37.87152],[126.83699,37.85995],[126.83164,37.85854],[126.83009,37.85339],[126.84091,37.84575],[126.84777,37.84632],[126.84938,37.84079],[126.84674,37.83688],[126.85615,37.82188],[126.85951,37.82014],[126.8611,37.81745],[126.87876,37.81525],[126.88665,37.82374],[126.88582,37.82657],[126.89964,37.82615],[126.90231,37.82472],[126.91136,37.82864],[126.91393,37.84107],[126.92533,37.84159],[126.92728,37.83805],[126.93649,37.84079],[126.93451,37.84624],[126.94283,37.86255],[126.94634,37.86699],[126.94426,37.87363],[126.9471,37.87947],[126.94728,37.88599],[126.946,37.88846]]]},"properties":{"key":"경기도|파주시|법원읍","code":"4148025600"}},{"type":"Feature","geometry":{"type":"Polygon","coordinates":[[[126.83039,37.78107],[126.82572,37.78104],[126.82181,37.77743],[126.81748,37.78172],[126.81236,37.77644],[126.81158,37.77021],[126.80401,37.76205],[126.8015,37.75811],[126.79491,37.75477],[126.79939,37.74914],[126.79254,37.74618],[126.78382,37.74754],[126.77574,37.74618],[126.78043,37.74054],[126.78004,37.73723],[126.78778,37.73314],[126.79438,37.73429],[126.80076,37.73528],[126.80099,37.73075],[126.81399,37.72348],[126.82303,37.72881],[126.82541,37.72715],[126.83563,37.72807],[126.84804,37.73369],[126.85656,37.73572],[126.85872,37.74025],[126.8578,37.74611],[126.85119,37.75819],[126.85052,37.76331],[126.84586,37.76367],[126.84614,37.76907],[126.84255,37.77301],[126.84043,37.78043],[126.83039,37.78107]]]},"properties":{"key":"경기도|파주시|조리읍","code":"4148026200"}},{"type":"Feature","geometry":{"type":"Polygon","coordinates":[[[126.83319,37.80291],[126.82753,37.80062],[126.81084,37.80097],[126.79976,37.79835],[126.78893,37.80226],[126.78475,37.81252],[126.78352,37.82351],[126.78651,37.82853],[126.78297,37.83746],[126.77409,37.83647],[126.76749,37.83224],[126.76107,37.83328],[126.75959,37.82846],[126.75178,37.82184],[126.75255,37.81339],[126.75876,37.8104],[126.75904,37.80195],[126.76287,37.79839],[126.76149,37.79252],[126.76517,37.78573],[126.77378,37.78014],[126.78013,37.77848],[126.7832,37.77186],[126.78768,37.77082],[126.79223,37.76888],[126.79663,37.76292],[126.80401,37.76205],[126.81158,37.77021],[126.81236,37.77644],[126.81748,37.78172],[126.82181,37.77743],[126.82572,37.78104],[126.83039,37.78107],[126.83052,37.78595],[126.83654,37.79824],[126.83319,37.80291]]]},"properties":{"key":"경기도|파주시|월롱면","code":"4148031000"}},{"type":"Feature","geometry":{"type":"Polygon","coordinates":[[[126.75959,37.82846],[126.75355,37.831],[126.74614,37.83852],[126.74639,37.84308],[126.74239,37.84789],[126.72964,37.84413],[126.71466,37.8432],[126.70779,37.84492],[126.69239,37.84124],[126.67176,37.83287],[126.67396,37.83105],[126.66605,37.81207],[126.66506,37.79864],[126.66216,37.79015],[126.667,37.78452],[126.67289,37.76938],[126.67617,37.755],[126.69004,37.7575],[126.70337,37.75865],[126.70975,37.76087],[126.71115,37.75288],[126.7213,37.75443],[126.72485,37.75751],[126.73004,37.75484],[126.7346,37.75756],[126.7241,37.77083],[126.72519,37.77718],[126.72081,37.78039],[126.7218,37.78836],[126.72637,37.79859],[126.73686,37.79815],[126.74792,37.80065],[126.75136,37.79614],[126.75904,37.80195],[126.75876,37.8104],[126.75255,37.81339],[126.75178,37.82184],[126.75959,37.82846]]]},"properties":{"key":"경기도|파주시|탄현면","code":"4148032000"}},{"type":"Feature","geometry":{"type":"Polygon","coordinates":[[[126.90231,37.82472],[126.89964,37.82615],[126.88582,37.82657],[126.88665,37.82374],[126.87876,37.81525],[126.8611,37.81745],[126.85951,37.82014],[126.84474,37.8168],[126.83742,37.81063],[126.83319,37.80291],[126.83654,37.79824],[126.83052,37.78595],[126.83039,37.78107],[126.84043,37.78043],[126.84255,37.77301],[126.84614,37.76907],[126.84586,37.76367],[126.85052,37.76331],[126.85119,37.75819],[126.8578,37.74611],[126.85872,37.74025],[126.85656,37.73572],[126.87149,37.7293],[126.87343,37.72614],[126.88099,37.72616],[126.8827,37.71931],[126.88692,37.71888],[126.88923,37.72345],[126.89469,37.72677],[126.90216,37.72843],[126.90088,37.73713],[126.90956,37.74722],[126.92183,37.74703],[126.92971,37.74853],[126.93126,37.75567],[126.92869,37.75759],[126.93629,37.77421],[126.93338,37.77994],[126.93812,37.78694],[126.9321,37.78878],[126.92721,37.78508],[126.91952,37.79039],[126.91204,37.79208],[126.90389,37.79095],[126.90555,37.8021],[126.91191,37.80615],[126.90879,37.81051],[126.91022,37.81648],[126.90231,37.82472]]]},"properties":{"key":"경기도|파주시|광탄면","code":"4148035000"}},{"type":"Feature","geometry":{"type":"Polygon","coordinates":[[[126.90076,37.9271],[126.90654,37.93472],[126.90194,37.94169],[126.89387,37.941],[126.88023,37.94338],[126.87172,37.94778],[126.86459,37.94913],[126.85019,37.94742],[126.84265,37.95375],[126.83366,37.95635],[126.827,37.9182],[126.81833,37.90035],[126.81167,37.89369],[126.8071,37.89127],[126.79866,37.89282],[126.79985,37.88611],[126.79831,37.88087],[126.81132,37.87778],[126.81112,37.87218],[126.82125,37.87409],[126.82662,37.87889],[126.8274,37.88216],[126.84161,37.88434],[126.84299,37.88122],[126.84951,37.87669],[126.85418,37.87552],[126.86046,37.8793],[126.86459,37.8847],[126.86929,37.88732],[126.86894,37.89406],[126.86557,37.90032],[126.88081,37.91253],[126.88099,37.91897],[126.88754,37.91938],[126.89123,37.92302],[126.90076,37.9271]]]},"properties":{"key":"경기도|파주시|파평면","code":"4148036000"}},{"type":"Feature","geometry":{"type":"Polygon","coordinates":[[[126.99215,38.00337],[126.96957,38.00333],[126.96166,37.99765],[126.95246,37.988],[126.94379,37.98356],[126.9372,37.98171],[126.9317,37.98228],[126.92163,37.98593],[126.89824,37.99714],[126.89546,37.99937],[126.89174,37.99238],[126.89157,37.98248],[126.89546,37.9711],[126.88776,37.96614],[126.88137,37.96682],[126.87184,37.97115],[126.85494,37.98724],[126.84809,37.98704],[126.84023,37.98095],[126.83594,37.96403],[126.83366,37.95635],[126.84265,37.95375],[126.85019,37.94742],[126.86459,37.94913],[126.87172,37.94778],[126.88023,37.94338],[126.89387,37.941],[126.90194,37.94169],[126.90654,37.93472],[126.90076,37.9271],[126.90554,37.92134],[126.9096,37.91225],[126.91527,37.91068],[126.91723,37.90748],[126.92545,37.9016],[126.93623,37.89882],[126.9401,37.8931],[126.946,37.88846],[126.94854,37.89675],[126.94673,37.89964],[126.95473,37.91247],[126.9496,37.91897],[126.95633,37.92234],[126.96002,37.92016],[126.96505,37.92824],[126.96443,37.93831],[126.97336,37.94203],[126.97744,37.94614],[126.97912,37.95408],[126.98852,37.96009],[126.99122,37.96694],[126.99635,37.9732],[127.00853,37.97384],[127.01129,37.97612],[127.0126,37.98457],[127.01704,37.98693],[127.01528,37.99231],[127.00099,37.99625],[126.99215,38.00337]]]},"properties":{"key":"경기도|파주시|적성면","code":"4148037000"}},{"type":"Feature","geometry":{"type":"Polygon","coordinates":[[[126.79939,37.74914],[126.78427,37.75408],[126.77368,37.75407],[126.77362,37.75727],[126.76531,37.75775],[126.76224,37.75965],[126.75988,37.75216],[126.76478,37.74654],[126.76788,37.74763],[126.77574,37.74618],[126.78382,37.74754],[126.79254,37.74618],[126.79939,37.74914]]]},"properties":{"key":"경기도|파주시|금촌2동","code":"4148052000"}},{"type":"Feature","geometry":{"type":"Polygon","coordinates":[[[126.80401,37.76205],[126.79663,37.76292],[126.79223,37.76888],[126.78768,37.77082],[126.77145,37.76543],[126.76435,37.76551],[126.75805,37.7627],[126.76224,37.75965],[126.76531,37.75775],[126.77362,37.75727],[126.77368,37.75407],[126.78427,37.75408],[126.79939,37.74914],[126.79491,37.75477],[126.8015,37.75811],[126.80401,37.76205]]]},"properties":{"key":"경기도|파주시|금촌1동","code":"4148051000"}},{"type":"Feature","geometry":{"type":"Polygon","coordinates":[[[126.78768,37.77082],[126.7832,37.77186],[126.78013,37.77848],[126.77378,37.78014],[126.76517,37.78573],[126.76149,37.79252],[126.76287,37.79839],[126.75904,37.80195],[126.75136,37.79614],[126.74792,37.80065],[126.73686,37.79815],[126.72637,37.79859],[126.7218,37.78836],[126.72081,37.78039],[126.72519,37.77718],[126.7241,37.77083],[126.7346,37.75756],[126.73646,37.7622],[126.74116,37.76093],[126.7483,37.76573],[126.75805,37.7627],[126.76435,37.76551],[126.77145,37.76543],[126.78768,37.77082]]]},"properties":{"key":"경기도|파주시|금촌3동","code":"4148053000"}},{"type":"Feature","geometry":{"type":"Polygon","coordinates":[[[126.70497,37.71561],[126.72484,37.71612],[126.72439,37.7294],[126.72688,37.73107],[126.73764,37.736],[126.73587,37.74268],[126.7328,37.74579],[126.72639,37.74158],[126.71697,37.73889],[126.69963,37.72237],[126.69967,37.71916],[126.70497,37.71561]]]},"properties":{"key":"경기도|파주시|운정5동","code":"4148059000"}},{"type":"Feature","geometry":{"type":"Polygon","coordinates":[[[126.76924,37.7452],[126.75825,37.745],[126.75088,37.74066],[126.74104,37.73694],[126.74215,37.73301],[126.75135,37.73103],[126.75147,37.72588],[126.74681,37.71722],[126.76317,37.71663],[126.77202,37.73716],[126.76924,37.7452]]]},"properties":{"key":"경기도|파주시|운정1동","code":"4148055000"}},{"type":"Feature","geometry":{"type":"Polygon","coordinates":[[[126.74104,37.73694],[126.73764,37.736],[126.72688,37.73107],[126.73193,37.72357],[126.73189,37.71699],[126.73697,37.71819],[126.74681,37.71722],[126.75147,37.72588],[126.75135,37.73103],[126.74215,37.73301],[126.74104,37.73694]]]},"properties":{"key":"경기도|파주시|운정2동","code":"4148056000"}},{"type":"Feature","geometry":{"type":"Polygon","coordinates":[[[126.76317,37.71663],[126.74681,37.71722],[126.73697,37.71819],[126.73189,37.71699],[126.73025,37.7079],[126.72798,37.70704],[126.72989,37.70494],[126.74017,37.70505],[126.74802,37.70314],[126.75553,37.70489],[126.76113,37.70399],[126.76111,37.71032],[126.76317,37.71663]]]},"properties":{"key":"경기도|파주시|운정3동","code":"4148057000"}},{"type":"Feature","geometry":{"type":"Polygon","coordinates":[[[127.63077,37.16567],[127.61947,37.16244],[127.61522,37.16403],[127.61239,37.17338],[127.60484,37.17891],[127.59795,37.18815],[127.59303,37.18963],[127.58367,37.18695],[127.57637,37.18916],[127.57238,37.18486],[127.57754,37.17728],[127.57051,37.17023],[127.56273,37.16469],[127.55481,37.15694],[127.55388,37.15162],[127.55644,37.14236],[127.55871,37.13936],[127.55817,37.13353],[127.56759,37.12131],[127.56362,37.11658],[127.55954,37.10819],[127.56067,37.10122],[127.56455,37.09816],[127.57618,37.09694],[127.58899,37.09206],[127.5939,37.08674],[127.60071,37.08534],[127.61025,37.08618],[127.63334,37.09839],[127.63509,37.11604],[127.63415,37.12373],[127.6378,37.14063],[127.63312,37.14526],[127.62876,37.1538],[127.63077,37.16567]]]},"properties":{"key":"경기도|이천시|장호원읍","code":"4150025000"}},{"type":"Feature","geometry":{"type":"Polygon","coordinates":[[[127.52905,37.31707],[127.52285,37.31915],[127.51848,37.31238],[127.51153,37.3098],[127.50664,37.30488],[127.50105,37.30283],[127.49786,37.29865],[127.48666,37.29408],[127.47787,37.29307],[127.47652,37.28559],[127.46526,37.2716],[127.45663,37.26235],[127.46428,37.25496],[127.47468,37.25026],[127.4785,37.24635],[127.49436,37.24543],[127.49875,37.2463],[127.50124,37.24106],[127.50671,37.24019],[127.51756,37.23264],[127.51094,37.22652],[127.51073,37.22138],[127.51944,37.22254],[127.5255,37.22757],[127.52696,37.22946],[127.5252,37.23923],[127.53737,37.24663],[127.53707,37.25161],[127.53318,37.2562],[127.52919,37.27352],[127.53438,37.28928],[127.54273,37.29475],[127.54644,37.30181],[127.54636,37.30994],[127.54261,37.31306],[127.53608,37.31345],[127.52905,37.31707]]]},"properties":{"key":"경기도|이천시|부발읍","code":"4150025300"}},{"type":"Feature","geometry":{"type":"Polygon","coordinates":[[[127.44884,37.35219],[127.44246,37.35844],[127.43584,37.3549],[127.42969,37.34641],[127.42127,37.34206],[127.41983,37.33784],[127.41248,37.33393],[127.4052,37.32782],[127.39991,37.32724],[127.38717,37.31889],[127.37576,37.32064],[127.3696,37.31523],[127.36359,37.31588],[127.36432,37.30768],[127.35772,37.30507],[127.35455,37.30153],[127.35714,37.2946],[127.3589,37.28846],[127.36298,37.28885],[127.36822,37.283],[127.38094,37.27933],[127.38705,37.28503],[127.40178,37.2873],[127.40576,37.28512],[127.40904,37.29407],[127.40559,37.30085],[127.41782,37.30544],[127.43147,37.30497],[127.43868,37.30293],[127.45048,37.30311],[127.45925,37.29981],[127.4634,37.30671],[127.46205,37.31088],[127.45606,37.31826],[127.44946,37.32308],[127.45517,37.3292],[127.44849,37.33394],[127.4472,37.34164],[127.44884,37.35219]]]},"properties":{"key":"경기도|이천시|신둔면","code":"4150031000"}},{"type":"Feature","geometry":{"type":"Polygon","coordinates":[[[127.52905,37.31707],[127.52654,37.32247],[127.52919,37.32661],[127.52151,37.32969],[127.5136,37.33939],[127.5026,37.33788],[127.48952,37.34236],[127.48724,37.34905],[127.47049,37.36152],[127.46022,37.3582],[127.45487,37.35416],[127.44884,37.35219],[127.4472,37.34164],[127.44849,37.33394],[127.45517,37.3292],[127.44946,37.32308],[127.45606,37.31826],[127.46205,37.31088],[127.4634,37.30671],[127.45925,37.29981],[127.46508,37.29582],[127.4724,37.29602],[127.47787,37.29307],[127.48666,37.29408],[127.49786,37.29865],[127.50105,37.30283],[127.50664,37.30488],[127.51153,37.3098],[127.51848,37.31238],[127.52285,37.31915],[127.52905,37.31707]]]},"properties":{"key":"경기도|이천시|백사면","code":"4150032000"}},{"type":"Feature","geometry":{"type":"Polygon","coordinates":[[[127.44917,37.2113],[127.44103,37.21222],[127.44255,37.21824],[127.44172,37.2289],[127.44815,37.23767],[127.44839,37.2484],[127.44392,37.25152],[127.43667,37.25161],[127.43274,37.24823],[127.42349,37.25123],[127.42082,37.25608],[127.41195,37.24842],[127.40602,37.24183],[127.39393,37.24684],[127.39056,37.2432],[127.39425,37.23817],[127.3925,37.23086],[127.39492,37.22739],[127.39246,37.2191],[127.38398,37.21865],[127.37865,37.21504],[127.37382,37.21601],[127.36829,37.20926],[127.37038,37.20392],[127.37821,37.19555],[127.37529,37.1851],[127.38121,37.18756],[127.38238,37.18274],[127.38828,37.18141],[127.40357,37.18033],[127.41113,37.18347],[127.41644,37.18448],[127.42058,37.18842],[127.42869,37.19212],[127.43622,37.1908],[127.43943,37.1939],[127.44358,37.20574],[127.44917,37.2113]]]},"properties":{"key":"경기도|이천시|호법면","code":"4150033000"}},{"type":"Feature","geometry":{"type":"Polygon","coordinates":[[[127.35714,37.2946],[127.34801,37.29001],[127.34325,37.29109],[127.34018,37.28816],[127.34308,37.28255],[127.34898,37.2767],[127.3388,37.27054],[127.34094,37.26582],[127.33666,37.26117],[127.33857,37.25239],[127.33344,37.24932],[127.33115,37.24312],[127.33445,37.23781],[127.33187,37.22],[127.33704,37.21745],[127.34218,37.20808],[127.3484,37.20436],[127.36205,37.20111],[127.37038,37.20392],[127.36829,37.20926],[127.37382,37.21601],[127.37865,37.21504],[127.38398,37.21865],[127.39246,37.2191],[127.39492,37.22739],[127.3925,37.23086],[127.39425,37.23817],[127.39056,37.2432],[127.39393,37.24684],[127.40602,37.24183],[127.41195,37.24842],[127.42082,37.25608],[127.42156,37.25914],[127.41731,37.26426],[127.41679,37.27239],[127.4145,37.27922],[127.41096,37.28329],[127.40576,37.28512],[127.40178,37.2873],[127.38705,37.28503],[127.38094,37.27933],[127.36822,37.283],[127.36298,37.28885],[127.3589,37.28846],[127.35714,37.2946]]]},"properties":{"key":"경기도|이천시|마장면","code":"4150034000"}},{"type":"Feature","geometry":{"type":"Polygon","coordinates":[[[127.5255,37.22757],[127.51944,37.22254],[127.51073,37.22138],[127.51094,37.22652],[127.51756,37.23264],[127.50671,37.24019],[127.50124,37.24106],[127.49875,37.2463],[127.49436,37.24543],[127.4785,37.24635],[127.47468,37.25026],[127.47608,37.24275],[127.46883,37.23634],[127.47057,37.23376],[127.46525,37.22584],[127.46575,37.21902],[127.46919,37.21326],[127.47209,37.19709],[127.47493,37.19925],[127.48429,37.18859],[127.49178,37.18903],[127.4933,37.18026],[127.49872,37.17862],[127.50031,37.17247],[127.5052,37.17209],[127.50879,37.17785],[127.51597,37.18532],[127.5196,37.18761],[127.53128,37.19999],[127.53147,37.20823],[127.52761,37.22739],[127.5255,37.22757]]]},"properties":{"key":"경기도|이천시|대월면","code":"4150035000"}},{"type":"Feature","geometry":{"type":"Polygon","coordinates":[[[127.47209,37.19709],[127.4681,37.19537],[127.4606,37.20061],[127.45327,37.20376],[127.44917,37.2113],[127.44358,37.20574],[127.43943,37.1939],[127.43622,37.1908],[127.42869,37.19212],[127.42058,37.18842],[127.41644,37.18448],[127.41113,37.18347],[127.41415,37.17339],[127.40969,37.16438],[127.41232,37.15507],[127.41484,37.15208],[127.4235,37.15183],[127.42982,37.14774],[127.44587,37.14941],[127.45033,37.14808],[127.45673,37.14746],[127.46152,37.14216],[127.4744,37.14128],[127.47789,37.14515],[127.4909,37.14371],[127.49912,37.14701],[127.49791,37.1572],[127.50071,37.16641],[127.5052,37.17209],[127.50031,37.17247],[127.49872,37.17862],[127.4933,37.18026],[127.49178,37.18903],[127.48429,37.18859],[127.47493,37.19925],[127.47209,37.19709]]]},"properties":{"key":"경기도|이천시|모가면","code":"4150036000"}},{"type":"Feature","geometry":{"type":"Polygon","coordinates":[[[127.57051,37.17023],[127.56618,37.1764],[127.56039,37.18022],[127.55338,37.17559],[127.54681,37.17419],[127.52789,37.17296],[127.52286,37.18124],[127.51755,37.18213],[127.51597,37.18532],[127.50879,37.17785],[127.5052,37.17209],[127.50071,37.16641],[127.49791,37.1572],[127.49912,37.14701],[127.4909,37.14371],[127.47789,37.14515],[127.4744,37.14128],[127.46152,37.14216],[127.45673,37.14746],[127.45033,37.14808],[127.44783,37.14492],[127.45345,37.13524],[127.45835,37.13015],[127.46996,37.12954],[127.49248,37.12309],[127.4968,37.12449],[127.50278,37.11858],[127.50389,37.10966],[127.50774,37.10578],[127.51318,37.10562],[127.51246,37.10039],[127.53085,37.10188],[127.53674,37.1047],[127.54571,37.10346],[127.55726,37.09944],[127.56067,37.10122],[127.55954,37.10819],[127.56362,37.11658],[127.56759,37.12131],[127.55817,37.13353],[127.55871,37.13936],[127.55644,37.14236],[127.55388,37.15162],[127.55481,37.15694],[127.56273,37.16469],[127.57051,37.17023]]]},"properties":{"key":"경기도|이천시|설성면","code":"4150037000"}},{"type":"Feature","geometry":{"type":"Polygon","coordinates":[[[127.56067,37.10122],[127.55726,37.09944],[127.54571,37.10346],[127.53674,37.1047],[127.53085,37.10188],[127.51246,37.10039],[127.51052,37.09686],[127.51486,37.09335],[127.51595,37.08133],[127.51254,37.07135],[127.50679,37.06932],[127.50846,37.06407],[127.50481,37.06039],[127.49355,37.05653],[127.48996,37.05282],[127.49689,37.04838],[127.5045,37.04795],[127.50897,37.04944],[127.51252,37.05622],[127.51649,37.05802],[127.52226,37.05567],[127.5307,37.05581],[127.5357,37.05357],[127.55043,37.0454],[127.5598,37.04295],[127.56241,37.04461],[127.56813,37.0477],[127.56792,37.05554],[127.56504,37.05889],[127.56648,37.06314],[127.57622,37.07395],[127.58407,37.07489],[127.58919,37.07274],[127.59503,37.07395],[127.60425,37.06859],[127.6045,37.07747],[127.59979,37.08281],[127.60071,37.08534],[127.5939,37.08674],[127.58899,37.09206],[127.57618,37.09694],[127.56455,37.09816],[127.56067,37.10122]]]},"properties":{"key":"경기도|이천시|율면","code":"4150038000"}},{"type":"Feature","geometry":{"type":"Polygon","coordinates":[[[127.44924,37.27708],[127.45381,37.28247],[127.44944,37.28701],[127.44318,37.28596],[127.43555,37.28892],[127.44076,37.28296],[127.44044,37.28044],[127.44924,37.27708]]]},"properties":{"key":"경기도|이천시|창전동","code":"4150051000"}},{"type":"Feature","geometry":{"type":"Polygon","coordinates":[[[127.44044,37.28044],[127.4379,37.28024],[127.42906,37.27281],[127.42318,37.27041],[127.41679,37.27239],[127.41731,37.26426],[127.42156,37.25914],[127.42082,37.25608],[127.42349,37.25123],[127.43274,37.24823],[127.43667,37.25161],[127.44392,37.25152],[127.44839,37.2484],[127.44815,37.23767],[127.44172,37.2289],[127.44255,37.21824],[127.44103,37.21222],[127.44917,37.2113],[127.45327,37.20376],[127.4606,37.20061],[127.4681,37.19537],[127.47209,37.19709],[127.46919,37.21326],[127.46575,37.21902],[127.46525,37.22584],[127.47057,37.23376],[127.46883,37.23634],[127.47608,37.24275],[127.47468,37.25026],[127.46428,37.25496],[127.45663,37.26235],[127.46526,37.2716],[127.45089,37.2746],[127.44924,37.27708],[127.44044,37.28044]]]},"properties":{"key":"경기도|이천시|중리동","code":"4150052000"}},{"type":"Feature","geometry":{"type":"Polygon","coordinates":[[[127.43147,37.30497],[127.41782,37.30544],[127.40559,37.30085],[127.40904,37.29407],[127.40576,37.28512],[127.41096,37.28329],[127.4145,37.27922],[127.41679,37.27239],[127.42318,37.27041],[127.42906,37.27281],[127.4379,37.28024],[127.44044,37.28044],[127.44076,37.28296],[127.43555,37.28892],[127.42992,37.29439],[127.42803,37.30288],[127.43147,37.30497]]]},"properties":{"key":"경기도|이천시|관고동","code":"4150053000"}},{"type":"Feature","geometry":{"type":"Polygon","coordinates":[[[127.43147,37.30497],[127.42803,37.30288],[127.42992,37.29439],[127.43555,37.28892],[127.44318,37.28596],[127.44944,37.28701],[127.45381,37.28247],[127.44924,37.27708],[127.45089,37.2746],[127.46526,37.2716],[127.47652,37.28559],[127.47787,37.29307],[127.4724,37.29602],[127.46508,37.29582],[127.45925,37.29981],[127.45048,37.30311],[127.43868,37.30293],[127.43147,37.30497]]]},"properties":{"key":"경기도|이천시|증포동","code":"4150051500"}},{"type":"Feature","geometry":{"type":"Polygon","coordinates":[[[127.21654,37.02524],[127.20732,37.0245],[127.19908,37.02058],[127.18675,37.01808],[127.18378,37.0271],[127.17764,37.02859],[127.17524,37.03186],[127.17173,37.02731],[127.17573,37.02483],[127.17188,37.01883],[127.16813,37.01795],[127.1549,37.01009],[127.15627,37.00772],[127.15226,37.00258],[127.15392,36.99776],[127.14478,36.99722],[127.13618,36.99337],[127.13123,36.98564],[127.14114,36.97971],[127.13398,36.9768],[127.12451,36.97679],[127.1195,36.96913],[127.13347,36.96532],[127.13564,36.96784],[127.1443,36.97151],[127.15381,36.96942],[127.15677,36.96723],[127.17184,36.96507],[127.18124,36.96843],[127.20207,36.98475],[127.202,36.98726],[127.20899,36.99097],[127.21415,37.00036],[127.21169,37.01419],[127.21654,37.02524]]]},"properties":{"key":"경기도|안성시|공도읍","code":"4155025000"}},{"type":"Feature","geometry":{"type":"Polygon","coordinates":[[[127.35232,37.10018],[127.34343,37.10402],[127.33969,37.10932],[127.33336,37.11174],[127.32959,37.11881],[127.32672,37.11944],[127.31063,37.10538],[127.3041,37.10909],[127.29586,37.10247],[127.29905,37.09809],[127.29832,37.09259],[127.3019,37.08995],[127.30053,37.07538],[127.29493,37.07106],[127.2857,37.07013],[127.28219,37.06745],[127.28488,37.0636],[127.28401,37.05587],[127.27761,37.04754],[127.27213,37.04747],[127.27713,37.03679],[127.27673,37.0329],[127.28105,37.02255],[127.28773,37.02308],[127.29547,37.01834],[127.29724,37.01519],[127.29343,37.00495],[127.28757,37.00311],[127.29037,36.99854],[127.29983,37.00038],[127.31013,37.00062],[127.31196,37.0098],[127.32009,37.00937],[127.32943,37.01157],[127.33346,37.01104],[127.34164,37.01632],[127.34585,37.01739],[127.35091,37.02219],[127.34759,37.0261],[127.33602,37.03064],[127.33406,37.03826],[127.3388,37.04764],[127.33892,37.0508],[127.33422,37.05489],[127.33897,37.06247],[127.33825,37.07101],[127.34033,37.0759],[127.33929,37.08201],[127.3431,37.09053],[127.35232,37.10018]]]},"properties":{"key":"경기도|안성시|보개면","code":"4155031000"}},{"type":"Feature","geometry":{"type":"Polygon","coordinates":[[[127.39001,37.03108],[127.3742,37.03008],[127.36526,37.03271],[127.36102,37.02792],[127.35091,37.02219],[127.34585,37.01739],[127.34164,37.01632],[127.33346,37.01104],[127.32943,37.01157],[127.32009,37.00937],[127.31196,37.0098],[127.31013,37.00062],[127.29983,37.00038],[127.29037,36.99854],[127.29013,36.9873],[127.28727,36.98287],[127.29193,36.9784],[127.29425,36.97124],[127.29803,36.96931],[127.29927,36.96221],[127.29792,36.95691],[127.2937,36.95466],[127.30132,36.94502],[127.29714,36.93561],[127.29657,36.92957],[127.30915,36.92909],[127.31649,36.93465],[127.32703,36.93578],[127.33218,36.93952],[127.34343,36.9443],[127.34351,36.94798],[127.34974,36.95257],[127.36205,36.94927],[127.3755,36.94818],[127.37853,36.95147],[127.38006,36.95855],[127.38538,36.95914],[127.38759,36.96407],[127.3966,36.96399],[127.40186,36.96775],[127.39412,36.9773],[127.38608,36.98139],[127.38536,36.98506],[127.39553,36.99838],[127.3952,37.00289],[127.39799,37.00891],[127.39346,37.01406],[127.39097,37.0217],[127.3928,37.02789],[127.39001,37.03108]]]},"properties":{"key":"경기도|안성시|금광면","code":"4155032000"}},{"type":"Feature","geometry":{"type":"Polygon","coordinates":[[[127.29425,36.97124],[127.2845,36.96765],[127.27677,36.97232],[127.26921,36.97971],[127.26732,36.97776],[127.26269,36.97062],[127.26304,36.96126],[127.25964,36.95743],[127.24956,36.95294],[127.24399,36.94713],[127.23494,36.94614],[127.22372,36.94652],[127.21129,36.93831],[127.20988,36.9313],[127.22021,36.9303],[127.22885,36.92439],[127.23636,36.92354],[127.23758,36.92065],[127.24402,36.9174],[127.24976,36.92144],[127.25406,36.92181],[127.25758,36.91654],[127.27176,36.91331],[127.27491,36.90832],[127.28036,36.9042],[127.27933,36.90052],[127.28482,36.89569],[127.2898,36.89382],[127.29067,36.89685],[127.29699,36.90177],[127.30408,36.91514],[127.29592,36.92815],[127.29657,36.92957],[127.29714,36.93561],[127.30132,36.94502],[127.2937,36.95466],[127.29792,36.95691],[127.29927,36.96221],[127.29803,36.96931],[127.29425,36.97124]]]},"properties":{"key":"경기도|안성시|서운면","code":"4155033000"}},{"type":"Feature","geometry":{"type":"Polygon","coordinates":[[[127.26732,36.97776],[127.2594,36.98551],[127.25679,36.99111],[127.24681,36.99662],[127.24653,37.0006],[127.23928,37.00219],[127.22866,36.99617],[127.225,36.98958],[127.21662,36.98734],[127.21063,36.98946],[127.20207,36.98475],[127.18124,36.96843],[127.17184,36.96507],[127.15677,36.96723],[127.16505,36.96202],[127.17234,36.96319],[127.17587,36.96106],[127.17767,36.95827],[127.18798,36.95524],[127.19011,36.95286],[127.20189,36.95211],[127.20692,36.94574],[127.20587,36.94221],[127.21129,36.93831],[127.22372,36.94652],[127.23494,36.94614],[127.24399,36.94713],[127.24956,36.95294],[127.25964,36.95743],[127.26304,36.96126],[127.26269,36.97062],[127.26732,36.97776]]]},"properties":{"key":"경기도|안성시|미양면","code":"4155034000"}},{"type":"Feature","geometry":{"type":"Polygon","coordinates":[[[127.28219,37.06745],[127.27518,37.07193],[127.26472,37.07301],[127.26305,37.06618],[127.24924,37.06008],[127.2386,37.06072],[127.22938,37.05811],[127.21984,37.04924],[127.21558,37.05139],[127.21086,37.04943],[127.20333,37.05216],[127.20266,37.04825],[127.2101,37.03931],[127.21654,37.02524],[127.21169,37.01419],[127.21415,37.00036],[127.20899,36.99097],[127.202,36.98726],[127.20207,36.98475],[127.21063,36.98946],[127.21662,36.98734],[127.225,36.98958],[127.22866,36.99617],[127.23928,37.00219],[127.24241,37.01241],[127.24108,37.01883],[127.24555,37.02248],[127.25552,37.02392],[127.26216,37.02285],[127.26099,37.03006],[127.25403,37.03847],[127.25252,37.04318],[127.25957,37.04691],[127.27213,37.04747],[127.27761,37.04754],[127.28401,37.05587],[127.28488,37.0636],[127.28219,37.06745]]]},"properties":{"key":"경기도|안성시|대덕면","code":"4155035000"}},{"type":"Feature","geometry":{"type":"Polygon","coordinates":[[[127.26694,37.15533],[127.25528,37.15116],[127.25026,37.14524],[127.25371,37.13809],[127.25116,37.1336],[127.25338,37.129],[127.25052,37.1227],[127.23645,37.12125],[127.23379,37.11764],[127.22617,37.11394],[127.22016,37.11343],[127.20861,37.1101],[127.20859,37.10439],[127.19891,37.09686],[127.19527,37.08907],[127.1887,37.08636],[127.18623,37.08449],[127.1823,37.07779],[127.17682,37.07484],[127.1788,37.07134],[127.17417,37.06746],[127.17587,37.06262],[127.17492,37.05347],[127.17795,37.05034],[127.1731,37.04681],[127.17376,37.04004],[127.17088,37.03759],[127.17524,37.03186],[127.17764,37.02859],[127.18378,37.0271],[127.18675,37.01808],[127.19908,37.02058],[127.20732,37.0245],[127.21654,37.02524],[127.2101,37.03931],[127.20266,37.04825],[127.20333,37.05216],[127.21086,37.04943],[127.21558,37.05139],[127.21984,37.04924],[127.22938,37.05811],[127.2386,37.06072],[127.24924,37.06008],[127.24453,37.06557],[127.24293,37.07251],[127.23744,37.07697],[127.22702,37.07822],[127.23094,37.08958],[127.24086,37.09183],[127.24695,37.09936],[127.25884,37.10404],[127.27288,37.10237],[127.27174,37.10961],[127.27642,37.11416],[127.27721,37.12054],[127.27291,37.12482],[127.27436,37.13364],[127.27193,37.14103],[127.27312,37.14331],[127.26803,37.14933],[127.26694,37.15533]]]},"properties":{"key":"경기도|안성시|양성면","code":"4155036000"}},{"type":"Feature","geometry":{"type":"Polygon","coordinates":[[[127.18623,37.08449],[127.1819,37.08715],[127.17308,37.08587],[127.1662,37.0866],[127.1537,37.09101],[127.14643,37.09141],[127.14239,37.08794],[127.1357,37.09176],[127.12306,37.09135],[127.12644,37.08159],[127.12145,37.07641],[127.10375,37.07524],[127.10284,37.06779],[127.10673,37.06486],[127.1139,37.06509],[127.11847,37.06267],[127.12532,37.0647],[127.13057,37.058],[127.12762,37.05286],[127.12218,37.05042],[127.11477,37.04216],[127.11005,37.0409],[127.10529,37.03575],[127.10705,37.03292],[127.11694,37.02721],[127.12231,37.03506],[127.12842,37.03332],[127.13719,37.03387],[127.15307,37.02947],[127.15253,37.02155],[127.14537,37.01668],[127.14617,37.01049],[127.15226,37.00258],[127.15627,37.00772],[127.1549,37.01009],[127.16813,37.01795],[127.17188,37.01883],[127.17573,37.02483],[127.17173,37.02731],[127.17524,37.03186],[127.17088,37.03759],[127.17376,37.04004],[127.1731,37.04681],[127.17795,37.05034],[127.17492,37.05347],[127.17587,37.06262],[127.17417,37.06746],[127.1788,37.07134],[127.17682,37.07484],[127.1823,37.07779],[127.18623,37.08449]]]},"properties":{"key":"경기도|안성시|원곡면","code":"4155038000"}},{"type":"Feature","geometry":{"type":"Polygon","coordinates":[[[127.45033,37.14808],[127.44587,37.14941],[127.42982,37.14774],[127.42586,37.14304],[127.42561,37.13397],[127.42091,37.12607],[127.41257,37.11943],[127.41521,37.1157],[127.42027,37.11573],[127.42511,37.11271],[127.43042,37.10702],[127.43729,37.10613],[127.45252,37.10094],[127.44546,37.09771],[127.44246,37.08909],[127.43645,37.08076],[127.44671,37.06609],[127.45658,37.06064],[127.46622,37.05981],[127.46804,37.053],[127.48996,37.05282],[127.49355,37.05653],[127.50481,37.06039],[127.50846,37.06407],[127.50679,37.06932],[127.51254,37.07135],[127.51595,37.08133],[127.51486,37.09335],[127.51052,37.09686],[127.51246,37.10039],[127.51318,37.10562],[127.50774,37.10578],[127.50389,37.10966],[127.50278,37.11858],[127.4968,37.12449],[127.49248,37.12309],[127.46996,37.12954],[127.45835,37.13015],[127.45345,37.13524],[127.44783,37.14492],[127.45033,37.14808]]]},"properties":{"key":"경기도|안성시|일죽면","code":"4155039000"}},{"type":"Feature","geometry":{"type":"Polygon","coordinates":[[[127.46804,37.053],[127.46622,37.05981],[127.45658,37.06064],[127.44671,37.06609],[127.43645,37.08076],[127.44246,37.08909],[127.44546,37.09771],[127.45252,37.10094],[127.43729,37.10613],[127.43042,37.10702],[127.42511,37.11271],[127.42107,37.10651],[127.42418,37.0997],[127.41628,37.09574],[127.41612,37.09309],[127.41608,37.08941],[127.40992,37.08139],[127.40515,37.08287],[127.40093,37.08039],[127.39988,37.07393],[127.381,37.07428],[127.37994,37.06294],[127.37807,37.05706],[127.38187,37.05175],[127.3844,37.04305],[127.39349,37.03832],[127.39001,37.03108],[127.3928,37.02789],[127.39097,37.0217],[127.39346,37.01406],[127.39799,37.00891],[127.3952,37.00289],[127.39553,36.99838],[127.40815,36.99818],[127.41509,36.99966],[127.42235,37.00476],[127.42973,37.00188],[127.44111,37.01162],[127.4467,37.01103],[127.44837,37.01653],[127.45941,37.02537],[127.45784,37.03021],[127.45973,37.03545],[127.45721,37.04059],[127.46127,37.04706],[127.4683,37.05055],[127.46804,37.053]]]},"properties":{"key":"경기도|안성시|죽산면","code":"4155040000"}},{"type":"Feature","geometry":{"type":"Polygon","coordinates":[[[127.41612,37.09309],[127.40197,37.09388],[127.39899,37.09538],[127.39323,37.1065],[127.38747,37.10818],[127.38414,37.10594],[127.37387,37.10524],[127.36926,37.10677],[127.35822,37.10725],[127.35232,37.10018],[127.3431,37.09053],[127.33929,37.08201],[127.34033,37.0759],[127.33825,37.07101],[127.33897,37.06247],[127.33422,37.05489],[127.33892,37.0508],[127.3388,37.04764],[127.33406,37.03826],[127.33602,37.03064],[127.34759,37.0261],[127.35091,37.02219],[127.36102,37.02792],[127.36526,37.03271],[127.3742,37.03008],[127.39001,37.03108],[127.39349,37.03832],[127.3844,37.04305],[127.38187,37.05175],[127.37807,37.05706],[127.37994,37.06294],[127.381,37.07428],[127.39988,37.07393],[127.40093,37.08039],[127.40515,37.08287],[127.40992,37.08139],[127.41608,37.08941],[127.41612,37.09309]]]},"properties":{"key":"경기도|안성시|삼죽면","code":"4155041000"}},{"type":"Feature","geometry":{"type":"Polygon","coordinates":[[[127.3041,37.10909],[127.2998,37.11249],[127.29714,37.12033],[127.29231,37.12665],[127.2823,37.13387],[127.27436,37.13364],[127.27291,37.12482],[127.27721,37.12054],[127.27642,37.11416],[127.27174,37.10961],[127.27288,37.10237],[127.25884,37.10404],[127.24695,37.09936],[127.24086,37.09183],[127.23094,37.08958],[127.22702,37.07822],[127.23744,37.07697],[127.24293,37.07251],[127.24453,37.06557],[127.24924,37.06008],[127.26305,37.06618],[127.26472,37.07301],[127.27518,37.07193],[127.28219,37.06745],[127.2857,37.07013],[127.29493,37.07106],[127.30053,37.07538],[127.3019,37.08995],[127.29832,37.09259],[127.29905,37.09809],[127.29586,37.10247],[127.3041,37.10909]]]},"properties":{"key":"경기도|안성시|고삼면","code":"4155042000"}},{"type":"Feature","geometry":{"type":"Polygon","coordinates":[[[127.29037,36.99854],[127.28757,37.00311],[127.29343,37.00495],[127.29724,37.01519],[127.29547,37.01834],[127.28773,37.02308],[127.28105,37.02255],[127.27927,37.0162],[127.27168,37.01445],[127.27127,37.00719],[127.27362,37.00113],[127.27294,36.9902],[127.27772,36.98682],[127.27889,36.98185],[127.28727,36.98287],[127.29013,36.9873],[127.29037,36.99854]]]},"properties":{"key":"경기도|안성시|안성1동","code":"4155051000"}},{"type":"Feature","geometry":{"type":"Polygon","coordinates":[[[127.27127,37.00719],[127.26678,37.00871],[127.26235,37.01416],[127.24241,37.01241],[127.23928,37.00219],[127.24653,37.0006],[127.24681,36.99662],[127.25679,36.99111],[127.2594,36.98551],[127.26732,36.97776],[127.26921,36.97971],[127.27677,36.97232],[127.2845,36.96765],[127.29425,36.97124],[127.29193,36.9784],[127.28727,36.98287],[127.27889,36.98185],[127.27772,36.98682],[127.27294,36.9902],[127.27362,37.00113],[127.27127,37.00719]]]},"properties":{"key":"경기도|안성시|안성2동","code":"4155052000"}},{"type":"Feature","geometry":{"type":"Polygon","coordinates":[[[127.28105,37.02255],[127.27673,37.0329],[127.27713,37.03679],[127.27213,37.04747],[127.25957,37.04691],[127.25252,37.04318],[127.25403,37.03847],[127.26099,37.03006],[127.26216,37.02285],[127.25552,37.02392],[127.24555,37.02248],[127.24108,37.01883],[127.24241,37.01241],[127.26235,37.01416],[127.26678,37.00871],[127.27127,37.00719],[127.27168,37.01445],[127.27927,37.0162],[127.28105,37.02255]]]},"properties":{"key":"경기도|안성시|안성3동","code":"4155053000"}},{"type":"Feature","geometry":{"type":"Polygon","coordinates":[[[126.64377,37.68311],[126.63812,37.68522],[126.63106,37.68441],[126.63265,37.69283],[126.63004,37.69621],[126.63116,37.70021],[126.62597,37.7066],[126.62111,37.70705],[126.61878,37.71252],[126.61383,37.71689],[126.61819,37.72679],[126.61023,37.7303],[126.60856,37.73384],[126.59905,37.73609],[126.60181,37.73072],[126.59772,37.72624],[126.58211,37.7235],[126.58227,37.71714],[126.58569,37.71445],[126.58082,37.70576],[126.57554,37.70457],[126.57115,37.7],[126.56044,37.6982],[126.55914,37.69231],[126.56505,37.68541],[126.56299,37.68278],[126.57528,37.68085],[126.57591,37.67192],[126.58142,37.66352],[126.58424,37.66186],[126.58972,37.66583],[126.5907,37.67043],[126.5984,37.66999],[126.60177,37.67334],[126.60886,37.67142],[126.60622,37.67553],[126.61061,37.67959],[126.62402,37.67258],[126.62843,37.67762],[126.64206,37.67973],[126.64377,37.68311]]]},"properties":{"key":"경기도|김포시|통진읍","code":"4157025000"}},{"type":"Feature","geometry":{"type":"Polygon","coordinates":[[[126.74092,37.63893],[126.7358,37.64155],[126.72888,37.63089],[126.73736,37.62102],[126.74284,37.61699],[126.73884,37.61414],[126.73874,37.61012],[126.74056,37.60918],[126.73342,37.59875],[126.72451,37.59294],[126.72513,37.592],[126.72901,37.59294],[126.73502,37.59047],[126.73705,37.59318],[126.74362,37.59335],[126.74646,37.58686],[126.75474,37.58043],[126.7577,37.58479],[126.76308,37.58489],[126.76731,37.58803],[126.77336,37.58512],[126.78411,37.58259],[126.78705,37.58555],[126.79367,37.5816],[126.80088,37.58875],[126.79725,37.59659],[126.8006,37.6041],[126.80494,37.60402],[126.79795,37.61086],[126.78251,37.61659],[126.774,37.62219],[126.76824,37.62369],[126.74092,37.63893]]]},"properties":{"key":"경기도|김포시|고촌읍","code":"4157025300"}},{"type":"Feature","geometry":{"type":"Polygon","coordinates":[[[126.66705,37.68914],[126.65458,37.69209],[126.64808,37.68278],[126.64377,37.68311],[126.64206,37.67973],[126.62843,37.67762],[126.62402,37.67258],[126.61061,37.67959],[126.60622,37.67553],[126.60886,37.67142],[126.61094,37.66665],[126.62186,37.66395],[126.61104,37.65599],[126.61038,37.65101],[126.604,37.65043],[126.60142,37.64487],[126.60721,37.64206],[126.60714,37.63507],[126.60494,37.62966],[126.59271,37.61517],[126.5904,37.61546],[126.58126,37.60419],[126.56606,37.59417],[126.56306,37.58948],[126.56575,37.58608],[126.57258,37.58778],[126.59272,37.59298],[126.60495,37.59944],[126.60552,37.59988],[126.60906,37.60415],[126.61575,37.60549],[126.6234,37.6028],[126.62769,37.60597],[126.62929,37.61096],[126.63695,37.62603],[126.64492,37.6286],[126.63658,37.63382],[126.62771,37.63544],[126.62107,37.63758],[126.61783,37.64572],[126.62297,37.65013],[126.63267,37.65241],[126.63531,37.65649],[126.64029,37.65495],[126.63967,37.64958],[126.64407,37.64606],[126.65052,37.64509],[126.65253,37.64107],[126.65707,37.64945],[126.66367,37.65745],[126.6636,37.66194],[126.66653,37.6636],[126.66851,37.66973],[126.67346,37.67491],[126.66846,37.68018],[126.66705,37.68914]]]},"properties":{"key":"경기도|김포시|양촌읍","code":"4157025600"}},{"type":"Feature","geometry":{"type":"Polygon","coordinates":[[[126.56299,37.68278],[126.56152,37.68542],[126.55157,37.68254],[126.54166,37.6848],[126.53891,37.68364],[126.52545,37.68741],[126.52298,37.67652],[126.52411,37.67318],[126.5353,37.66633],[126.53446,37.65914],[126.52896,37.65297],[126.53438,37.64181],[126.53793,37.63682],[126.54956,37.62709],[126.55404,37.61453],[126.55417,37.6093],[126.5594,37.60056],[126.56606,37.59417],[126.58126,37.60419],[126.5904,37.61546],[126.59271,37.61517],[126.60494,37.62966],[126.60714,37.63507],[126.60721,37.64206],[126.60142,37.64487],[126.604,37.65043],[126.61038,37.65101],[126.61104,37.65599],[126.62186,37.66395],[126.61094,37.66665],[126.60886,37.67142],[126.60177,37.67334],[126.5984,37.66999],[126.5907,37.67043],[126.58972,37.66583],[126.58424,37.66186],[126.58142,37.66352],[126.57591,37.67192],[126.57528,37.68085],[126.56299,37.68278]]]},"properties":{"key":"경기도|김포시|대곶면","code":"4157034000"}},{"type":"Feature","geometry":{"type":"MultiPolygon","coordinates":[[[[126.59201,37.75774],[126.58258,37.75415],[126.57725,37.75365],[126.56676,37.75603],[126.56135,37.76157],[126.56163,37.76505],[126.55515,37.76898],[126.53479,37.77168],[126.51456,37.76695],[126.51458,37.76466],[126.52784,37.7484],[126.52602,37.73809],[126.52237,37.73127],[126.51846,37.7216],[126.51851,37.71273],[126.52728,37.70314],[126.5255,37.69012],[126.52545,37.68741],[126.53891,37.68364],[126.54166,37.6848],[126.55157,37.68254],[126.56152,37.68542],[126.56299,37.68278],[126.56505,37.68541],[126.55914,37.69231],[126.56044,37.6982],[126.57115,37.7],[126.57554,37.70457],[126.58082,37.70576],[126.58569,37.71445],[126.58227,37.71714],[126.58211,37.7235],[126.59772,37.72624],[126.60181,37.73072],[126.59905,37.73609],[126.59074,37.74012],[126.59364,37.74733],[126.59201,37.75774]]],[[[126.53783,37.77386],[126.53994,37.7771],[126.52717,37.78385],[126.52384,37.7898],[126.51535,37.78243],[126.51507,37.77543],[126.51826,37.77185],[126.52629,37.77343],[126.53783,37.77386]]]]},"properties":{"key":"경기도|김포시|월곶면","code":"4157035000"}},{"type":"Feature","geometry":{"type":"Polygon","coordinates":[[[126.67617,37.755],[126.67289,37.76938],[126.667,37.78452],[126.64908,37.78128],[126.63894,37.77843],[126.6279,37.77156],[126.62261,37.76228],[126.60947,37.75291],[126.60185,37.75429],[126.59981,37.75657],[126.59201,37.75774],[126.59364,37.74733],[126.59074,37.74012],[126.59905,37.73609],[126.60856,37.73384],[126.61023,37.7303],[126.61819,37.72679],[126.61383,37.71689],[126.61878,37.71252],[126.62111,37.70705],[126.62597,37.7066],[126.63116,37.70021],[126.63004,37.69621],[126.63265,37.69283],[126.63106,37.68441],[126.63812,37.68522],[126.64377,37.68311],[126.64808,37.68278],[126.65458,37.69209],[126.66705,37.68914],[126.67655,37.70008],[126.68362,37.71339],[126.6848,37.72565],[126.67739,37.73501],[126.674,37.75001],[126.67617,37.755]]]},"properties":{"key":"경기도|김포시|하성면","code":"4157036000"}},{"type":"Feature","geometry":{"type":"Polygon","coordinates":[[[126.7358,37.64155],[126.71826,37.64929],[126.70933,37.65466],[126.70747,37.65114],[126.70027,37.64764],[126.69358,37.64232],[126.69524,37.6343],[126.68855,37.63254],[126.68862,37.62693],[126.68519,37.6242],[126.69863,37.61746],[126.70416,37.61255],[126.70787,37.61704],[126.71281,37.6235],[126.71972,37.62004],[126.72888,37.63089],[126.7358,37.64155]]]},"properties":{"key":"경기도|김포시|김포본동","code":"4157051500"}},{"type":"Feature","geometry":{"type":"Polygon","coordinates":[[[126.73874,37.61012],[126.73884,37.61414],[126.74284,37.61699],[126.73736,37.62102],[126.72888,37.63089],[126.71972,37.62004],[126.71281,37.6235],[126.70787,37.61704],[126.71498,37.61269],[126.72886,37.61474],[126.73874,37.61012]]]},"properties":{"key":"경기도|김포시|사우동","code":"4157054000"}},{"type":"Feature","geometry":{"type":"Polygon","coordinates":[[[126.73874,37.61012],[126.72886,37.61474],[126.71498,37.61269],[126.70787,37.61704],[126.70416,37.61255],[126.70425,37.60555],[126.70451,37.60265],[126.70465,37.60262],[126.71199,37.60479],[126.71812,37.5978],[126.72186,37.59593],[126.72451,37.59294],[126.73342,37.59875],[126.74056,37.60918],[126.73874,37.61012]]]},"properties":{"key":"경기도|김포시|풍무동","code":"4157055000"}},{"type":"Feature","geometry":{"type":"Polygon","coordinates":[[[126.69524,37.6343],[126.68943,37.63879],[126.68885,37.64573],[126.68236,37.64715],[126.67907,37.65188],[126.67524,37.64943],[126.66471,37.63913],[126.65944,37.63823],[126.67094,37.63436],[126.67517,37.62995],[126.67931,37.62989],[126.68519,37.6242],[126.68862,37.62693],[126.68855,37.63254],[126.69524,37.6343]]]},"properties":{"key":"경기도|김포시|장기동","code":"4157056000"}},{"type":"Feature","geometry":{"type":"Polygon","coordinates":[[[126.62771,37.63544],[126.63129,37.6376],[126.62945,37.64313],[126.63356,37.6477],[126.63967,37.64958],[126.64029,37.65495],[126.63531,37.65649],[126.63267,37.65241],[126.62297,37.65013],[126.61783,37.64572],[126.62107,37.63758],[126.62771,37.63544]]]},"properties":{"key":"경기도|김포시|구래동","code":"4157057000"}},{"type":"Feature","geometry":{"type":"Polygon","coordinates":[[[126.67524,37.64943],[126.6662,37.66033],[126.6636,37.66194],[126.66367,37.65745],[126.65707,37.64945],[126.65253,37.64107],[126.65601,37.63801],[126.65944,37.63823],[126.66471,37.63913],[126.67524,37.64943]]]},"properties":{"key":"경기도|김포시|장기본동","code":"4157052500"}},{"type":"Feature","geometry":{"type":"Polygon","coordinates":[[[126.68932,37.66618],[126.67346,37.67491],[126.66851,37.66973],[126.66653,37.6636],[126.6636,37.66194],[126.6662,37.66033],[126.67524,37.64943],[126.67907,37.65188],[126.68236,37.64715],[126.68885,37.64573],[126.68943,37.63879],[126.69524,37.6343],[126.69358,37.64232],[126.70027,37.64764],[126.70747,37.65114],[126.70933,37.65466],[126.68932,37.66618]]]},"properties":{"key":"경기도|김포시|운양동","code":"4157058000"}},{"type":"Feature","geometry":{"type":"Polygon","coordinates":[[[126.97039,37.2292],[126.96695,37.23563],[126.95776,37.23976],[126.95668,37.24519],[126.94803,37.24257],[126.94614,37.23914],[126.93391,37.24363],[126.92531,37.23841],[126.9159,37.24156],[126.91237,37.2386],[126.90726,37.23337],[126.90943,37.22422],[126.90337,37.21683],[126.90758,37.2115],[126.90834,37.20742],[126.90611,37.1992],[126.8999,37.19404],[126.90421,37.19244],[126.91485,37.19185],[126.91997,37.18965],[126.92106,37.1792],[126.91721,37.17586],[126.92135,37.16831],[126.91554,37.1659],[126.91487,37.15998],[126.92042,37.15451],[126.92611,37.16102],[126.93552,37.16117],[126.93661,37.15712],[126.93405,37.15025],[126.92882,37.14617],[126.94183,37.14308],[126.94521,37.14529],[126.94603,37.15058],[126.94303,37.15425],[126.94567,37.16466],[126.94424,37.17107],[126.95139,37.17491],[126.94947,37.18276],[126.95266,37.18928],[126.9502,37.19386],[126.95414,37.19598],[126.96788,37.1983],[126.97268,37.19657],[126.9788,37.19808],[126.98422,37.19573],[126.9851,37.20194],[126.97999,37.20682],[126.98161,37.2133],[126.97661,37.222],[126.97395,37.22225],[126.97039,37.2292]]]},"properties":{"key":"경기도|화성시효행구|봉담읍","code":"4159325000"}},{"type":"Feature","geometry":{"type":"MultiPolygon","coordinates":[[[[126.7317,37.07223],[126.74251,37.07676],[126.74195,37.08323],[126.73743,37.09179],[126.73581,37.083],[126.73191,37.07772],[126.7317,37.07223]]],[[[126.53985,37.09945],[126.54117,37.10898],[126.53704,37.10894],[126.53985,37.09945]]],[[[126.80685,37.01272],[126.80662,37.02558],[126.81275,37.02559],[126.81248,37.04129],[126.81017,37.04757],[126.80277,37.04915],[126.79582,37.05632],[126.80012,37.06608],[126.80534,37.06692],[126.81207,37.0708],[126.80725,37.07459],[126.80689,37.07967],[126.81475,37.07993],[126.82335,37.08366],[126.82903,37.09125],[126.82751,37.09588],[126.83361,37.09882],[126.82978,37.10212],[126.81484,37.10844],[126.81385,37.1161],[126.83104,37.11754],[126.82426,37.12963],[126.81195,37.13941],[126.80131,37.13874],[126.79591,37.13457],[126.79493,37.12901],[126.78749,37.1298],[126.78252,37.13508],[126.7761,37.1323],[126.774,37.1283],[126.76874,37.1279],[126.7594,37.11629],[126.75864,37.11067],[126.77024,37.10283],[126.76711,37.09094],[126.76424,37.08651],[126.76277,37.07522],[126.76431,37.07038],[126.76134,37.06808],[126.76289,37.0628],[126.76895,37.06014],[126.75659,37.05639],[126.74837,37.04904],[126.7448,37.04162],[126.74475,37.03632],[126.75101,37.02925],[126.78906,37.02917],[126.79456,37.02579],[126.79691,37.01206],[126.80685,37.01272]]]]},"properties":{"key":"경기도|화성시만세구|우정읍","code":"4159125000"}},{"type":"Feature","geometry":{"type":"Polygon","coordinates":[[[126.99914,37.12364],[126.99732,37.12789],[126.98721,37.12972],[126.98214,37.13519],[126.98222,37.14145],[126.96917,37.14471],[126.95856,37.14255],[126.95255,37.14553],[126.95238,37.14814],[126.94603,37.15058],[126.94521,37.14529],[126.94183,37.14308],[126.92882,37.14617],[126.92248,37.14255],[126.91049,37.14066],[126.91162,37.14753],[126.90352,37.148],[126.89878,37.14105],[126.89241,37.13533],[126.88687,37.12433],[126.88968,37.12229],[126.88985,37.11621],[126.88512,37.10707],[126.88833,37.10321],[126.87983,37.09349],[126.87853,37.08555],[126.88183,37.07603],[126.88376,37.06648],[126.89169,37.06711],[126.90082,37.07009],[126.90491,37.07364],[126.91105,37.07858],[126.92685,37.08185],[126.92721,37.08749],[126.92567,37.09901],[126.93121,37.10174],[126.93319,37.10568],[126.94586,37.09996],[126.94482,37.09335],[126.9532,37.09275],[126.9546,37.09731],[126.95446,37.10705],[126.9581,37.10869],[126.97145,37.10909],[126.9758,37.11974],[126.98736,37.12085],[126.99228,37.11949],[126.9981,37.12309],[126.99914,37.12364]]]},"properties":{"key":"경기도|화성시만세구|향남읍","code":"4159125300"}},{"type":"Feature","geometry":{"type":"Polygon","coordinates":[[[126.86333,37.20133],[126.86696,37.20944],[126.86537,37.21174],[126.85691,37.21422],[126.84998,37.22615],[126.83913,37.23213],[126.82899,37.22962],[126.82681,37.23542],[126.8237,37.23685],[126.82712,37.24286],[126.82755,37.25188],[126.83443,37.25443],[126.83406,37.2577],[126.84125,37.26632],[126.83741,37.27069],[126.83118,37.27367],[126.82556,37.27143],[126.82003,37.27591],[126.80449,37.28366],[126.80057,37.27781],[126.80502,37.27492],[126.80928,37.26681],[126.79614,37.27092],[126.79011,37.26732],[126.79274,37.2588],[126.78809,37.25517],[126.78936,37.24437],[126.77806,37.24595],[126.7783,37.23925],[126.78641,37.23298],[126.79051,37.23257],[126.79803,37.2243],[126.80186,37.21406],[126.79627,37.21047],[126.79066,37.19932],[126.79194,37.1958],[126.79825,37.19255],[126.79711,37.18888],[126.79557,37.17971],[126.792,37.17315],[126.79619,37.17043],[126.7976,37.16245],[126.79499,37.15825],[126.7818,37.15276],[126.79032,37.14955],[126.79954,37.15359],[126.8055,37.14891],[126.8211,37.15038],[126.83382,37.15051],[126.83841,37.15258],[126.84765,37.16039],[126.85914,37.16537],[126.8627,37.16881],[126.86453,37.17556],[126.85988,37.1788],[126.85679,37.18472],[126.86333,37.20133]]]},"properties":{"key":"경기도|화성시만세구|남양읍","code":"4159125600"}},{"type":"Feature","geometry":{"type":"Polygon","coordinates":[[[126.92737,37.2788],[126.91756,37.28539],[126.91385,37.29147],[126.90555,37.28989],[126.89841,37.294],[126.89955,37.2902],[126.89287,37.28645],[126.89091,37.28202],[126.88618,37.28053],[126.87969,37.28567],[126.87815,37.27923],[126.87132,37.27471],[126.85822,37.27418],[126.85272,37.27204],[126.85857,37.26989],[126.86636,37.26436],[126.86984,37.25944],[126.88747,37.25625],[126.8896,37.25109],[126.89483,37.24928],[126.89901,37.24296],[126.91237,37.2386],[126.9159,37.24156],[126.92531,37.23841],[126.93391,37.24363],[126.94614,37.23914],[126.94803,37.24257],[126.95668,37.24519],[126.95224,37.25147],[126.94653,37.2575],[126.93578,37.25677],[126.93085,37.26104],[126.92726,37.27143],[126.92737,37.2788]]]},"properties":{"key":"경기도|화성시효행구|매송면","code":"4159331000"}},{"type":"Feature","geometry":{"type":"Polygon","coordinates":[[[126.91237,37.2386],[126.89901,37.24296],[126.89483,37.24928],[126.8896,37.25109],[126.88747,37.25625],[126.86984,37.25944],[126.86636,37.26436],[126.85857,37.26989],[126.85272,37.27204],[126.84647,37.26587],[126.84523,37.2659],[126.84125,37.26632],[126.83406,37.2577],[126.83443,37.25443],[126.82755,37.25188],[126.82712,37.24286],[126.8237,37.23685],[126.82681,37.23542],[126.82899,37.22962],[126.83913,37.23213],[126.84998,37.22615],[126.85691,37.21422],[126.86537,37.21174],[126.86696,37.20944],[126.86333,37.20133],[126.87054,37.19821],[126.8759,37.19384],[126.8823,37.19724],[126.88892,37.19703],[126.89417,37.19303],[126.8999,37.19404],[126.90611,37.1992],[126.90834,37.20742],[126.90758,37.2115],[126.90337,37.21683],[126.90943,37.22422],[126.90726,37.23337],[126.91237,37.2386]]]},"properties":{"key":"경기도|화성시효행구|비봉면","code":"4159332000"}},{"type":"Feature","geometry":{"type":"Polygon","coordinates":[[[126.78641,37.23298],[126.78174,37.23439],[126.78251,37.2284],[126.77283,37.21944],[126.77269,37.21031],[126.76183,37.21072],[126.7576,37.20584],[126.75386,37.21147],[126.74948,37.20669],[126.74359,37.2061],[126.72899,37.20224],[126.72835,37.19846],[126.71893,37.19442],[126.72042,37.18842],[126.71515,37.18178],[126.71863,37.17639],[126.72596,37.17617],[126.73293,37.16925],[126.74264,37.16673],[126.7468,37.16171],[126.74652,37.16548],[126.75304,37.16672],[126.76644,37.16422],[126.77798,37.16468],[126.79035,37.17532],[126.79531,37.18136],[126.79711,37.18888],[126.79825,37.19255],[126.79194,37.1958],[126.79066,37.19932],[126.79627,37.21047],[126.80186,37.21406],[126.79803,37.2243],[126.79051,37.23257],[126.78641,37.23298]]]},"properties":{"key":"경기도|화성시만세구|마도면","code":"4159131000"}},{"type":"Feature","geometry":{"type":"MultiPolygon","coordinates":[[[[126.78174,37.23439],[126.77761,37.2379],[126.77589,37.24679],[126.76754,37.24832],[126.76387,37.25281],[126.75701,37.25505],[126.74071,37.25515],[126.73403,37.25035],[126.72659,37.25783],[126.71914,37.25612],[126.70411,37.25863],[126.69856,37.26154],[126.68673,37.26271],[126.68028,37.25602],[126.67661,37.24647],[126.66994,37.24285],[126.66714,37.2444],[126.64808,37.24901],[126.65144,37.2388],[126.66131,37.23823],[126.66857,37.22916],[126.67149,37.2303],[126.67738,37.2236],[126.67557,37.22111],[126.66613,37.21684],[126.66638,37.20837],[126.67342,37.19974],[126.67694,37.20092],[126.67921,37.20718],[126.68418,37.20945],[126.68844,37.20755],[126.69175,37.2143],[126.69898,37.21405],[126.69283,37.20655],[126.69193,37.20314],[126.69698,37.20402],[126.70157,37.20057],[126.7008,37.19678],[126.7061,37.19281],[126.71501,37.19758],[126.71893,37.19442],[126.72835,37.19846],[126.72899,37.20224],[126.74359,37.2061],[126.74948,37.20669],[126.75386,37.21147],[126.7576,37.20584],[126.76183,37.21072],[126.77269,37.21031],[126.77283,37.21944],[126.78251,37.2284],[126.78174,37.23439]]],[[[126.6728,37.27361],[126.68058,37.27483],[126.68497,37.28062],[126.68017,37.2839],[126.67286,37.28089],[126.66668,37.27532],[126.6728,37.27361]]],[[[126.74062,37.289],[126.73666,37.28832],[126.73423,37.28309],[126.74491,37.28301],[126.74538,37.28799],[126.74062,37.289]]]]},"properties":{"key":"경기도|화성시만세구|송산면","code":"4159132000"}},{"type":"Feature","geometry":{"type":"MultiPolygon","coordinates":[[[[126.62464,37.17687],[126.61845,37.17717],[126.61622,37.17329],[126.61821,37.1576],[126.62849,37.16911],[126.63062,37.17381],[126.62464,37.17687]]],[[[126.71893,37.19442],[126.71501,37.19758],[126.7061,37.19281],[126.7008,37.19678],[126.70157,37.20057],[126.69698,37.20402],[126.69193,37.20314],[126.68658,37.20221],[126.67796,37.19761],[126.66213,37.19677],[126.65836,37.18989],[126.66615,37.18903],[126.66467,37.18238],[126.66086,37.17803],[126.65462,37.18138],[126.65765,37.16737],[126.66065,37.16211],[126.65785,37.15924],[126.65037,37.1571],[126.65485,37.15297],[126.66393,37.15657],[126.67012,37.1557],[126.68261,37.16037],[126.69073,37.15718],[126.6945,37.15236],[126.68371,37.14974],[126.67901,37.14073],[126.67351,37.13799],[126.68193,37.12844],[126.6845,37.11959],[126.67791,37.11503],[126.68613,37.11192],[126.69238,37.11917],[126.69824,37.11979],[126.70484,37.12314],[126.70639,37.13104],[126.71378,37.12943],[126.71922,37.132],[126.72108,37.13575],[126.72807,37.13876],[126.73208,37.14642],[126.74258,37.1538],[126.7468,37.16171],[126.74264,37.16673],[126.73293,37.16925],[126.72596,37.17617],[126.71863,37.17639],[126.71515,37.18178],[126.72042,37.18842],[126.71893,37.19442]]]]},"properties":{"key":"경기도|화성시만세구|서신면","code":"4159133000"}},{"type":"Feature","geometry":{"type":"Polygon","coordinates":[[[126.8999,37.19404],[126.89417,37.19303],[126.88892,37.19703],[126.8823,37.19724],[126.8759,37.19384],[126.87054,37.19821],[126.86333,37.20133],[126.85679,37.18472],[126.85988,37.1788],[126.86453,37.17556],[126.8627,37.16881],[126.85914,37.16537],[126.84765,37.16039],[126.83841,37.15258],[126.84545,37.14879],[126.84995,37.14186],[126.84145,37.13723],[126.84149,37.13252],[126.8487,37.12791],[126.84818,37.12356],[126.8592,37.11212],[126.86278,37.11117],[126.86581,37.1042],[126.87556,37.10191],[126.87983,37.09349],[126.88833,37.10321],[126.88512,37.10707],[126.88985,37.11621],[126.88968,37.12229],[126.88687,37.12433],[126.89241,37.13533],[126.89878,37.14105],[126.90352,37.148],[126.91162,37.14753],[126.91049,37.14066],[126.92248,37.14255],[126.92882,37.14617],[126.93405,37.15025],[126.93661,37.15712],[126.93552,37.16117],[126.92611,37.16102],[126.92042,37.15451],[126.91487,37.15998],[126.91554,37.1659],[126.92135,37.16831],[126.91721,37.17586],[126.92106,37.1792],[126.91997,37.18965],[126.91485,37.19185],[126.90421,37.19244],[126.8999,37.19404]]]},"properties":{"key":"경기도|화성시만세구|팔탄면","code":"4159134000"}},{"type":"Feature","geometry":{"type":"Polygon","coordinates":[[[126.87983,37.09349],[126.87556,37.10191],[126.86581,37.1042],[126.86278,37.11117],[126.8592,37.11212],[126.84818,37.12356],[126.8487,37.12791],[126.84149,37.13252],[126.84145,37.13723],[126.84995,37.14186],[126.84545,37.14879],[126.83841,37.15258],[126.83382,37.15051],[126.8211,37.15038],[126.8055,37.14891],[126.80765,37.14435],[126.81512,37.14305],[126.81195,37.13941],[126.82426,37.12963],[126.83104,37.11754],[126.81385,37.1161],[126.81484,37.10844],[126.82978,37.10212],[126.83361,37.09882],[126.82751,37.09588],[126.82903,37.09125],[126.82335,37.08366],[126.81475,37.07993],[126.80689,37.07967],[126.80725,37.07459],[126.81207,37.0708],[126.80534,37.06692],[126.80012,37.06608],[126.79582,37.05632],[126.80277,37.04915],[126.81017,37.04757],[126.81248,37.04129],[126.81275,37.02559],[126.80662,37.02558],[126.80685,37.01272],[126.83806,37.01365],[126.84693,37.01585],[126.85311,37.02],[126.86072,37.02989],[126.88253,37.06081],[126.88376,37.06648],[126.88183,37.07603],[126.87853,37.08555],[126.87983,37.09349]]]},"properties":{"key":"경기도|화성시만세구|장안면","code":"4159135000"}},{"type":"Feature","geometry":{"type":"Polygon","coordinates":[[[126.99513,37.07005],[126.99173,37.08477],[126.99359,37.08958],[126.99888,37.09317],[126.99703,37.09782],[126.99785,37.10445],[126.99666,37.11198],[127.00205,37.12177],[126.9981,37.12309],[126.99228,37.11949],[126.98736,37.12085],[126.9758,37.11974],[126.97145,37.10909],[126.9581,37.10869],[126.95446,37.10705],[126.9546,37.09731],[126.9532,37.09275],[126.94482,37.09335],[126.94586,37.09996],[126.93319,37.10568],[126.93121,37.10174],[126.92567,37.09901],[126.92721,37.08749],[126.92685,37.08185],[126.91105,37.07858],[126.90491,37.07364],[126.9063,37.06929],[126.91942,37.06519],[126.92715,37.06788],[126.932,37.06256],[126.94038,37.06081],[126.95137,37.06856],[126.96115,37.06981],[126.9664,37.06911],[126.96883,37.07343],[126.97554,37.0706],[126.98463,37.07165],[126.99513,37.07005]]]},"properties":{"key":"경기도|화성시만세구|양감면","code":"4159136000"}},{"type":"Feature","geometry":{"type":"Polygon","coordinates":[[[126.98422,37.19573],[126.9788,37.19808],[126.97268,37.19657],[126.96788,37.1983],[126.95414,37.19598],[126.9502,37.19386],[126.95266,37.18928],[126.94947,37.18276],[126.95139,37.17491],[126.94424,37.17107],[126.94567,37.16466],[126.94303,37.15425],[126.94603,37.15058],[126.95238,37.14814],[126.95255,37.14553],[126.95856,37.14255],[126.96917,37.14471],[126.98222,37.14145],[126.98214,37.13519],[126.98721,37.12972],[126.99732,37.12789],[126.99914,37.12364],[127.00537,37.1281],[127.0175,37.12992],[127.02422,37.13322],[127.03563,37.13602],[127.03257,37.1402],[127.02879,37.15498],[127.0281,37.16312],[127.02402,37.16526],[127.01663,37.16785],[127.00653,37.16806],[126.99967,37.17374],[126.9965,37.17846],[127.00785,37.187],[126.99767,37.19049],[126.99522,37.19397],[126.98422,37.19573]]]},"properties":{"key":"경기도|화성시효행구|정남면","code":"4159333000"}},{"type":"Feature","geometry":{"type":"Polygon","coordinates":[[[127.09102,37.16478],[127.09546,37.1745],[127.09815,37.17744],[127.11151,37.18002],[127.11317,37.18396],[127.10274,37.18661],[127.09875,37.1909],[127.09892,37.20475],[127.08627,37.20473],[127.08347,37.20048],[127.08361,37.1842],[127.07307,37.18709],[127.07106,37.18404],[127.07222,37.17598],[127.07127,37.16821],[127.07784,37.16232],[127.08895,37.16052],[127.09102,37.16478]]]},"properties":{"key":"경기도|화성시동탄구|동탄6동","code":"4159756000"}},{"type":"Feature","geometry":{"type":"MultiPolygon","coordinates":[[[[127.05041,37.19633],[127.05283,37.20293],[127.04867,37.20712],[127.04442,37.20221],[127.04251,37.19764],[127.05041,37.19633]]],[[[127.04499,37.23317],[127.03912,37.23724],[127.04197,37.2451],[127.04262,37.24675],[127.03968,37.2435],[127.0367,37.2384],[127.02964,37.23201],[127.0229,37.22951],[127.02263,37.2249],[127.02623,37.22003],[127.02596,37.21538],[127.02891,37.21123],[127.02114,37.20841],[127.02381,37.20418],[127.03392,37.20693],[127.03892,37.21081],[127.04623,37.21816],[127.05353,37.21357],[127.05134,37.21087],[127.05627,37.2122],[127.05284,37.21486],[127.05654,37.21864],[127.05156,37.22101],[127.04428,37.22869],[127.04499,37.23317]]]]},"properties":{"key":"경기도|화성시병점구|진안동","code":"4159551000"}},{"type":"Feature","geometry":{"type":"Polygon","coordinates":[[[127.03892,37.21081],[127.03392,37.20693],[127.02381,37.20418],[127.02665,37.20042],[127.03706,37.19991],[127.04251,37.19764],[127.04442,37.20221],[127.03892,37.21081]]]},"properties":{"key":"경기도|화성시병점구|병점1동","code":"4159552000"}},{"type":"Feature","geometry":{"type":"Polygon","coordinates":[[[127.05134,37.21087],[127.05353,37.21357],[127.04623,37.21816],[127.03892,37.21081],[127.04442,37.20221],[127.04867,37.20712],[127.05134,37.21087]]]},"properties":{"key":"경기도|화성시병점구|병점2동","code":"4159553000"}},{"type":"Feature","geometry":{"type":"Polygon","coordinates":[[[127.06668,37.24015],[127.06326,37.23917],[127.05632,37.23287],[127.05166,37.23431],[127.04499,37.23317],[127.04428,37.22869],[127.05156,37.22101],[127.05654,37.21864],[127.06161,37.22065],[127.06438,37.21208],[127.07072,37.2137],[127.06753,37.22214],[127.07558,37.2259],[127.06876,37.23015],[127.06668,37.24015]]]},"properties":{"key":"경기도|화성시병점구|반월동","code":"4159554000"}},{"type":"Feature","geometry":{"type":"Polygon","coordinates":[[[126.99758,37.23023],[126.98812,37.23359],[126.98036,37.23224],[126.97822,37.22957],[126.97039,37.2292],[126.97395,37.22225],[126.97661,37.222],[126.98161,37.2133],[126.99386,37.21687],[126.99951,37.21966],[127.0081,37.22784],[127.00368,37.22929],[126.99758,37.23023]]]},"properties":{"key":"경기도|화성시효행구|기배동","code":"4159351000"}},{"type":"Feature","geometry":{"type":"Polygon","coordinates":[[[127.02263,37.2249],[127.0081,37.22784],[126.99951,37.21966],[126.99386,37.21687],[126.98161,37.2133],[126.97999,37.20682],[126.9851,37.20194],[126.98422,37.19573],[126.99522,37.19397],[126.99767,37.19049],[127.00785,37.187],[127.00982,37.1924],[127.0136,37.19481],[127.02468,37.19809],[127.02665,37.20042],[127.02381,37.20418],[127.02114,37.20841],[127.02891,37.21123],[127.02596,37.21538],[127.02623,37.22003],[127.02263,37.2249]]]},"properties":{"key":"경기도|화성시병점구|화산동","code":"4159555000"}},{"type":"Feature","geometry":{"type":"Polygon","coordinates":[[[127.08347,37.20048],[127.0746,37.19989],[127.06497,37.19775],[127.06532,37.18645],[127.07106,37.18404],[127.07307,37.18709],[127.08361,37.1842],[127.08347,37.20048]]]},"properties":{"key":"경기도|화성시동탄구|동탄2동","code":"4159752000"}},{"type":"Feature","geometry":{"type":"Polygon","coordinates":[[[127.07558,37.2259],[127.06753,37.22214],[127.07072,37.2137],[127.06438,37.21208],[127.05953,37.20575],[127.06147,37.1994],[127.06497,37.19775],[127.0746,37.19989],[127.08347,37.20048],[127.08627,37.20473],[127.08458,37.20973],[127.08874,37.21646],[127.08283,37.21952],[127.07558,37.2259]]]},"properties":{"key":"경기도|화성시동탄구|동탄1동","code":"4159751000"}},{"type":"Feature","geometry":{"type":"Polygon","coordinates":[[[127.06438,37.21208],[127.06161,37.22065],[127.05654,37.21864],[127.05284,37.21486],[127.05627,37.2122],[127.05134,37.21087],[127.04867,37.20712],[127.05283,37.20293],[127.05041,37.19633],[127.06147,37.1994],[127.05953,37.20575],[127.06438,37.21208]]]},"properties":{"key":"경기도|화성시동탄구|동탄3동","code":"4159753000"}},{"type":"Feature","geometry":{"type":"Polygon","coordinates":[[[127.13796,37.34117],[127.13634,37.33964],[127.14186,37.33631],[127.1482,37.3377],[127.16206,37.34332],[127.17288,37.34461],[127.17876,37.34322],[127.19171,37.34719],[127.19171,37.34718],[127.18746,37.36485],[127.17897,37.36179],[127.16573,37.36182],[127.15697,37.35467],[127.14913,37.35239],[127.13796,37.34117]]]},"properties":{"key":"경기도|광주시|능평동","code":"4161061000"}},{"type":"Feature","geometry":{"type":"Polygon","coordinates":[[[127.36239,37.40642],[127.35958,37.41043],[127.35932,37.41739],[127.35051,37.42175],[127.34847,37.42528],[127.34084,37.4292],[127.33584,37.43592],[127.32895,37.43299],[127.32841,37.4296],[127.31566,37.42891],[127.31449,37.43747],[127.30282,37.44381],[127.29414,37.43444],[127.27601,37.43088],[127.27285,37.42858],[127.27131,37.42634],[127.27898,37.42308],[127.28157,37.4199],[127.27498,37.41642],[127.27408,37.41076],[127.28444,37.39862],[127.26693,37.38895],[127.27047,37.38292],[127.26882,37.37857],[127.27213,37.37479],[127.27827,37.37283],[127.27754,37.36634],[127.27897,37.35948],[127.28353,37.356],[127.28305,37.35097],[127.28642,37.34738],[127.30106,37.3519],[127.30859,37.35687],[127.31539,37.35634],[127.3174,37.36201],[127.32216,37.36095],[127.32818,37.36282],[127.32921,37.36937],[127.33832,37.37248],[127.3458,37.37285],[127.3477,37.37553],[127.34721,37.38607],[127.35183,37.39015],[127.35282,37.40224],[127.36141,37.40445],[127.36239,37.40642]]]},"properties":{"key":"경기도|광주시|초월읍","code":"4161025300"}},{"type":"Feature","geometry":{"type":"Polygon","coordinates":[[[127.44592,37.36342],[127.44376,37.36979],[127.44528,37.38133],[127.4425,37.38738],[127.43543,37.38642],[127.42974,37.38803],[127.42157,37.38592],[127.41742,37.38949],[127.41281,37.3982],[127.41283,37.40319],[127.40964,37.40776],[127.40406,37.41008],[127.39821,37.41575],[127.39393,37.41543],[127.37963,37.40723],[127.36919,37.40527],[127.36239,37.40642],[127.36141,37.40445],[127.35282,37.40224],[127.35183,37.39015],[127.34721,37.38607],[127.3477,37.37553],[127.3458,37.37285],[127.33832,37.37248],[127.32921,37.36937],[127.32818,37.36282],[127.32216,37.36095],[127.3174,37.36201],[127.31539,37.35634],[127.30859,37.35687],[127.30106,37.3519],[127.30464,37.35181],[127.30839,37.34675],[127.31597,37.34592],[127.31818,37.34373],[127.32744,37.34184],[127.33311,37.34414],[127.33928,37.34267],[127.33573,37.33874],[127.33704,37.33419],[127.34293,37.33435],[127.34949,37.32696],[127.35555,37.32672],[127.35952,37.32358],[127.36359,37.31588],[127.3696,37.31523],[127.37576,37.32064],[127.38717,37.31889],[127.39991,37.32724],[127.4052,37.32782],[127.41248,37.33393],[127.41983,37.33784],[127.42127,37.34206],[127.42969,37.34641],[127.43584,37.3549],[127.44246,37.35844],[127.44592,37.36342]]]},"properties":{"key":"경기도|광주시|곤지암읍","code":"4161025900"}},{"type":"Feature","geometry":{"type":"Polygon","coordinates":[[[127.36359,37.31588],[127.35952,37.32358],[127.35555,37.32672],[127.34949,37.32696],[127.34293,37.33435],[127.33704,37.33419],[127.33573,37.33874],[127.33928,37.34267],[127.33311,37.34414],[127.32744,37.34184],[127.31818,37.34373],[127.31597,37.34592],[127.30839,37.34675],[127.30464,37.35181],[127.30106,37.3519],[127.28642,37.34738],[127.28334,37.34531],[127.2832,37.33649],[127.28015,37.33219],[127.28232,37.32741],[127.28309,37.31899],[127.27735,37.30954],[127.2786,37.30544],[127.28166,37.29805],[127.2778,37.2904],[127.28175,37.27808],[127.27573,37.27475],[127.28006,37.26963],[127.28446,37.26898],[127.29148,37.27165],[127.29901,37.26926],[127.31073,37.27328],[127.31929,37.27499],[127.33089,37.27024],[127.3388,37.27054],[127.34898,37.2767],[127.34308,37.28255],[127.34018,37.28816],[127.34325,37.29109],[127.34801,37.29001],[127.35714,37.2946],[127.35455,37.30153],[127.35772,37.30507],[127.36432,37.30768],[127.36359,37.31588]]]},"properties":{"key":"경기도|광주시|도척면","code":"4161033000"}},{"type":"Feature","geometry":{"type":"Polygon","coordinates":[[[127.38048,37.48994],[127.37363,37.48804],[127.36671,37.49078],[127.35903,37.48974],[127.34601,37.49118],[127.34328,37.48882],[127.34368,37.48266],[127.34047,37.4796],[127.33169,37.47902],[127.32529,37.4836],[127.31197,37.47967],[127.30195,37.48474],[127.29373,37.47655],[127.28447,37.47837],[127.27661,37.47294],[127.26486,37.47146],[127.25882,37.47435],[127.26141,37.46651],[127.26007,37.4614],[127.27003,37.45591],[127.27362,37.46016],[127.27781,37.45991],[127.28306,37.456],[127.2854,37.44847],[127.29189,37.44377],[127.30282,37.44381],[127.31449,37.43747],[127.31566,37.42891],[127.32841,37.4296],[127.32895,37.43299],[127.33584,37.43592],[127.34084,37.4292],[127.34847,37.42528],[127.35051,37.42175],[127.35932,37.41739],[127.35958,37.41043],[127.36239,37.40642],[127.36919,37.40527],[127.37963,37.40723],[127.39393,37.41543],[127.39821,37.41575],[127.40063,37.42138],[127.38929,37.42882],[127.38402,37.43515],[127.38261,37.44277],[127.37259,37.44475],[127.37214,37.45199],[127.36799,37.45695],[127.38531,37.46],[127.38869,37.47432],[127.38833,37.47694],[127.38048,37.48994]]]},"properties":{"key":"경기도|광주시|퇴촌면","code":"4161034000"}},{"type":"Feature","geometry":{"type":"Polygon","coordinates":[[[127.38359,37.50242],[127.38073,37.50428],[127.37156,37.52012],[127.36419,37.52997],[127.35865,37.53294],[127.34787,37.53575],[127.32933,37.53458],[127.32328,37.53331],[127.31736,37.52921],[127.3071,37.51638],[127.30128,37.51055],[127.28906,37.50714],[127.28758,37.5135],[127.27957,37.51258],[127.27641,37.50831],[127.26816,37.50623],[127.2612,37.50724],[127.25439,37.50596],[127.25327,37.50325],[127.25553,37.49615],[127.25915,37.49211],[127.2538,37.48461],[127.25882,37.47435],[127.26486,37.47146],[127.27661,37.47294],[127.28447,37.47837],[127.29373,37.47655],[127.30195,37.48474],[127.31197,37.47967],[127.32529,37.4836],[127.33169,37.47902],[127.34047,37.4796],[127.34368,37.48266],[127.34328,37.48882],[127.34601,37.49118],[127.35903,37.48974],[127.36671,37.49078],[127.37363,37.48804],[127.38048,37.48994],[127.38359,37.50242]]]},"properties":{"key":"경기도|광주시|남종면","code":"4161035000"}},{"type":"Feature","geometry":{"type":"Polygon","coordinates":[[[127.26585,37.41386],[127.25699,37.41378],[127.25174,37.41652],[127.24663,37.41484],[127.24419,37.40764],[127.24125,37.40153],[127.25201,37.39231],[127.25505,37.39866],[127.26237,37.40245],[127.26213,37.41101],[127.26585,37.41386]]]},"properties":{"key":"경기도|광주시|경안동","code":"4161051000"}},{"type":"Feature","geometry":{"type":"Polygon","coordinates":[[[127.25354,37.43708],[127.24793,37.44552],[127.24564,37.45277],[127.24124,37.45643],[127.23811,37.45291],[127.23672,37.44616],[127.23363,37.44467],[127.21886,37.44348],[127.21096,37.44567],[127.19572,37.44506],[127.19366,37.43916],[127.19439,37.43277],[127.19464,37.42539],[127.21427,37.42347],[127.22245,37.41167],[127.23871,37.40762],[127.24419,37.40764],[127.24663,37.41484],[127.25174,37.41652],[127.24836,37.42691],[127.25354,37.43708]]]},"properties":{"key":"경기도|광주시|탄벌동","code":"4161055000"}},{"type":"Feature","geometry":{"type":"Polygon","coordinates":[[[127.21928,37.37814],[127.2327,37.37678],[127.23798,37.38151],[127.23753,37.38815],[127.23122,37.38891],[127.22374,37.39246],[127.21794,37.38802],[127.22226,37.3862],[127.21928,37.37814]]]},"properties":{"key":"경기도|광주시|광남2동","code":"4161057000"}},{"type":"Feature","geometry":{"type":"Polygon","coordinates":[[[127.02177,37.8279],[127.01706,37.82949],[127.01001,37.82808],[127.00701,37.81993],[127.00101,37.81611],[126.9935,37.80727],[126.9865,37.80723],[126.98308,37.81664],[126.97366,37.80963],[126.96632,37.81006],[126.95996,37.82061],[126.95151,37.82593],[126.94149,37.82431],[126.94514,37.81514],[126.9488,37.81017],[126.94638,37.80015],[126.94884,37.791],[126.9452,37.78695],[126.93812,37.78694],[126.93338,37.77994],[126.93629,37.77421],[126.92869,37.75759],[126.93126,37.75567],[126.94043,37.7602],[126.94582,37.75919],[126.95174,37.76377],[126.95585,37.76259],[126.96607,37.76661],[126.97199,37.76491],[126.97713,37.75678],[126.98868,37.75249],[126.98953,37.74908],[126.99765,37.75245],[127.0021,37.7514],[127.00227,37.76276],[126.99615,37.76885],[126.99683,37.77296],[127.00274,37.78116],[127.00949,37.78186],[127.01226,37.7912],[127.02009,37.80252],[127.01954,37.80675],[127.02664,37.81517],[127.02177,37.8279]]]},"properties":{"key":"경기도|양주시|백석읍","code":"4163025000"}},{"type":"Feature","geometry":{"type":"Polygon","coordinates":[[[127.01005,37.92757],[127.00131,37.93303],[126.99915,37.9283],[126.99818,37.9199],[126.99914,37.91031],[127.00267,37.90625],[127.00555,37.89754],[127.0024,37.88922],[127.00476,37.88241],[127.00887,37.87937],[127.00561,37.87279],[127.0074,37.86891],[127.00469,37.86423],[127.00813,37.85816],[126.9996,37.85842],[126.99313,37.85619],[126.99147,37.85019],[126.99221,37.8416],[126.99782,37.8399],[127.00698,37.83399],[127.01699,37.83229],[127.01706,37.82949],[127.02177,37.8279],[127.02872,37.83313],[127.04089,37.83584],[127.04245,37.83949],[127.04922,37.84233],[127.05115,37.8517],[127.05492,37.85635],[127.05829,37.86364],[127.05946,37.87023],[127.04825,37.88288],[127.04626,37.89385],[127.03623,37.89593],[127.01071,37.90447],[127.01056,37.91034],[127.0079,37.91615],[127.01234,37.91843],[127.00904,37.92505],[127.01005,37.92757]]]},"properties":{"key":"경기도|양주시|은현면","code":"4163031000"}},{"type":"Feature","geometry":{"type":"Polygon","coordinates":[[[126.97336,37.94203],[126.96443,37.93831],[126.96505,37.92824],[126.96002,37.92016],[126.95633,37.92234],[126.9496,37.91897],[126.95473,37.91247],[126.94673,37.89964],[126.94854,37.89675],[126.946,37.88846],[126.94728,37.88599],[126.95845,37.88468],[126.96537,37.87513],[126.96138,37.86516],[126.96513,37.86221],[126.97659,37.86515],[126.97677,37.86183],[126.97286,37.85646],[126.97533,37.85258],[126.99147,37.85019],[126.99313,37.85619],[126.9996,37.85842],[127.00813,37.85816],[127.00469,37.86423],[127.0074,37.86891],[127.00561,37.87279],[127.00887,37.87937],[127.00476,37.88241],[127.0024,37.88922],[127.00555,37.89754],[127.00267,37.90625],[126.99914,37.91031],[126.99818,37.9199],[126.99915,37.9283],[127.00131,37.93303],[126.9932,37.93451],[126.98545,37.93889],[126.98101,37.93746],[126.97336,37.94203]]]},"properties":{"key":"경기도|양주시|남면","code":"4163032000"}},{"type":"Feature","geometry":{"type":"Polygon","coordinates":[[[126.99147,37.85019],[126.97533,37.85258],[126.97286,37.85646],[126.97677,37.86183],[126.97659,37.86515],[126.96513,37.86221],[126.96138,37.86516],[126.96537,37.87513],[126.95845,37.88468],[126.94728,37.88599],[126.9471,37.87947],[126.94426,37.87363],[126.94634,37.86699],[126.94283,37.86255],[126.93451,37.84624],[126.93649,37.84079],[126.92728,37.83805],[126.92533,37.84159],[126.91393,37.84107],[126.91136,37.82864],[126.90231,37.82472],[126.91022,37.81648],[126.90879,37.81051],[126.91191,37.80615],[126.90555,37.8021],[126.90389,37.79095],[126.91204,37.79208],[126.91952,37.79039],[126.92721,37.78508],[126.9321,37.78878],[126.93812,37.78694],[126.9452,37.78695],[126.94884,37.791],[126.94638,37.80015],[126.9488,37.81017],[126.94514,37.81514],[126.94149,37.82431],[126.95151,37.82593],[126.95996,37.82061],[126.96632,37.81006],[126.97366,37.80963],[126.98308,37.81664],[126.9865,37.80723],[126.9935,37.80727],[127.00101,37.81611],[127.00701,37.81993],[127.01001,37.82808],[127.01706,37.82949],[127.01699,37.83229],[127.00698,37.83399],[126.99782,37.8399],[126.99221,37.8416],[126.99147,37.85019]]]},"properties":{"key":"경기도|양주시|광적면","code":"4163033000"}},{"type":"Feature","geometry":{"type":"Polygon","coordinates":[[[127.0021,37.7514],[126.99765,37.75245],[126.98953,37.74908],[126.98868,37.75249],[126.97713,37.75678],[126.97199,37.76491],[126.96607,37.76661],[126.95585,37.76259],[126.95174,37.76377],[126.94582,37.75919],[126.94043,37.7602],[126.93126,37.75567],[126.92971,37.74853],[126.93102,37.73751],[126.92189,37.73018],[126.92504,37.71991],[126.92047,37.71368],[126.92454,37.71173],[126.92174,37.69903],[126.91401,37.68724],[126.91478,37.67961],[126.91138,37.67439],[126.90688,37.67542],[126.90805,37.67026],[126.91134,37.6687],[126.92803,37.6707],[126.93006,37.67229],[126.93982,37.67076],[126.94471,37.67693],[126.94464,37.68485],[126.95101,37.68772],[126.95444,37.69265],[126.96524,37.69247],[126.97299,37.68668],[126.97929,37.68622],[126.99174,37.67947],[126.99799,37.68382],[127.00829,37.68468],[127.00882,37.69455],[127.01585,37.70103],[127.01939,37.70726],[127.01352,37.71394],[127.01414,37.71921],[127.01267,37.72561],[127.00311,37.73865],[127.00457,37.74318],[127.0021,37.7514]]]},"properties":{"key":"경기도|양주시|장흥면","code":"4163034000"}},{"type":"Feature","geometry":{"type":"Polygon","coordinates":[[[127.0575,37.80133],[127.05793,37.8067],[127.05339,37.80996],[127.04277,37.80946],[127.03583,37.81584],[127.02664,37.81517],[127.01954,37.80675],[127.02009,37.80252],[127.01226,37.7912],[127.00949,37.78186],[127.00274,37.78116],[126.99683,37.77296],[126.99615,37.76885],[127.00227,37.76276],[127.0047,37.76318],[127.01728,37.76856],[127.02547,37.76695],[127.03508,37.76772],[127.04117,37.76674],[127.05086,37.76094],[127.05276,37.76137],[127.06429,37.76359],[127.06116,37.76936],[127.06284,37.7755],[127.06788,37.78322],[127.06773,37.78641],[127.06018,37.7896],[127.0551,37.78927],[127.0518,37.79372],[127.0575,37.80133]]]},"properties":{"key":"경기도|양주시|양주1동","code":"4163051000"}},{"type":"Feature","geometry":{"type":"Polygon","coordinates":[[[127.11983,37.80969],[127.11434,37.814],[127.10627,37.81567],[127.10192,37.81125],[127.09731,37.81135],[127.0912,37.80816],[127.08175,37.80781],[127.07848,37.81322],[127.07618,37.81028],[127.07015,37.80869],[127.06734,37.81107],[127.06417,37.80266],[127.0575,37.80133],[127.0518,37.79372],[127.0551,37.78927],[127.06018,37.7896],[127.06773,37.78641],[127.06788,37.78322],[127.06284,37.7755],[127.06116,37.76936],[127.06429,37.76359],[127.07405,37.7685],[127.08154,37.77067],[127.08468,37.77361],[127.10434,37.77967],[127.10595,37.78318],[127.11293,37.7885],[127.11719,37.7959],[127.11714,37.80412],[127.11983,37.80969]]]},"properties":{"key":"경기도|양주시|양주2동","code":"4163052000"}},{"type":"Feature","geometry":{"type":"Polygon","coordinates":[[[127.08788,37.87208],[127.0775,37.87102],[127.07373,37.87279],[127.06255,37.86921],[127.05946,37.87023],[127.05829,37.86364],[127.05492,37.85635],[127.05651,37.84335],[127.05864,37.83794],[127.06444,37.83188],[127.06337,37.83605],[127.0736,37.84181],[127.08407,37.84781],[127.09005,37.84728],[127.09215,37.85191],[127.10021,37.86069],[127.10287,37.86559],[127.09598,37.8674],[127.08788,37.87208]]]},"properties":{"key":"경기도|양주시|회천1동","code":"4163053000"}},{"type":"Feature","geometry":{"type":"Polygon","coordinates":[[[127.06444,37.83188],[127.05864,37.83794],[127.05651,37.84335],[127.05492,37.85635],[127.05115,37.8517],[127.04922,37.84233],[127.04245,37.83949],[127.04089,37.83584],[127.02872,37.83313],[127.02177,37.8279],[127.02664,37.81517],[127.03583,37.81584],[127.04277,37.80946],[127.05339,37.80996],[127.05793,37.8067],[127.0575,37.80133],[127.06417,37.80266],[127.06734,37.81107],[127.06575,37.81207],[127.06168,37.82674],[127.06444,37.83188]]]},"properties":{"key":"경기도|양주시|회천2동","code":"4163054000"}},{"type":"Feature","geometry":{"type":"Polygon","coordinates":[[[127.0736,37.84181],[127.06337,37.83605],[127.06444,37.83188],[127.06168,37.82674],[127.06575,37.81207],[127.06734,37.81107],[127.07015,37.80869],[127.07618,37.81028],[127.07848,37.81322],[127.07571,37.81867],[127.07173,37.82133],[127.07482,37.82792],[127.08086,37.83572],[127.0736,37.84181]]]},"properties":{"key":"경기도|양주시|회천3동","code":"4163055000"}},{"type":"Feature","geometry":{"type":"Polygon","coordinates":[[[127.07482,37.82792],[127.07173,37.82133],[127.07571,37.81867],[127.07848,37.81322],[127.08175,37.80781],[127.0912,37.80816],[127.09731,37.81135],[127.10192,37.81125],[127.10627,37.81567],[127.09698,37.82333],[127.09538,37.82697],[127.07964,37.82586],[127.07482,37.82792]]]},"properties":{"key":"경기도|양주시|옥정2동","code":"4163058000"}},{"type":"Feature","geometry":{"type":"Polygon","coordinates":[[[127.15555,37.8384],[127.14641,37.84069],[127.13285,37.83937],[127.12216,37.83323],[127.11806,37.83327],[127.12189,37.82815],[127.12019,37.81736],[127.12201,37.81208],[127.11983,37.80969],[127.11714,37.80412],[127.11719,37.7959],[127.11293,37.7885],[127.10595,37.78318],[127.10434,37.77967],[127.11069,37.7794],[127.12139,37.77375],[127.12807,37.77184],[127.1291,37.76689],[127.12543,37.7633],[127.13343,37.76229],[127.13966,37.76407],[127.14671,37.75484],[127.15376,37.7555],[127.15912,37.75324],[127.16585,37.75292],[127.17326,37.75511],[127.18091,37.7631],[127.17944,37.77275],[127.18266,37.77594],[127.18111,37.78372],[127.18579,37.79377],[127.192,37.80011],[127.18614,37.80547],[127.17347,37.8083],[127.16585,37.81705],[127.16343,37.82804],[127.15613,37.83444],[127.15555,37.8384]]]},"properties":{"key":"경기도|포천시|소흘읍","code":"4165025000"}},{"type":"Feature","geometry":{"type":"Polygon","coordinates":[[[127.25918,37.8495],[127.25879,37.85214],[127.26653,37.85738],[127.26712,37.87164],[127.264,37.87565],[127.26191,37.88429],[127.25281,37.8866],[127.25052,37.89451],[127.25128,37.9063],[127.24776,37.9175],[127.23949,37.91204],[127.22664,37.90865],[127.22357,37.91485],[127.21376,37.90553],[127.20928,37.9028],[127.19961,37.89103],[127.19758,37.88235],[127.18955,37.8741],[127.18424,37.8708],[127.19275,37.86903],[127.19679,37.86218],[127.19191,37.85685],[127.19646,37.84964],[127.20496,37.85371],[127.21388,37.85534],[127.22521,37.85179],[127.23499,37.85208],[127.2426,37.84621],[127.25181,37.8438],[127.25918,37.8495]]]},"properties":{"key":"경기도|포천시|군내면","code":"4165031000"}},{"type":"Feature","geometry":{"type":"Polygon","coordinates":[[[127.28036,37.85543],[127.27542,37.85189],[127.25918,37.8495],[127.25181,37.8438],[127.24723,37.83916],[127.24449,37.83234],[127.24449,37.81895],[127.23133,37.80984],[127.22502,37.81059],[127.21681,37.81568],[127.21529,37.81925],[127.20967,37.82023],[127.20769,37.81504],[127.2022,37.81479],[127.19946,37.80754],[127.192,37.80011],[127.18579,37.79377],[127.18111,37.78372],[127.18266,37.77594],[127.17944,37.77275],[127.18091,37.7631],[127.18431,37.76473],[127.19092,37.76258],[127.21096,37.76461],[127.21405,37.7606],[127.22187,37.75717],[127.22462,37.75359],[127.24047,37.76271],[127.25973,37.7684],[127.26329,37.77682],[127.26652,37.78045],[127.27216,37.79039],[127.27052,37.79378],[127.27875,37.80546],[127.2774,37.80882],[127.27926,37.81639],[127.27415,37.83062],[127.27903,37.84234],[127.2863,37.84831],[127.28036,37.85543]]]},"properties":{"key":"경기도|포천시|내촌면","code":"4165032000"}},{"type":"Feature","geometry":{"type":"Polygon","coordinates":[[[127.25181,37.8438],[127.2426,37.84621],[127.23499,37.85208],[127.22521,37.85179],[127.21388,37.85534],[127.20496,37.85371],[127.19646,37.84964],[127.19191,37.85685],[127.19679,37.86218],[127.19275,37.86903],[127.18424,37.8708],[127.18276,37.86528],[127.17314,37.85893],[127.17338,37.85552],[127.16415,37.84521],[127.15834,37.84346],[127.15555,37.8384],[127.15613,37.83444],[127.16343,37.82804],[127.16585,37.81705],[127.17347,37.8083],[127.18614,37.80547],[127.192,37.80011],[127.19946,37.80754],[127.2022,37.81479],[127.20769,37.81504],[127.20967,37.82023],[127.21529,37.81925],[127.21681,37.81568],[127.22502,37.81059],[127.23133,37.80984],[127.24449,37.81895],[127.24449,37.83234],[127.24723,37.83916],[127.25181,37.8438]]]},"properties":{"key":"경기도|포천시|가산면","code":"4165033000"}},{"type":"Feature","geometry":{"type":"Polygon","coordinates":[[[127.14329,37.99126],[127.14085,37.99203],[127.13255,37.98829],[127.13053,37.98466],[127.1202,37.9795],[127.11733,37.98574],[127.10943,37.98884],[127.10057,37.9897],[127.09119,37.98802],[127.09037,37.9844],[127.09267,37.9749],[127.09171,37.97144],[127.09414,37.96801],[127.09224,37.96005],[127.09912,37.95246],[127.09558,37.94902],[127.09605,37.94365],[127.10801,37.93909],[127.11525,37.9283],[127.1209,37.91703],[127.13284,37.91592],[127.14663,37.91081],[127.14675,37.90442],[127.14966,37.89792],[127.15565,37.89568],[127.15904,37.89655],[127.16111,37.90178],[127.17303,37.91159],[127.1827,37.91162],[127.19073,37.90575],[127.20297,37.90471],[127.20928,37.9028],[127.21376,37.90553],[127.22357,37.91485],[127.22664,37.90865],[127.23949,37.91204],[127.24776,37.9175],[127.24935,37.92386],[127.24763,37.93316],[127.24555,37.93659],[127.25099,37.94494],[127.25209,37.95219],[127.25568,37.95243],[127.25628,37.95467],[127.25919,37.95801],[127.25899,37.96542],[127.25023,37.96642],[127.24298,37.96968],[127.23179,37.96709],[127.23057,37.96228],[127.22014,37.95658],[127.21896,37.9621],[127.21031,37.96585],[127.19944,37.97477],[127.19381,37.96708],[127.18284,37.96768],[127.17995,37.972],[127.17937,37.97873],[127.17201,37.97877],[127.16561,37.98128],[127.16026,37.97734],[127.14897,37.98062],[127.14401,37.9853],[127.14329,37.99126]]]},"properties":{"key":"경기도|포천시|신북면","code":"4165034000"}},{"type":"Feature","geometry":{"type":"Polygon","coordinates":[[[127.18662,38.06444],[127.17482,38.06646],[127.16746,38.06181],[127.15566,38.06263],[127.14874,38.0577],[127.1462,38.06345],[127.14768,38.06968],[127.14421,38.0735],[127.13012,38.06141],[127.11717,38.06065],[127.11423,38.05609],[127.11228,38.05096],[127.11796,38.04391],[127.11436,38.03998],[127.12273,38.03894],[127.12815,38.03668],[127.1336,38.03897],[127.13815,38.03604],[127.13518,38.03084],[127.13979,38.02545],[127.1392,38.02143],[127.14532,38.01565],[127.14024,38.01148],[127.1408,38.00553],[127.14564,38.00095],[127.14687,37.99564],[127.14329,37.99126],[127.14401,37.9853],[127.14897,37.98062],[127.16026,37.97734],[127.16561,37.98128],[127.17201,37.97877],[127.17937,37.97873],[127.17995,37.972],[127.18284,37.96768],[127.19381,37.96708],[127.19944,37.97477],[127.21031,37.96585],[127.21896,37.9621],[127.22014,37.95658],[127.23057,37.96228],[127.23179,37.96709],[127.22199,37.97202],[127.22208,37.9778],[127.21743,37.98272],[127.21655,37.99283],[127.20103,37.99802],[127.20693,38.00549],[127.1966,38.01303],[127.20408,38.01888],[127.20833,38.02441],[127.20579,38.0276],[127.2105,38.03227],[127.21666,38.04157],[127.22477,38.04215],[127.23549,38.04859],[127.23918,38.04844],[127.23678,38.05344],[127.22321,38.05398],[127.21687,38.05704],[127.21749,38.06498],[127.21445,38.06942],[127.20442,38.06769],[127.19874,38.06595],[127.19683,38.05901],[127.18662,38.06444]]]},"properties":{"key":"경기도|포천시|창수면","code":"4165035000"}},{"type":"Feature","geometry":{"type":"Polygon","coordinates":[[[127.23918,38.04844],[127.23549,38.04859],[127.22477,38.04215],[127.21666,38.04157],[127.2105,38.03227],[127.20579,38.0276],[127.20833,38.02441],[127.20408,38.01888],[127.1966,38.01303],[127.20693,38.00549],[127.20103,37.99802],[127.21655,37.99283],[127.21743,37.98272],[127.22208,37.9778],[127.22199,37.97202],[127.23179,37.96709],[127.24298,37.96968],[127.25023,37.96642],[127.25899,37.96542],[127.25919,37.95801],[127.25628,37.95467],[127.26341,37.95412],[127.27339,37.95788],[127.27951,37.95546],[127.28509,37.9573],[127.28798,37.96206],[127.29933,37.9682],[127.3014,37.97233],[127.30017,37.9829],[127.29352,37.98869],[127.28589,37.99291],[127.28169,38.00353],[127.27549,38.00824],[127.27687,38.01579],[127.28863,38.02002],[127.2949,38.0253],[127.2959,38.03657],[127.28524,38.03878],[127.27904,38.03512],[127.27119,38.03616],[127.26264,38.03932],[127.25124,38.04206],[127.24571,38.04086],[127.24084,38.04406],[127.23918,38.04844]]]},"properties":{"key":"경기도|포천시|영중면","code":"4165036000"}},{"type":"Feature","geometry":{"type":"Polygon","coordinates":[[[127.31036,38.0291],[127.30621,38.03743],[127.2959,38.03657],[127.2949,38.0253],[127.28863,38.02002],[127.27687,38.01579],[127.27549,38.00824],[127.28169,38.00353],[127.28589,37.99291],[127.29352,37.98869],[127.30017,37.9829],[127.3014,37.97233],[127.29933,37.9682],[127.28798,37.96206],[127.28509,37.9573],[127.27951,37.95546],[127.27339,37.95788],[127.26341,37.95412],[127.25628,37.95467],[127.25568,37.95243],[127.2609,37.94632],[127.26752,37.92852],[127.27231,37.92254],[127.28263,37.91709],[127.29512,37.91536],[127.29944,37.92087],[127.3062,37.91899],[127.31234,37.92247],[127.32899,37.92203],[127.33303,37.9265],[127.33729,37.92377],[127.34518,37.92721],[127.35031,37.92233],[127.35583,37.92165],[127.3643,37.92595],[127.37195,37.93386],[127.38428,37.94354],[127.38235,37.95045],[127.37683,37.95293],[127.37951,37.95647],[127.37614,37.96153],[127.38264,37.9697],[127.38245,37.97422],[127.38504,37.98241],[127.3784,37.98563],[127.37788,37.98887],[127.36575,37.99551],[127.35516,38.00452],[127.34947,38.00471],[127.34248,38.00758],[127.32855,38.00019],[127.32255,38.0041],[127.31045,38.00299],[127.31422,38.00893],[127.30947,38.01629],[127.31036,38.0291]]]},"properties":{"key":"경기도|포천시|일동면","code":"4165037000"}},{"type":"Feature","geometry":{"type":"Polygon","coordinates":[[[127.43057,38.11528],[127.41519,38.10367],[127.41206,38.10272],[127.40581,38.10639],[127.4034,38.11289],[127.38576,38.11426],[127.37827,38.11776],[127.3727,38.11435],[127.37061,38.10984],[127.36445,38.10704],[127.35635,38.10631],[127.35337,38.10434],[127.34601,38.10426],[127.3381,38.1005],[127.33739,38.08982],[127.34117,38.0851],[127.34803,38.08698],[127.35369,38.08517],[127.35424,38.07156],[127.34631,38.07057],[127.34469,38.06496],[127.34613,38.06042],[127.34627,38.051],[127.351,38.04554],[127.34753,38.04024],[127.34252,38.03804],[127.33548,38.04325],[127.32143,38.04103],[127.3128,38.0294],[127.31036,38.0291],[127.30947,38.01629],[127.31422,38.00893],[127.31045,38.00299],[127.32255,38.0041],[127.32855,38.00019],[127.34248,38.00758],[127.34947,38.00471],[127.35516,38.00452],[127.36575,37.99551],[127.37788,37.98887],[127.3784,37.98563],[127.38504,37.98241],[127.3898,37.98268],[127.39942,37.9894],[127.4065,37.99163],[127.40907,37.9963],[127.41302,37.9978],[127.41481,38.00692],[127.41828,38.01475],[127.42349,38.02015],[127.42719,38.02749],[127.42491,38.0334],[127.43355,38.03673],[127.44177,38.04478],[127.44566,38.05098],[127.44394,38.0585],[127.44589,38.06235],[127.44694,38.07952],[127.4444,38.09752],[127.441,38.10817],[127.43057,38.11528]]]},"properties":{"key":"경기도|포천시|이동면","code":"4165038000"}},{"type":"Feature","geometry":{"type":"Polygon","coordinates":[[[127.33739,38.08982],[127.33032,38.09411],[127.32119,38.09522],[127.314,38.10462],[127.31129,38.11597],[127.30723,38.11936],[127.30274,38.11568],[127.2832,38.11648],[127.28305,38.12337],[127.27674,38.12545],[127.2673,38.12473],[127.26421,38.12135],[127.26639,38.11676],[127.26248,38.11348],[127.26321,38.10842],[127.2553,38.10418],[127.24787,38.09802],[127.23348,38.10015],[127.23057,38.09084],[127.22503,38.0919],[127.21851,38.08719],[127.21552,38.08053],[127.20637,38.07616],[127.20827,38.07014],[127.20442,38.06769],[127.21445,38.06942],[127.21749,38.06498],[127.21687,38.05704],[127.22321,38.05398],[127.23678,38.05344],[127.23918,38.04844],[127.24084,38.04406],[127.24571,38.04086],[127.25124,38.04206],[127.26264,38.03932],[127.27119,38.03616],[127.27904,38.03512],[127.28524,38.03878],[127.2959,38.03657],[127.30621,38.03743],[127.31036,38.0291],[127.3128,38.0294],[127.32143,38.04103],[127.33548,38.04325],[127.34252,38.03804],[127.34753,38.04024],[127.351,38.04554],[127.34627,38.051],[127.34613,38.06042],[127.34469,38.06496],[127.34631,38.07057],[127.35424,38.07156],[127.35369,38.08517],[127.34803,38.08698],[127.34117,38.0851],[127.33739,38.08982]]]},"properties":{"key":"경기도|포천시|영북면","code":"4165039000"}},{"type":"Feature","geometry":{"type":"Polygon","coordinates":[[[127.28658,38.18034],[127.28283,38.18291],[127.26651,38.18064],[127.26352,38.17146],[127.2585,38.16865],[127.25434,38.1628],[127.23962,38.15454],[127.23508,38.14801],[127.22327,38.14686],[127.22189,38.13763],[127.20859,38.14692],[127.20265,38.15357],[127.19025,38.16042],[127.18604,38.17339],[127.18885,38.18631],[127.1904,38.18886],[127.17938,38.18465],[127.17765,38.17644],[127.17428,38.17274],[127.17394,38.16111],[127.17718,38.15151],[127.17682,38.14673],[127.17356,38.1432],[127.17577,38.12881],[127.17156,38.12156],[127.18266,38.11665],[127.18433,38.11402],[127.18221,38.10731],[127.18451,38.09223],[127.19225,38.08249],[127.19073,38.07784],[127.18625,38.07431],[127.18662,38.06444],[127.19683,38.05901],[127.19874,38.06595],[127.20442,38.06769],[127.20827,38.07014],[127.20637,38.07616],[127.21552,38.08053],[127.21851,38.08719],[127.22503,38.0919],[127.23057,38.09084],[127.23348,38.10015],[127.24787,38.09802],[127.2553,38.10418],[127.26321,38.10842],[127.26248,38.11348],[127.26639,38.11676],[127.26421,38.12135],[127.2673,38.12473],[127.27674,38.12545],[127.27739,38.13249],[127.27577,38.13722],[127.28417,38.14593],[127.28724,38.15233],[127.28464,38.15775],[127.28752,38.16088],[127.28725,38.16871],[127.29586,38.17642],[127.28933,38.1769],[127.28658,38.18034]]]},"properties":{"key":"경기도|포천시|관인면","code":"4165040000"}},{"type":"Feature","geometry":{"type":"Polygon","coordinates":[[[127.25568,37.95243],[127.25209,37.95219],[127.25099,37.94494],[127.24555,37.93659],[127.24763,37.93316],[127.24935,37.92386],[127.24776,37.9175],[127.25128,37.9063],[127.25052,37.89451],[127.25281,37.8866],[127.26191,37.88429],[127.264,37.87565],[127.26712,37.87164],[127.26653,37.85738],[127.25879,37.85214],[127.25918,37.8495],[127.27542,37.85189],[127.28036,37.85543],[127.28466,37.85998],[127.28588,37.86558],[127.29154,37.87414],[127.29617,37.86887],[127.3057,37.86879],[127.3121,37.86612],[127.32375,37.87374],[127.3237,37.88785],[127.32913,37.89431],[127.32737,37.9025],[127.33039,37.91004],[127.32786,37.91241],[127.33077,37.91675],[127.32899,37.92203],[127.31234,37.92247],[127.3062,37.91899],[127.29944,37.92087],[127.29512,37.91536],[127.28263,37.91709],[127.27231,37.92254],[127.26752,37.92852],[127.2609,37.94632],[127.25568,37.95243]]]},"properties":{"key":"경기도|포천시|화현면","code":"4165041000"}},{"type":"Feature","geometry":{"type":"Polygon","coordinates":[[[127.20928,37.9028],[127.20297,37.90471],[127.19073,37.90575],[127.1827,37.91162],[127.17303,37.91159],[127.16111,37.90178],[127.15904,37.89655],[127.15565,37.89568],[127.1534,37.89055],[127.16315,37.88808],[127.17089,37.88225],[127.18443,37.87678],[127.18424,37.8708],[127.18955,37.8741],[127.19758,37.88235],[127.19961,37.89103],[127.20928,37.9028]]]},"properties":{"key":"경기도|포천시|포천동","code":"4165051000"}},{"type":"Feature","geometry":{"type":"Polygon","coordinates":[[[127.18424,37.8708],[127.18443,37.87678],[127.17089,37.88225],[127.16315,37.88808],[127.1534,37.89055],[127.14946,37.88439],[127.14696,37.87603],[127.13984,37.87621],[127.13478,37.87373],[127.12856,37.87391],[127.12316,37.86716],[127.11368,37.86548],[127.10919,37.85985],[127.11036,37.85557],[127.11485,37.85034],[127.11567,37.83854],[127.11806,37.83327],[127.12216,37.83323],[127.13285,37.83937],[127.14641,37.84069],[127.15555,37.8384],[127.15834,37.84346],[127.16415,37.84521],[127.17338,37.85552],[127.17314,37.85893],[127.18276,37.86528],[127.18424,37.8708]]]},"properties":{"key":"경기도|포천시|선단동","code":"4165052000"}},{"type":"Feature","geometry":{"type":"Polygon","coordinates":[[[127.599,37.25106],[127.59365,37.24929],[127.58896,37.25104],[127.57968,37.24813],[127.57438,37.24966],[127.567,37.25503],[127.54629,37.25299],[127.53737,37.24663],[127.5252,37.23923],[127.52696,37.22946],[127.5255,37.22757],[127.52761,37.22739],[127.53147,37.20823],[127.53128,37.19999],[127.5196,37.18761],[127.51597,37.18532],[127.51755,37.18213],[127.52286,37.18124],[127.52789,37.17296],[127.54681,37.17419],[127.55338,37.17559],[127.56039,37.18022],[127.56618,37.1764],[127.57051,37.17023],[127.57754,37.17728],[127.57238,37.18486],[127.57637,37.18916],[127.58367,37.18695],[127.59303,37.18963],[127.59795,37.18815],[127.60484,37.17891],[127.61239,37.17338],[127.61522,37.16403],[127.61947,37.16244],[127.63077,37.16567],[127.64813,37.17262],[127.65001,37.1812],[127.64713,37.19118],[127.63964,37.19589],[127.63799,37.19924],[127.64157,37.20799],[127.64116,37.21217],[127.62702,37.21609],[127.61932,37.2217],[127.61585,37.23338],[127.60954,37.23343],[127.60258,37.24282],[127.60409,37.24659],[127.599,37.25106]]]},"properties":{"key":"경기도|여주시|가남읍","code":"4167025000"}},{"type":"Feature","geometry":{"type":"Polygon","coordinates":[[[127.7464,37.22963],[127.74315,37.22815],[127.73279,37.22833],[127.72632,37.23049],[127.71023,37.22954],[127.7016,37.22809],[127.69481,37.2294],[127.68902,37.23474],[127.68531,37.24332],[127.67185,37.24247],[127.66619,37.23737],[127.66559,37.23137],[127.65193,37.22478],[127.64815,37.22184],[127.64907,37.21584],[127.64116,37.21217],[127.64157,37.20799],[127.63799,37.19924],[127.63964,37.19589],[127.64713,37.19118],[127.65001,37.1812],[127.64813,37.17262],[127.63077,37.16567],[127.62876,37.1538],[127.63866,37.15308],[127.64791,37.15058],[127.65567,37.14505],[127.65752,37.14201],[127.66799,37.1368],[127.68791,37.13531],[127.69543,37.14045],[127.69403,37.14407],[127.69594,37.1521],[127.70399,37.15649],[127.70458,37.16664],[127.70967,37.17211],[127.71062,37.17589],[127.7183,37.18382],[127.72669,37.183],[127.72862,37.19187],[127.73276,37.19609],[127.7331,37.20166],[127.73668,37.2099],[127.74792,37.21668],[127.75078,37.22175],[127.75,37.22678],[127.7464,37.22963]]]},"properties":{"key":"경기도|여주시|점동면","code":"4167031000"}},{"type":"Feature","geometry":{"type":"Polygon","coordinates":[[[127.61996,37.31979],[127.60592,37.32807],[127.60756,37.33878],[127.60474,37.34448],[127.59474,37.347],[127.57382,37.35759],[127.56259,37.36149],[127.56705,37.35557],[127.5721,37.34347],[127.57212,37.33248],[127.57431,37.33182],[127.57441,37.32291],[127.56813,37.31123],[127.56607,37.30324],[127.56164,37.30022],[127.54273,37.29475],[127.53438,37.28928],[127.52919,37.27352],[127.53318,37.2562],[127.53707,37.25161],[127.53737,37.24663],[127.54629,37.25299],[127.567,37.25503],[127.57438,37.24966],[127.57968,37.24813],[127.58896,37.25104],[127.59365,37.24929],[127.599,37.25106],[127.60136,37.26225],[127.60089,37.26818],[127.59802,37.27294],[127.59964,37.28061],[127.59711,37.28676],[127.59913,37.2893],[127.60881,37.28832],[127.61712,37.28944],[127.6183,37.29229],[127.62621,37.29704],[127.61837,37.30105],[127.61777,37.30988],[127.61996,37.31979]]]},"properties":{"key":"경기도|여주시|세종대왕면","code":"4167034500"}},{"type":"Feature","geometry":{"type":"Polygon","coordinates":[[[127.56259,37.36149],[127.55591,37.36478],[127.54227,37.36785],[127.54474,37.37402],[127.54346,37.38321],[127.53909,37.39143],[127.53276,37.38864],[127.5344,37.38266],[127.52858,37.38329],[127.52542,37.37986],[127.51524,37.37873],[127.51091,37.3698],[127.50304,37.36699],[127.4947,37.36677],[127.48894,37.36896],[127.48146,37.36747],[127.47608,37.36838],[127.47049,37.36152],[127.48724,37.34905],[127.48952,37.34236],[127.5026,37.33788],[127.5136,37.33939],[127.52151,37.32969],[127.52919,37.32661],[127.52654,37.32247],[127.52905,37.31707],[127.53608,37.31345],[127.54261,37.31306],[127.54636,37.30994],[127.54644,37.30181],[127.54273,37.29475],[127.56164,37.30022],[127.56607,37.30324],[127.56813,37.31123],[127.57441,37.32291],[127.57431,37.33182],[127.57212,37.33248],[127.5721,37.34347],[127.56705,37.35557],[127.56259,37.36149]]]},"properties":{"key":"경기도|여주시|흥천면","code":"4167032000"}},{"type":"Feature","geometry":{"type":"Polygon","coordinates":[[[127.53696,37.41131],[127.53444,37.41932],[127.52882,37.42863],[127.52286,37.43474],[127.50801,37.43981],[127.50555,37.43812],[127.49994,37.43238],[127.49649,37.42493],[127.48864,37.42387],[127.4836,37.42033],[127.47906,37.4141],[127.46499,37.40898],[127.46988,37.39851],[127.46384,37.3921],[127.46531,37.38724],[127.46131,37.38449],[127.46087,37.37811],[127.45729,37.3706],[127.44592,37.36342],[127.44246,37.35844],[127.44884,37.35219],[127.45487,37.35416],[127.46022,37.3582],[127.47049,37.36152],[127.47608,37.36838],[127.48146,37.36747],[127.48894,37.36896],[127.4947,37.36677],[127.50304,37.36699],[127.51091,37.3698],[127.51524,37.37873],[127.52542,37.37986],[127.52858,37.38329],[127.5344,37.38266],[127.53276,37.38864],[127.53909,37.39143],[127.53942,37.40353],[127.53696,37.41131]]]},"properties":{"key":"경기도|여주시|금사면","code":"4167033000"}},{"type":"Feature","geometry":{"type":"Polygon","coordinates":[[[127.42645,37.43774],[127.42287,37.43951],[127.41462,37.43217],[127.40738,37.43009],[127.40063,37.42138],[127.39821,37.41575],[127.40406,37.41008],[127.40964,37.40776],[127.41283,37.40319],[127.41281,37.3982],[127.41742,37.38949],[127.42157,37.38592],[127.42974,37.38803],[127.43543,37.38642],[127.4425,37.38738],[127.44528,37.38133],[127.44376,37.36979],[127.44592,37.36342],[127.45729,37.3706],[127.46087,37.37811],[127.46131,37.38449],[127.46531,37.38724],[127.46384,37.3921],[127.46988,37.39851],[127.46499,37.40898],[127.47906,37.4141],[127.4836,37.42033],[127.48864,37.42387],[127.49649,37.42493],[127.49994,37.43238],[127.50555,37.43812],[127.49838,37.43326],[127.48836,37.43365],[127.48523,37.43223],[127.47965,37.42366],[127.47431,37.42233],[127.47171,37.42497],[127.45431,37.42895],[127.4417,37.43427],[127.42645,37.43774]]]},"properties":{"key":"경기도|여주시|산북면","code":"4167038000"}},{"type":"Feature","geometry":{"type":"Polygon","coordinates":[[[127.64624,37.40461],[127.63538,37.41347],[127.62705,37.4134],[127.62026,37.40901],[127.61694,37.41485],[127.61114,37.41552],[127.60012,37.42063],[127.59056,37.42279],[127.58851,37.41732],[127.57963,37.41593],[127.57175,37.41164],[127.56004,37.41753],[127.55416,37.41728],[127.55075,37.4114],[127.54737,37.40987],[127.53696,37.41131],[127.53942,37.40353],[127.53909,37.39143],[127.54346,37.38321],[127.54474,37.37402],[127.54227,37.36785],[127.55591,37.36478],[127.56259,37.36149],[127.57382,37.35759],[127.59474,37.347],[127.60474,37.34448],[127.60756,37.33878],[127.60592,37.32807],[127.61996,37.31979],[127.62223,37.32282],[127.62789,37.32343],[127.63491,37.33427],[127.63847,37.33736],[127.64271,37.33638],[127.64719,37.34113],[127.6518,37.34309],[127.65534,37.34814],[127.66145,37.34676],[127.6635,37.35285],[127.66032,37.35418],[127.65337,37.3624],[127.65264,37.36999],[127.65713,37.3805],[127.65156,37.38891],[127.64819,37.38912],[127.64585,37.39529],[127.64624,37.40461]]]},"properties":{"key":"경기도|여주시|대신면","code":"4167035000"}},{"type":"Feature","geometry":{"type":"Polygon","coordinates":[[[127.70779,37.41067],[127.6987,37.40741],[127.69491,37.40341],[127.687,37.39953],[127.68723,37.41058],[127.68445,37.41266],[127.66844,37.41189],[127.65854,37.41747],[127.65207,37.40759],[127.64624,37.40461],[127.64585,37.39529],[127.64819,37.38912],[127.65156,37.38891],[127.65713,37.3805],[127.65264,37.36999],[127.65337,37.3624],[127.66032,37.35418],[127.6635,37.35285],[127.66145,37.34676],[127.66412,37.34143],[127.6593,37.33669],[127.65745,37.32581],[127.66251,37.3203],[127.67373,37.31192],[127.67613,37.30698],[127.67684,37.29589],[127.67959,37.29375],[127.69047,37.29672],[127.69707,37.30252],[127.69884,37.30943],[127.70547,37.31291],[127.70785,37.31623],[127.72448,37.31446],[127.7376,37.31804],[127.73502,37.32188],[127.73607,37.32858],[127.73995,37.33456],[127.73921,37.34155],[127.73128,37.34694],[127.7287,37.35533],[127.72385,37.35941],[127.71982,37.37108],[127.71102,37.37173],[127.70729,37.37015],[127.70131,37.37388],[127.70294,37.38059],[127.706,37.3832],[127.70336,37.38803],[127.7046,37.39255],[127.71436,37.39849],[127.7157,37.40164],[127.70779,37.41067]]]},"properties":{"key":"경기도|여주시|북내면","code":"4167036000"}},{"type":"Feature","geometry":{"type":"Polygon","coordinates":[[[127.75948,37.36704],[127.75241,37.36923],[127.74578,37.3689],[127.73867,37.3714],[127.73205,37.37567],[127.72391,37.37119],[127.71982,37.37108],[127.72385,37.35941],[127.7287,37.35533],[127.73128,37.34694],[127.73921,37.34155],[127.73995,37.33456],[127.73607,37.32858],[127.73502,37.32188],[127.7376,37.31804],[127.72448,37.31446],[127.70785,37.31623],[127.70547,37.31291],[127.69884,37.30943],[127.69707,37.30252],[127.69047,37.29672],[127.67959,37.29375],[127.67747,37.29292],[127.68118,37.28637],[127.68547,37.27502],[127.6817,37.26115],[127.68258,37.24942],[127.68531,37.24332],[127.68902,37.23474],[127.69481,37.2294],[127.7016,37.22809],[127.71023,37.22954],[127.72632,37.23049],[127.73279,37.22833],[127.74315,37.22815],[127.7464,37.22963],[127.74886,37.24748],[127.75367,37.25124],[127.75831,37.25803],[127.75732,37.26482],[127.7547,37.27852],[127.75578,37.28284],[127.7538,37.28901],[127.75613,37.29346],[127.75477,37.29769],[127.76192,37.30211],[127.76768,37.30289],[127.76857,37.30783],[127.76219,37.32078],[127.76036,37.32912],[127.76069,37.34072],[127.75779,37.34621],[127.76117,37.36379],[127.75948,37.36704]]]},"properties":{"key":"경기도|여주시|강천면","code":"4167037000"}},{"type":"Feature","geometry":{"type":"Polygon","coordinates":[[[127.67747,37.29292],[127.67288,37.29742],[127.66455,37.29721],[127.65385,37.2946],[127.6375,37.30045],[127.63158,37.28614],[127.63507,37.28397],[127.63739,37.27833],[127.64493,37.27885],[127.64374,37.2695],[127.63802,37.26738],[127.63018,37.26676],[127.6264,37.26333],[127.62442,37.25785],[127.61312,37.25206],[127.60847,37.24588],[127.60258,37.24282],[127.60954,37.23343],[127.61585,37.23338],[127.61932,37.2217],[127.62702,37.21609],[127.64116,37.21217],[127.64907,37.21584],[127.64815,37.22184],[127.65193,37.22478],[127.66559,37.23137],[127.66619,37.23737],[127.67185,37.24247],[127.68531,37.24332],[127.68258,37.24942],[127.6817,37.26115],[127.68547,37.27502],[127.68118,37.28637],[127.67747,37.29292]]]},"properties":{"key":"경기도|여주시|여흥동","code":"4167051000"}},{"type":"Feature","geometry":{"type":"Polygon","coordinates":[[[127.6375,37.30045],[127.62941,37.30702],[127.62583,37.31648],[127.61996,37.31979],[127.61777,37.30988],[127.61837,37.30105],[127.62621,37.29704],[127.6183,37.29229],[127.61712,37.28944],[127.60881,37.28832],[127.59913,37.2893],[127.59711,37.28676],[127.59964,37.28061],[127.59802,37.27294],[127.60089,37.26818],[127.60136,37.26225],[127.599,37.25106],[127.60409,37.24659],[127.60258,37.24282],[127.60847,37.24588],[127.61312,37.25206],[127.62442,37.25785],[127.6264,37.26333],[127.63018,37.26676],[127.63802,37.26738],[127.64374,37.2695],[127.64493,37.27885],[127.63739,37.27833],[127.63507,37.28397],[127.63158,37.28614],[127.6375,37.30045]]]},"properties":{"key":"경기도|여주시|중앙동","code":"4167052000"}},{"type":"Feature","geometry":{"type":"Polygon","coordinates":[[[127.66145,37.34676],[127.65534,37.34814],[127.6518,37.34309],[127.64719,37.34113],[127.64271,37.33638],[127.63847,37.33736],[127.63491,37.33427],[127.62789,37.32343],[127.62223,37.32282],[127.61996,37.31979],[127.62583,37.31648],[127.62941,37.30702],[127.6375,37.30045],[127.65385,37.2946],[127.66455,37.29721],[127.67288,37.29742],[127.67747,37.29292],[127.67959,37.29375],[127.67684,37.29589],[127.67613,37.30698],[127.67373,37.31192],[127.66251,37.3203],[127.65745,37.32581],[127.6593,37.33669],[127.66412,37.34143],[127.66145,37.34676]]]},"properties":{"key":"경기도|여주시|오학동","code":"4167053000"}},{"type":"Feature","geometry":{"type":"Polygon","coordinates":[[[127.17156,38.12156],[127.16187,38.11505],[127.1561,38.11704],[127.1531,38.11406],[127.14563,38.11277],[127.13624,38.12251],[127.13234,38.12851],[127.12534,38.13228],[127.11756,38.13242],[127.11599,38.13565],[127.09703,38.13703],[127.09627,38.14731],[127.08342,38.16114],[127.08248,38.17068],[127.07686,38.16968],[127.07493,38.1645],[127.06901,38.16179],[127.06795,38.15758],[127.06636,38.1493],[127.0546,38.14192],[127.05111,38.13675],[127.06263,38.12851],[127.07049,38.12453],[127.06252,38.11591],[127.06425,38.10925],[127.05592,38.10336],[127.05713,38.0981],[127.05427,38.09255],[127.05729,38.08496],[127.05585,38.07613],[127.06122,38.07371],[127.06826,38.07706],[127.06833,38.07022],[127.06351,38.06362],[127.05888,38.06149],[127.06259,38.05955],[127.07972,38.06385],[127.08208,38.06212],[127.09902,38.06221],[127.10409,38.05871],[127.11423,38.05609],[127.11717,38.06065],[127.13012,38.06141],[127.14421,38.0735],[127.14768,38.06968],[127.1462,38.06345],[127.14874,38.0577],[127.15566,38.06263],[127.16746,38.06181],[127.17482,38.06646],[127.18662,38.06444],[127.18625,38.07431],[127.19073,38.07784],[127.19225,38.08249],[127.18451,38.09223],[127.18221,38.10731],[127.18433,38.11402],[127.18266,38.11665],[127.17156,38.12156]]]},"properties":{"key":"경기도|연천군|연천읍","code":"4180025000"}},{"type":"Feature","geometry":{"type":"Polygon","coordinates":[[[127.11423,38.05609],[127.10409,38.05871],[127.09902,38.06221],[127.08208,38.06212],[127.07972,38.06385],[127.06259,38.05955],[127.05888,38.06149],[127.0572,38.05588],[127.05932,38.04263],[127.05853,38.03962],[127.05256,38.03488],[127.04948,38.0293],[127.05365,38.02322],[127.04721,38.02079],[127.03683,38.02014],[127.02407,38.0164],[127.02085,38.00706],[127.01593,38.00386],[127.0099,38.00516],[127.00236,38.01054],[126.9971,38.01218],[126.98826,38.00953],[126.99215,38.00337],[127.00099,37.99625],[127.01528,37.99231],[127.01704,37.98693],[127.0126,37.98457],[127.01129,37.97612],[127.00853,37.97384],[126.99635,37.9732],[126.99122,37.96694],[126.98852,37.96009],[126.97912,37.95408],[126.97744,37.94614],[126.97336,37.94203],[126.98101,37.93746],[126.98545,37.93889],[126.9932,37.93451],[127.00131,37.93303],[127.01005,37.92757],[127.01399,37.92996],[127.01676,37.93662],[127.02757,37.94315],[127.0293,37.95573],[127.03921,37.95783],[127.04493,37.97],[127.05326,37.98134],[127.05355,37.9862],[127.05711,37.98897],[127.06118,37.99982],[127.06455,38.00495],[127.06953,38.00459],[127.07982,38.01649],[127.07478,38.02909],[127.08216,38.04207],[127.07995,38.04634],[127.08062,38.05678],[127.0882,38.05968],[127.09157,38.05637],[127.0994,38.05753],[127.09653,38.05],[127.10528,38.03634],[127.11436,38.03998],[127.11796,38.04391],[127.11228,38.05096],[127.11423,38.05609]]]},"properties":{"key":"경기도|연천군|전곡읍","code":"4180025300"}},{"type":"Feature","geometry":{"type":"Polygon","coordinates":[[[127.05888,38.06149],[127.06351,38.06362],[127.06833,38.07022],[127.06826,38.07706],[127.06122,38.07371],[127.05585,38.07613],[127.05729,38.08496],[127.05427,38.09255],[127.05713,38.0981],[127.05592,38.10336],[127.06425,38.10925],[127.06252,38.11591],[127.07049,38.12453],[127.06263,38.12851],[127.05111,38.13675],[127.04434,38.13112],[127.04101,38.12561],[127.03578,38.12252],[127.02645,38.12095],[127.02533,38.11371],[127.01528,38.09891],[127.00965,38.09305],[127.006,38.08483],[127.0106,38.06943],[127.01586,38.05844],[127.02492,38.05035],[127.02437,38.04323],[127.02604,38.03771],[127.01964,38.0295],[127.01951,38.02341],[127.01385,38.01533],[127.01351,38.00769],[127.0099,38.00516],[127.01593,38.00386],[127.02085,38.00706],[127.02407,38.0164],[127.03683,38.02014],[127.04721,38.02079],[127.05365,38.02322],[127.04948,38.0293],[127.05256,38.03488],[127.05853,38.03962],[127.05932,38.04263],[127.0572,38.05588],[127.05888,38.06149]]]},"properties":{"key":"경기도|연천군|군남면","code":"4180031000"}},{"type":"Feature","geometry":{"type":"Polygon","coordinates":[[[127.11436,38.03998],[127.10528,38.03634],[127.09653,38.05],[127.0994,38.05753],[127.09157,38.05637],[127.0882,38.05968],[127.08062,38.05678],[127.07995,38.04634],[127.08216,38.04207],[127.07478,38.02909],[127.07982,38.01649],[127.06953,38.00459],[127.06455,38.00495],[127.06118,37.99982],[127.05711,37.98897],[127.05355,37.9862],[127.05326,37.98134],[127.06439,37.9796],[127.0661,37.97528],[127.07618,37.97668],[127.08457,37.97562],[127.09171,37.97144],[127.09267,37.9749],[127.09037,37.9844],[127.09119,37.98802],[127.10057,37.9897],[127.10943,37.98884],[127.11733,37.98574],[127.1202,37.9795],[127.13053,37.98466],[127.13255,37.98829],[127.14085,37.99203],[127.14329,37.99126],[127.14687,37.99564],[127.14564,38.00095],[127.1408,38.00553],[127.14024,38.01148],[127.14532,38.01565],[127.1392,38.02143],[127.13979,38.02545],[127.13518,38.03084],[127.13815,38.03604],[127.1336,38.03897],[127.12815,38.03668],[127.12273,38.03894],[127.11436,38.03998]]]},"properties":{"key":"경기도|연천군|청산면","code":"4180032000"}},{"type":"Feature","geometry":{"type":"Polygon","coordinates":[[[127.01586,38.05844],[127.00792,38.05504],[127.00226,38.05607],[126.99399,38.06137],[126.98872,38.06011],[126.98343,38.06219],[126.97,38.06472],[126.96374,38.06452],[126.96148,38.06068],[126.952,38.05999],[126.94684,38.06192],[126.9401,38.0565],[126.93513,38.05525],[126.93288,38.04345],[126.929,38.03946],[126.92555,38.02914],[126.93083,38.02867],[126.93415,38.02248],[126.94081,38.01756],[126.95058,38.01623],[126.95507,38.01375],[126.96386,38.01523],[126.96713,38.01264],[126.96957,38.00333],[126.99215,38.00337],[126.98826,38.00953],[126.9971,38.01218],[127.00236,38.01054],[127.0099,38.00516],[127.01351,38.00769],[127.01385,38.01533],[127.01951,38.02341],[127.01964,38.0295],[127.02604,38.03771],[127.02437,38.04323],[127.02492,38.05035],[127.01586,38.05844]]]},"properties":{"key":"경기도|연천군|미산면","code":"4180034000"}},{"type":"Feature","geometry":{"type":"Polygon","coordinates":[[[126.96483,38.13582],[126.956,38.1346],[126.94411,38.13464],[126.93235,38.13165],[126.92701,38.12852],[126.91706,38.13672],[126.9047,38.13789],[126.90048,38.13343],[126.88919,38.12882],[126.88366,38.11625],[126.86716,38.11118],[126.85607,38.09966],[126.86057,38.08587],[126.86695,38.08032],[126.87356,38.07954],[126.89328,38.07439],[126.89309,38.06979],[126.90223,38.06394],[126.90539,38.06017],[126.91873,38.05896],[126.91797,38.06605],[126.91888,38.07949],[126.92435,38.08255],[126.93918,38.081],[126.93681,38.07521],[126.93747,38.0666],[126.94684,38.06192],[126.952,38.05999],[126.96148,38.06068],[126.96374,38.06452],[126.97,38.06472],[126.98343,38.06219],[126.98872,38.06011],[126.99399,38.06137],[127.00226,38.05607],[127.00792,38.05504],[127.01586,38.05844],[127.0106,38.06943],[127.006,38.08483],[127.00965,38.09305],[127.01528,38.09891],[127.02533,38.11371],[127.02645,38.12095],[127.02525,38.12335],[127.01324,38.12715],[127.0088,38.13091],[127.00088,38.1323],[126.99343,38.13002],[126.99115,38.12567],[126.99036,38.11215],[126.98586,38.10743],[126.9747,38.10584],[126.96356,38.10764],[126.95864,38.11381],[126.95429,38.12757],[126.95863,38.13232],[126.96483,38.13582]]]},"properties":{"key":"경기도|연천군|왕징면","code":"4180035000"}},{"type":"Feature","geometry":{"type":"Polygon","coordinates":[[[127.17938,38.18465],[127.17389,38.1917],[127.1665,38.19782],[127.17202,38.20559],[127.16956,38.21385],[127.15947,38.21941],[127.15956,38.22551],[127.16249,38.23222],[127.15836,38.2389],[127.14851,38.24251],[127.14697,38.23972],[127.13592,38.23615],[127.13054,38.23256],[127.12288,38.23251],[127.113,38.23759],[127.11013,38.24216],[127.11046,38.25169],[127.11399,38.26527],[127.10928,38.29204],[127.09331,38.28211],[127.08586,38.27927],[127.076,38.27808],[127.07256,38.27169],[127.06686,38.26568],[127.05506,38.259],[127.04189,38.25902],[127.03286,38.24844],[127.02093,38.24588],[127.02218,38.24038],[127.01417,38.23706],[127.008,38.22612],[127.01586,38.2238],[127.01778,38.22047],[127.02974,38.21931],[127.03022,38.21544],[127.02656,38.21163],[127.02714,38.2083],[127.03417,38.20582],[127.04195,38.20577],[127.04847,38.20085],[127.04668,38.19713],[127.05041,38.19216],[127.04764,38.18555],[127.05345,38.17251],[127.06027,38.17172],[127.06795,38.15758],[127.06901,38.16179],[127.07493,38.1645],[127.07686,38.16968],[127.08248,38.17068],[127.08342,38.16114],[127.09627,38.14731],[127.09703,38.13703],[127.11599,38.13565],[127.11756,38.13242],[127.12534,38.13228],[127.13234,38.12851],[127.13624,38.12251],[127.14563,38.11277],[127.1531,38.11406],[127.1561,38.11704],[127.16187,38.11505],[127.17156,38.12156],[127.17577,38.12881],[127.17356,38.1432],[127.17682,38.14673],[127.17718,38.15151],[127.17394,38.16111],[127.17428,38.17274],[127.17765,38.17644],[127.17938,38.18465]]]},"properties":{"key":"경기도|연천군|신서면","code":"4180036000"}},{"type":"Feature","geometry":{"type":"Polygon","coordinates":[[[127.008,38.22612],[127.00151,38.223],[126.99159,38.22947],[126.99026,38.22693],[126.98203,38.22746],[126.97816,38.22214],[126.98107,38.21984],[126.98395,38.21212],[126.97546,38.19986],[126.96679,38.19911],[126.96669,38.19441],[126.96292,38.19053],[126.96826,38.1861],[126.96918,38.18193],[126.96572,38.1714],[126.95003,38.15911],[126.96827,38.14717],[126.96992,38.14354],[126.96483,38.13582],[126.95863,38.13232],[126.95429,38.12757],[126.95864,38.11381],[126.96356,38.10764],[126.9747,38.10584],[126.98586,38.10743],[126.99036,38.11215],[126.99115,38.12567],[126.99343,38.13002],[127.00088,38.1323],[127.0088,38.13091],[127.01324,38.12715],[127.02525,38.12335],[127.02645,38.12095],[127.03578,38.12252],[127.04101,38.12561],[127.04434,38.13112],[127.05111,38.13675],[127.0546,38.14192],[127.06636,38.1493],[127.06795,38.15758],[127.06027,38.17172],[127.05345,38.17251],[127.04764,38.18555],[127.05041,38.19216],[127.04668,38.19713],[127.04847,38.20085],[127.04195,38.20577],[127.03417,38.20582],[127.02714,38.2083],[127.02656,38.21163],[127.03022,38.21544],[127.02974,38.21931],[127.01778,38.22047],[127.01586,38.2238],[127.008,38.22612]]]},"properties":{"key":"경기도|연천군|중면","code":"4180037000"}},{"type":"Feature","geometry":{"type":"Polygon","coordinates":[[[126.89546,37.99937],[126.89836,38.00376],[126.89329,38.00549],[126.88069,38.00229],[126.87464,38.00382],[126.87254,38.01856],[126.85754,38.02696],[126.85359,38.03148],[126.84562,38.03178],[126.8391,38.03383],[126.83184,38.03375],[126.82874,38.02019],[126.82314,38.01188],[126.82517,38.0007],[126.83046,37.99872],[126.82955,37.9931],[126.8074,37.99375],[126.80091,37.992],[126.7985,37.98771],[126.80451,37.97075],[126.81045,37.96767],[126.81388,37.96889],[126.81847,37.96409],[126.82073,37.95746],[126.8283,37.9598],[126.83594,37.96403],[126.84023,37.98095],[126.84809,37.98704],[126.85494,37.98724],[126.87184,37.97115],[126.88137,37.96682],[126.88776,37.96614],[126.89546,37.9711],[126.89157,37.98248],[126.89174,37.99238],[126.89546,37.99937]]]},"properties":{"key":"경기도|연천군|장남면","code":"4180038000"}},{"type":"Feature","geometry":{"type":"Polygon","coordinates":[[[127.6076,37.88986],[127.59176,37.8915],[127.58584,37.88765],[127.57829,37.8854],[127.56981,37.88625],[127.56322,37.88096],[127.55772,37.87877],[127.55295,37.87444],[127.54442,37.87237],[127.5393,37.87483],[127.5261,37.87474],[127.52151,37.86922],[127.51193,37.87489],[127.50785,37.87363],[127.50518,37.8777],[127.49571,37.88397],[127.48026,37.88222],[127.46388,37.8871],[127.46076,37.88957],[127.45416,37.8879],[127.4463,37.88874],[127.43863,37.8865],[127.42571,37.88826],[127.42184,37.89345],[127.41589,37.8958],[127.41438,37.89885],[127.41321,37.89672],[127.40066,37.89155],[127.39874,37.88845],[127.40132,37.88214],[127.40003,37.87738],[127.40333,37.87317],[127.4112,37.87315],[127.40984,37.86866],[127.41415,37.85759],[127.41652,37.85656],[127.41647,37.84663],[127.41917,37.84153],[127.41479,37.83899],[127.4115,37.83327],[127.42096,37.81866],[127.41502,37.81088],[127.4209,37.8021],[127.43481,37.80332],[127.43961,37.80524],[127.44935,37.80099],[127.45317,37.80342],[127.46022,37.79958],[127.46137,37.79522],[127.46731,37.79146],[127.47038,37.78655],[127.48444,37.78743],[127.4914,37.78383],[127.49464,37.77583],[127.48812,37.76748],[127.48839,37.7591],[127.48618,37.75145],[127.47886,37.75017],[127.47631,37.74555],[127.48355,37.73505],[127.49122,37.73315],[127.49374,37.72461],[127.50126,37.71826],[127.50731,37.71967],[127.50765,37.7307],[127.51312,37.73759],[127.53773,37.75142],[127.54398,37.75831],[127.54435,37.76274],[127.54146,37.76945],[127.53694,37.77528],[127.52389,37.7877],[127.52154,37.79278],[127.52926,37.80407],[127.5359,37.80923],[127.53548,37.81752],[127.52505,37.82399],[127.52471,37.82891],[127.52927,37.83891],[127.54083,37.84617],[127.54932,37.84685],[127.55088,37.85205],[127.56242,37.85548],[127.5657,37.85845],[127.56914,37.86632],[127.57471,37.87159],[127.58436,37.87573],[127.59455,37.87589],[127.6011,37.87462],[127.60586,37.87669],[127.60882,37.88417],[127.6076,37.88986]]]},"properties":{"key":"경기도|가평군|가평읍","code":"4182025000"}},{"type":"Feature","geometry":{"type":"Polygon","coordinates":[[[127.55986,37.72851],[127.55209,37.72826],[127.54819,37.72342],[127.5408,37.71909],[127.52538,37.7269],[127.51093,37.71769],[127.51874,37.70849],[127.52132,37.70264],[127.51777,37.6971],[127.51083,37.69752],[127.49463,37.70577],[127.48544,37.70653],[127.47293,37.70611],[127.4531,37.70858],[127.44272,37.71547],[127.42904,37.72317],[127.42207,37.72482],[127.41516,37.72296],[127.42543,37.706],[127.42192,37.70148],[127.42129,37.69454],[127.43124,37.68275],[127.42815,37.67154],[127.44138,37.6598],[127.43477,37.65361],[127.43808,37.64789],[127.44485,37.64777],[127.45147,37.6397],[127.4566,37.63559],[127.45827,37.62997],[127.4626,37.62493],[127.46988,37.62361],[127.47351,37.60792],[127.4726,37.59641],[127.47091,37.59495],[127.46941,37.59106],[127.47159,37.57989],[127.47473,37.57725],[127.49834,37.57184],[127.51296,37.57812],[127.52012,37.58566],[127.52411,37.58665],[127.53788,37.58461],[127.55245,37.58608],[127.56025,37.58308],[127.56152,37.58706],[127.55908,37.59423],[127.56244,37.60001],[127.5623,37.60435],[127.56956,37.60831],[127.57075,37.61367],[127.56646,37.61878],[127.55981,37.62341],[127.55898,37.62845],[127.54826,37.6332],[127.53702,37.643],[127.53568,37.65035],[127.54391,37.65159],[127.54649,37.65743],[127.55281,37.66155],[127.54921,37.66757],[127.55063,37.6878],[127.55699,37.70486],[127.55806,37.7143],[127.56103,37.71822],[127.55986,37.72851]]]},"properties":{"key":"경기도|가평군|설악면","code":"4182031000"}},{"type":"Feature","geometry":{"type":"Polygon","coordinates":[[[127.50731,37.71967],[127.50126,37.71826],[127.49374,37.72461],[127.49122,37.73315],[127.48355,37.73505],[127.47631,37.74555],[127.47886,37.75017],[127.48618,37.75145],[127.48839,37.7591],[127.48812,37.76748],[127.49464,37.77583],[127.4914,37.78383],[127.48444,37.78743],[127.47038,37.78655],[127.46731,37.79146],[127.46137,37.79522],[127.46022,37.79958],[127.45317,37.80342],[127.44935,37.80099],[127.43961,37.80524],[127.43481,37.80332],[127.4209,37.8021],[127.41644,37.7987],[127.41635,37.7857],[127.41396,37.78077],[127.4179,37.77524],[127.41251,37.77116],[127.4127,37.76621],[127.41619,37.76049],[127.42105,37.75709],[127.42224,37.75237],[127.41757,37.74789],[127.4147,37.75083],[127.40703,37.74758],[127.39477,37.74487],[127.38597,37.74173],[127.38298,37.74288],[127.37237,37.73784],[127.37099,37.73404],[127.36252,37.72635],[127.35545,37.72369],[127.35339,37.71094],[127.35344,37.70382],[127.35849,37.69923],[127.36135,37.69381],[127.36714,37.69011],[127.36857,37.68579],[127.37381,37.68249],[127.37477,37.67797],[127.3792,37.67459],[127.37637,37.66011],[127.37113,37.64819],[127.38005,37.65142],[127.39943,37.65086],[127.40036,37.65336],[127.40813,37.65988],[127.42509,37.66563],[127.42815,37.67154],[127.43124,37.68275],[127.42129,37.69454],[127.42192,37.70148],[127.42543,37.706],[127.41516,37.72296],[127.42207,37.72482],[127.42904,37.72317],[127.44272,37.71547],[127.4531,37.70858],[127.47293,37.70611],[127.48544,37.70653],[127.49463,37.70577],[127.51083,37.69752],[127.51777,37.6971],[127.52132,37.70264],[127.51874,37.70849],[127.51093,37.71769],[127.50731,37.71967]]]},"properties":{"key":"경기도|가평군|청평면","code":"4182032500"}},{"type":"Feature","geometry":{"type":"Polygon","coordinates":[[[127.3121,37.86612],[127.3057,37.86879],[127.29617,37.86887],[127.29154,37.87414],[127.28588,37.86558],[127.28466,37.85998],[127.28036,37.85543],[127.2863,37.84831],[127.27903,37.84234],[127.27415,37.83062],[127.27926,37.81639],[127.2774,37.80882],[127.27875,37.80546],[127.27052,37.79378],[127.27216,37.79039],[127.26652,37.78045],[127.27406,37.77405],[127.29,37.77501],[127.29313,37.77624],[127.3021,37.77338],[127.31088,37.76812],[127.31857,37.76723],[127.33383,37.75298],[127.33293,37.74646],[127.34241,37.7378],[127.34286,37.72955],[127.35545,37.72369],[127.36252,37.72635],[127.37099,37.73404],[127.37237,37.73784],[127.38298,37.74288],[127.38597,37.74173],[127.39477,37.74487],[127.40703,37.74758],[127.4147,37.75083],[127.41757,37.74789],[127.42224,37.75237],[127.42105,37.75709],[127.41619,37.76049],[127.4127,37.76621],[127.41251,37.77116],[127.4179,37.77524],[127.41396,37.78077],[127.41635,37.7857],[127.41644,37.7987],[127.39669,37.79409],[127.39609,37.79805],[127.38456,37.7971],[127.38016,37.79481],[127.37689,37.7994],[127.37234,37.79582],[127.36849,37.79609],[127.36335,37.80618],[127.35917,37.80751],[127.3513,37.80411],[127.34143,37.80758],[127.33757,37.8155],[127.33812,37.81943],[127.33366,37.82252],[127.3361,37.8281],[127.32663,37.82947],[127.32153,37.8346],[127.32045,37.84314],[127.31255,37.86093],[127.3121,37.86612]]]},"properties":{"key":"경기도|가평군|상면","code":"4182033000"}},{"type":"Feature","geometry":{"type":"Polygon","coordinates":[[[127.41438,37.89885],[127.41871,37.90899],[127.41713,37.91929],[127.42242,37.92946],[127.41502,37.93316],[127.39609,37.94492],[127.38428,37.94354],[127.37195,37.93386],[127.3643,37.92595],[127.35583,37.92165],[127.35031,37.92233],[127.34518,37.92721],[127.33729,37.92377],[127.33303,37.9265],[127.32899,37.92203],[127.33077,37.91675],[127.32786,37.91241],[127.33039,37.91004],[127.32737,37.9025],[127.32913,37.89431],[127.3237,37.88785],[127.32375,37.87374],[127.3121,37.86612],[127.31255,37.86093],[127.32045,37.84314],[127.32153,37.8346],[127.32663,37.82947],[127.3361,37.8281],[127.33366,37.82252],[127.33812,37.81943],[127.33757,37.8155],[127.34143,37.80758],[127.3513,37.80411],[127.35917,37.80751],[127.36335,37.80618],[127.36849,37.79609],[127.37234,37.79582],[127.37689,37.7994],[127.38016,37.79481],[127.38456,37.7971],[127.39609,37.79805],[127.39669,37.79409],[127.41644,37.7987],[127.4209,37.8021],[127.41502,37.81088],[127.42096,37.81866],[127.4115,37.83327],[127.41479,37.83899],[127.41917,37.84153],[127.41647,37.84663],[127.41652,37.85656],[127.41415,37.85759],[127.40984,37.86866],[127.4112,37.87315],[127.40333,37.87317],[127.40003,37.87738],[127.40132,37.88214],[127.39874,37.88845],[127.40066,37.89155],[127.41321,37.89672],[127.41438,37.89885]]]},"properties":{"key":"경기도|가평군|조종면","code":"4182034500"}},{"type":"Feature","geometry":{"type":"Polygon","coordinates":[[[127.53974,38.00118],[127.52752,38.00071],[127.52351,38.00187],[127.50141,37.99956],[127.49727,38.00361],[127.47216,38.00606],[127.45799,38.01623],[127.45067,38.03898],[127.45222,38.04744],[127.44566,38.05098],[127.44177,38.04478],[127.43355,38.03673],[127.42491,38.0334],[127.42719,38.02749],[127.42349,38.02015],[127.41828,38.01475],[127.41481,38.00692],[127.41302,37.9978],[127.40907,37.9963],[127.4065,37.99163],[127.39942,37.9894],[127.3898,37.98268],[127.38504,37.98241],[127.38245,37.97422],[127.38264,37.9697],[127.37614,37.96153],[127.37951,37.95647],[127.37683,37.95293],[127.38235,37.95045],[127.38428,37.94354],[127.39609,37.94492],[127.41502,37.93316],[127.42242,37.92946],[127.41713,37.91929],[127.41871,37.90899],[127.41438,37.89885],[127.41589,37.8958],[127.42184,37.89345],[127.42571,37.88826],[127.43863,37.8865],[127.4463,37.88874],[127.45416,37.8879],[127.46076,37.88957],[127.46388,37.8871],[127.48026,37.88222],[127.49571,37.88397],[127.50518,37.8777],[127.50785,37.87363],[127.51193,37.87489],[127.52151,37.86922],[127.5261,37.87474],[127.5393,37.87483],[127.54442,37.87237],[127.55295,37.87444],[127.55772,37.87877],[127.56322,37.88096],[127.56981,37.88625],[127.57829,37.8854],[127.58584,37.88765],[127.59176,37.8915],[127.6076,37.88986],[127.61773,37.90661],[127.61721,37.9124],[127.61349,37.9197],[127.61259,37.92527],[127.6166,37.92945],[127.61376,37.93939],[127.60267,37.94771],[127.60299,37.9551],[127.59361,37.95715],[127.58785,37.96126],[127.57322,37.96405],[127.56229,37.96266],[127.54433,37.96812],[127.54461,37.97423],[127.5471,37.97976],[127.54345,37.98881],[127.54267,37.9956],[127.53974,38.00118]]]},"properties":{"key":"경기도|가평군|북면","code":"4182035000"}},{"type":"Feature","geometry":{"type":"Polygon","coordinates":[[[127.55748,37.46296],[127.55754,37.4693],[127.55991,37.47912],[127.55326,37.48144],[127.55444,37.4902],[127.55271,37.49535],[127.55561,37.49852],[127.54887,37.50545],[127.53685,37.50698],[127.53371,37.51616],[127.52844,37.51789],[127.52674,37.52592],[127.52785,37.53353],[127.5085,37.52999],[127.50231,37.52355],[127.49458,37.51892],[127.4897,37.52174],[127.48381,37.52136],[127.48222,37.51714],[127.47182,37.51197],[127.46478,37.5122],[127.45694,37.50932],[127.45605,37.50318],[127.47323,37.49736],[127.48165,37.49227],[127.49023,37.48541],[127.49419,37.47978],[127.49622,37.45269],[127.49844,37.44716],[127.50178,37.44538],[127.50117,37.4491],[127.51793,37.46245],[127.52828,37.4668],[127.5323,37.47118],[127.54278,37.46722],[127.55154,37.46195],[127.55748,37.46296]]]},"properties":{"key":"경기도|양평군|양평읍","code":"4183025000"}},{"type":"Feature","geometry":{"type":"Polygon","coordinates":[[[127.45605,37.50318],[127.44961,37.50628],[127.44589,37.50271],[127.44351,37.49222],[127.43868,37.48606],[127.43931,37.48273],[127.44448,37.47696],[127.4426,37.47182],[127.44757,37.46661],[127.4465,37.45862],[127.43981,37.45442],[127.43392,37.44766],[127.43138,37.44069],[127.42645,37.43774],[127.4417,37.43427],[127.45431,37.42895],[127.47171,37.42497],[127.47431,37.42233],[127.47965,37.42366],[127.48523,37.43223],[127.48836,37.43365],[127.49838,37.43326],[127.50555,37.43812],[127.50801,37.43981],[127.50178,37.44538],[127.49844,37.44716],[127.49622,37.45269],[127.49419,37.47978],[127.49023,37.48541],[127.48165,37.49227],[127.47323,37.49736],[127.45605,37.50318]]]},"properties":{"key":"경기도|양평군|강상면","code":"4183031000"}},{"type":"Feature","geometry":{"type":"Polygon","coordinates":[[[127.44961,37.50628],[127.43664,37.50807],[127.42677,37.5065],[127.41813,37.50465],[127.40803,37.49978],[127.39462,37.49988],[127.38359,37.50242],[127.38048,37.48994],[127.38833,37.47694],[127.38869,37.47432],[127.38531,37.46],[127.36799,37.45695],[127.37214,37.45199],[127.37259,37.44475],[127.38261,37.44277],[127.38402,37.43515],[127.38929,37.42882],[127.40063,37.42138],[127.40738,37.43009],[127.41462,37.43217],[127.42287,37.43951],[127.42645,37.43774],[127.43138,37.44069],[127.43392,37.44766],[127.43981,37.45442],[127.4465,37.45862],[127.44757,37.46661],[127.4426,37.47182],[127.44448,37.47696],[127.43931,37.48273],[127.43868,37.48606],[127.44351,37.49222],[127.44589,37.50271],[127.44961,37.50628]]]},"properties":{"key":"경기도|양평군|강하면","code":"4183032000"}},{"type":"Feature","geometry":{"type":"Polygon","coordinates":[[[127.43526,37.55715],[127.42376,37.55989],[127.41404,37.55731],[127.4088,37.55294],[127.40341,37.55358],[127.40307,37.56622],[127.39028,37.57038],[127.37878,37.57062],[127.37254,37.57226],[127.36741,37.56914],[127.36035,37.57098],[127.35416,37.57889],[127.33583,37.58074],[127.32133,37.55835],[127.31169,37.54547],[127.3079,37.53804],[127.30477,37.52499],[127.3071,37.51638],[127.31736,37.52921],[127.32328,37.53331],[127.32933,37.53458],[127.34787,37.53575],[127.35865,37.53294],[127.36419,37.52997],[127.37156,37.52012],[127.38073,37.50428],[127.38359,37.50242],[127.39462,37.49988],[127.40803,37.49978],[127.41813,37.50465],[127.42677,37.5065],[127.42675,37.51117],[127.4337,37.52269],[127.43228,37.52671],[127.43323,37.53399],[127.43797,37.53999],[127.44369,37.54163],[127.44332,37.54948],[127.43526,37.55715]]]},"properties":{"key":"경기도|양평군|양서면","code":"4183033000"}},{"type":"Feature","geometry":{"type":"Polygon","coordinates":[[[127.47091,37.59495],[127.4554,37.59997],[127.45532,37.59336],[127.44692,37.59116],[127.45028,37.58458],[127.44672,37.57689],[127.44279,37.57388],[127.44514,37.56764],[127.43526,37.55715],[127.44332,37.54948],[127.44369,37.54163],[127.43797,37.53999],[127.43323,37.53399],[127.43228,37.52671],[127.4337,37.52269],[127.42675,37.51117],[127.42677,37.5065],[127.43664,37.50807],[127.44961,37.50628],[127.45605,37.50318],[127.45694,37.50932],[127.46478,37.5122],[127.47182,37.51197],[127.48222,37.51714],[127.48381,37.52136],[127.4897,37.52174],[127.49458,37.51892],[127.50231,37.52355],[127.5085,37.52999],[127.52785,37.53353],[127.52794,37.54084],[127.53505,37.55056],[127.53898,37.55298],[127.54305,37.55919],[127.55079,37.56398],[127.55867,37.56718],[127.56474,37.57611],[127.56446,37.57984],[127.56025,37.58308],[127.55245,37.58608],[127.53788,37.58461],[127.52411,37.58665],[127.52012,37.58566],[127.51296,37.57812],[127.49834,37.57184],[127.47473,37.57725],[127.47159,37.57989],[127.46941,37.59106],[127.47091,37.59495]]]},"properties":{"key":"경기도|양평군|옥천면","code":"4183034000"}},{"type":"Feature","geometry":{"type":"Polygon","coordinates":[[[127.47091,37.59495],[127.4726,37.59641],[127.47351,37.60792],[127.46988,37.62361],[127.4626,37.62493],[127.45827,37.62997],[127.4566,37.63559],[127.45147,37.6397],[127.44485,37.64777],[127.43808,37.64789],[127.43477,37.65361],[127.44138,37.6598],[127.42815,37.67154],[127.42509,37.66563],[127.40813,37.65988],[127.40036,37.65336],[127.39943,37.65086],[127.38005,37.65142],[127.37113,37.64819],[127.36408,37.63809],[127.35216,37.62779],[127.3471,37.61778],[127.34532,37.61094],[127.34147,37.59179],[127.33583,37.58074],[127.35416,37.57889],[127.36035,37.57098],[127.36741,37.56914],[127.37254,37.57226],[127.37878,37.57062],[127.39028,37.57038],[127.40307,37.56622],[127.40341,37.55358],[127.4088,37.55294],[127.41404,37.55731],[127.42376,37.55989],[127.43526,37.55715],[127.44514,37.56764],[127.44279,37.57388],[127.44672,37.57689],[127.45028,37.58458],[127.44692,37.59116],[127.45532,37.59336],[127.4554,37.59997],[127.47091,37.59495]]]},"properties":{"key":"경기도|양평군|서종면","code":"4183035000"}},{"type":"Feature","geometry":{"type":"Polygon","coordinates":[[[127.69616,37.60049],[127.6872,37.60433],[127.66772,37.61722],[127.66368,37.62402],[127.65337,37.62234],[127.64944,37.62473],[127.64688,37.63292],[127.64106,37.63262],[127.62799,37.64232],[127.6234,37.64138],[127.61541,37.6473],[127.60935,37.64813],[127.60235,37.65134],[127.5986,37.64674],[127.58568,37.64211],[127.58367,37.63596],[127.57951,37.63313],[127.57192,37.6322],[127.56457,37.63307],[127.55898,37.62845],[127.55981,37.62341],[127.56646,37.61878],[127.57075,37.61367],[127.56956,37.60831],[127.5623,37.60435],[127.56244,37.60001],[127.55908,37.59423],[127.56152,37.58706],[127.56025,37.58308],[127.56446,37.57984],[127.56474,37.57611],[127.58031,37.57501],[127.59619,37.57589],[127.60343,37.58101],[127.60982,37.58057],[127.61626,37.5739],[127.62078,37.57413],[127.62901,37.57155],[127.6341,37.55952],[127.63542,37.55383],[127.63859,37.55135],[127.64307,37.54279],[127.65313,37.53772],[127.64478,37.53145],[127.641,37.53024],[127.63068,37.52282],[127.63774,37.51535],[127.64482,37.50969],[127.6455,37.50289],[127.6525,37.50036],[127.66951,37.49736],[127.68049,37.48948],[127.68459,37.49642],[127.68407,37.50281],[127.69028,37.50774],[127.69175,37.51615],[127.68138,37.52011],[127.67835,37.5309],[127.68187,37.53571],[127.67916,37.54143],[127.68607,37.54164],[127.68904,37.55337],[127.69299,37.55421],[127.69431,37.56049],[127.6917,37.56816],[127.68883,37.57153],[127.68849,37.57717],[127.69166,37.5792],[127.69413,37.59004],[127.69794,37.59158],[127.70025,37.59667],[127.69616,37.60049]]]},"properties":{"key":"경기도|양평군|단월면","code":"4183036000"}},{"type":"Feature","geometry":{"type":"Polygon","coordinates":[[[127.84944,37.55318],[127.83995,37.5595],[127.82686,37.56075],[127.8129,37.56464],[127.80973,37.57337],[127.80487,37.5752],[127.80426,37.57886],[127.79641,37.58441],[127.79275,37.58533],[127.7884,37.57949],[127.78291,37.57869],[127.76622,37.58298],[127.76458,37.58581],[127.75349,37.59188],[127.73947,37.58716],[127.72311,37.59063],[127.70812,37.5864],[127.69794,37.59158],[127.69413,37.59004],[127.69166,37.5792],[127.68849,37.57717],[127.68883,37.57153],[127.6917,37.56816],[127.69431,37.56049],[127.69299,37.55421],[127.68904,37.55337],[127.68607,37.54164],[127.67916,37.54143],[127.68187,37.53571],[127.67835,37.5309],[127.68138,37.52011],[127.69175,37.51615],[127.69844,37.51305],[127.70835,37.51743],[127.70993,37.51461],[127.71994,37.51316],[127.72775,37.50595],[127.73386,37.50366],[127.74286,37.50674],[127.75125,37.5035],[127.75936,37.50366],[127.76486,37.50272],[127.77394,37.50609],[127.78114,37.513],[127.78399,37.51219],[127.79014,37.51906],[127.79675,37.52357],[127.79653,37.52851],[127.80507,37.53024],[127.80638,37.53501],[127.82193,37.53802],[127.82862,37.53639],[127.83375,37.53849],[127.8424,37.53902],[127.84644,37.5436],[127.84944,37.55318]]]},"properties":{"key":"경기도|양평군|청운면","code":"4183037000"}},{"type":"Feature","geometry":{"type":"Polygon","coordinates":[[[127.75936,37.50366],[127.75125,37.5035],[127.74286,37.50674],[127.73386,37.50366],[127.72775,37.50595],[127.71994,37.51316],[127.70993,37.51461],[127.70835,37.51743],[127.69844,37.51305],[127.69175,37.51615],[127.69028,37.50774],[127.68407,37.50281],[127.68459,37.49642],[127.68049,37.48948],[127.67279,37.48331],[127.67216,37.47872],[127.67928,37.47345],[127.68278,37.46769],[127.69006,37.46683],[127.69573,37.46812],[127.70064,37.46574],[127.70638,37.44892],[127.6985,37.43614],[127.70205,37.4311],[127.71186,37.4239],[127.71139,37.41662],[127.70779,37.41067],[127.7157,37.40164],[127.71436,37.39849],[127.7046,37.39255],[127.70336,37.38803],[127.706,37.3832],[127.70294,37.38059],[127.70131,37.37388],[127.70729,37.37015],[127.71102,37.37173],[127.71982,37.37108],[127.72391,37.37119],[127.73205,37.37567],[127.73867,37.3714],[127.74578,37.3689],[127.75241,37.36923],[127.75948,37.36704],[127.76316,37.3699],[127.76865,37.36939],[127.7778,37.3712],[127.77585,37.37842],[127.77659,37.38324],[127.78314,37.39027],[127.78369,37.39861],[127.78744,37.4006],[127.79461,37.42425],[127.80396,37.42912],[127.8018,37.43533],[127.79862,37.44238],[127.79955,37.45168],[127.79635,37.46361],[127.80063,37.47014],[127.78784,37.47605],[127.78205,37.48165],[127.7806,37.48818],[127.77448,37.49165],[127.76588,37.49305],[127.76033,37.49234],[127.75936,37.50366]]]},"properties":{"key":"경기도|양평군|양동면","code":"4183038000"}},{"type":"Feature","geometry":{"type":"Polygon","coordinates":[[[127.6455,37.50289],[127.64011,37.50206],[127.63276,37.50666],[127.62495,37.50163],[127.62479,37.49527],[127.62082,37.49132],[127.61396,37.48938],[127.61339,37.48601],[127.61986,37.47662],[127.62217,37.4568],[127.61467,37.45669],[127.60612,37.45138],[127.59474,37.45134],[127.5883,37.4472],[127.58867,37.44385],[127.58451,37.43446],[127.58549,37.42878],[127.59056,37.42279],[127.60012,37.42063],[127.61114,37.41552],[127.61694,37.41485],[127.62026,37.40901],[127.62705,37.4134],[127.63538,37.41347],[127.64624,37.40461],[127.65207,37.40759],[127.65854,37.41747],[127.66844,37.41189],[127.68445,37.41266],[127.68723,37.41058],[127.687,37.39953],[127.69491,37.40341],[127.6987,37.40741],[127.70779,37.41067],[127.71139,37.41662],[127.71186,37.4239],[127.70205,37.4311],[127.6985,37.43614],[127.70638,37.44892],[127.70064,37.46574],[127.69573,37.46812],[127.69006,37.46683],[127.68278,37.46769],[127.67928,37.47345],[127.67216,37.47872],[127.67279,37.48331],[127.68049,37.48948],[127.66951,37.49736],[127.6525,37.50036],[127.6455,37.50289]]]},"properties":{"key":"경기도|양평군|지평면","code":"4183039500"}},{"type":"Feature","geometry":{"type":"Polygon","coordinates":[[[127.6455,37.50289],[127.64482,37.50969],[127.63774,37.51535],[127.63068,37.52282],[127.641,37.53024],[127.64478,37.53145],[127.65313,37.53772],[127.64307,37.54279],[127.63859,37.55135],[127.63542,37.55383],[127.6341,37.55952],[127.62901,37.57155],[127.62078,37.57413],[127.61626,37.5739],[127.60982,37.58057],[127.60343,37.58101],[127.59619,37.57589],[127.58031,37.57501],[127.56474,37.57611],[127.55867,37.56718],[127.55079,37.56398],[127.54305,37.55919],[127.53898,37.55298],[127.53505,37.55056],[127.52794,37.54084],[127.52785,37.53353],[127.52674,37.52592],[127.52844,37.51789],[127.53371,37.51616],[127.53685,37.50698],[127.54887,37.50545],[127.55561,37.49852],[127.55271,37.49535],[127.55444,37.4902],[127.55326,37.48144],[127.55991,37.47912],[127.55754,37.4693],[127.55748,37.46296],[127.56477,37.45753],[127.58099,37.45304],[127.5883,37.4472],[127.59474,37.45134],[127.60612,37.45138],[127.61467,37.45669],[127.62217,37.4568],[127.61986,37.47662],[127.61339,37.48601],[127.61396,37.48938],[127.62082,37.49132],[127.62479,37.49527],[127.62495,37.50163],[127.63276,37.50666],[127.64011,37.50206],[127.6455,37.50289]]]},"properties":{"key":"경기도|양평군|용문면","code":"4183040000"}},{"type":"Feature","geometry":{"type":"Polygon","coordinates":[[[127.55748,37.46296],[127.55154,37.46195],[127.54278,37.46722],[127.5323,37.47118],[127.52828,37.4668],[127.51793,37.46245],[127.50117,37.4491],[127.50178,37.44538],[127.50801,37.43981],[127.52286,37.43474],[127.52882,37.42863],[127.53444,37.41932],[127.53696,37.41131],[127.54737,37.40987],[127.55075,37.4114],[127.55416,37.41728],[127.56004,37.41753],[127.57175,37.41164],[127.57963,37.41593],[127.58851,37.41732],[127.59056,37.42279],[127.58549,37.42878],[127.58451,37.43446],[127.58867,37.44385],[127.5883,37.4472],[127.58099,37.45304],[127.56477,37.45753],[127.55748,37.46296]]]},"properties":{"key":"경기도|양평군|개군면","code":"4183041000"}},{"type":"Feature","geometry":{"type":"Polygon","coordinates":[[[127.21318,37.55366],[127.20568,37.56186],[127.19774,37.55558],[127.19847,37.54711],[127.20389,37.54306],[127.20256,37.53878],[127.20404,37.53821],[127.20656,37.54169],[127.21273,37.54901],[127.21318,37.55366]]]},"properties":{"key":"경기도|하남시|덕풍3동","code":"4145056000"}},{"type":"Feature","geometry":{"type":"Polygon","coordinates":[[[127.17579,37.48528],[127.16705,37.48558],[127.15768,37.49017],[127.14984,37.48527],[127.1474,37.47722],[127.14345,37.4741],[127.15445,37.47369],[127.1628,37.47126],[127.16462,37.4691],[127.17596,37.4722],[127.18105,37.47329],[127.17584,37.47677],[127.17579,37.48528]]]},"properties":{"key":"경기도|하남시|위례동","code":"4145058500"}},{"type":"Feature","geometry":{"type":"Polygon","coordinates":[[[127.16462,37.4691],[127.1628,37.47126],[127.15445,37.47369],[127.14345,37.4741],[127.13259,37.47485],[127.13056,37.46763],[127.14719,37.4595],[127.14951,37.45682],[127.15048,37.4568],[127.15384,37.46341],[127.16084,37.46432],[127.16462,37.4691]]]},"properties":{"key":"경기도|성남시수정구|위례동","code":"4113162500"}},{"type":"Feature","geometry":{"type":"Polygon","coordinates":[[[127.02068,37.2645],[127.01704,37.25743],[127.0219,37.25625],[127.03507,37.25287],[127.03947,37.25417],[127.03667,37.25652],[127.03046,37.2582],[127.02935,37.26228],[127.02068,37.2645]]]},"properties":{"key":"경기도|수원시권선구|권선1동","code":"4111367000"}},{"type":"Feature","geometry":{"type":"Polygon","coordinates":[[[127.17873,37.48519],[127.17579,37.48528],[127.17584,37.47677],[127.18105,37.47329],[127.1816,37.46047],[127.18445,37.45876],[127.19099,37.45735],[127.19572,37.44506],[127.21096,37.44567],[127.21886,37.44348],[127.23363,37.44467],[127.23672,37.44616],[127.23811,37.45291],[127.24124,37.45643],[127.24564,37.45277],[127.24793,37.44552],[127.25354,37.43708],[127.26265,37.43751],[127.26947,37.43471],[127.27285,37.42858],[127.27601,37.43088],[127.29414,37.43444],[127.30282,37.44381],[127.29189,37.44377],[127.2854,37.44847],[127.28306,37.456],[127.27781,37.45991],[127.27362,37.46016],[127.27003,37.45591],[127.26007,37.4614],[127.26141,37.46651],[127.25882,37.47435],[127.2538,37.48461],[127.24877,37.48235],[127.24622,37.47782],[127.23746,37.47493],[127.22615,37.47973],[127.21573,37.4823],[127.20684,37.48031],[127.20259,37.48171],[127.19804,37.47959],[127.18547,37.48102],[127.17873,37.48519]]]},"properties":{"key":"경기도|광주시|남한산성면","code":"4161037000"}},{"type":"Feature","geometry":{"type":"Polygon","coordinates":[[[127.07128,37.25741],[127.06523,37.25831],[127.063,37.25727],[127.06163,37.25296],[127.06804,37.24803],[127.06442,37.24375],[127.06621,37.24388],[127.06962,37.24619],[127.08004,37.24754],[127.08211,37.2494],[127.08244,37.25445],[127.08006,37.25319],[127.07166,37.25753],[127.07128,37.25741]]]},"properties":{"key":"경기도|수원시영통구|영통3동","code":"4111758500"}},{"type":"Feature","geometry":{"type":"Polygon","coordinates":[[[126.84523,37.2659],[126.84143,37.26765],[126.83561,37.27657],[126.82902,37.27673],[126.82683,37.27853],[126.82349,37.28644],[126.81932,37.29053],[126.81173,37.2934],[126.80464,37.29318],[126.80449,37.28366],[126.82003,37.27591],[126.82556,37.27143],[126.83118,37.27367],[126.83741,37.27069],[126.84125,37.26632],[126.84523,37.2659]]]},"properties":{"key":"경기도|화성시만세구|새솔동","code":"4159151000"}},{"type":"Feature","geometry":{"type":"Polygon","coordinates":[[[127.1516,37.21854],[127.14002,37.2175],[127.13676,37.21568],[127.11738,37.21996],[127.10433,37.21982],[127.08878,37.21644],[127.08874,37.21646],[127.08458,37.20973],[127.08627,37.20473],[127.09892,37.20475],[127.10981,37.20332],[127.1162,37.20371],[127.12087,37.20188],[127.13043,37.20128],[127.13147,37.19566],[127.14411,37.1963],[127.15229,37.19833],[127.15768,37.207],[127.15172,37.21414],[127.1516,37.21854]]]},"properties":{"key":"경기도|화성시동탄구|동탄5동","code":"4159755000"}},{"type":"Feature","geometry":{"type":"Polygon","coordinates":[[[127.09892,37.20475],[127.09875,37.1909],[127.10274,37.18661],[127.11317,37.18396],[127.11549,37.18877],[127.12144,37.19118],[127.12513,37.19599],[127.13147,37.19566],[127.13043,37.20128],[127.12087,37.20188],[127.1162,37.20371],[127.10981,37.20332],[127.09892,37.20475]]]},"properties":{"key":"경기도|화성시동탄구|동탄4동","code":"4159754000"}},{"type":"Feature","geometry":{"type":"Polygon","coordinates":[[[126.71648,37.3719],[126.70045,37.35466],[126.7032,37.35127],[126.71178,37.35884],[126.71426,37.35714],[126.72177,37.36097],[126.7342,37.36807],[126.72703,37.37222],[126.72323,37.36797],[126.71648,37.3719]]]},"properties":{"key":"경기도|시흥시|배곧2동","code":"4139059700"}},{"type":"Feature","geometry":{"type":"Polygon","coordinates":[[[127.05688,37.24566],[127.04197,37.2451],[127.03912,37.23724],[127.04499,37.23317],[127.05166,37.23431],[127.05192,37.23911],[127.05688,37.24566]]]},"properties":{"key":"경기도|수원시영통구|망포2동","code":"4111759600"}},{"type":"Feature","geometry":{"type":"Polygon","coordinates":[[[127.11151,37.18002],[127.09815,37.17744],[127.09546,37.1745],[127.09102,37.16478],[127.11452,37.16597],[127.11544,37.16405],[127.12915,37.16203],[127.13368,37.16473],[127.13255,37.16818],[127.12378,37.16876],[127.12611,37.17942],[127.11151,37.18002]]]},"properties":{"key":"경기도|화성시동탄구|동탄7동","code":"4159757000"}},{"type":"Feature","geometry":{"type":"Polygon","coordinates":[[[126.63967,37.64958],[126.63356,37.6477],[126.62945,37.64313],[126.63129,37.6376],[126.62771,37.63544],[126.63658,37.63382],[126.64492,37.6286],[126.64758,37.62874],[126.65169,37.63517],[126.65601,37.63801],[126.65253,37.64107],[126.65052,37.64509],[126.64407,37.64606],[126.63967,37.64958]]]},"properties":{"key":"경기도|김포시|마산동","code":"4157057500"}},{"type":"Feature","geometry":{"type":"Polygon","coordinates":[[[127.13618,36.99337],[127.14478,36.99722],[127.15392,36.99776],[127.15226,37.00258],[127.14617,37.01049],[127.13634,37.0065],[127.12701,37.00132],[127.13059,36.99327],[127.13618,36.99337]]]},"properties":{"key":"경기도|평택시|용이동","code":"4122063500"}},{"type":"Feature","geometry":{"type":"Polygon","coordinates":[[[127.08895,37.16052],[127.09799,37.15585],[127.09776,37.1517],[127.10095,37.14609],[127.10365,37.14357],[127.10923,37.14269],[127.11413,37.14462],[127.1227,37.14451],[127.12708,37.14565],[127.13059,37.15185],[127.12915,37.16203],[127.11544,37.16405],[127.11452,37.16597],[127.09102,37.16478],[127.08895,37.16052]]]},"properties":{"key":"경기도|화성시동탄구|동탄8동","code":"4159758000"}},{"type":"Feature","geometry":{"type":"Polygon","coordinates":[[[127.10534,37.7408],[127.11508,37.74599],[127.12823,37.74715],[127.13622,37.74931],[127.14248,37.74777],[127.14671,37.75484],[127.13966,37.76407],[127.13343,37.76229],[127.12543,37.7633],[127.12215,37.76541],[127.11506,37.76533],[127.11053,37.76802],[127.10451,37.76235],[127.1034,37.75723],[127.09518,37.75394],[127.08752,37.75423],[127.08339,37.75073],[127.08456,37.74583],[127.09182,37.7461],[127.10043,37.74176],[127.10534,37.7408]]]},"properties":{"key":"경기도|의정부시|송산3동","code":"4115057800"}},{"type":"Feature","geometry":{"type":"Polygon","coordinates":[[[127.09981,37.27007],[127.0901,37.27914],[127.08863,37.28687],[127.08413,37.28632],[127.06954,37.27874],[127.06806,37.27561],[127.06466,37.27111],[127.07089,37.26655],[127.07599,37.26573],[127.08553,37.27051],[127.0899,37.27138],[127.09981,37.27007]]]},"properties":{"key":"경기도|용인시기흥구|영덕1동","code":"4146351600"}},{"type":"Feature","geometry":{"type":"Polygon","coordinates":[[[127.12676,37.26603],[127.11782,37.26925],[127.11656,37.27158],[127.10915,37.27088],[127.10153,37.26836],[127.09823,37.26003],[127.09982,37.25886],[127.10197,37.26098],[127.11513,37.26084],[127.11906,37.26427],[127.12676,37.26603]]]},"properties":{"key":"경기도|용인시기흥구|상갈동","code":"4146353000"}},{"type":"Feature","geometry":{"type":"Polygon","coordinates":[[[127.15189,37.27909],[127.14809,37.27596],[127.1521,37.26809],[127.14865,37.26466],[127.15913,37.25343],[127.16994,37.25498],[127.17512,37.25834],[127.17239,37.27066],[127.1737,37.27413],[127.1632,37.27639],[127.1575,37.28037],[127.15189,37.27909]]]},"properties":{"key":"경기도|용인시기흥구|동백2동","code":"4146357500"}},{"type":"Feature","geometry":{"type":"Polygon","coordinates":[[[127.1737,37.27413],[127.1769,37.28195],[127.17015,37.2997],[127.16724,37.30169],[127.16077,37.29232],[127.14961,37.29032],[127.15189,37.27909],[127.1575,37.28037],[127.1632,37.27639],[127.1737,37.27413]]]},"properties":{"key":"경기도|용인시기흥구|동백1동","code":"4146357200"}},{"type":"Feature","geometry":{"type":"Polygon","coordinates":[[[127.14466,37.51555],[127.14023,37.50839],[127.14437,37.50439],[127.15321,37.50275],[127.1536,37.50275],[127.15647,37.5019],[127.15762,37.50309],[127.1601,37.49716],[127.16005,37.4946],[127.16005,37.49445],[127.15998,37.49422],[127.15768,37.49017],[127.16705,37.48558],[127.17579,37.48528],[127.17873,37.48519],[127.17641,37.4901],[127.17522,37.49978],[127.17737,37.50393],[127.1652,37.5147],[127.15242,37.513],[127.14466,37.51555]]]},"properties":{"key":"경기도|하남시|감일동","code":"4145058200"}},{"type":"Feature","geometry":{"type":"Polygon","coordinates":[[[127.26237,37.40245],[127.26407,37.39085],[127.26693,37.38895],[127.28444,37.39862],[127.27408,37.41076],[127.27498,37.41642],[127.26585,37.41386],[127.26213,37.41101],[127.26237,37.40245]]]},"properties":{"key":"경기도|광주시|쌍령동","code":"4161054000"}},{"type":"Feature","geometry":{"type":"Polygon","coordinates":[[[127.25174,37.41652],[127.25699,37.41378],[127.26585,37.41386],[127.27498,37.41642],[127.28157,37.4199],[127.27898,37.42308],[127.27131,37.42634],[127.27285,37.42858],[127.26947,37.43471],[127.26265,37.43751],[127.25354,37.43708],[127.24836,37.42691],[127.25174,37.41652]]]},"properties":{"key":"경기도|광주시|송정동","code":"4161052000"}},{"type":"Feature","geometry":{"type":"Polygon","coordinates":[[[127.23798,37.38151],[127.24278,37.38302],[127.25201,37.39231],[127.24125,37.40153],[127.24419,37.40764],[127.23871,37.40762],[127.22245,37.41167],[127.21427,37.42347],[127.19464,37.42539],[127.18026,37.4159],[127.17426,37.40543],[127.16866,37.39545],[127.16839,37.39249],[127.17681,37.38725],[127.17665,37.38508],[127.17841,37.37812],[127.18264,37.37687],[127.18785,37.3699],[127.18848,37.37002],[127.20133,37.37332],[127.20828,37.37799],[127.21928,37.37814],[127.22226,37.3862],[127.21794,37.38802],[127.22374,37.39246],[127.23122,37.38891],[127.23753,37.38815],[127.23798,37.38151]]]},"properties":{"key":"경기도|광주시|광남1동","code":"4161056000"}},{"type":"Feature","geometry":{"type":"Polygon","coordinates":[[[126.92412,37.33194],[126.92774,37.33732],[126.92707,37.34041],[126.92438,37.34115],[126.91613,37.3412],[126.90933,37.34541],[126.91006,37.3522],[126.90554,37.35875],[126.89724,37.35807],[126.88731,37.34675],[126.88678,37.34019],[126.88091,37.33362],[126.87672,37.33265],[126.87275,37.32621],[126.87421,37.32086],[126.87812,37.31946],[126.88306,37.32086],[126.88774,37.31791],[126.90816,37.32161],[126.91417,37.31594],[126.91757,37.32407],[126.92412,37.33194]]]},"properties":{"key":"경기도|군포시|대야동","code":"4141061000"}},{"type":"Feature","geometry":{"type":"Polygon","coordinates":[[[126.94784,37.33079],[126.9479,37.33119],[126.9475,37.33474],[126.94957,37.3507],[126.93695,37.35117],[126.93686,37.35105],[126.9341,37.34976],[126.92707,37.34041],[126.92774,37.33732],[126.92412,37.33194],[126.9347,37.33582],[126.94112,37.33451],[126.94784,37.33079]]]},"properties":{"key":"경기도|군포시|군포2동","code":"4141052000"}},{"type":"Feature","geometry":{"type":"Polygon","coordinates":[[[126.94784,37.33079],[126.94112,37.33451],[126.9347,37.33582],[126.92412,37.33194],[126.91757,37.32407],[126.91417,37.31594],[126.91528,37.30558],[126.93043,37.30706],[126.93285,37.30885],[126.92964,37.31703],[126.93867,37.32246],[126.94505,37.32034],[126.94741,37.32814],[126.94784,37.33079]]]},"properties":{"key":"경기도|군포시|송부동","code":"4141063000"}},{"type":"Feature","geometry":{"type":"Polygon","coordinates":[[[126.74239,37.84789],[126.74895,37.84793],[126.75539,37.85008],[126.75806,37.85539],[126.74109,37.87786],[126.73302,37.88682],[126.73427,37.89297],[126.74069,37.90121],[126.74739,37.90557],[126.76485,37.90861],[126.77767,37.91485],[126.78846,37.91706],[126.79166,37.91435],[126.79165,37.90364],[126.79523,37.89542],[126.79866,37.89282],[126.8071,37.89127],[126.81167,37.89369],[126.81833,37.90035],[126.827,37.9182],[126.83366,37.95635],[126.83594,37.96403],[126.8283,37.9598],[126.82073,37.95746],[126.81847,37.96409],[126.81388,37.96889],[126.81045,37.96767],[126.80451,37.97075],[126.7985,37.98771],[126.80091,37.992],[126.79369,37.99231],[126.78224,37.98046],[126.77586,37.98445],[126.77182,37.98235],[126.76254,37.98501],[126.75216,37.98165],[126.74455,37.97422],[126.73996,37.9727],[126.73757,37.9664],[126.73041,37.96879],[126.71939,37.96495],[126.71528,37.96932],[126.70948,37.97059],[126.7077,37.97564],[126.70249,37.97432],[126.70066,37.96912],[126.69156,37.96624],[126.68731,37.9572],[126.6813,37.95811],[126.67547,37.9544],[126.67038,37.9557],[126.67213,37.94762],[126.6694,37.94468],[126.66957,37.93751],[126.66756,37.93269],[126.66921,37.92797],[126.66556,37.92114],[126.6701,37.91428],[126.68233,37.91525],[126.6828,37.9128],[126.67586,37.90618],[126.67712,37.89722],[126.6722,37.88869],[126.68169,37.87923],[126.67552,37.87717],[126.67261,37.87006],[126.67913,37.87012],[126.68345,37.874],[126.69218,37.86843],[126.68707,37.86028],[126.6799,37.85169],[126.6796,37.84597],[126.67621,37.84398],[126.67101,37.84577],[126.66501,37.84319],[126.6602,37.83883],[126.67176,37.83287],[126.69239,37.84124],[126.70779,37.84492],[126.71466,37.8432],[126.72964,37.84413],[126.74239,37.84789]]]},"properties":{"key":"경기도|파주시|장단면","code":"4148039000"}},{"type":"Feature","geometry":{"type":"Polygon","coordinates":[[[126.96957,38.00333],[126.96713,38.01264],[126.96386,38.01523],[126.95507,38.01375],[126.95058,38.01623],[126.94081,38.01756],[126.93415,38.02248],[126.93083,38.02867],[126.92555,38.02914],[126.929,38.03946],[126.93288,38.04345],[126.93513,38.05525],[126.9401,38.0565],[126.94684,38.06192],[126.93747,38.0666],[126.93681,38.07521],[126.93918,38.081],[126.92435,38.08255],[126.91888,38.07949],[126.91797,38.06605],[126.91873,38.05896],[126.90539,38.06017],[126.90223,38.06394],[126.89309,38.06979],[126.89328,38.07439],[126.87356,38.07954],[126.86695,38.08032],[126.86956,38.07789],[126.86625,38.06945],[126.85944,38.06462],[126.85807,38.05312],[126.85283,38.0531],[126.85255,38.03734],[126.85359,38.03148],[126.85754,38.02696],[126.87254,38.01856],[126.87464,38.00382],[126.88069,38.00229],[126.89329,38.00549],[126.89836,38.00376],[126.89546,37.99937],[126.89824,37.99714],[126.92163,37.98593],[126.9317,37.98228],[126.9372,37.98171],[126.94379,37.98356],[126.95246,37.988],[126.96166,37.99765],[126.96957,38.00333]]]},"properties":{"key":"경기도|연천군|백학면","code":"4180033000"}},{"type":"Feature","geometry":{"type":"Polygon","coordinates":[[[126.7342,37.36807],[126.73958,37.37626],[126.74259,37.38264],[126.73282,37.3864],[126.72984,37.38557],[126.71648,37.3719],[126.72323,37.36797],[126.72703,37.37222],[126.7342,37.36807]]]},"properties":{"key":"경기도|시흥시|배곧1동","code":"4139059600"}},{"type":"Feature","geometry":{"type":"Polygon","coordinates":[[[127.17056,37.22528],[127.17441,37.22459],[127.17727,37.22632],[127.18792,37.22615],[127.19099,37.22745],[127.19092,37.23433],[127.19823,37.23716],[127.20224,37.24582],[127.19668,37.25105],[127.19714,37.25463],[127.18719,37.25631],[127.17691,37.25466],[127.17461,37.24569],[127.18223,37.24115],[127.17169,37.22934],[127.17056,37.22528]]]},"properties":{"key":"경기도|용인시처인구|역북동","code":"4146152500"}},{"type":"Feature","geometry":{"type":"Polygon","coordinates":[[[127.14132,37.32908],[127.14186,37.33631],[127.13634,37.33964],[127.12329,37.33701],[127.11688,37.33341],[127.11275,37.33569],[127.11121,37.32683],[127.12105,37.33029],[127.12828,37.32945],[127.13151,37.32698],[127.14132,37.32908]]]},"properties":{"key":"경기도|용인시수지구|죽전1동","code":"4146554000"}},{"type":"Feature","geometry":{"type":"Polygon","coordinates":[[[127.08186,37.30127],[127.08479,37.30952],[127.08318,37.31064],[127.07217,37.31033],[127.07137,37.30732],[127.08186,37.30127]]]},"properties":{"key":"경기도|용인시수지구|상현1동","code":"4146557000"}},{"type":"Feature","geometry":{"type":"Polygon","coordinates":[[[127.09609,37.00579],[127.08927,37.00109],[127.08751,36.99475],[127.09397,36.99351],[127.09541,36.99822],[127.10162,37.00054],[127.11255,36.99843],[127.12276,36.99903],[127.12701,37.00132],[127.13634,37.0065],[127.14617,37.01049],[127.14537,37.01668],[127.15253,37.02155],[127.15307,37.02947],[127.13719,37.03387],[127.12842,37.03332],[127.12231,37.03506],[127.11694,37.02721],[127.11606,37.02512],[127.11232,37.01791],[127.10567,37.01721],[127.10268,37.01],[127.09609,37.00579]]]},"properties":{"key":"경기도|평택시|비전1동","code":"4122062000"}},{"type":"Feature","geometry":{"type":"Polygon","coordinates":[[[127.06945,37.02794],[127.06982,37.038],[127.07258,37.04245],[127.06934,37.04777],[127.0781,37.05103],[127.07556,37.0598],[127.07585,37.069],[127.06805,37.07025],[127.06652,37.0652],[127.06144,37.06537],[127.05823,37.06221],[127.05351,37.06238],[127.05211,37.05069],[127.0557,37.04537],[127.06692,37.03821],[127.06945,37.02794]]]},"properties":{"key":"경기도|평택시|중앙동","code":"4122051000"}},{"type":"Feature","geometry":{"type":"Polygon","coordinates":[[[127.0679,37.02616],[127.06945,37.02794],[127.06692,37.03821],[127.0557,37.04537],[127.05211,37.05069],[127.05351,37.06238],[127.05385,37.06548],[127.04271,37.0673],[127.03345,37.06045],[127.02412,37.06134],[127.01463,37.05699],[127.01235,37.04992],[127.01377,37.04093],[127.02148,37.03175],[127.01955,37.02595],[127.02681,37.02663],[127.03877,37.02494],[127.05425,37.02475],[127.0679,37.02616]]]},"properties":{"key":"경기도|평택시|고덕동","code":"4122066000"}},{"type":"Feature","geometry":{"type":"Polygon","coordinates":[[[127.08078,36.99813],[127.08944,37.0031],[127.0904,37.00678],[127.09223,37.01228],[127.08594,37.01218],[127.08595,37.02378],[127.06754,37.0244],[127.0679,37.02616],[127.05425,37.02475],[127.05457,37.01959],[127.06006,37.01066],[127.07693,37.00153],[127.08078,36.99813]]]},"properties":{"key":"경기도|평택시|세교동","code":"4122064000"}},{"type":"Feature","geometry":{"type":"Polygon","coordinates":[[[127.08265,36.99357],[127.08078,36.99813],[127.07693,37.00153],[127.06006,37.01066],[127.05735,37.00563],[127.04768,36.99655],[127.04715,36.99112],[127.05159,36.99497],[127.0642,36.98962],[127.07297,36.98816],[127.07564,36.98515],[127.08594,36.98067],[127.09317,36.98028],[127.09382,36.97425],[127.09974,36.97373],[127.1009,36.97441],[127.08265,36.99357]]]},"properties":{"key":"경기도|평택시|원평동","code":"4122060000"}},{"type":"Feature","geometry":{"type":"Polygon","coordinates":[[[127.08078,36.99813],[127.08265,36.99357],[127.08751,36.99475],[127.08927,37.00109],[127.09609,37.00579],[127.0904,37.00678],[127.08944,37.0031],[127.08078,36.99813]]]},"properties":{"key":"경기도|평택시|통복동","code":"4122061000"}},{"type":"Feature","geometry":{"type":"Polygon","coordinates":[[[126.89039,37.43146],[126.88443,37.43633],[126.88539,37.44361],[126.86845,37.44557],[126.86644,37.44361],[126.86516,37.43505],[126.86742,37.42668],[126.87261,37.42385],[126.8772,37.42384],[126.89039,37.43146]]]},"properties":{"key":"경기도|광명시|소하2동","code":"4121065000"}},{"type":"Feature","geometry":{"type":"Polygon","coordinates":[[[127.04608,37.75377],[127.04232,37.7579],[127.0449,37.74691],[127.04693,37.73151],[127.04348,37.73093],[127.05144,37.72732],[127.05434,37.73052],[127.05417,37.74052],[127.05453,37.74377],[127.04608,37.75377]]]},"properties":{"key":"경기도|의정부시|의정부1동","code":"4115051000"}},{"type":"Feature","geometry":{"type":"Polygon","coordinates":[[[126.88636,37.64788],[126.88866,37.6487],[126.8962,37.65141],[126.90022,37.6506],[126.91231,37.65784],[126.9164,37.66163],[126.92394,37.66365],[126.92803,37.6707],[126.91134,37.6687],[126.90805,37.67026],[126.90688,37.67542],[126.90101,37.67787],[126.89669,37.67158],[126.89198,37.67055],[126.89381,37.659],[126.88924,37.65661],[126.88365,37.65796],[126.88636,37.64788]]]},"properties":{"key":"경기도|고양시덕양구|삼송1동","code":"4128157600"}},{"type":"Feature","geometry":{"type":"Polygon","coordinates":[[[126.88636,37.64788],[126.88365,37.65796],[126.87841,37.65965],[126.87555,37.6572],[126.86702,37.65759],[126.86222,37.65349],[126.86406,37.6492],[126.87374,37.64768],[126.87766,37.64252],[126.88542,37.64754],[126.88636,37.64788]]]},"properties":{"key":"경기도|고양시덕양구|삼송2동","code":"4128157700"}},{"type":"Feature","geometry":{"type":"Polygon","coordinates":[[[126.84227,37.61924],[126.8445,37.61842],[126.84611,37.6128],[126.85462,37.61068],[126.85453,37.62212],[126.84836,37.6214],[126.84841,37.62951],[126.84113,37.62954],[126.84387,37.6274],[126.84227,37.61924]]]},"properties":{"key":"경기도|고양시덕양구|행신4동","code":"4128165600"}},{"type":"Feature","geometry":{"type":"Polygon","coordinates":[[[126.79027,37.68881],[126.78924,37.69396],[126.78127,37.6992],[126.77814,37.69579],[126.77691,37.69044],[126.77788,37.68277],[126.79027,37.68881]]]},"properties":{"key":"경기도|고양시일산동구|중산1동","code":"4128552500"}},{"type":"Feature","geometry":{"type":"Polygon","coordinates":[[[126.77625,37.69403],[126.77814,37.69579],[126.78127,37.6992],[126.77335,37.70425],[126.76766,37.70664],[126.76113,37.70399],[126.76106,37.69907],[126.76825,37.69969],[126.77275,37.69357],[126.77625,37.69403]]]},"properties":{"key":"경기도|고양시일산서구|탄현2동","code":"4128754600"}},{"type":"Feature","geometry":{"type":"Polygon","coordinates":[[[126.72908,37.68191],[126.74373,37.68998],[126.75189,37.68798],[126.75946,37.68796],[126.76141,37.68748],[126.76105,37.68931],[126.76106,37.69907],[126.76113,37.70399],[126.75553,37.70489],[126.74802,37.70314],[126.74017,37.70505],[126.72989,37.70494],[126.72838,37.70394],[126.72795,37.69096],[126.72908,37.68191]]]},"properties":{"key":"경기도|고양시일산서구|덕이동","code":"4128760000"}},{"type":"Feature","geometry":{"type":"Polygon","coordinates":[[[127.23876,37.3597],[127.24102,37.3535],[127.24691,37.35565],[127.25442,37.35076],[127.26097,37.34866],[127.26503,37.34268],[127.27545,37.34316],[127.28334,37.34531],[127.28642,37.34738],[127.28305,37.35097],[127.28353,37.356],[127.27897,37.35948],[127.27754,37.36634],[127.27827,37.37283],[127.27213,37.37479],[127.26882,37.37857],[127.27047,37.38292],[127.26693,37.38895],[127.26407,37.39085],[127.26237,37.40245],[127.25505,37.39866],[127.25201,37.39231],[127.24278,37.38302],[127.2458,37.3792],[127.24292,37.37161],[127.2375,37.36835],[127.24092,37.36515],[127.23876,37.3597]]]},"properties":{"key":"경기도|광주시|오포2동","code":"4161059000"}},{"type":"Feature","geometry":{"type":"Polygon","coordinates":[[[127.19171,37.34718],[127.19246,37.34666],[127.19818,37.34112],[127.19744,37.33354],[127.20147,37.32861],[127.20831,37.33088],[127.21265,37.33742],[127.21681,37.34067],[127.22158,37.3493],[127.22262,37.35438],[127.22861,37.3589],[127.23876,37.3597],[127.24092,37.36515],[127.2375,37.36835],[127.24292,37.37161],[127.2458,37.3792],[127.24278,37.38302],[127.23798,37.38151],[127.2327,37.37678],[127.21928,37.37814],[127.20828,37.37799],[127.20133,37.37332],[127.18848,37.37002],[127.18788,37.36991],[127.18769,37.36834],[127.18792,37.36653],[127.18746,37.36485],[127.19171,37.34718]]]},"properties":{"key":"경기도|광주시|오포1동","code":"4161058000"}},{"type":"Feature","geometry":{"type":"Polygon","coordinates":[[[127.18746,37.36485],[127.18792,37.36653],[127.18769,37.36834],[127.18788,37.36991],[127.18785,37.3699],[127.18264,37.37687],[127.17841,37.37812],[127.17665,37.38508],[127.16794,37.38035],[127.16169,37.37971],[127.16077,37.37416],[127.15285,37.36354],[127.14443,37.35939],[127.13948,37.35996],[127.13394,37.35848],[127.13174,37.3512],[127.13786,37.34439],[127.13796,37.34117],[127.14913,37.35239],[127.15697,37.35467],[127.16573,37.36182],[127.17897,37.36179],[127.18746,37.36485]]]},"properties":{"key":"경기도|광주시|신현동","code":"4161060000"}},{"type":"Feature","geometry":{"type":"Polygon","coordinates":[[[126.76317,37.71663],[126.76111,37.71032],[126.76113,37.70399],[126.76766,37.70664],[126.77335,37.70425],[126.77328,37.70923],[126.78503,37.72089],[126.79195,37.7242],[126.79608,37.72961],[126.79438,37.73429],[126.78778,37.73314],[126.78004,37.73723],[126.78043,37.74054],[126.77574,37.74618],[126.76788,37.74763],[126.76924,37.7452],[126.77202,37.73716],[126.76317,37.71663]]]},"properties":{"key":"경기도|파주시|운정4동","code":"4148058000"}},{"type":"Feature","geometry":{"type":"Polygon","coordinates":[[[126.72798,37.70704],[126.73025,37.7079],[126.73189,37.71699],[126.73193,37.72357],[126.72688,37.73107],[126.72439,37.7294],[126.72484,37.71612],[126.70497,37.71561],[126.70779,37.70972],[126.72286,37.70498],[126.72798,37.70704]]]},"properties":{"key":"경기도|파주시|운정6동","code":"4148060000"}},{"type":"Feature","geometry":{"type":"Polygon","coordinates":[[[126.73764,37.736],[126.74104,37.73694],[126.75088,37.74066],[126.75825,37.745],[126.76924,37.7452],[126.76788,37.74763],[126.76478,37.74654],[126.75988,37.75216],[126.76224,37.75965],[126.75805,37.7627],[126.7483,37.76573],[126.74116,37.76093],[126.73646,37.7622],[126.7346,37.75756],[126.73004,37.75484],[126.72485,37.75751],[126.7213,37.75443],[126.71115,37.75288],[126.70975,37.76087],[126.70337,37.75865],[126.69004,37.7575],[126.67617,37.755],[126.674,37.75001],[126.67739,37.73501],[126.6848,37.72565],[126.68362,37.71339],[126.67655,37.70008],[126.6914,37.68911],[126.69929,37.69703],[126.70458,37.69621],[126.71191,37.69974],[126.71707,37.70024],[126.72838,37.70394],[126.72989,37.70494],[126.72798,37.70704],[126.72286,37.70498],[126.70779,37.70972],[126.70497,37.71561],[126.69967,37.71916],[126.69963,37.72237],[126.71697,37.73889],[126.72639,37.74158],[126.7328,37.74579],[126.73587,37.74268],[126.73764,37.736]]]},"properties":{"key":"경기도|파주시|교하동","code":"4148054000"}},{"type":"Feature","geometry":{"type":"Polygon","coordinates":[[[127.13255,37.16818],[127.14371,37.17017],[127.14862,37.1698],[127.16067,37.18056],[127.15908,37.18413],[127.16091,37.19172],[127.15229,37.19833],[127.14411,37.1963],[127.13147,37.19566],[127.12513,37.19599],[127.12144,37.19118],[127.11549,37.18877],[127.11317,37.18396],[127.11151,37.18002],[127.12611,37.17942],[127.12378,37.16876],[127.13255,37.16818]]]},"properties":{"key":"경기도|화성시동탄구|동탄9동","code":"4159759000"}},{"type":"Feature","geometry":{"type":"Polygon","coordinates":[[[126.71202,37.3223],[126.73936,37.3501],[126.73616,37.36008],[126.72903,37.35645],[126.70178,37.32851],[126.71202,37.3223]]]},"properties":{"key":"경기도|시흥시|정왕2동","code":"4139059200"}},{"type":"Feature","geometry":{"type":"Polygon","coordinates":[[[127.10627,37.81567],[127.11434,37.814],[127.11983,37.80969],[127.12201,37.81208],[127.12019,37.81736],[127.12189,37.82815],[127.11806,37.83327],[127.11567,37.83854],[127.11485,37.85034],[127.11036,37.85557],[127.10919,37.85985],[127.10287,37.86559],[127.10021,37.86069],[127.09215,37.85191],[127.09005,37.84728],[127.08407,37.84781],[127.0736,37.84181],[127.08086,37.83572],[127.07482,37.82792],[127.07964,37.82586],[127.09538,37.82697],[127.09698,37.82333],[127.10627,37.81567]]]},"properties":{"key":"경기도|양주시|옥정1동","code":"4163057000"}},{"type":"Feature","geometry":{"type":"Polygon","coordinates":[[[127.0658,37.1584],[127.06672,37.1546],[127.07784,37.16232],[127.07127,37.16821],[127.07222,37.17598],[127.07106,37.18404],[127.06532,37.18645],[127.05993,37.18687],[127.04776,37.1831],[127.05795,37.17664],[127.06293,37.17055],[127.0658,37.1584]]]},"properties":{"key":"경기도|오산시|신장2동","code":"4137054600"}},{"type":"Feature","geometry":{"type":"Polygon","coordinates":[[[127.07928,37.12816],[127.08904,37.12794],[127.09153,37.13135],[127.08774,37.1348],[127.0916,37.13728],[127.09786,37.13686],[127.10035,37.14229],[127.10365,37.14357],[127.10095,37.14609],[127.09595,37.14785],[127.07814,37.14876],[127.07837,37.13085],[127.07928,37.12816]]]},"properties":{"key":"경기도|오산시|대원2동","code":"4137052600"}},{"type":"Feature","geometry":{"type":"Polygon","coordinates":[[[126.77822,37.49294],[126.77036,37.4926],[126.77484,37.48516],[126.77641,37.48499],[126.77721,37.48879],[126.77822,37.49294]]]},"properties":{"key":"경기도|부천시원미구|심곡3동","code":"4119253000"}},{"type":"Feature","geometry":{"type":"Polygon","coordinates":[[[126.78582,37.49797],[126.78484,37.49354],[126.79697,37.4914],[126.79948,37.49274],[126.80156,37.49648],[126.80135,37.49855],[126.79115,37.501],[126.78582,37.49797]]]},"properties":{"key":"경기도|부천시원미구|원미1동","code":"4119254000"}},{"type":"Feature","geometry":{"type":"Polygon","coordinates":[[[126.7615,37.49652],[126.75603,37.49722],[126.75351,37.4876],[126.76462,37.48672],[126.76575,37.49256],[126.7615,37.49652]]]},"properties":{"key":"경기도|부천시원미구|상동","code":"4119267000"}},{"type":"Feature","geometry":{"type":"Polygon","coordinates":[[[126.76472,37.51213],[126.76093,37.51508],[126.75829,37.50538],[126.76923,37.504],[126.76397,37.5083],[126.76472,37.51213]]]},"properties":{"key":"경기도|부천시원미구|중4동","code":"4119266000"}},{"type":"Feature","geometry":{"type":"Polygon","coordinates":[[[126.74795,37.48799],[126.75351,37.4876],[126.75603,37.49722],[126.74795,37.49727],[126.74795,37.48799]]]},"properties":{"key":"경기도|부천시원미구|상1동","code":"4119268000"}},{"type":"Feature","geometry":{"type":"Polygon","coordinates":[[[126.76462,37.48672],[126.75351,37.4876],[126.74795,37.48799],[126.74242,37.48849],[126.74242,37.48843],[126.7426,37.48665],[126.75452,37.4837],[126.75525,37.48082],[126.76179,37.47633],[126.7639,37.47905],[126.76462,37.48672]]]},"properties":{"key":"경기도|부천시소사구|송내1동","code":"4119459000"}},{"type":"Feature","geometry":{"type":"Polygon","coordinates":[[[126.80209,37.47775],[126.80317,37.4824],[126.79875,37.48284],[126.79181,37.48276],[126.78745,37.48017],[126.78432,37.47241],[126.78927,37.46566],[126.79978,37.46417],[126.79562,37.47137],[126.7956,37.47857],[126.80209,37.47775]]]},"properties":{"key":"경기도|부천시소사구|소사본동","code":"4119453000"}},{"type":"Feature","geometry":{"type":"Polygon","coordinates":[[[126.80866,37.48416],[126.80317,37.4824],[126.80209,37.47775],[126.80634,37.47481],[126.81181,37.47524],[126.80866,37.48416]]]},"properties":{"key":"경기도|부천시소사구|괴안동","code":"4119457000"}},{"type":"Feature","geometry":{"type":"Polygon","coordinates":[[[126.81829,37.52189],[126.81613,37.52661],[126.81652,37.53789],[126.82183,37.53916],[126.82215,37.54068],[126.81236,37.54071],[126.80732,37.54362],[126.80285,37.54308],[126.79907,37.53751],[126.81147,37.52979],[126.81043,37.52186],[126.81829,37.52189]]]},"properties":{"key":"경기도|부천시오정구|고강1동","code":"4119655000"}},{"type":"Feature","geometry":{"type":"Polygon","coordinates":[[[126.76068,37.53556],[126.76034,37.5241],[126.761,37.51798],[126.77528,37.51505],[126.79315,37.52246],[126.78097,37.52407],[126.77103,37.53043],[126.76458,37.53118],[126.76068,37.53556]]]},"properties":{"key":"경기도|부천시오정구|신흥동","code":"4119657000"}},{"type":"Feature","geometry":{"type":"Polygon","coordinates":[[[126.78484,37.49354],[126.78582,37.49797],[126.78373,37.49962],[126.78284,37.49552],[126.77822,37.49294],[126.77721,37.48879],[126.78358,37.48793],[126.78445,37.49191],[126.78484,37.49354]]]},"properties":{"key":"경기도|부천시원미구|심곡1동","code":"4119251000"}},{"type":"Feature","geometry":{"type":"Polygon","coordinates":[[[126.78445,37.49191],[126.78358,37.48793],[126.77721,37.48879],[126.77641,37.48499],[126.77995,37.4846],[126.79181,37.48276],[126.78974,37.48669],[126.78445,37.49191]]]},"properties":{"key":"경기도|부천시원미구|심곡2동","code":"4119252000"}},{"type":"Feature","geometry":{"type":"Polygon","coordinates":[[[126.78974,37.48669],[126.79181,37.48276],[126.79875,37.48284],[126.80043,37.48672],[126.79608,37.48982],[126.78974,37.48669]]]},"properties":{"key":"경기도|부천시원미구|소사동","code":"4119256000"}},{"type":"Feature","geometry":{"type":"Polygon","coordinates":[[[126.79608,37.48982],[126.79697,37.4914],[126.78484,37.49354],[126.78445,37.49191],[126.78974,37.48669],[126.79608,37.48982]]]},"properties":{"key":"경기도|부천시원미구|원미2동","code":"4119255000"}},{"type":"Feature","geometry":{"type":"Polygon","coordinates":[[[126.79108,37.5068],[126.79025,37.51304],[126.7953,37.51757],[126.79533,37.52228],[126.79315,37.52246],[126.77528,37.51505],[126.77712,37.50883],[126.77982,37.50583],[126.79108,37.5068]]]},"properties":{"key":"경기도|부천시원미구|도당동","code":"4119260000"}},{"type":"Feature","geometry":{"type":"Polygon","coordinates":[[[126.79948,37.49274],[126.79697,37.4914],[126.79608,37.48982],[126.80043,37.48672],[126.79875,37.48284],[126.80317,37.4824],[126.80866,37.48416],[126.81192,37.4853],[126.80918,37.49076],[126.79948,37.49274]]]},"properties":{"key":"경기도|부천시원미구|역곡2동","code":"4119258000"}},{"type":"Feature","geometry":{"type":"Polygon","coordinates":[[[126.81436,37.49831],[126.81976,37.49923],[126.82245,37.50607],[126.79108,37.5068],[126.77982,37.50583],[126.78227,37.50279],[126.78373,37.49962],[126.78582,37.49797],[126.79115,37.501],[126.80135,37.49855],[126.80156,37.49648],[126.81436,37.49831]]]},"properties":{"key":"경기도|부천시원미구|춘의동","code":"4119259000"}},{"type":"Feature","geometry":{"type":"Polygon","coordinates":[[[126.81192,37.4853],[126.82062,37.49076],[126.81439,37.4932],[126.81436,37.49831],[126.80156,37.49648],[126.79948,37.49274],[126.80918,37.49076],[126.81192,37.4853]]]},"properties":{"key":"경기도|부천시원미구|역곡1동","code":"4119257000"}},{"type":"Feature","geometry":{"type":"Polygon","coordinates":[[[126.76462,37.48672],[126.77432,37.48519],[126.77484,37.48516],[126.77036,37.4926],[126.76747,37.49576],[126.7615,37.49652],[126.76575,37.49256],[126.76462,37.48672]]]},"properties":{"key":"경기도|부천시원미구|중동","code":"4119262000"}},{"type":"Feature","geometry":{"type":"Polygon","coordinates":[[[126.77712,37.50883],[126.77528,37.51505],[126.761,37.51798],[126.76093,37.51508],[126.76472,37.51213],[126.77479,37.50816],[126.77712,37.50883]]]},"properties":{"key":"경기도|부천시원미구|약대동","code":"4119261000"}},{"type":"Feature","geometry":{"type":"Polygon","coordinates":[[[126.77619,37.50303],[126.76923,37.504],[126.75829,37.50538],[126.75603,37.49722],[126.7615,37.49652],[126.76747,37.49576],[126.76807,37.49852],[126.77762,37.49783],[126.77619,37.50303]]]},"properties":{"key":"경기도|부천시원미구|중1동","code":"4119263000"}},{"type":"Feature","geometry":{"type":"Polygon","coordinates":[[[126.78227,37.50279],[126.77982,37.50583],[126.77712,37.50883],[126.77479,37.50816],[126.76472,37.51213],[126.76397,37.5083],[126.76923,37.504],[126.77619,37.50303],[126.78227,37.50279]]]},"properties":{"key":"경기도|부천시원미구|중3동","code":"4119265000"}},{"type":"Feature","geometry":{"type":"Polygon","coordinates":[[[126.76747,37.49576],[126.77036,37.4926],[126.77822,37.49294],[126.78284,37.49552],[126.78373,37.49962],[126.78227,37.50279],[126.77619,37.50303],[126.77762,37.49783],[126.76807,37.49852],[126.76747,37.49576]]]},"properties":{"key":"경기도|부천시원미구|중2동","code":"4119264000"}},{"type":"Feature","geometry":{"type":"Polygon","coordinates":[[[126.75829,37.50538],[126.76093,37.51508],[126.761,37.51798],[126.75957,37.51556],[126.752,37.51641],[126.7451,37.51408],[126.74216,37.50645],[126.75829,37.50538]]]},"properties":{"key":"경기도|부천시원미구|상3동","code":"4119270000"}},{"type":"Feature","geometry":{"type":"Polygon","coordinates":[[[126.75603,37.49722],[126.75829,37.50538],[126.74216,37.50645],[126.74256,37.49722],[126.74242,37.48849],[126.74795,37.48799],[126.74795,37.49727],[126.75603,37.49722]]]},"properties":{"key":"경기도|부천시원미구|상2동","code":"4119269000"}},{"type":"Feature","geometry":{"type":"Polygon","coordinates":[[[126.77432,37.48519],[126.76462,37.48672],[126.7639,37.47905],[126.76179,37.47633],[126.76774,37.47176],[126.77188,37.47236],[126.77432,37.48519]]]},"properties":{"key":"경기도|부천시소사구|송내2동","code":"4119460000"}},{"type":"Feature","geometry":{"type":"Polygon","coordinates":[[[126.77995,37.4846],[126.77641,37.48499],[126.77484,37.48516],[126.77432,37.48519],[126.77188,37.47236],[126.77808,37.47181],[126.77995,37.4846]]]},"properties":{"key":"경기도|부천시소사구|심곡본1동","code":"4119451000"}},{"type":"Feature","geometry":{"type":"Polygon","coordinates":[[[126.77808,37.47181],[126.77823,37.47179],[126.78432,37.47241],[126.78745,37.48017],[126.79181,37.48276],[126.77995,37.4846],[126.77808,37.47181]]]},"properties":{"key":"경기도|부천시소사구|심곡본동","code":"4119452000"}},{"type":"Feature","geometry":{"type":"Polygon","coordinates":[[[126.79978,37.46417],[126.80106,37.46375],[126.80521,37.46663],[126.80634,37.47481],[126.80209,37.47775],[126.7956,37.47857],[126.79562,37.47137],[126.79978,37.46417]]]},"properties":{"key":"경기도|부천시소사구|소사본1동","code":"4119454000"}},{"type":"Feature","geometry":{"type":"Polygon","coordinates":[[[126.81591,37.47399],[126.81475,37.47467],[126.81181,37.47524],[126.80634,37.47481],[126.80521,37.46663],[126.80106,37.46375],[126.80699,37.46202],[126.81214,37.46592],[126.81591,37.47399]]]},"properties":{"key":"경기도|부천시소사구|범박동","code":"4119455000"}},{"type":"Feature","geometry":{"type":"Polygon","coordinates":[[[126.81475,37.47467],[126.81957,37.48028],[126.81939,37.48537],[126.823,37.48848],[126.82062,37.49076],[126.81192,37.4853],[126.80866,37.48416],[126.81181,37.47524],[126.81475,37.47467]]]},"properties":{"key":"경기도|부천시소사구|역곡3동","code":"4119458000"}},{"type":"Feature","geometry":{"type":"Polygon","coordinates":[[[126.80699,37.46202],[126.81548,37.46098],[126.82319,37.45835],[126.82597,37.4594],[126.83351,37.4687],[126.83301,37.47725],[126.83179,37.47757],[126.81922,37.47616],[126.81591,37.47399],[126.81214,37.46592],[126.80699,37.46202]]]},"properties":{"key":"경기도|부천시소사구|옥길동","code":"4119456000"}},{"type":"Feature","geometry":{"type":"Polygon","coordinates":[[[126.82556,37.51985],[126.82592,37.52408],[126.82846,37.5267],[126.82182,37.53487],[126.82183,37.53916],[126.81652,37.53789],[126.81613,37.52661],[126.81829,37.52189],[126.82556,37.51985]]]},"properties":{"key":"경기도|부천시오정구|고강본동","code":"4119654000"}},{"type":"Feature","geometry":{"type":"Polygon","coordinates":[[[126.81043,37.52186],[126.80486,37.52129],[126.79533,37.52228],[126.7953,37.51757],[126.79025,37.51304],[126.79108,37.5068],[126.82245,37.50607],[126.82468,37.50833],[126.82324,37.51618],[126.82556,37.51985],[126.81829,37.52189],[126.81043,37.52186]]]},"properties":{"key":"경기도|부천시오정구|성곡동","code":"4119651000"}},{"type":"Feature","geometry":{"type":"Polygon","coordinates":[[[126.7944,37.53583],[126.79175,37.54375],[126.78738,37.54586],[126.77174,37.54831],[126.7662,37.55413],[126.76351,37.54675],[126.7616,37.54023],[126.76095,37.53786],[126.76068,37.53556],[126.76458,37.53118],[126.77103,37.53043],[126.78097,37.52407],[126.79315,37.52246],[126.79533,37.52228],[126.79695,37.52973],[126.7944,37.53583]]]},"properties":{"key":"경기도|부천시오정구|오정동","code":"4119656000"}},{"type":"Feature","geometry":{"type":"Polygon","coordinates":[[[126.79695,37.52973],[126.79533,37.52228],[126.80486,37.52129],[126.80487,37.52923],[126.79695,37.52973]]]},"properties":{"key":"경기도|부천시오정구|원종2동","code":"4119653000"}},{"type":"Feature","geometry":{"type":"Polygon","coordinates":[[[126.80486,37.52129],[126.81043,37.52186],[126.81147,37.52979],[126.79907,37.53751],[126.7944,37.53583],[126.79695,37.52973],[126.80487,37.52923],[126.80486,37.52129]]]},"properties":{"key":"경기도|부천시오정구|원종1동","code":"4119652000"}},{"type":"Feature","geometry":{"type":"Polygon","coordinates":[[[127.08071,37.7113],[127.07974,37.70561],[127.08384,37.70174],[127.09663,37.70221],[127.10365,37.70721],[127.10901,37.70864],[127.11222,37.71772],[127.12301,37.72214],[127.12577,37.72747],[127.12371,37.73861],[127.12823,37.74715],[127.11508,37.74599],[127.10534,37.7408],[127.10192,37.73778],[127.09814,37.73435],[127.09366,37.73594],[127.08977,37.73222],[127.09151,37.72744],[127.08649,37.72181],[127.08545,37.71485],[127.08071,37.7113]]]},"properties":{"key":"경기도|의정부시|고산동","code":"4115063000"}},{"type":"Feature","geometry":{"type":"Polygon","coordinates":[[[127.21115,37.2413],[127.21184,37.24042],[127.21641,37.23603],[127.22252,37.23384],[127.23035,37.23552],[127.23506,37.24071],[127.24665,37.23864],[127.24106,37.24832],[127.23373,37.25169],[127.23788,37.25408],[127.23684,37.26066],[127.23201,37.25966],[127.22583,37.26662],[127.21402,37.26543],[127.21743,37.25998],[127.21887,37.25295],[127.21406,37.24866],[127.21115,37.2413]]]},"properties":{"key":"경기도|용인시처인구|유림2동","code":"4146153600"}},{"type":"Feature","geometry":{"type":"Polygon","coordinates":[[[126.97077,37.41631],[126.97526,37.4126],[126.97854,37.40319],[126.98257,37.40067],[126.98578,37.40664],[126.9919,37.40772],[126.99498,37.40514],[127.00075,37.40574],[126.99134,37.41292],[126.99141,37.41776],[126.98445,37.41513],[126.97879,37.41586],[126.97646,37.41877],[126.97077,37.41631]]]},"properties":{"key":"경기도|과천시|갈현동","code":"4129052000"}},{"type":"Feature","geometry":{"type":"Polygon","coordinates":[[[126.99141,37.41776],[126.99635,37.42185],[126.98943,37.42575],[126.98919,37.42386],[126.97782,37.42323],[126.97252,37.42133],[126.96616,37.42746],[126.96424,37.43139],[126.96227,37.42899],[126.96091,37.42603],[126.96402,37.41913],[126.97077,37.41631],[126.97646,37.41877],[126.97879,37.41586],[126.98445,37.41513],[126.99141,37.41776]]]},"properties":{"key":"경기도|과천시|원문동","code":"4129051500"}}]}