{"type":"FeatureCollection","features":[{"type":"Feature","geometry":{"type":"Polygon","coordinates":[[[127.82664,37.0103],[127.82305,37.01285],[127.82096,37.02222],[127.81567,37.02956],[127.81106,37.02936],[127.80077,37.02491],[127.79776,37.02771],[127.78927,37.02574],[127.78662,37.01839],[127.77367,37.02402],[127.7644,37.02488],[127.76207,37.02752],[127.75202,37.01956],[127.74565,37.01566],[127.74908,37.00838],[127.74537,37.00467],[127.74635,36.99613],[127.75273,36.99175],[127.76413,36.98777],[127.76624,36.99116],[127.77575,36.98485],[127.7764,36.98146],[127.76079,36.97629],[127.75222,36.97717],[127.74887,36.9731],[127.74785,36.96092],[127.75345,36.95731],[127.75643,36.95217],[127.76289,36.94848],[127.7617,36.94417],[127.76479,36.94016],[127.77026,36.93748],[127.77222,36.9332],[127.78873,36.93723],[127.79232,36.93928],[127.79555,36.9465],[127.80045,36.94751],[127.79986,36.95037],[127.80664,36.96302],[127.81324,36.96381],[127.81472,36.97228],[127.80629,36.97472],[127.80462,36.98498],[127.81471,36.99376],[127.81507,36.99756],[127.82664,37.0103]]]},"properties":{"key":"충청북도|충주시|주덕읍","code":"4313025000"}},{"type":"Feature","geometry":{"type":"Polygon","coordinates":[[[128.04338,36.95185],[128.03932,36.95367],[128.02817,36.96529],[128.01252,36.95788],[128.00539,36.9507],[127.99644,36.9554],[127.98813,36.95218],[127.9778,36.95347],[127.97875,36.94797],[127.9859,36.94197],[127.98071,36.93754],[127.98248,36.93022],[127.97385,36.9282],[127.96906,36.93077],[127.96724,36.93465],[127.9558,36.93493],[127.95127,36.93336],[127.94495,36.93721],[127.93616,36.93716],[127.93031,36.93329],[127.92838,36.9281],[127.92018,36.9224],[127.91768,36.91735],[127.91078,36.91112],[127.9148,36.9085],[127.92423,36.90564],[127.92207,36.89925],[127.91348,36.90493],[127.90688,36.90569],[127.89692,36.89317],[127.9018,36.88841],[127.91265,36.88592],[127.91626,36.88171],[127.92051,36.88177],[127.92914,36.88646],[127.93542,36.8882],[127.94398,36.88829],[127.95078,36.88672],[127.94471,36.87395],[127.9493,36.87313],[127.95679,36.88169],[127.96252,36.8846],[127.97229,36.89382],[127.98016,36.88788],[127.99202,36.89075],[128.00456,36.89071],[128.01183,36.88773],[128.02079,36.89082],[128.02295,36.88724],[128.02052,36.88088],[128.02694,36.86997],[128.02797,36.86625],[128.0385,36.8598],[128.04419,36.86383],[128.0458,36.86924],[128.0517,36.87107],[128.05492,36.88069],[128.0613,36.88618],[128.0601,36.88809],[128.06685,36.89413],[128.06804,36.90847],[128.07158,36.91372],[128.06167,36.92103],[128.05841,36.93125],[128.05401,36.93387],[128.04516,36.93574],[128.04111,36.94213],[128.04338,36.95185]]]},"properties":{"key":"충청북도|충주시|살미면","code":"4313031000"}},{"type":"Feature","geometry":{"type":"Polygon","coordinates":[[[128.0385,36.8598],[128.02797,36.86625],[128.02694,36.86997],[128.02052,36.88088],[128.02295,36.88724],[128.02079,36.89082],[128.01183,36.88773],[128.00456,36.89071],[127.99202,36.89075],[127.98016,36.88788],[127.97229,36.89382],[127.96252,36.8846],[127.95679,36.88169],[127.9493,36.87313],[127.95885,36.86743],[127.96115,36.86366],[127.96968,36.86022],[127.96747,36.85075],[127.97067,36.84492],[127.97522,36.84189],[127.97698,36.83612],[127.97259,36.82864],[127.97267,36.82551],[127.98191,36.82322],[127.98229,36.81541],[127.98608,36.81587],[127.99301,36.81245],[127.9981,36.8128],[128.0113,36.80673],[128.01795,36.80791],[128.02363,36.81412],[128.02248,36.82329],[128.03636,36.82487],[128.03947,36.82153],[128.04724,36.82219],[128.05203,36.81899],[128.05956,36.8168],[128.06747,36.81584],[128.08151,36.80677],[128.084,36.79945],[128.0924,36.79649],[128.09257,36.80285],[128.10082,36.80583],[128.10678,36.80579],[128.11223,36.81889],[128.11815,36.82232],[128.12873,36.82426],[128.13393,36.82922],[128.13366,36.83222],[128.12645,36.83419],[128.11262,36.83058],[128.10717,36.83103],[128.09482,36.83526],[128.09132,36.8494],[128.08718,36.85188],[128.08324,36.84894],[128.06914,36.84506],[128.06281,36.83819],[128.0578,36.84329],[128.04108,36.849],[128.03623,36.85562],[128.0385,36.8598]]]},"properties":{"key":"충청북도|충주시|수안보면","code":"4313032500"}},{"type":"Feature","geometry":{"type":"Polygon","coordinates":[[[127.75202,37.01956],[127.74986,37.02089],[127.74503,37.03111],[127.7394,37.03434],[127.72489,37.03475],[127.71276,37.03191],[127.70404,37.03342],[127.694,37.0337],[127.69018,37.03037],[127.67654,37.03485],[127.67134,37.03472],[127.66381,37.03069],[127.66424,37.02316],[127.65755,37.01834],[127.65741,37.01084],[127.66238,37.00545],[127.65554,37.00092],[127.65353,36.99758],[127.65363,36.98648],[127.65101,36.98377],[127.6557,36.97973],[127.66164,36.97768],[127.66664,36.98646],[127.6845,36.98598],[127.68799,36.9814],[127.69544,36.97802],[127.69495,36.97507],[127.70397,36.9718],[127.70523,36.96742],[127.71637,36.95844],[127.7277,36.95905],[127.733,36.95357],[127.74181,36.95289],[127.73986,36.95807],[127.74785,36.96092],[127.74887,36.9731],[127.75222,36.97717],[127.76079,36.97629],[127.7764,36.98146],[127.77575,36.98485],[127.76624,36.99116],[127.76413,36.98777],[127.75273,36.99175],[127.74635,36.99613],[127.74537,37.00467],[127.74908,37.00838],[127.74565,37.01566],[127.75202,37.01956]]]},"properties":{"key":"충청북도|충주시|신니면","code":"4313035000"}},{"type":"Feature","geometry":{"type":"Polygon","coordinates":[[[127.82225,37.0682],[127.80461,37.07348],[127.79858,37.073],[127.79464,37.06948],[127.78616,37.07173],[127.77924,37.06804],[127.77432,37.07398],[127.76341,37.07964],[127.75612,37.07938],[127.74316,37.07537],[127.7283,37.07966],[127.71585,37.0765],[127.69721,37.07914],[127.69232,37.08139],[127.68649,37.08069],[127.68346,37.07545],[127.68667,37.07326],[127.69067,37.05745],[127.68564,37.04709],[127.67627,37.04463],[127.67136,37.04028],[127.67134,37.03472],[127.67654,37.03485],[127.69018,37.03037],[127.694,37.0337],[127.70404,37.03342],[127.71276,37.03191],[127.72489,37.03475],[127.7394,37.03434],[127.74503,37.03111],[127.74986,37.02089],[127.75202,37.01956],[127.76207,37.02752],[127.7644,37.02488],[127.77367,37.02402],[127.78662,37.01839],[127.78927,37.02574],[127.79776,37.02771],[127.80077,37.02491],[127.81106,37.02936],[127.80872,37.03203],[127.8112,37.03708],[127.81016,37.04139],[127.81419,37.0472],[127.82085,37.04873],[127.81999,37.05332],[127.81512,37.05564],[127.82384,37.06251],[127.82225,37.0682]]]},"properties":{"key":"충청북도|충주시|노은면","code":"4313036000"}},{"type":"Feature","geometry":{"type":"Polygon","coordinates":[[[127.74792,37.21668],[127.73668,37.2099],[127.7331,37.20166],[127.73276,37.19609],[127.72862,37.19187],[127.72669,37.183],[127.7183,37.18382],[127.71062,37.17589],[127.70967,37.17211],[127.70458,37.16664],[127.70399,37.15649],[127.69594,37.1521],[127.69403,37.14407],[127.69543,37.14045],[127.69874,37.13828],[127.70876,37.13583],[127.71176,37.12758],[127.71783,37.12495],[127.72209,37.12085],[127.72271,37.11469],[127.7206,37.11087],[127.71486,37.10992],[127.71252,37.10654],[127.70199,37.10313],[127.69837,37.09802],[127.69939,37.09212],[127.69344,37.08531],[127.69232,37.08139],[127.69721,37.07914],[127.71585,37.0765],[127.7283,37.07966],[127.74316,37.07537],[127.75612,37.07938],[127.76341,37.07964],[127.77432,37.07398],[127.77924,37.06804],[127.78616,37.07173],[127.79464,37.06948],[127.79858,37.073],[127.80461,37.07348],[127.82225,37.0682],[127.82792,37.07152],[127.83387,37.07934],[127.83303,37.08616],[127.82921,37.08841],[127.823,37.09894],[127.82389,37.10786],[127.82124,37.11209],[127.80948,37.1155],[127.8033,37.1193],[127.79747,37.12581],[127.78951,37.1444],[127.78402,37.15007],[127.77081,37.15553],[127.76254,37.16261],[127.75394,37.17616],[127.74682,37.20288],[127.74387,37.21037],[127.74792,37.21668]]]},"properties":{"key":"충청북도|충주시|앙성면","code":"4313037000"}},{"type":"Feature","geometry":{"type":"Polygon","coordinates":[[[127.92649,37.05895],[127.9249,37.05521],[127.91779,37.06393],[127.91172,37.06843],[127.90197,37.06975],[127.89442,37.06735],[127.88902,37.06341],[127.8877,37.05897],[127.88229,37.05248],[127.86674,37.04548],[127.85832,37.03799],[127.85984,37.03221],[127.86681,37.02368],[127.8709,37.01249],[127.87617,37.0032],[127.88897,36.99033],[127.90119,36.99064],[127.91187,37.00246],[127.91094,37.01428],[127.91929,37.02009],[127.91036,37.02245],[127.90738,37.02906],[127.90913,37.03232],[127.91671,37.03183],[127.92848,37.03332],[127.92678,37.04031],[127.93146,37.0549],[127.93003,37.06009],[127.92649,37.05895]]]},"properties":{"key":"충청북도|충주시|금가면","code":"4313039000"}},{"type":"Feature","geometry":{"type":"Polygon","coordinates":[[[128.08078,37.04872],[128.07141,37.0482],[128.06583,37.04378],[128.05604,37.04351],[128.04242,37.05292],[128.04623,37.0573],[128.04509,37.0621],[128.03898,37.06296],[128.03331,37.06125],[128.02457,37.06177],[128.01465,37.05787],[128.0078,37.05741],[127.99363,37.05951],[127.9861,37.05489],[127.97001,37.05303],[127.95494,37.06414],[127.95108,37.05996],[127.94316,37.05738],[127.9392,37.05978],[127.93003,37.06009],[127.93146,37.0549],[127.92678,37.04031],[127.92848,37.03332],[127.91671,37.03183],[127.90913,37.03232],[127.90738,37.02906],[127.91036,37.02245],[127.91929,37.02009],[127.92257,37.02089],[127.93816,37.02018],[127.94638,37.02099],[127.9575,37.02476],[127.96144,37.02391],[127.97049,37.01729],[127.97688,37.01334],[127.98699,37.0105],[127.99736,37.00102],[128.00002,36.9962],[128.00382,36.98241],[128.00895,36.97488],[128.01477,36.97143],[128.02632,36.96758],[128.02817,36.96529],[128.03932,36.95367],[128.04338,36.95185],[128.04932,36.95218],[128.05878,36.95744],[128.06644,36.95722],[128.07577,36.95222],[128.08511,36.95048],[128.08864,36.95272],[128.08668,36.96508],[128.08676,36.97128],[128.09081,36.98901],[128.08734,36.99001],[128.08364,36.99588],[128.07869,36.99874],[128.07649,37.00565],[128.08608,37.01131],[128.08888,37.01819],[128.08617,37.02804],[128.08859,37.03104],[128.08387,37.03822],[128.08446,37.0445],[128.08078,37.04872]]]},"properties":{"key":"충청북도|충주시|동량면","code":"4313040000"}},{"type":"Feature","geometry":{"type":"Polygon","coordinates":[[[128.07602,37.08377],[128.06272,37.08706],[128.05921,37.08986],[128.06333,37.09578],[128.05989,37.09771],[128.05311,37.09756],[128.04615,37.10427],[128.04843,37.10711],[128.04609,37.11551],[128.03902,37.1122],[128.02065,37.11629],[128.01316,37.11082],[128.00968,37.09941],[128.00324,37.09867],[128.00059,37.10144],[127.9985,37.10854],[127.98501,37.11229],[127.98641,37.13134],[127.98191,37.13212],[127.97748,37.14127],[127.97063,37.14226],[127.96976,37.13721],[127.95928,37.12737],[127.95291,37.12489],[127.95484,37.11845],[127.95171,37.11396],[127.95577,37.11026],[127.95468,37.10006],[127.95816,37.09792],[127.9546,37.09045],[127.95129,37.09147],[127.94589,37.0879],[127.9405,37.08789],[127.93543,37.0834],[127.92312,37.08086],[127.92261,37.07666],[127.9269,37.07212],[127.92649,37.05895],[127.93003,37.06009],[127.9392,37.05978],[127.94316,37.05738],[127.95108,37.05996],[127.95494,37.06414],[127.97001,37.05303],[127.9861,37.05489],[127.99363,37.05951],[128.0078,37.05741],[128.01465,37.05787],[128.02457,37.06177],[128.03331,37.06125],[128.03898,37.06296],[128.04509,37.0621],[128.04623,37.0573],[128.04242,37.05292],[128.05604,37.04351],[128.06583,37.04378],[128.07141,37.0482],[128.08078,37.04872],[128.0855,37.06388],[128.08207,37.07089],[128.08513,37.07562],[128.07602,37.08377]]]},"properties":{"key":"충청북도|충주시|산척면","code":"4313041000"}},{"type":"Feature","geometry":{"type":"Polygon","coordinates":[[[127.92622,37.16518],[127.92278,37.16445],[127.91521,37.16918],[127.90855,37.16726],[127.90197,37.15205],[127.89938,37.15005],[127.89657,37.14595],[127.89548,37.13952],[127.89804,37.13148],[127.89592,37.12707],[127.90117,37.11939],[127.90346,37.10911],[127.90278,37.10551],[127.89786,37.09968],[127.88695,37.09596],[127.88774,37.08888],[127.87826,37.07758],[127.88423,37.07428],[127.88902,37.06341],[127.89442,37.06735],[127.90197,37.06975],[127.91172,37.06843],[127.91779,37.06393],[127.9249,37.05521],[127.92649,37.05895],[127.9269,37.07212],[127.92261,37.07666],[127.92312,37.08086],[127.93543,37.0834],[127.9405,37.08789],[127.94589,37.0879],[127.95129,37.09147],[127.9546,37.09045],[127.95816,37.09792],[127.95468,37.10006],[127.95577,37.11026],[127.95171,37.11396],[127.95484,37.11845],[127.95291,37.12489],[127.95928,37.12737],[127.96976,37.13721],[127.97063,37.14226],[127.97201,37.14622],[127.96783,37.15652],[127.95477,37.16222],[127.9399,37.16385],[127.93575,37.16319],[127.92622,37.16518]]]},"properties":{"key":"충청북도|충주시|엄정면","code":"4313042000"}},{"type":"Feature","geometry":{"type":"Polygon","coordinates":[[[127.89938,37.15005],[127.89398,37.15702],[127.88668,37.16092],[127.87253,37.16434],[127.8624,37.16186],[127.8608,37.15537],[127.85162,37.1595],[127.84887,37.15319],[127.83706,37.15176],[127.82507,37.15221],[127.81475,37.14655],[127.80677,37.14724],[127.80212,37.14462],[127.79528,37.14618],[127.78951,37.1444],[127.79747,37.12581],[127.8033,37.1193],[127.80948,37.1155],[127.82124,37.11209],[127.82389,37.10786],[127.823,37.09894],[127.82921,37.08841],[127.83303,37.08616],[127.84299,37.08432],[127.85615,37.07996],[127.87282,37.08418],[127.87826,37.07758],[127.88774,37.08888],[127.88695,37.09596],[127.89786,37.09968],[127.90278,37.10551],[127.90346,37.10911],[127.90117,37.11939],[127.89592,37.12707],[127.89804,37.13148],[127.89548,37.13952],[127.89657,37.14595],[127.89938,37.15005]]]},"properties":{"key":"충청북도|충주시|소태면","code":"4313043000"}},{"type":"Feature","geometry":{"type":"Polygon","coordinates":[[[127.88552,36.97444],[127.88042,36.97978],[127.85949,36.9864],[127.85399,36.99288],[127.85131,37.00215],[127.8402,37.00176],[127.83007,37.00276],[127.82664,37.0103],[127.81507,36.99756],[127.81471,36.99376],[127.80462,36.98498],[127.80629,36.97472],[127.81472,36.97228],[127.81324,36.96381],[127.80664,36.96302],[127.79986,36.95037],[127.80045,36.94751],[127.80641,36.94593],[127.81025,36.9401],[127.82047,36.94131],[127.83305,36.93974],[127.83022,36.93423],[127.84312,36.9276],[127.83809,36.91331],[127.84635,36.90904],[127.85128,36.90898],[127.85872,36.90467],[127.86015,36.89921],[127.86391,36.89639],[127.88034,36.89556],[127.88095,36.89011],[127.89205,36.89128],[127.89692,36.89317],[127.90688,36.90569],[127.91348,36.90493],[127.92207,36.89925],[127.92423,36.90564],[127.9148,36.9085],[127.91078,36.91112],[127.90495,36.91719],[127.89828,36.91809],[127.89342,36.92217],[127.88012,36.92617],[127.87277,36.93079],[127.87389,36.93749],[127.87942,36.94194],[127.87515,36.94435],[127.87755,36.95315],[127.87497,36.95492],[127.8792,36.96014],[127.87517,36.96314],[127.87908,36.96757],[127.8799,36.97443],[127.88552,36.97444]]]},"properties":{"key":"충청북도|충주시|대소원면","code":"4313033500"}},{"type":"Feature","geometry":{"type":"Polygon","coordinates":[[[127.87826,37.07758],[127.87282,37.08418],[127.85615,37.07996],[127.84299,37.08432],[127.83303,37.08616],[127.83387,37.07934],[127.82792,37.07152],[127.82225,37.0682],[127.82384,37.06251],[127.81512,37.05564],[127.81999,37.05332],[127.82085,37.04873],[127.81419,37.0472],[127.81016,37.04139],[127.8112,37.03708],[127.80872,37.03203],[127.81106,37.02936],[127.81567,37.02956],[127.82096,37.02222],[127.82305,37.01285],[127.82664,37.0103],[127.83007,37.00276],[127.8402,37.00176],[127.85131,37.00215],[127.85399,36.99288],[127.85949,36.9864],[127.88042,36.97978],[127.88552,36.97444],[127.89121,36.97463],[127.89314,36.98284],[127.88897,36.99033],[127.87617,37.0032],[127.8709,37.01249],[127.86681,37.02368],[127.85984,37.03221],[127.85832,37.03799],[127.86674,37.04548],[127.88229,37.05248],[127.8877,37.05897],[127.88902,37.06341],[127.88423,37.07428],[127.87826,37.07758]]]},"properties":{"key":"충청북도|충주시|중앙탑면","code":"4313038500"}},{"type":"Feature","geometry":{"type":"Polygon","coordinates":[[[127.93479,36.97336],[127.92738,36.97576],[127.92915,36.97312],[127.92992,36.97112],[127.93258,36.96868],[127.93832,36.96832],[127.93479,36.97336]]]},"properties":{"key":"충청북도|충주시|성내·충인동","code":"4313051500"}},{"type":"Feature","geometry":{"type":"Polygon","coordinates":[[[128.02817,36.96529],[128.02632,36.96758],[128.01477,36.97143],[128.00895,36.97488],[128.00382,36.98241],[128.00002,36.9962],[127.99736,37.00102],[127.98699,37.0105],[127.97688,37.01334],[127.97049,37.01729],[127.96824,37.01464],[127.97223,37.00718],[127.97101,37.00189],[127.97775,36.9938],[127.97431,36.99],[127.9694,36.99165],[127.96541,36.98853],[127.95201,36.98547],[127.94592,36.98051],[127.93472,36.9808],[127.93479,36.97336],[127.93832,36.96832],[127.94292,36.96476],[127.94781,36.96412],[127.95913,36.95524],[127.96107,36.95692],[127.97392,36.95668],[127.9778,36.95347],[127.98813,36.95218],[127.99644,36.9554],[128.00539,36.9507],[128.01252,36.95788],[128.02817,36.96529]]]},"properties":{"key":"충청북도|충주시|교현·안림동","code":"4313053500"}},{"type":"Feature","geometry":{"type":"Polygon","coordinates":[[[127.93472,36.9808],[127.92411,36.98467],[127.92256,36.9798],[127.92738,36.97576],[127.93479,36.97336],[127.93472,36.9808]]]},"properties":{"key":"충청북도|충주시|교현2동","code":"4313054000"}},{"type":"Feature","geometry":{"type":"Polygon","coordinates":[[[127.93832,36.96832],[127.93258,36.96868],[127.9355,36.95958],[127.94701,36.95776],[127.95022,36.95544],[127.95913,36.95524],[127.94781,36.96412],[127.94292,36.96476],[127.93832,36.96832]]]},"properties":{"key":"충청북도|충주시|용산동","code":"4313055000"}},{"type":"Feature","geometry":{"type":"Polygon","coordinates":[[[127.92992,36.97112],[127.92882,36.96445],[127.9355,36.95958],[127.93258,36.96868],[127.92992,36.97112]]]},"properties":{"key":"충청북도|충주시|지현동","code":"4313056000"}},{"type":"Feature","geometry":{"type":"Polygon","coordinates":[[[127.92915,36.97312],[127.92337,36.97449],[127.91379,36.96917],[127.91897,36.9641],[127.92291,36.96656],[127.92882,36.96445],[127.92992,36.97112],[127.92915,36.97312]]]},"properties":{"key":"충청북도|충주시|문화동","code":"4313057100"}},{"type":"Feature","geometry":{"type":"Polygon","coordinates":[[[127.92882,36.96445],[127.92291,36.96656],[127.91897,36.9641],[127.91209,36.95669],[127.92149,36.94435],[127.92773,36.93991],[127.93616,36.93716],[127.94495,36.93721],[127.95127,36.93336],[127.9558,36.93493],[127.96724,36.93465],[127.96906,36.93077],[127.97385,36.9282],[127.98248,36.93022],[127.98071,36.93754],[127.9859,36.94197],[127.97875,36.94797],[127.9778,36.95347],[127.97392,36.95668],[127.96107,36.95692],[127.95913,36.95524],[127.95022,36.95544],[127.94701,36.95776],[127.9355,36.95958],[127.92882,36.96445]]]},"properties":{"key":"충청북도|충주시|호암·직동","code":"4313058000"}},{"type":"Feature","geometry":{"type":"Polygon","coordinates":[[[127.91379,36.96917],[127.91276,36.97092],[127.90072,36.97212],[127.8967,36.96788],[127.89285,36.9673],[127.89121,36.97463],[127.88552,36.97444],[127.8799,36.97443],[127.87908,36.96757],[127.87517,36.96314],[127.8792,36.96014],[127.87497,36.95492],[127.87755,36.95315],[127.87515,36.94435],[127.87942,36.94194],[127.87389,36.93749],[127.87277,36.93079],[127.88012,36.92617],[127.89342,36.92217],[127.89828,36.91809],[127.90495,36.91719],[127.91078,36.91112],[127.91768,36.91735],[127.92018,36.9224],[127.92838,36.9281],[127.93031,36.93329],[127.93616,36.93716],[127.92773,36.93991],[127.92149,36.94435],[127.91209,36.95669],[127.91897,36.9641],[127.91379,36.96917]]]},"properties":{"key":"충청북도|충주시|달천동","code":"4313060500"}},{"type":"Feature","geometry":{"type":"Polygon","coordinates":[[[127.92256,36.9798],[127.91292,36.98109],[127.91089,36.97859],[127.89314,36.98284],[127.89121,36.97463],[127.89285,36.9673],[127.8967,36.96788],[127.90072,36.97212],[127.91276,36.97092],[127.91379,36.96917],[127.92337,36.97449],[127.92915,36.97312],[127.92738,36.97576],[127.92256,36.9798]]]},"properties":{"key":"충청북도|충주시|봉방동","code":"4313061000"}},{"type":"Feature","geometry":{"type":"Polygon","coordinates":[[[127.93673,36.99922],[127.92892,37.00095],[127.92261,36.99955],[127.91187,37.00246],[127.90119,36.99064],[127.88897,36.99033],[127.89314,36.98284],[127.91089,36.97859],[127.91292,36.98109],[127.92256,36.9798],[127.92411,36.98467],[127.92827,36.98724],[127.92847,36.99247],[127.93673,36.99922]]]},"properties":{"key":"충청북도|충주시|칠금·금릉동","code":"4313062500"}},{"type":"Feature","geometry":{"type":"Polygon","coordinates":[[[127.9694,36.99165],[127.95955,36.99715],[127.94619,37.00032],[127.93673,36.99922],[127.92847,36.99247],[127.92827,36.98724],[127.92411,36.98467],[127.93472,36.9808],[127.94592,36.98051],[127.95201,36.98547],[127.96541,36.98853],[127.9694,36.99165]]]},"properties":{"key":"충청북도|충주시|연수동","code":"4313063000"}},{"type":"Feature","geometry":{"type":"Polygon","coordinates":[[[127.97049,37.01729],[127.96144,37.02391],[127.9575,37.02476],[127.94638,37.02099],[127.93816,37.02018],[127.92257,37.02089],[127.91929,37.02009],[127.91094,37.01428],[127.91187,37.00246],[127.92261,36.99955],[127.92892,37.00095],[127.93673,36.99922],[127.94619,37.00032],[127.95955,36.99715],[127.9694,36.99165],[127.97431,36.99],[127.97775,36.9938],[127.97101,37.00189],[127.97223,37.00718],[127.96824,37.01464],[127.97049,37.01729]]]},"properties":{"key":"충청북도|충주시|목행·용탄동","code":"4313064000"}},{"type":"Feature","geometry":{"type":"Polygon","coordinates":[[[128.16672,37.21492],[128.16417,37.21328],[128.15338,37.21621],[128.15003,37.22052],[128.14265,37.22416],[128.14109,37.22939],[128.13362,37.22966],[128.12647,37.23465],[128.12156,37.2275],[128.12523,37.22265],[128.11948,37.21761],[128.11168,37.20801],[128.10507,37.20379],[128.09491,37.19982],[128.08831,37.20013],[128.07881,37.19401],[128.07057,37.19459],[128.05973,37.19362],[128.04699,37.18896],[128.04048,37.18898],[128.04425,37.17778],[128.04959,37.17368],[128.04586,37.16592],[128.05515,37.1598],[128.06197,37.15357],[128.05675,37.14238],[128.05732,37.13719],[128.05381,37.12113],[128.05789,37.11444],[128.06755,37.10953],[128.06697,37.10583],[128.07329,37.09744],[128.07803,37.08903],[128.07602,37.08377],[128.08513,37.07562],[128.09282,37.07298],[128.11117,37.06472],[128.11627,37.07072],[128.12463,37.07122],[128.12783,37.07398],[128.14015,37.07743],[128.15311,37.08378],[128.15613,37.09059],[128.16502,37.0906],[128.16653,37.09679],[128.17325,37.09602],[128.17447,37.10303],[128.17013,37.10821],[128.17098,37.11249],[128.16863,37.11967],[128.16524,37.12123],[128.15472,37.12093],[128.1497,37.13003],[128.16295,37.1404],[128.15332,37.14407],[128.149,37.14083],[128.14721,37.14812],[128.15488,37.15501],[128.16565,37.15516],[128.17622,37.15734],[128.17948,37.17237],[128.17842,37.17941],[128.1826,37.18488],[128.17389,37.18761],[128.17669,37.19062],[128.17298,37.19967],[128.17629,37.20309],[128.17127,37.21073],[128.16672,37.21492]]]},"properties":{"key":"충청북도|제천시|봉양읍","code":"4315025000"}},{"type":"Feature","geometry":{"type":"Polygon","coordinates":[[[128.24399,37.07563],[128.23753,37.08155],[128.23946,37.08546],[128.23603,37.08791],[128.23337,37.10519],[128.23599,37.10975],[128.23362,37.11382],[128.22872,37.11463],[128.22674,37.11082],[128.22096,37.10876],[128.21643,37.10393],[128.21142,37.09399],[128.19125,37.09339],[128.189,37.09115],[128.17752,37.09184],[128.17325,37.09602],[128.16653,37.09679],[128.16502,37.0906],[128.15613,37.09059],[128.15311,37.08378],[128.14015,37.07743],[128.12783,37.07398],[128.12463,37.07122],[128.11627,37.07072],[128.11117,37.06472],[128.11249,37.05803],[128.10657,37.05266],[128.10946,37.04847],[128.12155,37.05356],[128.12955,37.04594],[128.13804,37.04802],[128.14468,37.04655],[128.14781,37.04332],[128.15035,37.03512],[128.14769,37.02821],[128.15017,37.0251],[128.15919,37.0246],[128.16445,37.03368],[128.17802,37.02181],[128.18754,37.02442],[128.19523,37.0235],[128.19966,37.02555],[128.20333,37.02336],[128.22135,37.02559],[128.22524,37.027],[128.22432,37.03434],[128.21734,37.03755],[128.22066,37.04186],[128.22088,37.04921],[128.21801,37.05418],[128.22189,37.05607],[128.22559,37.0623],[128.2369,37.06539],[128.23995,37.07393],[128.24399,37.07563]]]},"properties":{"key":"충청북도|제천시|금성면","code":"4315031000"}},{"type":"Feature","geometry":{"type":"Polygon","coordinates":[[[128.11117,37.06472],[128.09282,37.07298],[128.08513,37.07562],[128.08207,37.07089],[128.0855,37.06388],[128.08078,37.04872],[128.08446,37.0445],[128.08387,37.03822],[128.08859,37.03104],[128.08617,37.02804],[128.08888,37.01819],[128.08608,37.01131],[128.07649,37.00565],[128.07869,36.99874],[128.08364,36.99588],[128.08734,36.99001],[128.09435,36.99422],[128.10431,36.99147],[128.09887,36.98306],[128.10256,36.97844],[128.10368,36.96967],[128.10983,36.96451],[128.11481,36.96251],[128.11926,36.95742],[128.13204,36.95523],[128.14186,36.96927],[128.15097,36.96711],[128.15155,36.96316],[128.16118,36.96521],[128.16439,36.97173],[128.17286,36.97081],[128.17899,36.96512],[128.1827,36.9672],[128.17732,36.97455],[128.1798,36.98197],[128.1965,36.9922],[128.20182,36.99983],[128.21675,37.00486],[128.23078,37.00081],[128.2451,37.00067],[128.25386,36.99753],[128.2575,37.00035],[128.25383,37.00928],[128.24766,37.01385],[128.24459,37.02041],[128.23741,37.02502],[128.22813,37.02445],[128.22524,37.027],[128.22135,37.02559],[128.20333,37.02336],[128.19966,37.02555],[128.19523,37.0235],[128.18754,37.02442],[128.17802,37.02181],[128.16445,37.03368],[128.15919,37.0246],[128.15017,37.0251],[128.14769,37.02821],[128.15035,37.03512],[128.14781,37.04332],[128.14468,37.04655],[128.13804,37.04802],[128.12955,37.04594],[128.12155,37.05356],[128.10946,37.04847],[128.10657,37.05266],[128.11249,37.05803],[128.11117,37.06472]]]},"properties":{"key":"충청북도|제천시|청풍면","code":"4315032000"}},{"type":"Feature","geometry":{"type":"Polygon","coordinates":[[[128.25386,36.99753],[128.2451,37.00067],[128.23078,37.00081],[128.21675,37.00486],[128.20182,36.99983],[128.1965,36.9922],[128.1798,36.98197],[128.17732,36.97455],[128.1827,36.9672],[128.17899,36.96512],[128.17286,36.97081],[128.16439,36.97173],[128.16118,36.96521],[128.15155,36.96316],[128.15097,36.96711],[128.14186,36.96927],[128.13204,36.95523],[128.1375,36.95078],[128.14127,36.94518],[128.14567,36.943],[128.14692,36.93918],[128.15199,36.92988],[128.16013,36.92755],[128.16771,36.92985],[128.16859,36.92106],[128.17304,36.92094],[128.18144,36.91747],[128.18294,36.91287],[128.19053,36.90709],[128.19182,36.89821],[128.2063,36.90114],[128.21056,36.89651],[128.21521,36.89717],[128.21889,36.889],[128.22635,36.88637],[128.22909,36.88313],[128.23622,36.88175],[128.24248,36.87847],[128.2515,36.88471],[128.24577,36.88815],[128.24355,36.89206],[128.24626,36.90462],[128.24196,36.91193],[128.2368,36.91511],[128.23587,36.93046],[128.24491,36.94149],[128.25107,36.94241],[128.26303,36.94915],[128.26433,36.95281],[128.26127,36.95648],[128.26625,36.96092],[128.26101,36.9693],[128.25962,36.97975],[128.25641,36.98596],[128.25873,36.99307],[128.25386,36.99753]]]},"properties":{"key":"충청북도|제천시|수산면","code":"4315033000"}},{"type":"Feature","geometry":{"type":"Polygon","coordinates":[[[128.24248,36.87847],[128.23622,36.88175],[128.22909,36.88313],[128.22635,36.88637],[128.21889,36.889],[128.21521,36.89717],[128.21056,36.89651],[128.2063,36.90114],[128.19182,36.89821],[128.19053,36.90709],[128.18294,36.91287],[128.18144,36.91747],[128.17304,36.92094],[128.16859,36.92106],[128.16771,36.92985],[128.16013,36.92755],[128.15199,36.92988],[128.14692,36.93918],[128.13534,36.93652],[128.13304,36.93766],[128.12082,36.93143],[128.11456,36.93023],[128.11193,36.925],[128.10503,36.92047],[128.10585,36.91451],[128.10344,36.91104],[128.09258,36.92153],[128.08922,36.92065],[128.09052,36.90993],[128.08812,36.90201],[128.09837,36.89506],[128.10368,36.88716],[128.10636,36.87581],[128.11505,36.86757],[128.11979,36.86564],[128.1255,36.8574],[128.12642,36.85245],[128.12012,36.84585],[128.12007,36.84308],[128.1283,36.84144],[128.13481,36.83616],[128.13959,36.83424],[128.15602,36.82331],[128.16521,36.82002],[128.17587,36.82119],[128.1827,36.8181],[128.1922,36.81793],[128.20876,36.81353],[128.21699,36.81305],[128.2185,36.81538],[128.21607,36.82285],[128.21545,36.83389],[128.21283,36.8394],[128.21546,36.84899],[128.22275,36.84728],[128.23682,36.84812],[128.23783,36.85091],[128.23396,36.8557],[128.23526,36.8609],[128.23903,36.8652],[128.24192,36.87279],[128.24248,36.87847]]]},"properties":{"key":"충청북도|제천시|덕산면","code":"4315034000"}},{"type":"Feature","geometry":{"type":"Polygon","coordinates":[[[128.13204,36.95523],[128.11926,36.95742],[128.11481,36.96251],[128.10983,36.96451],[128.10368,36.96967],[128.10256,36.97844],[128.09887,36.98306],[128.10431,36.99147],[128.09435,36.99422],[128.08734,36.99001],[128.09081,36.98901],[128.08676,36.97128],[128.08668,36.96508],[128.08864,36.95272],[128.08511,36.95048],[128.07577,36.95222],[128.06644,36.95722],[128.05878,36.95744],[128.04932,36.95218],[128.04338,36.95185],[128.04111,36.94213],[128.04516,36.93574],[128.05401,36.93387],[128.05841,36.93125],[128.06167,36.92103],[128.07158,36.91372],[128.06804,36.90847],[128.06685,36.89413],[128.0601,36.88809],[128.0613,36.88618],[128.05492,36.88069],[128.0517,36.87107],[128.0458,36.86924],[128.04419,36.86383],[128.0385,36.8598],[128.03623,36.85562],[128.04108,36.849],[128.0578,36.84329],[128.06281,36.83819],[128.06914,36.84506],[128.08324,36.84894],[128.08718,36.85188],[128.09132,36.8494],[128.09482,36.83526],[128.10717,36.83103],[128.11262,36.83058],[128.12645,36.83419],[128.13366,36.83222],[128.13959,36.83424],[128.13481,36.83616],[128.1283,36.84144],[128.12007,36.84308],[128.12012,36.84585],[128.12642,36.85245],[128.1255,36.8574],[128.11979,36.86564],[128.11505,36.86757],[128.10636,36.87581],[128.10368,36.88716],[128.09837,36.89506],[128.08812,36.90201],[128.09052,36.90993],[128.08922,36.92065],[128.09258,36.92153],[128.10344,36.91104],[128.10585,36.91451],[128.10503,36.92047],[128.11193,36.925],[128.11456,36.93023],[128.12082,36.93143],[128.13304,36.93766],[128.13534,36.93652],[128.14692,36.93918],[128.14567,36.943],[128.14127,36.94518],[128.1375,36.95078],[128.13204,36.95523]]]},"properties":{"key":"충청북도|제천시|한수면","code":"4315035000"}},{"type":"Feature","geometry":{"type":"Polygon","coordinates":[[[128.01904,37.2444],[128.01227,37.24756],[128.00753,37.2517],[127.99836,37.25474],[127.99436,37.25375],[127.98505,37.25816],[127.97265,37.25683],[127.96282,37.24995],[127.94792,37.24679],[127.94554,37.24046],[127.93886,37.24071],[127.92129,37.22575],[127.92666,37.21945],[127.93238,37.2075],[127.9335,37.19294],[127.93655,37.18881],[127.93284,37.18264],[127.93351,37.17589],[127.92705,37.16929],[127.92622,37.16518],[127.93575,37.16319],[127.9399,37.16385],[127.95477,37.16222],[127.96783,37.15652],[127.97201,37.14622],[127.97063,37.14226],[127.97748,37.14127],[127.98191,37.13212],[127.98641,37.13134],[127.98501,37.11229],[127.9985,37.10854],[128.00059,37.10144],[128.00324,37.09867],[128.00968,37.09941],[128.01316,37.11082],[128.02065,37.11629],[128.03902,37.1122],[128.04609,37.11551],[128.04843,37.10711],[128.04615,37.10427],[128.05311,37.09756],[128.05989,37.09771],[128.06333,37.09578],[128.05921,37.08986],[128.06272,37.08706],[128.07602,37.08377],[128.07803,37.08903],[128.07329,37.09744],[128.06697,37.10583],[128.06755,37.10953],[128.05789,37.11444],[128.05381,37.12113],[128.05732,37.13719],[128.05675,37.14238],[128.06197,37.15357],[128.05515,37.1598],[128.04586,37.16592],[128.04959,37.17368],[128.04425,37.17778],[128.04048,37.18898],[128.0315,37.19394],[128.02995,37.20357],[128.03335,37.20999],[128.03924,37.21539],[128.03188,37.2206],[128.03182,37.22402],[128.02418,37.22878],[128.01989,37.23462],[128.01904,37.2444]]]},"properties":{"key":"충청북도|제천시|백운면","code":"4315036000"}},{"type":"Feature","geometry":{"type":"Polygon","coordinates":[[[128.30148,37.21699],[128.28827,37.21502],[128.28131,37.20962],[128.26902,37.20805],[128.25884,37.21569],[128.25358,37.22634],[128.25029,37.22948],[128.24214,37.22645],[128.23735,37.22931],[128.23222,37.22655],[128.22434,37.233],[128.21953,37.24052],[128.21525,37.24194],[128.20794,37.24892],[128.20123,37.24882],[128.1945,37.24577],[128.18291,37.23758],[128.17418,37.23253],[128.17594,37.22828],[128.17265,37.22475],[128.17315,37.21914],[128.16672,37.21492],[128.17127,37.21073],[128.17629,37.20309],[128.18928,37.20364],[128.19064,37.19938],[128.18942,37.19318],[128.19531,37.19271],[128.20432,37.1872],[128.20821,37.18053],[128.21583,37.17643],[128.22474,37.17606],[128.23297,37.17815],[128.24289,37.17592],[128.24756,37.17144],[128.25193,37.16109],[128.24523,37.15826],[128.24467,37.15388],[128.24802,37.15127],[128.24612,37.14624],[128.26313,37.15145],[128.27185,37.15131],[128.26626,37.15611],[128.26473,37.16055],[128.26976,37.16406],[128.27629,37.17205],[128.2906,37.17011],[128.29818,37.1723],[128.29592,37.18306],[128.30222,37.18612],[128.3084,37.18637],[128.31408,37.18993],[128.31332,37.19674],[128.32158,37.19593],[128.32744,37.19875],[128.33124,37.2128],[128.3305,37.21654],[128.32047,37.21936],[128.31662,37.22341],[128.30856,37.21692],[128.30148,37.21699]]]},"properties":{"key":"충청북도|제천시|송학면","code":"4315038000"}},{"type":"Feature","geometry":{"type":"Polygon","coordinates":[[[128.24014,37.14863],[128.23253,37.15254],[128.22904,37.15818],[128.22917,37.16294],[128.22092,37.1601],[128.22111,37.15509],[128.2194,37.1439],[128.21532,37.14243],[128.21404,37.13857],[128.22224,37.13682],[128.22561,37.13989],[128.23345,37.13707],[128.23797,37.13908],[128.24014,37.14863]]]},"properties":{"key":"충청북도|제천시|교동","code":"4315051000"}},{"type":"Feature","geometry":{"type":"Polygon","coordinates":[[[128.20211,37.1552],[128.2038,37.16693],[128.2067,37.1728],[128.2025,37.1765],[128.1952,37.18764],[128.1826,37.18488],[128.17842,37.17941],[128.17948,37.17237],[128.17622,37.15734],[128.16565,37.15516],[128.15488,37.15501],[128.14721,37.14812],[128.149,37.14083],[128.15332,37.14407],[128.16295,37.1404],[128.1658,37.14391],[128.17307,37.1431],[128.17684,37.14456],[128.18392,37.14211],[128.19071,37.13481],[128.1984,37.1302],[128.2019,37.14129],[128.19691,37.14818],[128.20211,37.1552]]]},"properties":{"key":"충청북도|제천시|용두동","code":"4315056000"}},{"type":"Feature","geometry":{"type":"Polygon","coordinates":[[[128.22111,37.15509],[128.21114,37.15979],[128.20211,37.1552],[128.19691,37.14818],[128.2019,37.14129],[128.20281,37.14103],[128.20564,37.14427],[128.2124,37.14536],[128.21532,37.14243],[128.2194,37.1439],[128.22111,37.15509]]]},"properties":{"key":"충청북도|제천시|청전동","code":"4315059000"}},{"type":"Feature","geometry":{"type":"Polygon","coordinates":[[[128.22342,37.12465],[128.21953,37.13069],[128.20982,37.13495],[128.2076,37.13232],[128.20568,37.12847],[128.21432,37.12403],[128.20422,37.12263],[128.19297,37.12531],[128.18671,37.12029],[128.18654,37.11235],[128.17651,37.10839],[128.17447,37.10303],[128.17325,37.09602],[128.17752,37.09184],[128.189,37.09115],[128.19125,37.09339],[128.21142,37.09399],[128.21643,37.10393],[128.22096,37.10876],[128.22674,37.11082],[128.22872,37.11463],[128.22762,37.11977],[128.22342,37.12465]]]},"properties":{"key":"충청북도|제천시|화산동","code":"4315060500"}},{"type":"Feature","geometry":{"type":"Polygon","coordinates":[[[128.24467,37.15388],[128.24523,37.15826],[128.25193,37.16109],[128.24756,37.17144],[128.24289,37.17592],[128.23297,37.17815],[128.22474,37.17606],[128.21583,37.17643],[128.20821,37.18053],[128.20432,37.1872],[128.19531,37.19271],[128.18942,37.19318],[128.19064,37.19938],[128.18928,37.20364],[128.17629,37.20309],[128.17298,37.19967],[128.17669,37.19062],[128.17389,37.18761],[128.1826,37.18488],[128.1952,37.18764],[128.2025,37.1765],[128.2067,37.1728],[128.2038,37.16693],[128.20211,37.1552],[128.21114,37.15979],[128.22111,37.15509],[128.22092,37.1601],[128.22917,37.16294],[128.22904,37.15818],[128.23253,37.15254],[128.24014,37.14863],[128.24467,37.15388]]]},"properties":{"key":"충청북도|제천시|의림지동","code":"4315051800"}},{"type":"Feature","geometry":{"type":"Polygon","coordinates":[[[128.21532,37.14243],[128.2124,37.14536],[128.20564,37.14427],[128.20281,37.14103],[128.2069,37.13875],[128.20413,37.1337],[128.2076,37.13232],[128.20982,37.13495],[128.21404,37.13857],[128.21532,37.14243]]]},"properties":{"key":"충청북도|제천시|중앙동","code":"4315052800"}},{"type":"Feature","geometry":{"type":"Polygon","coordinates":[[[128.22224,37.13682],[128.21404,37.13857],[128.20982,37.13495],[128.21953,37.13069],[128.22342,37.12465],[128.22224,37.13682]]]},"properties":{"key":"충청북도|제천시|남현동","code":"4315053700"}},{"type":"Feature","geometry":{"type":"Polygon","coordinates":[[[128.2019,37.14129],[128.1984,37.1302],[128.19071,37.13481],[128.18392,37.14211],[128.17684,37.14456],[128.17307,37.1431],[128.1658,37.14391],[128.16295,37.1404],[128.1497,37.13003],[128.15472,37.12093],[128.16524,37.12123],[128.16863,37.11967],[128.17098,37.11249],[128.17013,37.10821],[128.17447,37.10303],[128.17651,37.10839],[128.18654,37.11235],[128.18671,37.12029],[128.19297,37.12531],[128.20422,37.12263],[128.21432,37.12403],[128.20568,37.12847],[128.2076,37.13232],[128.20413,37.1337],[128.2069,37.13875],[128.20281,37.14103],[128.2019,37.14129]]]},"properties":{"key":"충청북도|제천시|영서동","code":"4315054700"}},{"type":"Feature","geometry":{"type":"Polygon","coordinates":[[[128.27185,37.15131],[128.26313,37.15145],[128.24612,37.14624],[128.24802,37.15127],[128.24467,37.15388],[128.24014,37.14863],[128.23797,37.13908],[128.23345,37.13707],[128.22561,37.13989],[128.22224,37.13682],[128.22342,37.12465],[128.22762,37.11977],[128.22872,37.11463],[128.23362,37.11382],[128.23599,37.10975],[128.23337,37.10519],[128.23603,37.08791],[128.23946,37.08546],[128.23753,37.08155],[128.24399,37.07563],[128.24945,37.07506],[128.25235,37.07922],[128.26447,37.08797],[128.26142,37.09221],[128.25811,37.10189],[128.26806,37.11402],[128.27335,37.1173],[128.27801,37.11539],[128.27784,37.11086],[128.29431,37.09789],[128.30464,37.1008],[128.30965,37.11149],[128.30441,37.11842],[128.30258,37.12756],[128.29827,37.13418],[128.28451,37.1426],[128.2799,37.1426],[128.2725,37.1484],[128.27185,37.15131]]]},"properties":{"key":"충청북도|제천시|신백동","code":"4315057700"}},{"type":"Feature","geometry":{"type":"Polygon","coordinates":[[[127.58563,36.68375],[127.57944,36.68438],[127.56727,36.67443],[127.5555,36.67401],[127.54274,36.66876],[127.55364,36.66441],[127.54529,36.64762],[127.54984,36.64877],[127.5555,36.64544],[127.55695,36.64103],[127.5564,36.63057],[127.55816,36.6268],[127.56388,36.62348],[127.57402,36.61996],[127.57578,36.61444],[127.57964,36.61222],[127.58362,36.60588],[127.58572,36.59886],[127.58368,36.58287],[127.59078,36.58562],[127.59519,36.58364],[127.60317,36.58584],[127.60869,36.58092],[127.60814,36.57717],[127.61462,36.57368],[127.62247,36.58156],[127.63058,36.58672],[127.63081,36.59341],[127.63559,36.59998],[127.64121,36.60192],[127.64626,36.60661],[127.64891,36.61664],[127.64451,36.62218],[127.64664,36.62781],[127.63667,36.63924],[127.61784,36.64852],[127.60959,36.64849],[127.60334,36.65466],[127.60423,36.65846],[127.5969,36.66996],[127.59782,36.67563],[127.58563,36.68375]]]},"properties":{"key":"충청북도|청주시상당구|낭성면","code":"4311131000"}},{"type":"Feature","geometry":{"type":"Polygon","coordinates":[[[127.72895,36.68262],[127.72334,36.68316],[127.71326,36.69054],[127.71375,36.69524],[127.70256,36.70384],[127.70304,36.70874],[127.69265,36.71215],[127.6859,36.72085],[127.6787,36.7189],[127.67225,36.72211],[127.66492,36.72978],[127.66176,36.72252],[127.66161,36.71435],[127.6553,36.70474],[127.64785,36.70124],[127.64249,36.70264],[127.63851,36.70757],[127.634,36.70868],[127.62693,36.70749],[127.62285,36.70492],[127.61776,36.70745],[127.61233,36.70011],[127.59764,36.69778],[127.58563,36.68375],[127.59782,36.67563],[127.5969,36.66996],[127.60423,36.65846],[127.60334,36.65466],[127.60959,36.64849],[127.61784,36.64852],[127.63667,36.63924],[127.64664,36.62781],[127.64451,36.62218],[127.64891,36.61664],[127.64626,36.60661],[127.65222,36.60457],[127.65534,36.60027],[127.665,36.6025],[127.6701,36.59794],[127.67951,36.59575],[127.68136,36.59187],[127.68816,36.59164],[127.69457,36.58856],[127.70173,36.59091],[127.7052,36.59522],[127.71138,36.59766],[127.7131,36.60125],[127.72032,36.6027],[127.7287,36.60228],[127.73591,36.6003],[127.73714,36.59265],[127.74135,36.59137],[127.74557,36.58557],[127.75527,36.5902],[127.76903,36.59344],[127.7698,36.60412],[127.76406,36.61321],[127.75039,36.62161],[127.74893,36.62647],[127.742,36.62862],[127.73877,36.6395],[127.73428,36.63941],[127.72473,36.64568],[127.72363,36.6514],[127.712,36.65093],[127.70898,36.65452],[127.71422,36.66108],[127.71289,36.66807],[127.72424,36.67418],[127.72895,36.68262]]]},"properties":{"key":"충청북도|청주시상당구|미원면","code":"4311132000"}},{"type":"Feature","geometry":{"type":"Polygon","coordinates":[[[127.61462,36.57368],[127.60814,36.57717],[127.60869,36.58092],[127.60317,36.58584],[127.59519,36.58364],[127.59078,36.58562],[127.58368,36.58287],[127.58572,36.59886],[127.58362,36.60588],[127.57964,36.61222],[127.57578,36.61444],[127.57402,36.61996],[127.56388,36.62348],[127.55816,36.6268],[127.55331,36.61721],[127.55048,36.6151],[127.54674,36.60561],[127.55748,36.60107],[127.56246,36.5926],[127.56275,36.5807],[127.56714,36.5808],[127.56609,36.57419],[127.56167,36.565],[127.55482,36.5638],[127.55042,36.56563],[127.54739,36.56238],[127.54664,36.55514],[127.53793,36.55325],[127.53054,36.55316],[127.52993,36.55796],[127.52592,36.56099],[127.51922,36.55502],[127.50577,36.55331],[127.50469,36.55061],[127.50858,36.54289],[127.50434,36.53668],[127.50732,36.52525],[127.51251,36.52079],[127.52494,36.51925],[127.53183,36.52595],[127.53799,36.52413],[127.55313,36.52998],[127.55872,36.52743],[127.56518,36.5305],[127.57089,36.53569],[127.57974,36.53796],[127.58099,36.5421],[127.59089,36.54337],[127.59881,36.54819],[127.60289,36.54784],[127.61207,36.55138],[127.61662,36.55934],[127.61141,36.56677],[127.61462,36.57368]]]},"properties":{"key":"충청북도|청주시상당구|가덕면","code":"4311133000"}},{"type":"Feature","geometry":{"type":"Polygon","coordinates":[[[127.50469,36.55061],[127.50577,36.55331],[127.51922,36.55502],[127.52592,36.56099],[127.52993,36.55796],[127.53054,36.55316],[127.53793,36.55325],[127.54664,36.55514],[127.54739,36.56238],[127.55042,36.56563],[127.55482,36.5638],[127.56167,36.565],[127.56609,36.57419],[127.56714,36.5808],[127.56275,36.5807],[127.56246,36.5926],[127.55748,36.60107],[127.54674,36.60561],[127.54146,36.59824],[127.53661,36.60256],[127.52398,36.60181],[127.51919,36.59379],[127.50442,36.58999],[127.5002,36.58745],[127.48846,36.58132],[127.48238,36.58276],[127.47407,36.58105],[127.46798,36.57114],[127.46718,36.562],[127.47496,36.56267],[127.48158,36.56122],[127.47947,36.55681],[127.48405,36.5518],[127.48546,36.54632],[127.49217,36.5445],[127.50081,36.55199],[127.50469,36.55061]]]},"properties":{"key":"충청북도|청주시상당구|남일면","code":"4311134000"}},{"type":"Feature","geometry":{"type":"Polygon","coordinates":[[[127.50469,36.55061],[127.50081,36.55199],[127.49217,36.5445],[127.48546,36.54632],[127.47963,36.54763],[127.46971,36.54338],[127.45866,36.54861],[127.44739,36.5477],[127.44757,36.54142],[127.45169,36.54125],[127.45475,36.53322],[127.4556,36.52547],[127.45137,36.5142],[127.44596,36.51228],[127.44989,36.5006],[127.45465,36.5007],[127.45887,36.49513],[127.4677,36.49098],[127.47629,36.49039],[127.47712,36.48132],[127.48342,36.4778],[127.48452,36.47528],[127.47928,36.46014],[127.47934,36.45784],[127.48717,36.45467],[127.49892,36.45568],[127.50266,36.45398],[127.50265,36.44931],[127.49222,36.44044],[127.48921,36.4327],[127.49771,36.41895],[127.50256,36.4082],[127.50909,36.40519],[127.51569,36.42228],[127.51651,36.42847],[127.51994,36.4364],[127.52285,36.43885],[127.54587,36.44694],[127.54542,36.44932],[127.55333,36.45774],[127.55385,36.46308],[127.55813,36.47214],[127.56701,36.4841],[127.57612,36.49017],[127.57286,36.49307],[127.57011,36.49965],[127.57335,36.50958],[127.57301,36.5164],[127.569,36.52143],[127.56518,36.5305],[127.55872,36.52743],[127.55313,36.52998],[127.53799,36.52413],[127.53183,36.52595],[127.52494,36.51925],[127.51251,36.52079],[127.50732,36.52525],[127.50434,36.53668],[127.50858,36.54289],[127.50469,36.55061]]]},"properties":{"key":"충청북도|청주시상당구|문의면","code":"4311135000"}},{"type":"Feature","geometry":{"type":"Polygon","coordinates":[[[127.50607,36.65012],[127.50514,36.65024],[127.50091,36.64719],[127.49347,36.64747],[127.48253,36.64466],[127.48384,36.63647],[127.49374,36.63642],[127.49981,36.63835],[127.50095,36.64373],[127.50607,36.65012]]]},"properties":{"key":"충청북도|청주시상당구|중앙동","code":"4311152500"}},{"type":"Feature","geometry":{"type":"Polygon","coordinates":[[[127.49374,36.63642],[127.48384,36.63647],[127.48314,36.62908],[127.49173,36.62442],[127.49628,36.62496],[127.49374,36.63642]]]},"properties":{"key":"충청북도|청주시상당구|성안동","code":"4311154500"}},{"type":"Feature","geometry":{"type":"Polygon","coordinates":[[[127.50362,36.63169],[127.49954,36.63445],[127.49981,36.63835],[127.49374,36.63642],[127.49628,36.62496],[127.49884,36.62529],[127.50362,36.63169]]]},"properties":{"key":"충청북도|청주시상당구|탑·대성동","code":"4311162000"}},{"type":"Feature","geometry":{"type":"Polygon","coordinates":[[[127.50952,36.62124],[127.49938,36.62288],[127.49332,36.62237],[127.49341,36.6201],[127.49462,36.61586],[127.49543,36.61493],[127.50096,36.61502],[127.50952,36.62124]]]},"properties":{"key":"충청북도|청주시상당구|영운동","code":"4311167000"}},{"type":"Feature","geometry":{"type":"Polygon","coordinates":[[[127.50952,36.62124],[127.51482,36.62882],[127.51184,36.63337],[127.50362,36.63169],[127.49884,36.62529],[127.49628,36.62496],[127.49173,36.62442],[127.49332,36.62237],[127.49938,36.62288],[127.50952,36.62124]]]},"properties":{"key":"충청북도|청주시상당구|금천동","code":"4311168000"}},{"type":"Feature","geometry":{"type":"Polygon","coordinates":[[[127.54274,36.66876],[127.53693,36.66924],[127.53269,36.66587],[127.52432,36.65804],[127.51429,36.65325],[127.50966,36.65323],[127.50607,36.65012],[127.50095,36.64373],[127.49981,36.63835],[127.49954,36.63445],[127.50362,36.63169],[127.51184,36.63337],[127.52229,36.64309],[127.52727,36.649],[127.53756,36.64528],[127.54529,36.64762],[127.55364,36.66441],[127.54274,36.66876]]]},"properties":{"key":"충청북도|청주시상당구|용담·명암·산성동","code":"4311169000"}},{"type":"Feature","geometry":{"type":"Polygon","coordinates":[[[127.53756,36.64528],[127.52727,36.649],[127.52229,36.64309],[127.51184,36.63337],[127.51482,36.62882],[127.50952,36.62124],[127.50096,36.61502],[127.49543,36.61493],[127.49795,36.60599],[127.50293,36.60638],[127.51228,36.61512],[127.5176,36.6101],[127.53088,36.61902],[127.53655,36.61987],[127.54224,36.62457],[127.54265,36.62826],[127.53682,36.64126],[127.53756,36.64528]]]},"properties":{"key":"충청북도|청주시상당구|용암1동","code":"4311172000"}},{"type":"Feature","geometry":{"type":"Polygon","coordinates":[[[127.55816,36.6268],[127.5564,36.63057],[127.55695,36.64103],[127.5555,36.64544],[127.54984,36.64877],[127.54529,36.64762],[127.53756,36.64528],[127.53682,36.64126],[127.54265,36.62826],[127.54224,36.62457],[127.53655,36.61987],[127.53088,36.61902],[127.5176,36.6101],[127.51228,36.61512],[127.50293,36.60638],[127.49795,36.60599],[127.49774,36.5926],[127.5002,36.58745],[127.50442,36.58999],[127.51919,36.59379],[127.52398,36.60181],[127.53661,36.60256],[127.54146,36.59824],[127.54674,36.60561],[127.55048,36.6151],[127.55331,36.61721],[127.55816,36.6268]]]},"properties":{"key":"충청북도|청주시상당구|용암2동","code":"4311173000"}},{"type":"Feature","geometry":{"type":"Polygon","coordinates":[[[127.45444,36.6016],[127.45471,36.59879],[127.44845,36.59433],[127.43863,36.60195],[127.43424,36.60149],[127.43411,36.59938],[127.42243,36.59983],[127.41992,36.59795],[127.41153,36.6046],[127.40536,36.59789],[127.40091,36.59593],[127.39804,36.59054],[127.38985,36.58533],[127.38658,36.57733],[127.37706,36.56744],[127.37632,36.56072],[127.37938,36.55369],[127.37869,36.54992],[127.3831,36.54817],[127.38349,36.54201],[127.39216,36.53995],[127.40182,36.54124],[127.40501,36.53731],[127.40562,36.5314],[127.4084,36.52719],[127.41929,36.52592],[127.42839,36.52649],[127.43125,36.52933],[127.43965,36.5315],[127.44428,36.53548],[127.44757,36.54142],[127.44739,36.5477],[127.45866,36.54861],[127.46971,36.54338],[127.47963,36.54763],[127.48546,36.54632],[127.48405,36.5518],[127.47947,36.55681],[127.48158,36.56122],[127.47496,36.56267],[127.46718,36.562],[127.46798,36.57114],[127.47407,36.58105],[127.47717,36.59329],[127.47328,36.599],[127.46362,36.60162],[127.45444,36.6016]]]},"properties":{"key":"충청북도|청주시서원구|남이면","code":"4311231000"}},{"type":"Feature","geometry":{"type":"Polygon","coordinates":[[[127.48342,36.4778],[127.47712,36.48132],[127.47629,36.49039],[127.4677,36.49098],[127.45887,36.49513],[127.45465,36.5007],[127.44989,36.5006],[127.44596,36.51228],[127.45137,36.5142],[127.4556,36.52547],[127.45475,36.53322],[127.45169,36.54125],[127.44757,36.54142],[127.44428,36.53548],[127.43965,36.5315],[127.43125,36.52933],[127.42839,36.52649],[127.41929,36.52592],[127.4084,36.52719],[127.39761,36.52057],[127.40385,36.51713],[127.40916,36.50706],[127.40777,36.50285],[127.40881,36.4953],[127.39567,36.49161],[127.40421,36.48332],[127.40346,36.47615],[127.4006,36.47017],[127.40044,36.46132],[127.40262,36.45569],[127.41463,36.45487],[127.42665,36.45534],[127.43626,36.45665],[127.44389,36.45032],[127.45321,36.4501],[127.46396,36.45657],[127.46403,36.46379],[127.46624,36.46931],[127.47171,36.47467],[127.48342,36.4778]]]},"properties":{"key":"충청북도|청주시서원구|현도면","code":"4311232000"}},{"type":"Feature","geometry":{"type":"Polygon","coordinates":[[[127.48253,36.64466],[127.48145,36.64658],[127.47373,36.64292],[127.46886,36.64285],[127.46894,36.63986],[127.46924,36.63546],[127.48384,36.63647],[127.48253,36.64466]]]},"properties":{"key":"충청북도|청주시서원구|사직1동","code":"4311251000"}},{"type":"Feature","geometry":{"type":"Polygon","coordinates":[[[127.48314,36.62908],[127.48384,36.63647],[127.46924,36.63546],[127.46542,36.62897],[127.46861,36.62848],[127.47745,36.63019],[127.48314,36.62908]]]},"properties":{"key":"충청북도|청주시서원구|사직2동","code":"4311252000"}},{"type":"Feature","geometry":{"type":"Polygon","coordinates":[[[127.46894,36.63986],[127.46171,36.63937],[127.45651,36.63642],[127.45634,36.63464],[127.45452,36.63263],[127.46542,36.62897],[127.46924,36.63546],[127.46894,36.63986]]]},"properties":{"key":"충청북도|청주시서원구|사창동","code":"4311253000"}},{"type":"Feature","geometry":{"type":"Polygon","coordinates":[[[127.48314,36.62908],[127.47745,36.63019],[127.46861,36.62848],[127.47078,36.62399],[127.4791,36.62099],[127.49341,36.6201],[127.49332,36.62237],[127.49173,36.62442],[127.48314,36.62908]]]},"properties":{"key":"충청북도|청주시서원구|모충동","code":"4311254000"}},{"type":"Feature","geometry":{"type":"Polygon","coordinates":[[[127.47753,36.61394],[127.47373,36.61269],[127.46718,36.6227],[127.46054,36.61404],[127.45863,36.608],[127.45444,36.6016],[127.46362,36.60162],[127.47328,36.599],[127.478,36.6023],[127.48532,36.61265],[127.47753,36.61394]]]},"properties":{"key":"충청북도|청주시서원구|산남동","code":"4311255000"}},{"type":"Feature","geometry":{"type":"Polygon","coordinates":[[[127.49543,36.61493],[127.49462,36.61586],[127.48532,36.61265],[127.478,36.6023],[127.47328,36.599],[127.47717,36.59329],[127.47407,36.58105],[127.48238,36.58276],[127.48846,36.58132],[127.5002,36.58745],[127.49774,36.5926],[127.49795,36.60599],[127.49543,36.61493]]]},"properties":{"key":"충청북도|청주시서원구|분평동","code":"4311256000"}},{"type":"Feature","geometry":{"type":"Polygon","coordinates":[[[127.49341,36.6201],[127.4791,36.62099],[127.47753,36.61394],[127.48532,36.61265],[127.49462,36.61586],[127.49341,36.6201]]]},"properties":{"key":"충청북도|청주시서원구|수곡1동","code":"4311257000"}},{"type":"Feature","geometry":{"type":"Polygon","coordinates":[[[127.4791,36.62099],[127.47078,36.62399],[127.46718,36.6227],[127.47373,36.61269],[127.47753,36.61394],[127.4791,36.62099]]]},"properties":{"key":"충청북도|청주시서원구|수곡2동","code":"4311258000"}},{"type":"Feature","geometry":{"type":"Polygon","coordinates":[[[127.46542,36.62897],[127.45452,36.63263],[127.44984,36.62633],[127.44321,36.6235],[127.44434,36.61594],[127.43767,36.61141],[127.43424,36.60593],[127.43424,36.60149],[127.43863,36.60195],[127.44845,36.59433],[127.45471,36.59879],[127.45444,36.6016],[127.45863,36.608],[127.46054,36.61404],[127.46718,36.6227],[127.47078,36.62399],[127.46861,36.62848],[127.46542,36.62897]]]},"properties":{"key":"충청북도|청주시서원구|성화·개신·죽림동","code":"4311259000"}},{"type":"Feature","geometry":{"type":"Polygon","coordinates":[[[127.35967,36.63557],[127.35564,36.6419],[127.34897,36.64249],[127.35225,36.65308],[127.3514,36.65854],[127.3482,36.66015],[127.34033,36.65626],[127.33452,36.65731],[127.33018,36.66334],[127.32453,36.65741],[127.32032,36.65716],[127.316,36.66336],[127.30508,36.66803],[127.30145,36.66409],[127.30162,36.66009],[127.29333,36.65445],[127.28696,36.65417],[127.28044,36.64166],[127.27671,36.63852],[127.28085,36.63439],[127.28885,36.63713],[127.29237,36.63576],[127.29093,36.62695],[127.29459,36.6207],[127.30087,36.61554],[127.30123,36.60752],[127.30698,36.59997],[127.30395,36.59013],[127.29935,36.5864],[127.30161,36.58212],[127.30824,36.58346],[127.3219,36.58265],[127.33457,36.59721],[127.34013,36.5959],[127.34438,36.59815],[127.34362,36.60546],[127.34857,36.61162],[127.35133,36.62401],[127.35028,36.62616],[127.35536,36.63394],[127.35967,36.63557]]]},"properties":{"key":"충청북도|청주시흥덕구|오송읍","code":"4311325000"}},{"type":"Feature","geometry":{"type":"Polygon","coordinates":[[[127.38985,36.58533],[127.38394,36.58794],[127.37546,36.58745],[127.36671,36.59361],[127.36873,36.60094],[127.36889,36.60773],[127.37596,36.60599],[127.37818,36.61695],[127.37297,36.62521],[127.37364,36.62884],[127.38224,36.62847],[127.38801,36.62446],[127.40045,36.62648],[127.40803,36.62973],[127.40645,36.6324],[127.39967,36.62968],[127.39129,36.63026],[127.38976,36.63833],[127.3789,36.64638],[127.37693,36.65193],[127.37575,36.64517],[127.36565,36.63754],[127.35967,36.63557],[127.35536,36.63394],[127.35028,36.62616],[127.35133,36.62401],[127.34857,36.61162],[127.34362,36.60546],[127.34438,36.59815],[127.34013,36.5959],[127.33457,36.59721],[127.3219,36.58265],[127.3255,36.57785],[127.33634,36.57018],[127.3371,36.56305],[127.34301,36.5645],[127.35114,36.56225],[127.36054,36.56227],[127.37029,36.56651],[127.37706,36.56744],[127.38658,36.57733],[127.38985,36.58533]]]},"properties":{"key":"충청북도|청주시흥덕구|강내면","code":"4311331000"}},{"type":"Feature","geometry":{"type":"Polygon","coordinates":[[[127.42828,36.68304],[127.42793,36.68922],[127.42541,36.69287],[127.40852,36.70592],[127.40008,36.71099],[127.39972,36.7139],[127.39402,36.71742],[127.38698,36.71748],[127.37725,36.71255],[127.36624,36.71548],[127.36164,36.71789],[127.35094,36.71902],[127.34098,36.71841],[127.32602,36.72316],[127.31697,36.72482],[127.30845,36.72131],[127.30677,36.70804],[127.30812,36.70502],[127.29673,36.69782],[127.29207,36.6973],[127.28563,36.69093],[127.29644,36.68572],[127.30459,36.68488],[127.30761,36.68163],[127.30508,36.66803],[127.316,36.66336],[127.32032,36.65716],[127.32453,36.65741],[127.33018,36.66334],[127.33452,36.65731],[127.34033,36.65626],[127.3482,36.66015],[127.3514,36.65854],[127.35225,36.65308],[127.34897,36.64249],[127.35564,36.6419],[127.35967,36.63557],[127.36565,36.63754],[127.37575,36.64517],[127.37693,36.65193],[127.37506,36.65891],[127.38291,36.66103],[127.388,36.65949],[127.39455,36.66133],[127.3973,36.67459],[127.40159,36.67883],[127.41572,36.67981],[127.42828,36.68304]]]},"properties":{"key":"충청북도|청주시흥덕구|옥산면","code":"4311332000"}},{"type":"Feature","geometry":{"type":"Polygon","coordinates":[[[127.47161,36.65929],[127.46504,36.66646],[127.46465,36.65915],[127.46364,36.65497],[127.46886,36.64285],[127.47373,36.64292],[127.48145,36.64658],[127.47571,36.65417],[127.47161,36.65929]]]},"properties":{"key":"충청북도|청주시흥덕구|운천·신봉동","code":"4311370000"}},{"type":"Feature","geometry":{"type":"Polygon","coordinates":[[[127.43185,36.64443],[127.42274,36.64622],[127.42478,36.63861],[127.42382,36.63503],[127.42835,36.6286],[127.4323,36.63273],[127.43886,36.63266],[127.45634,36.63464],[127.45651,36.63642],[127.4518,36.6381],[127.4443,36.63813],[127.43185,36.64443]]]},"properties":{"key":"충청북도|청주시흥덕구|복대1동","code":"4311374100"}},{"type":"Feature","geometry":{"type":"Polygon","coordinates":[[[127.45452,36.63263],[127.45634,36.63464],[127.43886,36.63266],[127.44321,36.6235],[127.44984,36.62633],[127.45452,36.63263]]]},"properties":{"key":"충청북도|청주시흥덕구|복대2동","code":"4311374200"}},{"type":"Feature","geometry":{"type":"Polygon","coordinates":[[[127.43886,36.63266],[127.4323,36.63273],[127.42835,36.6286],[127.43149,36.62421],[127.42579,36.62293],[127.42245,36.61683],[127.42518,36.61189],[127.4321,36.60963],[127.43767,36.61141],[127.44434,36.61594],[127.44321,36.6235],[127.43886,36.63266]]]},"properties":{"key":"충청북도|청주시흥덕구|가경동","code":"4311374700"}},{"type":"Feature","geometry":{"type":"Polygon","coordinates":[[[127.46886,36.64285],[127.45392,36.64337],[127.4518,36.6381],[127.45651,36.63642],[127.46171,36.63937],[127.46894,36.63986],[127.46886,36.64285]]]},"properties":{"key":"충청북도|청주시흥덕구|봉명1동","code":"4311375100"}},{"type":"Feature","geometry":{"type":"Polygon","coordinates":[[[127.46886,36.64285],[127.46364,36.65497],[127.46465,36.65915],[127.45411,36.65852],[127.44168,36.65387],[127.43535,36.6537],[127.43534,36.64935],[127.43185,36.64443],[127.4443,36.63813],[127.4518,36.6381],[127.45392,36.64337],[127.46886,36.64285]]]},"properties":{"key":"충청북도|청주시흥덕구|봉명2·송정동","code":"4311375600"}},{"type":"Feature","geometry":{"type":"Polygon","coordinates":[[[127.42274,36.64622],[127.42018,36.65],[127.41235,36.6517],[127.40558,36.66047],[127.3988,36.66232],[127.39455,36.66133],[127.388,36.65949],[127.38291,36.66103],[127.37506,36.65891],[127.37693,36.65193],[127.3789,36.64638],[127.38976,36.63833],[127.39129,36.63026],[127.39967,36.62968],[127.40645,36.6324],[127.40803,36.62973],[127.40045,36.62648],[127.38801,36.62446],[127.38224,36.62847],[127.37364,36.62884],[127.37297,36.62521],[127.37818,36.61695],[127.37596,36.60599],[127.36889,36.60773],[127.36873,36.60094],[127.36671,36.59361],[127.37546,36.58745],[127.38394,36.58794],[127.38985,36.58533],[127.39804,36.59054],[127.40091,36.59593],[127.40536,36.59789],[127.41153,36.6046],[127.41992,36.59795],[127.42243,36.59983],[127.43411,36.59938],[127.43424,36.60149],[127.43424,36.60593],[127.43767,36.61141],[127.4321,36.60963],[127.42518,36.61189],[127.42245,36.61683],[127.42579,36.62293],[127.43149,36.62421],[127.42835,36.6286],[127.42382,36.63503],[127.42478,36.63861],[127.42274,36.64622]]]},"properties":{"key":"충청북도|청주시흥덕구|강서1동","code":"4311376000"}},{"type":"Feature","geometry":{"type":"Polygon","coordinates":[[[127.46303,36.66933],[127.45756,36.67398],[127.44765,36.67536],[127.44664,36.6853],[127.44314,36.68288],[127.43274,36.68136],[127.42828,36.68304],[127.41572,36.67981],[127.40159,36.67883],[127.3973,36.67459],[127.39455,36.66133],[127.3988,36.66232],[127.40558,36.66047],[127.41235,36.6517],[127.42018,36.65],[127.42274,36.64622],[127.43185,36.64443],[127.43534,36.64935],[127.43535,36.6537],[127.44168,36.65387],[127.45411,36.65852],[127.46465,36.65915],[127.46504,36.66646],[127.46303,36.66933]]]},"properties":{"key":"충청북도|청주시흥덕구|강서2동","code":"4311377000"}},{"type":"Feature","geometry":{"type":"Polygon","coordinates":[[[127.61116,36.72903],[127.60266,36.72486],[127.59303,36.724],[127.58222,36.72117],[127.57879,36.71734],[127.56691,36.71433],[127.55522,36.72216],[127.54763,36.72371],[127.54713,36.72661],[127.53663,36.73289],[127.52825,36.73481],[127.52039,36.73142],[127.51198,36.73303],[127.50156,36.73248],[127.49016,36.72997],[127.48589,36.72356],[127.48507,36.71885],[127.49208,36.71568],[127.49758,36.71766],[127.50203,36.71147],[127.49826,36.70168],[127.49641,36.69168],[127.49998,36.68914],[127.49971,36.6845],[127.5123,36.67422],[127.53269,36.66587],[127.53693,36.66924],[127.54274,36.66876],[127.5555,36.67401],[127.56727,36.67443],[127.57944,36.68438],[127.58563,36.68375],[127.59764,36.69778],[127.61233,36.70011],[127.61776,36.70745],[127.61866,36.71641],[127.61542,36.71871],[127.6143,36.72526],[127.61116,36.72903]]]},"properties":{"key":"충청북도|청주시청원구|내수읍","code":"4311425000"}},{"type":"Feature","geometry":{"type":"Polygon","coordinates":[[[127.50134,36.76395],[127.50895,36.7695],[127.51062,36.77389],[127.50195,36.77971],[127.49485,36.77758],[127.49056,36.77349],[127.48139,36.77412],[127.4703,36.76887],[127.46181,36.77017],[127.4501,36.75901],[127.44983,36.74953],[127.44247,36.74948],[127.43858,36.75327],[127.42714,36.75075],[127.4252,36.75429],[127.41958,36.75757],[127.41197,36.75727],[127.41121,36.75332],[127.40583,36.75025],[127.40464,36.74494],[127.39668,36.74704],[127.39481,36.75094],[127.38883,36.75331],[127.38718,36.75947],[127.37232,36.75824],[127.36963,36.76138],[127.35883,36.76068],[127.35312,36.75595],[127.33555,36.75236],[127.33359,36.74849],[127.3372,36.74447],[127.34018,36.73184],[127.33686,36.72938],[127.3283,36.73456],[127.32546,36.73367],[127.31723,36.72493],[127.31697,36.72482],[127.32602,36.72316],[127.34098,36.71841],[127.35094,36.71902],[127.36164,36.71789],[127.36624,36.71548],[127.37725,36.71255],[127.38698,36.71748],[127.39402,36.71742],[127.39972,36.7139],[127.40008,36.71099],[127.40852,36.70592],[127.42541,36.69287],[127.42793,36.68922],[127.42828,36.68304],[127.43274,36.68136],[127.44314,36.68288],[127.44664,36.6853],[127.44992,36.69006],[127.46175,36.69606],[127.46357,36.70682],[127.47408,36.71284],[127.47751,36.7218],[127.48165,36.72965],[127.48291,36.7413],[127.49057,36.74771],[127.49407,36.75559],[127.50033,36.75844],[127.50134,36.76395]]]},"properties":{"key":"충청북도|청주시청원구|오창읍","code":"4311425300"}},{"type":"Feature","geometry":{"type":"Polygon","coordinates":[[[127.61116,36.72903],[127.6099,36.73555],[127.60417,36.74557],[127.59578,36.74468],[127.59026,36.74858],[127.5886,36.76253],[127.57501,36.76745],[127.56872,36.77176],[127.56422,36.77962],[127.55443,36.77785],[127.54425,36.77365],[127.54118,36.77414],[127.53019,36.77009],[127.5113,36.76798],[127.50134,36.76395],[127.50033,36.75844],[127.49407,36.75559],[127.49057,36.74771],[127.48291,36.7413],[127.48165,36.72965],[127.47751,36.7218],[127.48589,36.72356],[127.49016,36.72997],[127.50156,36.73248],[127.51198,36.73303],[127.52039,36.73142],[127.52825,36.73481],[127.53663,36.73289],[127.54713,36.72661],[127.54763,36.72371],[127.55522,36.72216],[127.56691,36.71433],[127.57879,36.71734],[127.58222,36.72117],[127.59303,36.724],[127.60266,36.72486],[127.61116,36.72903]]]},"properties":{"key":"충청북도|청주시청원구|북이면","code":"4311431000"}},{"type":"Feature","geometry":{"type":"Polygon","coordinates":[[[127.5123,36.67422],[127.49971,36.6845],[127.49998,36.68914],[127.49641,36.69168],[127.49826,36.70168],[127.50203,36.71147],[127.49758,36.71766],[127.49208,36.71568],[127.48507,36.71885],[127.48589,36.72356],[127.47751,36.7218],[127.47408,36.71284],[127.46357,36.70682],[127.46175,36.69606],[127.44992,36.69006],[127.44664,36.6853],[127.44765,36.67536],[127.45756,36.67398],[127.46303,36.66933],[127.46601,36.67607],[127.47405,36.67844],[127.47758,36.6816],[127.48351,36.67827],[127.48329,36.67153],[127.48977,36.67175],[127.49939,36.66977],[127.5123,36.67422]]]},"properties":{"key":"충청북도|청주시청원구|오근장동","code":"4311455000"}},{"type":"Feature","geometry":{"type":"Polygon","coordinates":[[[127.48893,36.65241],[127.48377,36.65681],[127.47571,36.65417],[127.48145,36.64658],[127.48253,36.64466],[127.49347,36.64747],[127.50091,36.64719],[127.50514,36.65024],[127.50455,36.65314],[127.49784,36.65157],[127.48893,36.65241]]]},"properties":{"key":"충청북도|청주시청원구|우암동","code":"4311451000"}},{"type":"Feature","geometry":{"type":"Polygon","coordinates":[[[127.48893,36.65241],[127.48662,36.66503],[127.47161,36.65929],[127.47571,36.65417],[127.48377,36.65681],[127.48893,36.65241]]]},"properties":{"key":"충청북도|청주시청원구|내덕1동","code":"4311452000"}},{"type":"Feature","geometry":{"type":"Polygon","coordinates":[[[127.50455,36.65314],[127.49993,36.66345],[127.48662,36.66503],[127.48893,36.65241],[127.49784,36.65157],[127.50455,36.65314]]]},"properties":{"key":"충청북도|청주시청원구|내덕2동","code":"4311453000"}},{"type":"Feature","geometry":{"type":"Polygon","coordinates":[[[127.5123,36.67422],[127.49939,36.66977],[127.48977,36.67175],[127.48329,36.67153],[127.48351,36.67827],[127.47758,36.6816],[127.47405,36.67844],[127.46601,36.67607],[127.46303,36.66933],[127.46504,36.66646],[127.47161,36.65929],[127.48662,36.66503],[127.49993,36.66345],[127.50455,36.65314],[127.50514,36.65024],[127.50607,36.65012],[127.50966,36.65323],[127.51429,36.65325],[127.52432,36.65804],[127.53269,36.66587],[127.5123,36.67422]]]},"properties":{"key":"충청북도|청주시청원구|율량·사천동","code":"4311454000"}},{"type":"Feature","geometry":{"type":"Polygon","coordinates":[[[127.76079,36.53969],[127.74886,36.53643],[127.74323,36.53293],[127.7372,36.53176],[127.72135,36.53601],[127.71682,36.53596],[127.71597,36.5298],[127.70984,36.52795],[127.70028,36.52202],[127.69668,36.51679],[127.69164,36.52081],[127.68651,36.53046],[127.68031,36.53056],[127.67882,36.52786],[127.66452,36.52623],[127.65926,36.51593],[127.66023,36.50774],[127.66469,36.50251],[127.66444,36.49766],[127.67119,36.49211],[127.67331,36.48726],[127.68813,36.48964],[127.70796,36.48268],[127.71146,36.4769],[127.71151,36.47133],[127.71503,36.47048],[127.71544,36.4654],[127.70558,36.46358],[127.70543,36.45738],[127.70766,36.44633],[127.71285,36.45124],[127.72046,36.4526],[127.72413,36.44734],[127.73272,36.44369],[127.73595,36.44623],[127.73474,36.44861],[127.73764,36.45491],[127.74199,36.45478],[127.74957,36.45934],[127.75146,36.46318],[127.74964,36.46824],[127.75139,36.47418],[127.76002,36.46647],[127.76488,36.46694],[127.76964,36.47333],[127.76153,36.4803],[127.75844,36.48067],[127.75695,36.49187],[127.77011,36.49741],[127.76943,36.50524],[127.77639,36.50761],[127.77273,36.51627],[127.7737,36.51824],[127.76691,36.53586],[127.76079,36.53969]]]},"properties":{"key":"충청북도|보은군|보은읍","code":"4372025000"}},{"type":"Feature","geometry":{"type":"Polygon","coordinates":[[[127.90676,36.50753],[127.90224,36.51271],[127.90064,36.52472],[127.90193,36.52817],[127.89241,36.53043],[127.88148,36.53595],[127.87412,36.53731],[127.87068,36.5431],[127.87336,36.55526],[127.87213,36.55868],[127.86214,36.56741],[127.84814,36.57158],[127.8432,36.56969],[127.83569,36.57142],[127.83013,36.5744],[127.82388,36.5708],[127.81948,36.56302],[127.81121,36.56328],[127.80918,36.56598],[127.79461,36.56664],[127.78035,36.565],[127.77575,36.56089],[127.76079,36.53969],[127.76691,36.53586],[127.7737,36.51824],[127.77273,36.51627],[127.77639,36.50761],[127.78166,36.50397],[127.78864,36.50234],[127.78995,36.49107],[127.79514,36.48943],[127.8021,36.49289],[127.81246,36.49242],[127.82132,36.49019],[127.83167,36.4901],[127.84046,36.48517],[127.84546,36.48721],[127.85378,36.47978],[127.85769,36.47145],[127.86559,36.46883],[127.87838,36.46709],[127.88068,36.48072],[127.87523,36.48319],[127.87609,36.48837],[127.88047,36.49327],[127.88848,36.4931],[127.89701,36.49874],[127.90676,36.50753]]]},"properties":{"key":"충청북도|보은군|속리산면","code":"4372031500"}},{"type":"Feature","geometry":{"type":"Polygon","coordinates":[[[127.77639,36.50761],[127.76943,36.50524],[127.77011,36.49741],[127.75695,36.49187],[127.75844,36.48067],[127.76153,36.4803],[127.76964,36.47333],[127.76488,36.46694],[127.76002,36.46647],[127.76992,36.45691],[127.77532,36.46115],[127.78545,36.45923],[127.79298,36.46225],[127.80222,36.45484],[127.81008,36.45004],[127.82904,36.46144],[127.83057,36.4696],[127.84371,36.47262],[127.85769,36.47145],[127.85378,36.47978],[127.84546,36.48721],[127.84046,36.48517],[127.83167,36.4901],[127.82132,36.49019],[127.81246,36.49242],[127.8021,36.49289],[127.79514,36.48943],[127.78995,36.49107],[127.78864,36.50234],[127.78166,36.50397],[127.77639,36.50761]]]},"properties":{"key":"충청북도|보은군|장안면","code":"4372032500"}},{"type":"Feature","geometry":{"type":"Polygon","coordinates":[[[127.85769,36.47145],[127.84371,36.47262],[127.83057,36.4696],[127.82904,36.46144],[127.81008,36.45004],[127.81029,36.44308],[127.81373,36.43138],[127.81266,36.422],[127.81442,36.41861],[127.80813,36.41319],[127.80106,36.41096],[127.7927,36.41136],[127.7875,36.40666],[127.77826,36.4027],[127.77104,36.40235],[127.76236,36.39376],[127.77053,36.3878],[127.78371,36.38697],[127.79108,36.38833],[127.7945,36.38457],[127.80121,36.38248],[127.81884,36.38146],[127.83611,36.36951],[127.84229,36.37166],[127.85295,36.37097],[127.85928,36.37432],[127.87031,36.37364],[127.87464,36.37092],[127.87963,36.37151],[127.8829,36.37384],[127.88423,36.37934],[127.87923,36.38325],[127.87509,36.39121],[127.86847,36.39123],[127.86565,36.39484],[127.86363,36.40308],[127.87312,36.40587],[127.87324,36.41004],[127.87924,36.41687],[127.88284,36.4235],[127.88041,36.42764],[127.87534,36.42846],[127.87303,36.44171],[127.87489,36.44857],[127.87778,36.44999],[127.8824,36.461],[127.87838,36.46709],[127.86559,36.46883],[127.85769,36.47145]]]},"properties":{"key":"충청북도|보은군|마로면","code":"4372033000"}},{"type":"Feature","geometry":{"type":"Polygon","coordinates":[[[127.76002,36.46647],[127.75139,36.47418],[127.74964,36.46824],[127.75146,36.46318],[127.74957,36.45934],[127.74199,36.45478],[127.73764,36.45491],[127.73474,36.44861],[127.73595,36.44623],[127.7435,36.44176],[127.7446,36.43752],[127.75252,36.42954],[127.7546,36.42522],[127.76194,36.42367],[127.76471,36.41937],[127.76965,36.41872],[127.76998,36.40557],[127.77104,36.40235],[127.77826,36.4027],[127.7875,36.40666],[127.7927,36.41136],[127.80106,36.41096],[127.80813,36.41319],[127.81442,36.41861],[127.81266,36.422],[127.81373,36.43138],[127.81029,36.44308],[127.81008,36.45004],[127.80222,36.45484],[127.79298,36.46225],[127.78545,36.45923],[127.77532,36.46115],[127.76992,36.45691],[127.76002,36.46647]]]},"properties":{"key":"충청북도|보은군|탄부면","code":"4372034000"}},{"type":"Feature","geometry":{"type":"Polygon","coordinates":[[[127.73595,36.44623],[127.73272,36.44369],[127.72413,36.44734],[127.72046,36.4526],[127.71285,36.45124],[127.70766,36.44633],[127.70538,36.42893],[127.70604,36.41612],[127.70407,36.41456],[127.71041,36.41336],[127.70789,36.40631],[127.71432,36.40207],[127.71743,36.39714],[127.73124,36.38978],[127.73343,36.39421],[127.74277,36.38692],[127.75733,36.39012],[127.76236,36.39376],[127.77104,36.40235],[127.76998,36.40557],[127.76965,36.41872],[127.76471,36.41937],[127.76194,36.42367],[127.7546,36.42522],[127.75252,36.42954],[127.7446,36.43752],[127.7435,36.44176],[127.73595,36.44623]]]},"properties":{"key":"충청북도|보은군|삼승면","code":"4372035000"}},{"type":"Feature","geometry":{"type":"Polygon","coordinates":[[[127.63368,36.51284],[127.62718,36.51268],[127.62402,36.50849],[127.6344,36.4948],[127.6388,36.49383],[127.64511,36.48436],[127.64188,36.46939],[127.6384,36.46751],[127.63644,36.4614],[127.62882,36.46219],[127.61798,36.45561],[127.6152,36.44996],[127.61643,36.44207],[127.62137,36.43983],[127.62006,36.43255],[127.61627,36.42638],[127.6244,36.42247],[127.62805,36.42887],[127.62856,36.43451],[127.63253,36.43894],[127.6396,36.43763],[127.6415,36.44262],[127.64598,36.44504],[127.65382,36.43856],[127.6577,36.43797],[127.6637,36.44459],[127.67531,36.442],[127.67599,36.43745],[127.68064,36.43579],[127.67852,36.42693],[127.68014,36.41995],[127.70011,36.41351],[127.70407,36.41456],[127.70604,36.41612],[127.70538,36.42893],[127.70766,36.44633],[127.70543,36.45738],[127.70558,36.46358],[127.71544,36.4654],[127.71503,36.47048],[127.71151,36.47133],[127.71146,36.4769],[127.70796,36.48268],[127.68813,36.48964],[127.67331,36.48726],[127.67119,36.49211],[127.66444,36.49766],[127.65552,36.49678],[127.64779,36.4986],[127.64695,36.50405],[127.63838,36.50514],[127.63368,36.51284]]]},"properties":{"key":"충청북도|보은군|수한면","code":"4372036000"}},{"type":"Feature","geometry":{"type":"Polygon","coordinates":[[[127.6152,36.44996],[127.61029,36.45387],[127.61171,36.46038],[127.60733,36.46629],[127.60255,36.4671],[127.58041,36.45973],[127.57627,36.46182],[127.56952,36.46162],[127.56965,36.46539],[127.56416,36.47007],[127.55813,36.47214],[127.55385,36.46308],[127.55333,36.45774],[127.54542,36.44932],[127.54587,36.44694],[127.52285,36.43885],[127.51994,36.4364],[127.51651,36.42847],[127.51569,36.42228],[127.51949,36.42018],[127.52415,36.42319],[127.52934,36.41934],[127.53975,36.42072],[127.54313,36.41687],[127.54463,36.41109],[127.55207,36.40528],[127.55515,36.39897],[127.55419,36.39473],[127.55773,36.39361],[127.57093,36.40166],[127.57821,36.40658],[127.58547,36.41533],[127.59898,36.40792],[127.60401,36.40396],[127.61339,36.40426],[127.61723,36.4106],[127.61887,36.41705],[127.6151,36.42259],[127.61627,36.42638],[127.62006,36.43255],[127.62137,36.43983],[127.61643,36.44207],[127.6152,36.44996]]]},"properties":{"key":"충청북도|보은군|회남면","code":"4372037000"}},{"type":"Feature","geometry":{"type":"Polygon","coordinates":[[[127.63368,36.51284],[127.63543,36.51635],[127.62095,36.52614],[127.62356,36.5373],[127.63316,36.54053],[127.62814,36.5469],[127.61804,36.55068],[127.61207,36.55138],[127.60289,36.54784],[127.59881,36.54819],[127.59089,36.54337],[127.58099,36.5421],[127.57974,36.53796],[127.57089,36.53569],[127.56518,36.5305],[127.569,36.52143],[127.57301,36.5164],[127.57335,36.50958],[127.57011,36.49965],[127.57286,36.49307],[127.57612,36.49017],[127.56701,36.4841],[127.55813,36.47214],[127.56416,36.47007],[127.56965,36.46539],[127.56952,36.46162],[127.57627,36.46182],[127.58041,36.45973],[127.60255,36.4671],[127.60733,36.46629],[127.61171,36.46038],[127.61029,36.45387],[127.6152,36.44996],[127.61798,36.45561],[127.62882,36.46219],[127.63644,36.4614],[127.6384,36.46751],[127.64188,36.46939],[127.64511,36.48436],[127.6388,36.49383],[127.6344,36.4948],[127.62402,36.50849],[127.62718,36.51268],[127.63368,36.51284]]]},"properties":{"key":"충청북도|보은군|회인면","code":"4372038500"}},{"type":"Feature","geometry":{"type":"Polygon","coordinates":[[[127.69457,36.58856],[127.68816,36.59164],[127.68136,36.59187],[127.67951,36.59575],[127.6701,36.59794],[127.665,36.6025],[127.65534,36.60027],[127.65222,36.60457],[127.64626,36.60661],[127.64121,36.60192],[127.63559,36.59998],[127.63081,36.59341],[127.63058,36.58672],[127.62247,36.58156],[127.61462,36.57368],[127.61141,36.56677],[127.61662,36.55934],[127.61207,36.55138],[127.61804,36.55068],[127.62814,36.5469],[127.63316,36.54053],[127.62356,36.5373],[127.62095,36.52614],[127.63543,36.51635],[127.63368,36.51284],[127.63838,36.50514],[127.64695,36.50405],[127.64779,36.4986],[127.65552,36.49678],[127.66444,36.49766],[127.66469,36.50251],[127.66023,36.50774],[127.65926,36.51593],[127.66452,36.52623],[127.67882,36.52786],[127.68031,36.53056],[127.68651,36.53046],[127.69164,36.52081],[127.69668,36.51679],[127.70028,36.52202],[127.70984,36.52795],[127.71597,36.5298],[127.71682,36.53596],[127.71186,36.53703],[127.70476,36.54185],[127.70505,36.54684],[127.70832,36.55055],[127.70359,36.55504],[127.68961,36.55966],[127.68573,36.563],[127.68794,36.57569],[127.69457,36.58856]]]},"properties":{"key":"충청북도|보은군|내북면","code":"4372039000"}},{"type":"Feature","geometry":{"type":"Polygon","coordinates":[[[127.79841,36.60228],[127.79141,36.61077],[127.78645,36.61374],[127.78189,36.60865],[127.7698,36.60412],[127.76903,36.59344],[127.75527,36.5902],[127.74557,36.58557],[127.74135,36.59137],[127.73714,36.59265],[127.73591,36.6003],[127.7287,36.60228],[127.72032,36.6027],[127.7131,36.60125],[127.71138,36.59766],[127.7052,36.59522],[127.70173,36.59091],[127.69457,36.58856],[127.68794,36.57569],[127.68573,36.563],[127.68961,36.55966],[127.70359,36.55504],[127.70832,36.55055],[127.70505,36.54684],[127.70476,36.54185],[127.71186,36.53703],[127.71682,36.53596],[127.72135,36.53601],[127.7372,36.53176],[127.74323,36.53293],[127.74886,36.53643],[127.76079,36.53969],[127.77575,36.56089],[127.78035,36.565],[127.79461,36.56664],[127.80918,36.56598],[127.81121,36.56328],[127.81948,36.56302],[127.82388,36.5708],[127.81592,36.57804],[127.80465,36.58166],[127.8002,36.58551],[127.79741,36.59197],[127.79841,36.60228]]]},"properties":{"key":"충청북도|보은군|산외면","code":"4372040000"}},{"type":"Feature","geometry":{"type":"Polygon","coordinates":[[[127.64246,36.35291],[127.64426,36.3582],[127.6422,36.36057],[127.63095,36.35015],[127.61131,36.34733],[127.6043,36.34416],[127.60215,36.33984],[127.59579,36.33743],[127.58529,36.33571],[127.5802,36.33299],[127.58113,36.3263],[127.56435,36.32375],[127.5604,36.33033],[127.55272,36.32481],[127.54512,36.32149],[127.54213,36.31667],[127.54992,36.31305],[127.55603,36.30461],[127.54741,36.29886],[127.54666,36.2956],[127.53956,36.28712],[127.54168,36.28185],[127.54694,36.2791],[127.55211,36.27009],[127.55525,36.26865],[127.55735,36.26234],[127.5621,36.25746],[127.56802,36.2477],[127.57382,36.24766],[127.57554,36.25171],[127.58034,36.25355],[127.58979,36.24994],[127.59892,36.25643],[127.59867,36.25914],[127.59293,36.26619],[127.59345,36.27348],[127.60289,36.28028],[127.60405,36.2895],[127.61526,36.29425],[127.61168,36.29838],[127.60502,36.29676],[127.59846,36.30364],[127.60007,36.30932],[127.5933,36.31358],[127.59911,36.3153],[127.60828,36.31378],[127.6167,36.31681],[127.61397,36.32336],[127.63636,36.34047],[127.6404,36.35079],[127.64246,36.35291]]]},"properties":{"key":"충청북도|옥천군|옥천읍","code":"4373025000"}},{"type":"Feature","geometry":{"type":"Polygon","coordinates":[[[127.68366,36.31791],[127.67563,36.32074],[127.66976,36.32634],[127.66534,36.33517],[127.66531,36.34463],[127.66119,36.34404],[127.66052,36.33534],[127.65811,36.33329],[127.65148,36.3341],[127.6458,36.33683],[127.65014,36.3499],[127.64839,36.35349],[127.64246,36.35291],[127.6404,36.35079],[127.63636,36.34047],[127.61397,36.32336],[127.6167,36.31681],[127.60828,36.31378],[127.59911,36.3153],[127.5933,36.31358],[127.60007,36.30932],[127.59846,36.30364],[127.60502,36.29676],[127.61168,36.29838],[127.61526,36.29425],[127.60405,36.2895],[127.60289,36.28028],[127.59345,36.27348],[127.59293,36.26619],[127.59867,36.25914],[127.60248,36.25904],[127.61773,36.26319],[127.62745,36.26275],[127.63669,36.25968],[127.65764,36.26505],[127.66247,36.26763],[127.66842,36.2655],[127.67514,36.26024],[127.68466,36.2606],[127.68775,36.2622],[127.69795,36.26334],[127.70167,36.26136],[127.71365,36.26428],[127.70803,36.26911],[127.70592,36.27503],[127.70153,36.2747],[127.69359,36.27757],[127.6972,36.28009],[127.697,36.28754],[127.68795,36.29196],[127.67081,36.29254],[127.66705,36.29497],[127.66232,36.30522],[127.66677,36.311],[127.67184,36.3104],[127.68371,36.30344],[127.69176,36.30568],[127.69145,36.31382],[127.68366,36.31791]]]},"properties":{"key":"충청북도|옥천군|동이면","code":"4373031000"}},{"type":"Feature","geometry":{"type":"Polygon","coordinates":[[[127.70818,36.37956],[127.70165,36.38627],[127.68467,36.39038],[127.66738,36.3861],[127.66305,36.38106],[127.66241,36.37554],[127.66553,36.37434],[127.66906,36.36625],[127.66556,36.36473],[127.65483,36.36516],[127.64616,36.36426],[127.6422,36.36057],[127.64426,36.3582],[127.64246,36.35291],[127.64839,36.35349],[127.65014,36.3499],[127.6458,36.33683],[127.65148,36.3341],[127.65811,36.33329],[127.66052,36.33534],[127.66119,36.34404],[127.66531,36.34463],[127.66534,36.33517],[127.66976,36.32634],[127.67563,36.32074],[127.68366,36.31791],[127.68562,36.31998],[127.69547,36.31787],[127.70074,36.32369],[127.70369,36.33183],[127.69948,36.33993],[127.70202,36.34732],[127.71007,36.34971],[127.70941,36.35669],[127.71348,36.35976],[127.70893,36.36963],[127.7051,36.37417],[127.70818,36.37956]]]},"properties":{"key":"충청북도|옥천군|안남면","code":"4373032000"}},{"type":"Feature","geometry":{"type":"Polygon","coordinates":[[[127.70407,36.41456],[127.70011,36.41351],[127.68014,36.41995],[127.67852,36.42693],[127.68064,36.43579],[127.67599,36.43745],[127.67531,36.442],[127.6637,36.44459],[127.6577,36.43797],[127.65382,36.43856],[127.64598,36.44504],[127.6415,36.44262],[127.6396,36.43763],[127.63253,36.43894],[127.62856,36.43451],[127.62805,36.42887],[127.6244,36.42247],[127.61627,36.42638],[127.6151,36.42259],[127.61887,36.41705],[127.61723,36.4106],[127.61339,36.40426],[127.60401,36.40396],[127.59898,36.40792],[127.58547,36.41533],[127.57821,36.40658],[127.57093,36.40166],[127.56959,36.39677],[127.57724,36.38908],[127.58875,36.39256],[127.59457,36.38793],[127.60926,36.38717],[127.61284,36.38465],[127.61933,36.38416],[127.63069,36.3879],[127.62972,36.38283],[127.62086,36.37605],[127.62259,36.36716],[127.61643,36.35721],[127.60083,36.34546],[127.59579,36.33743],[127.60215,36.33984],[127.6043,36.34416],[127.61131,36.34733],[127.63095,36.35015],[127.6422,36.36057],[127.64616,36.36426],[127.65483,36.36516],[127.66556,36.36473],[127.66906,36.36625],[127.66553,36.37434],[127.66241,36.37554],[127.66305,36.38106],[127.66738,36.3861],[127.68467,36.39038],[127.70165,36.38627],[127.70818,36.37956],[127.71237,36.38187],[127.72201,36.37914],[127.72814,36.38322],[127.73124,36.38978],[127.71743,36.39714],[127.71432,36.40207],[127.70789,36.40631],[127.71041,36.41336],[127.70407,36.41456]]]},"properties":{"key":"충청북도|옥천군|안내면","code":"4373033000"}},{"type":"Feature","geometry":{"type":"Polygon","coordinates":[[[127.75733,36.39012],[127.74277,36.38692],[127.73343,36.39421],[127.73124,36.38978],[127.72814,36.38322],[127.72201,36.37914],[127.71237,36.38187],[127.70818,36.37956],[127.7051,36.37417],[127.70893,36.36963],[127.71348,36.35976],[127.70941,36.35669],[127.71007,36.34971],[127.70202,36.34732],[127.69948,36.33993],[127.70369,36.33183],[127.70074,36.32369],[127.69547,36.31787],[127.68562,36.31998],[127.68366,36.31791],[127.69145,36.31382],[127.69176,36.30568],[127.68371,36.30344],[127.67184,36.3104],[127.66677,36.311],[127.66232,36.30522],[127.66705,36.29497],[127.67081,36.29254],[127.68795,36.29196],[127.697,36.28754],[127.6972,36.28009],[127.69359,36.27757],[127.70153,36.2747],[127.70592,36.27503],[127.70803,36.26911],[127.71365,36.26428],[127.71322,36.26773],[127.7305,36.27211],[127.73724,36.27249],[127.75433,36.26857],[127.76005,36.27045],[127.76406,36.28422],[127.76911,36.28526],[127.76941,36.28886],[127.77592,36.2918],[127.77834,36.2899],[127.7825,36.2924],[127.78245,36.29757],[127.7752,36.31232],[127.77035,36.31847],[127.76492,36.31603],[127.76498,36.33168],[127.76274,36.34191],[127.77095,36.34434],[127.7725,36.35298],[127.78209,36.35947],[127.78096,36.36565],[127.77396,36.36987],[127.76854,36.37736],[127.75827,36.37787],[127.75733,36.39012]]]},"properties":{"key":"충청북도|옥천군|청성면","code":"4373034000"}},{"type":"Feature","geometry":{"type":"Polygon","coordinates":[[[127.87963,36.37151],[127.87464,36.37092],[127.87031,36.37364],[127.85928,36.37432],[127.85295,36.37097],[127.84229,36.37166],[127.83611,36.36951],[127.81884,36.38146],[127.80121,36.38248],[127.7945,36.38457],[127.79108,36.38833],[127.78371,36.38697],[127.77053,36.3878],[127.76236,36.39376],[127.75733,36.39012],[127.75827,36.37787],[127.76854,36.37736],[127.77396,36.36987],[127.78096,36.36565],[127.78209,36.35947],[127.7725,36.35298],[127.77095,36.34434],[127.76274,36.34191],[127.76498,36.33168],[127.76492,36.31603],[127.77035,36.31847],[127.7752,36.31232],[127.78245,36.29757],[127.7825,36.2924],[127.77834,36.2899],[127.78763,36.28908],[127.7947,36.29075],[127.79497,36.29788],[127.79972,36.29856],[127.80142,36.30408],[127.80785,36.30914],[127.81372,36.30821],[127.81722,36.31024],[127.82083,36.30524],[127.82501,36.31003],[127.82914,36.31011],[127.84022,36.31547],[127.84495,36.31626],[127.85066,36.32061],[127.85209,36.3304],[127.8563,36.33107],[127.86366,36.33656],[127.86747,36.33641],[127.87502,36.3455],[127.88145,36.34486],[127.88612,36.35475],[127.89133,36.35955],[127.88629,36.36393],[127.88505,36.36895],[127.87963,36.37151]]]},"properties":{"key":"충청북도|옥천군|청산면","code":"4373035000"}},{"type":"Feature","geometry":{"type":"Polygon","coordinates":[[[127.70167,36.26136],[127.69795,36.26334],[127.68775,36.2622],[127.68466,36.2606],[127.67514,36.26024],[127.66842,36.2655],[127.66247,36.26763],[127.65764,36.26505],[127.63669,36.25968],[127.62745,36.26275],[127.61773,36.26319],[127.60248,36.25904],[127.59867,36.25914],[127.59892,36.25643],[127.58979,36.24994],[127.58034,36.25355],[127.57554,36.25171],[127.57382,36.24766],[127.56802,36.2477],[127.5672,36.24143],[127.57041,36.2329],[127.57914,36.23306],[127.58532,36.22976],[127.59074,36.22229],[127.5978,36.21741],[127.59709,36.21284],[127.59927,36.20451],[127.59284,36.19515],[127.59812,36.18435],[127.60926,36.18507],[127.624,36.18079],[127.6271,36.17777],[127.63416,36.18079],[127.64405,36.17171],[127.65205,36.17152],[127.65471,36.17727],[127.65015,36.18511],[127.65452,36.19188],[127.65202,36.19421],[127.65245,36.19941],[127.64866,36.20844],[127.65168,36.21466],[127.65065,36.22508],[127.65599,36.22902],[127.66335,36.22356],[127.67324,36.22306],[127.67835,36.22459],[127.6826,36.23102],[127.69172,36.23927],[127.69303,36.24975],[127.69601,36.25051],[127.70167,36.26136]]]},"properties":{"key":"충청북도|옥천군|이원면","code":"4373036000"}},{"type":"Feature","geometry":{"type":"Polygon","coordinates":[[[127.54213,36.31667],[127.53027,36.31645],[127.5237,36.31744],[127.50923,36.31197],[127.49915,36.30581],[127.4933,36.30003],[127.489,36.30084],[127.4967,36.28709],[127.49666,36.27947],[127.48858,36.27324],[127.48936,36.27003],[127.48625,36.26144],[127.48981,36.25789],[127.48756,36.2515],[127.48954,36.24552],[127.49259,36.24471],[127.49277,36.23809],[127.50878,36.23882],[127.51381,36.24171],[127.5182,36.24069],[127.52395,36.24653],[127.53249,36.25022],[127.5379,36.24294],[127.54979,36.23832],[127.54662,36.23017],[127.56182,36.22998],[127.57041,36.2329],[127.5672,36.24143],[127.56802,36.2477],[127.5621,36.25746],[127.55735,36.26234],[127.55525,36.26865],[127.55211,36.27009],[127.54694,36.2791],[127.54168,36.28185],[127.53956,36.28712],[127.54666,36.2956],[127.54741,36.29886],[127.55603,36.30461],[127.54992,36.31305],[127.54213,36.31667]]]},"properties":{"key":"충청북도|옥천군|군서면","code":"4373037000"}},{"type":"Feature","geometry":{"type":"Polygon","coordinates":[[[127.59579,36.33743],[127.60083,36.34546],[127.61643,36.35721],[127.62259,36.36716],[127.62086,36.37605],[127.62972,36.38283],[127.63069,36.3879],[127.61933,36.38416],[127.61284,36.38465],[127.60926,36.38717],[127.59457,36.38793],[127.58875,36.39256],[127.57724,36.38908],[127.56959,36.39677],[127.57093,36.40166],[127.55773,36.39361],[127.55419,36.39473],[127.54812,36.39676],[127.53916,36.39719],[127.53331,36.39182],[127.52572,36.38731],[127.52529,36.37622],[127.52686,36.36929],[127.52131,36.3532],[127.50977,36.35045],[127.50683,36.34064],[127.50125,36.33871],[127.50122,36.3333],[127.50358,36.32576],[127.49828,36.31895],[127.49926,36.31493],[127.49476,36.31169],[127.49915,36.30581],[127.50923,36.31197],[127.5237,36.31744],[127.53027,36.31645],[127.54213,36.31667],[127.54512,36.32149],[127.55272,36.32481],[127.5604,36.33033],[127.56435,36.32375],[127.58113,36.3263],[127.5802,36.33299],[127.58529,36.33571],[127.59579,36.33743]]]},"properties":{"key":"충청북도|옥천군|군북면","code":"4373038000"}},{"type":"Feature","geometry":{"type":"Polygon","coordinates":[[[127.84227,36.22608],[127.83072,36.22571],[127.82127,36.23441],[127.81445,36.237],[127.81137,36.2331],[127.8126,36.22712],[127.80787,36.2218],[127.81021,36.2184],[127.80241,36.20901],[127.80043,36.20446],[127.79396,36.20666],[127.79674,36.21695],[127.79357,36.22197],[127.78563,36.2208],[127.7745,36.22347],[127.76877,36.22201],[127.76353,36.22517],[127.76162,36.2218],[127.75557,36.22493],[127.75748,36.21717],[127.75468,36.21082],[127.74701,36.20578],[127.73998,36.20373],[127.74097,36.19857],[127.73573,36.18883],[127.73644,36.18121],[127.73362,36.1748],[127.73515,36.16811],[127.7436,36.16465],[127.75196,36.1645],[127.7555,36.16136],[127.76527,36.16278],[127.77023,36.16487],[127.77474,36.16087],[127.78093,36.14934],[127.78583,36.14963],[127.8011,36.13866],[127.80963,36.13686],[127.81549,36.13313],[127.81495,36.12315],[127.81998,36.11497],[127.81994,36.10973],[127.8234,36.09821],[127.82744,36.09838],[127.83349,36.10378],[127.83995,36.12039],[127.8401,36.12476],[127.84815,36.1337],[127.85155,36.14084],[127.86845,36.14567],[127.87327,36.14938],[127.87303,36.15894],[127.88309,36.1645],[127.88317,36.169],[127.87952,36.17646],[127.88018,36.18068],[127.87472,36.18552],[127.86875,36.18549],[127.8558,36.19633],[127.85658,36.20081],[127.85149,36.20171],[127.85088,36.20777],[127.84652,36.21993],[127.84227,36.22608]]]},"properties":{"key":"충청북도|영동군|영동읍","code":"4374025000"}},{"type":"Feature","geometry":{"type":"Polygon","coordinates":[[[127.84495,36.31626],[127.84022,36.31547],[127.82914,36.31011],[127.82501,36.31003],[127.82083,36.30524],[127.81722,36.31024],[127.81372,36.30821],[127.80785,36.30914],[127.80142,36.30408],[127.79972,36.29856],[127.79497,36.29788],[127.7947,36.29075],[127.78763,36.28908],[127.77834,36.2899],[127.77592,36.2918],[127.76941,36.28886],[127.76911,36.28526],[127.76406,36.28422],[127.76005,36.27045],[127.75433,36.26857],[127.73724,36.27249],[127.7305,36.27211],[127.73643,36.26395],[127.74731,36.26532],[127.75482,36.26422],[127.75719,36.25912],[127.762,36.2552],[127.76245,36.24468],[127.75833,36.23971],[127.7642,36.23357],[127.76353,36.22517],[127.76877,36.22201],[127.7745,36.22347],[127.78563,36.2208],[127.79357,36.22197],[127.79674,36.21695],[127.79396,36.20666],[127.80043,36.20446],[127.80241,36.20901],[127.81021,36.2184],[127.80787,36.2218],[127.8126,36.22712],[127.81137,36.2331],[127.81445,36.237],[127.82127,36.23441],[127.83072,36.22571],[127.84227,36.22608],[127.84411,36.23257],[127.83562,36.23613],[127.84446,36.24799],[127.84987,36.25359],[127.8534,36.26352],[127.85035,36.26774],[127.85232,36.27389],[127.8494,36.28891],[127.84568,36.29644],[127.8472,36.30065],[127.84107,36.30962],[127.84495,36.31626]]]},"properties":{"key":"충청북도|영동군|용산면","code":"4374031000"}},{"type":"Feature","geometry":{"type":"Polygon","coordinates":[[[127.96861,36.25039],[127.96023,36.25243],[127.95447,36.25719],[127.94825,36.25745],[127.9473,36.26723],[127.93795,36.26913],[127.93091,36.27822],[127.91338,36.28089],[127.90705,36.28608],[127.90509,36.30238],[127.89204,36.29217],[127.88798,36.2801],[127.88429,36.27367],[127.86265,36.27754],[127.85522,36.27624],[127.85232,36.27389],[127.85035,36.26774],[127.8534,36.26352],[127.84987,36.25359],[127.84446,36.24799],[127.83562,36.23613],[127.84411,36.23257],[127.84227,36.22608],[127.84652,36.21993],[127.85088,36.20777],[127.85149,36.20171],[127.85658,36.20081],[127.8558,36.19633],[127.86875,36.18549],[127.87472,36.18552],[127.88018,36.18068],[127.87952,36.17646],[127.88317,36.169],[127.89493,36.17337],[127.89555,36.18191],[127.90774,36.18224],[127.91035,36.18897],[127.91717,36.19299],[127.91661,36.1997],[127.91987,36.20775],[127.92745,36.21636],[127.93144,36.21187],[127.93922,36.21065],[127.93923,36.21432],[127.94474,36.21719],[127.95192,36.2243],[127.95657,36.2378],[127.96861,36.25039]]]},"properties":{"key":"충청북도|영동군|황간면","code":"4374032000"}},{"type":"Feature","geometry":{"type":"Polygon","coordinates":[[[128.01187,36.27144],[128.00813,36.27161],[128.00056,36.26637],[127.99441,36.26744],[127.99145,36.26542],[127.98217,36.2642],[127.97689,36.25889],[127.97896,36.25405],[127.96861,36.25039],[127.95657,36.2378],[127.95192,36.2243],[127.94474,36.21719],[127.93923,36.21432],[127.93922,36.21065],[127.94738,36.20619],[127.95158,36.19968],[127.95618,36.19687],[127.95841,36.1919],[127.96218,36.19287],[127.96787,36.18757],[127.97569,36.18854],[127.97652,36.19235],[127.98602,36.2004],[127.99226,36.19981],[127.99753,36.20606],[128.01352,36.20913],[128.0263,36.20568],[128.03345,36.20008],[128.03835,36.194],[128.0452,36.19633],[128.05252,36.20089],[128.06296,36.19922],[128.05069,36.20592],[128.05038,36.2153],[128.04243,36.21727],[128.0393,36.22169],[128.03933,36.22914],[128.03318,36.23354],[128.03005,36.24031],[128.03545,36.24339],[128.03961,36.251],[128.04466,36.25268],[128.04803,36.25714],[128.03283,36.26188],[128.02623,36.26787],[128.01561,36.26804],[128.01187,36.27144]]]},"properties":{"key":"충청북도|영동군|추풍령면","code":"4374033500"}},{"type":"Feature","geometry":{"type":"Polygon","coordinates":[[[127.93922,36.21065],[127.93144,36.21187],[127.92745,36.21636],[127.91987,36.20775],[127.91661,36.1997],[127.91717,36.19299],[127.91035,36.18897],[127.90774,36.18224],[127.91251,36.17681],[127.91808,36.1742],[127.91648,36.16909],[127.91904,36.16522],[127.92575,36.16048],[127.92962,36.16008],[127.93367,36.15489],[127.93886,36.15351],[127.94172,36.1488],[127.945,36.135],[127.95127,36.12455],[127.95984,36.12205],[127.96648,36.11849],[127.97714,36.12197],[127.98764,36.12962],[127.98733,36.14739],[127.99647,36.15369],[127.99563,36.15685],[127.99046,36.15922],[127.9896,36.16475],[127.98347,36.16977],[127.98468,36.17709],[127.98101,36.17986],[127.97569,36.18854],[127.96787,36.18757],[127.96218,36.19287],[127.95841,36.1919],[127.95618,36.19687],[127.95158,36.19968],[127.94738,36.20619],[127.93922,36.21065]]]},"properties":{"key":"충청북도|영동군|매곡면","code":"4374034000"}},{"type":"Feature","geometry":{"type":"Polygon","coordinates":[[[127.90774,36.18224],[127.89555,36.18191],[127.89493,36.17337],[127.88317,36.169],[127.88309,36.1645],[127.87303,36.15894],[127.87327,36.14938],[127.86845,36.14567],[127.85155,36.14084],[127.84815,36.1337],[127.8401,36.12476],[127.83995,36.12039],[127.83349,36.10378],[127.82744,36.09838],[127.8234,36.09821],[127.81883,36.09109],[127.82025,36.08431],[127.81984,36.07749],[127.82218,36.07395],[127.82936,36.07315],[127.83773,36.06792],[127.84185,36.06384],[127.8472,36.06202],[127.85106,36.05355],[127.85112,36.04436],[127.84937,36.03966],[127.85342,36.03905],[127.85622,36.03296],[127.86065,36.03128],[127.86532,36.02507],[127.87693,36.02244],[127.88299,36.02722],[127.88798,36.0348],[127.90355,36.03897],[127.90399,36.04273],[127.90951,36.04966],[127.91706,36.0544],[127.92614,36.05326],[127.93167,36.05022],[127.93586,36.05066],[127.94664,36.05663],[127.95215,36.06519],[127.96139,36.06839],[127.96175,36.08281],[127.9587,36.08778],[127.95784,36.09489],[127.96306,36.09906],[127.96857,36.10722],[127.96648,36.11849],[127.95984,36.12205],[127.95127,36.12455],[127.945,36.135],[127.94172,36.1488],[127.93886,36.15351],[127.93367,36.15489],[127.92962,36.16008],[127.92575,36.16048],[127.91904,36.16522],[127.91648,36.16909],[127.91808,36.1742],[127.91251,36.17681],[127.90774,36.18224]]]},"properties":{"key":"충청북도|영동군|상촌면","code":"4374035000"}},{"type":"Feature","geometry":{"type":"Polygon","coordinates":[[[127.73515,36.16811],[127.7301,36.16447],[127.72486,36.16706],[127.71286,36.16329],[127.70663,36.16405],[127.70391,36.16154],[127.69799,36.16941],[127.69083,36.17221],[127.68265,36.16463],[127.68196,36.16135],[127.69187,36.1578],[127.69385,36.15518],[127.68796,36.14739],[127.69373,36.1414],[127.69659,36.13348],[127.69671,36.1272],[127.69285,36.11803],[127.70134,36.11361],[127.70658,36.11955],[127.70639,36.12312],[127.71486,36.12482],[127.71935,36.11795],[127.72287,36.11719],[127.72538,36.11083],[127.73345,36.10837],[127.73907,36.10351],[127.74773,36.10614],[127.75161,36.09871],[127.7529,36.08954],[127.75599,36.08512],[127.76311,36.08],[127.76702,36.08214],[127.77853,36.08008],[127.78705,36.07501],[127.79666,36.06366],[127.80963,36.0651],[127.82004,36.07085],[127.82218,36.07395],[127.81984,36.07749],[127.82025,36.08431],[127.81883,36.09109],[127.8234,36.09821],[127.81994,36.10973],[127.81998,36.11497],[127.81495,36.12315],[127.81549,36.13313],[127.80963,36.13686],[127.8011,36.13866],[127.78583,36.14963],[127.78093,36.14934],[127.77474,36.16087],[127.77023,36.16487],[127.76527,36.16278],[127.7555,36.16136],[127.75196,36.1645],[127.7436,36.16465],[127.73515,36.16811]]]},"properties":{"key":"충청북도|영동군|양강면","code":"4374036000"}},{"type":"Feature","geometry":{"type":"Polygon","coordinates":[[[127.82218,36.07395],[127.82004,36.07085],[127.80963,36.0651],[127.79666,36.06366],[127.78705,36.07501],[127.77853,36.08008],[127.76702,36.08214],[127.76311,36.08],[127.76041,36.07293],[127.743,36.05978],[127.72144,36.05378],[127.71601,36.0573],[127.71609,36.06127],[127.71234,36.06428],[127.70501,36.05714],[127.69523,36.05867],[127.69672,36.05622],[127.69505,36.04638],[127.69647,36.0412],[127.70499,36.03365],[127.71366,36.03536],[127.71984,36.03044],[127.7251,36.02751],[127.73107,36.03225],[127.7367,36.03086],[127.73948,36.02548],[127.7479,36.02935],[127.75262,36.02469],[127.76239,36.0248],[127.76305,36.0213],[127.75876,36.01499],[127.76471,36.01208],[127.76915,36.01228],[127.77796,36.01563],[127.78785,36.01425],[127.79762,36.02497],[127.81874,36.02802],[127.82581,36.03274],[127.83259,36.03514],[127.84248,36.03649],[127.84937,36.03966],[127.85112,36.04436],[127.85106,36.05355],[127.8472,36.06202],[127.84185,36.06384],[127.83773,36.06792],[127.82936,36.07315],[127.82218,36.07395]]]},"properties":{"key":"충청북도|영동군|용화면","code":"4374037000"}},{"type":"Feature","geometry":{"type":"Polygon","coordinates":[[[127.76311,36.08],[127.75599,36.08512],[127.7529,36.08954],[127.75161,36.09871],[127.74773,36.10614],[127.73907,36.10351],[127.73345,36.10837],[127.72538,36.11083],[127.72287,36.11719],[127.71935,36.11795],[127.71486,36.12482],[127.70639,36.12312],[127.70658,36.11955],[127.70134,36.11361],[127.69285,36.11803],[127.68572,36.10868],[127.67684,36.11554],[127.66599,36.11853],[127.66203,36.11737],[127.6537,36.12131],[127.64371,36.12128],[127.63796,36.11615],[127.6282,36.11653],[127.62596,36.10968],[127.61957,36.10902],[127.61815,36.10606],[127.61797,36.09634],[127.62006,36.0908],[127.62406,36.09],[127.63245,36.08195],[127.63776,36.06836],[127.64471,36.06657],[127.64861,36.06268],[127.64913,36.05801],[127.65503,36.05489],[127.65991,36.04216],[127.6604,36.03807],[127.66543,36.03677],[127.67262,36.04131],[127.67081,36.05192],[127.68922,36.06255],[127.69523,36.05867],[127.70501,36.05714],[127.71234,36.06428],[127.71609,36.06127],[127.71601,36.0573],[127.72144,36.05378],[127.743,36.05978],[127.76041,36.07293],[127.76311,36.08]]]},"properties":{"key":"충청북도|영동군|학산면","code":"4374038000"}},{"type":"Feature","geometry":{"type":"Polygon","coordinates":[[[127.65471,36.17727],[127.65205,36.17152],[127.64405,36.17171],[127.63416,36.18079],[127.6271,36.17777],[127.624,36.18079],[127.60926,36.18507],[127.59812,36.18435],[127.59345,36.17748],[127.5985,36.17393],[127.60086,36.16948],[127.60174,36.16159],[127.59363,36.15297],[127.59035,36.14328],[127.5902,36.13383],[127.59797,36.12557],[127.60385,36.1171],[127.61007,36.11862],[127.61345,36.11173],[127.61957,36.10902],[127.62596,36.10968],[127.6282,36.11653],[127.63796,36.11615],[127.64371,36.12128],[127.6537,36.12131],[127.66203,36.11737],[127.66599,36.11853],[127.67684,36.11554],[127.68572,36.10868],[127.69285,36.11803],[127.69671,36.1272],[127.69659,36.13348],[127.69373,36.1414],[127.68796,36.14739],[127.69385,36.15518],[127.69187,36.1578],[127.68196,36.16135],[127.68265,36.16463],[127.67966,36.16747],[127.68232,36.1721],[127.67846,36.17746],[127.66794,36.1789],[127.65471,36.17727]]]},"properties":{"key":"충청북도|영동군|양산면","code":"4374039000"}},{"type":"Feature","geometry":{"type":"Polygon","coordinates":[[[127.7305,36.27211],[127.71322,36.26773],[127.71365,36.26428],[127.70167,36.26136],[127.69601,36.25051],[127.69303,36.24975],[127.69172,36.23927],[127.6826,36.23102],[127.67835,36.22459],[127.67324,36.22306],[127.66335,36.22356],[127.65599,36.22902],[127.65065,36.22508],[127.65168,36.21466],[127.64866,36.20844],[127.65245,36.19941],[127.65202,36.19421],[127.65452,36.19188],[127.65015,36.18511],[127.65471,36.17727],[127.66794,36.1789],[127.67846,36.17746],[127.68232,36.1721],[127.67966,36.16747],[127.68265,36.16463],[127.69083,36.17221],[127.69799,36.16941],[127.70391,36.16154],[127.70663,36.16405],[127.71286,36.16329],[127.72486,36.16706],[127.7301,36.16447],[127.73515,36.16811],[127.73362,36.1748],[127.73644,36.18121],[127.73573,36.18883],[127.74097,36.19857],[127.73998,36.20373],[127.74701,36.20578],[127.75468,36.21082],[127.75748,36.21717],[127.75557,36.22493],[127.76162,36.2218],[127.76353,36.22517],[127.7642,36.23357],[127.75833,36.23971],[127.76245,36.24468],[127.762,36.2552],[127.75719,36.25912],[127.75482,36.26422],[127.74731,36.26532],[127.73643,36.26395],[127.7305,36.27211]]]},"properties":{"key":"충청북도|영동군|심천면","code":"4374040000"}},{"type":"Feature","geometry":{"type":"Polygon","coordinates":[[[127.47235,36.88324],[127.47051,36.88786],[127.46396,36.89352],[127.46152,36.88857],[127.45452,36.88207],[127.44618,36.8884],[127.44284,36.88804],[127.44142,36.87294],[127.42873,36.87892],[127.423,36.8798],[127.41082,36.87777],[127.40658,36.88052],[127.40737,36.88714],[127.39929,36.88705],[127.39323,36.88431],[127.39356,36.87484],[127.38978,36.86646],[127.38264,36.8616],[127.38342,36.85473],[127.37493,36.85144],[127.35991,36.85369],[127.35504,36.85805],[127.34027,36.85307],[127.3366,36.8536],[127.33657,36.84489],[127.33352,36.83783],[127.33299,36.83148],[127.34597,36.82845],[127.35092,36.83016],[127.35584,36.82847],[127.35796,36.82213],[127.36658,36.81685],[127.38168,36.81379],[127.39202,36.80586],[127.39768,36.7998],[127.40101,36.79909],[127.40747,36.80178],[127.41302,36.80116],[127.42088,36.80723],[127.42123,36.81757],[127.42376,36.8245],[127.4307,36.82199],[127.43378,36.82344],[127.43361,36.83023],[127.43621,36.83452],[127.44392,36.83935],[127.45153,36.84157],[127.453,36.84658],[127.46313,36.84345],[127.47186,36.84847],[127.48512,36.84708],[127.48226,36.8512],[127.49432,36.86615],[127.48369,36.86893],[127.47828,36.87276],[127.47235,36.88324]]]},"properties":{"key":"충청북도|진천군|진천읍","code":"4375025000"}},{"type":"Feature","geometry":{"type":"Polygon","coordinates":[[[127.51135,36.9309],[127.49981,36.93407],[127.4916,36.93871],[127.4855,36.93823],[127.48135,36.93368],[127.4774,36.92565],[127.48861,36.91013],[127.48365,36.90397],[127.47531,36.89739],[127.47665,36.89001],[127.47235,36.88324],[127.47828,36.87276],[127.48369,36.86893],[127.49432,36.86615],[127.50358,36.86179],[127.50686,36.865],[127.50333,36.87073],[127.50461,36.87357],[127.51141,36.8739],[127.51957,36.87201],[127.52398,36.87571],[127.53205,36.8735],[127.5364,36.87824],[127.53743,36.88293],[127.54475,36.89167],[127.55047,36.89022],[127.55191,36.89397],[127.555,36.89646],[127.54589,36.90075],[127.53464,36.91227],[127.52714,36.9107],[127.5232,36.91571],[127.51986,36.92317],[127.51135,36.9309]]]},"properties":{"key":"충청북도|진천군|덕산읍","code":"4375025300"}},{"type":"Feature","geometry":{"type":"Polygon","coordinates":[[[127.58179,36.87652],[127.57178,36.87855],[127.57142,36.88206],[127.56218,36.88252],[127.56117,36.88594],[127.55535,36.88702],[127.55191,36.89397],[127.55047,36.89022],[127.54475,36.89167],[127.53743,36.88293],[127.5364,36.87824],[127.53205,36.8735],[127.52398,36.87571],[127.51957,36.87201],[127.51141,36.8739],[127.50461,36.87357],[127.50333,36.87073],[127.50686,36.865],[127.50358,36.86179],[127.49432,36.86615],[127.48226,36.8512],[127.48512,36.84708],[127.49679,36.84045],[127.49753,36.83443],[127.4949,36.83214],[127.49188,36.82413],[127.49331,36.81782],[127.48939,36.81071],[127.49472,36.80452],[127.48666,36.80154],[127.48915,36.79662],[127.48576,36.79067],[127.47942,36.79346],[127.47638,36.79087],[127.48563,36.78443],[127.50195,36.77971],[127.51062,36.77389],[127.50895,36.7695],[127.50134,36.76395],[127.5113,36.76798],[127.53019,36.77009],[127.54118,36.77414],[127.54425,36.77365],[127.55443,36.77785],[127.56422,36.77962],[127.56438,36.78128],[127.55539,36.79898],[127.54849,36.79816],[127.53707,36.80793],[127.54487,36.81374],[127.54962,36.81307],[127.55577,36.81794],[127.57215,36.82052],[127.57899,36.82912],[127.57243,36.82834],[127.5674,36.82992],[127.57185,36.84294],[127.57184,36.85007],[127.57791,36.85327],[127.57515,36.85781],[127.57765,36.8631],[127.58514,36.87041],[127.58179,36.87652]]]},"properties":{"key":"충청북도|진천군|초평면","code":"4375032000"}},{"type":"Feature","geometry":{"type":"Polygon","coordinates":[[[127.48512,36.84708],[127.47186,36.84847],[127.46313,36.84345],[127.453,36.84658],[127.45153,36.84157],[127.44392,36.83935],[127.43621,36.83452],[127.43361,36.83023],[127.43378,36.82344],[127.4307,36.82199],[127.42376,36.8245],[127.42123,36.81757],[127.42088,36.80723],[127.41302,36.80116],[127.40747,36.80178],[127.40101,36.79909],[127.4017,36.79527],[127.39661,36.78989],[127.39503,36.78447],[127.40168,36.77853],[127.40356,36.77438],[127.41252,36.77184],[127.42021,36.76084],[127.41958,36.75757],[127.4252,36.75429],[127.42714,36.75075],[127.43858,36.75327],[127.44247,36.74948],[127.44983,36.74953],[127.4501,36.75901],[127.46181,36.77017],[127.4703,36.76887],[127.48139,36.77412],[127.49056,36.77349],[127.49485,36.77758],[127.50195,36.77971],[127.48563,36.78443],[127.47638,36.79087],[127.47942,36.79346],[127.48576,36.79067],[127.48915,36.79662],[127.48666,36.80154],[127.49472,36.80452],[127.48939,36.81071],[127.49331,36.81782],[127.49188,36.82413],[127.4949,36.83214],[127.49753,36.83443],[127.49679,36.84045],[127.48512,36.84708]]]},"properties":{"key":"충청북도|진천군|문백면","code":"4375033000"}},{"type":"Feature","geometry":{"type":"Polygon","coordinates":[[[127.3755,36.94818],[127.36205,36.94927],[127.34974,36.95257],[127.34351,36.94798],[127.34343,36.9443],[127.33218,36.93952],[127.32703,36.93578],[127.31649,36.93465],[127.30915,36.92909],[127.29657,36.92957],[127.29592,36.92815],[127.30408,36.91514],[127.29699,36.90177],[127.29067,36.89685],[127.2898,36.89382],[127.29061,36.89227],[127.29896,36.88973],[127.30975,36.88116],[127.31133,36.87008],[127.30601,36.86296],[127.30735,36.85967],[127.31233,36.85754],[127.31613,36.85895],[127.32829,36.85804],[127.3366,36.8536],[127.34027,36.85307],[127.35504,36.85805],[127.35991,36.85369],[127.37493,36.85144],[127.38342,36.85473],[127.38264,36.8616],[127.38978,36.86646],[127.39356,36.87484],[127.39323,36.88431],[127.39929,36.88705],[127.40737,36.88714],[127.40701,36.89109],[127.41128,36.89505],[127.40995,36.90084],[127.40188,36.91394],[127.40304,36.91955],[127.399,36.92049],[127.39272,36.92885],[127.38547,36.93169],[127.38049,36.93021],[127.37635,36.94043],[127.37786,36.94472],[127.3755,36.94818]]]},"properties":{"key":"충청북도|진천군|백곡면","code":"4375034000"}},{"type":"Feature","geometry":{"type":"Polygon","coordinates":[[[127.3966,36.96399],[127.38759,36.96407],[127.38538,36.95914],[127.38006,36.95855],[127.37853,36.95147],[127.3755,36.94818],[127.37786,36.94472],[127.37635,36.94043],[127.38049,36.93021],[127.38547,36.93169],[127.39272,36.92885],[127.399,36.92049],[127.40304,36.91955],[127.40188,36.91394],[127.40995,36.90084],[127.41128,36.89505],[127.40701,36.89109],[127.40737,36.88714],[127.40658,36.88052],[127.41082,36.87777],[127.423,36.8798],[127.42873,36.87892],[127.44142,36.87294],[127.44284,36.88804],[127.44618,36.8884],[127.45452,36.88207],[127.46152,36.88857],[127.46396,36.89352],[127.47051,36.88786],[127.47235,36.88324],[127.47665,36.89001],[127.47531,36.89739],[127.48365,36.90397],[127.48861,36.91013],[127.4774,36.92565],[127.48135,36.93368],[127.47634,36.93643],[127.47002,36.93646],[127.46533,36.93961],[127.46223,36.9473],[127.45091,36.94798],[127.44802,36.95002],[127.44581,36.94709],[127.4297,36.94761],[127.42763,36.94469],[127.41764,36.94396],[127.41734,36.94893],[127.41099,36.95279],[127.4058,36.95199],[127.39659,36.95864],[127.3966,36.96399]]]},"properties":{"key":"충청북도|진천군|이월면","code":"4375035000"}},{"type":"Feature","geometry":{"type":"Polygon","coordinates":[[[127.4467,37.01103],[127.44111,37.01162],[127.42973,37.00188],[127.42235,37.00476],[127.41509,36.99966],[127.40815,36.99818],[127.39553,36.99838],[127.38536,36.98506],[127.38608,36.98139],[127.39412,36.9773],[127.40186,36.96775],[127.3966,36.96399],[127.39659,36.95864],[127.4058,36.95199],[127.41099,36.95279],[127.41734,36.94893],[127.41764,36.94396],[127.42763,36.94469],[127.4297,36.94761],[127.44581,36.94709],[127.44802,36.95002],[127.44528,36.95856],[127.45,36.96331],[127.45712,36.96376],[127.45329,36.97432],[127.44949,36.97662],[127.44812,36.98877],[127.45018,36.99389],[127.44743,37.00069],[127.44892,37.00985],[127.4467,37.01103]]]},"properties":{"key":"충청북도|진천군|광혜원면","code":"4375037000"}},{"type":"Feature","geometry":{"type":"Polygon","coordinates":[[[127.85077,36.84343],[127.84859,36.84043],[127.83761,36.8469],[127.82924,36.84357],[127.8197,36.84928],[127.81042,36.85307],[127.8093,36.85731],[127.80069,36.8575],[127.79633,36.86404],[127.78793,36.86343],[127.78089,36.86466],[127.77618,36.87017],[127.76876,36.8699],[127.7673,36.8628],[127.76469,36.86033],[127.76212,36.8524],[127.76374,36.8458],[127.77339,36.84229],[127.78038,36.83653],[127.78182,36.82906],[127.77698,36.8237],[127.77188,36.82219],[127.7671,36.82424],[127.75908,36.82494],[127.75321,36.82207],[127.74394,36.81982],[127.74754,36.81554],[127.75669,36.81399],[127.76784,36.81022],[127.77403,36.80618],[127.77382,36.7995],[127.77724,36.79255],[127.79132,36.7919],[127.79818,36.79952],[127.80945,36.79684],[127.81244,36.79272],[127.82212,36.80013],[127.82149,36.80457],[127.83271,36.79827],[127.83907,36.80185],[127.84896,36.80127],[127.86403,36.80538],[127.85984,36.81199],[127.86182,36.8148],[127.84838,36.82405],[127.84635,36.82786],[127.83984,36.82974],[127.84491,36.83459],[127.85456,36.83646],[127.85684,36.84179],[127.85077,36.84343]]]},"properties":{"key":"충청북도|괴산군|괴산읍","code":"4376025000"}},{"type":"Feature","geometry":{"type":"Polygon","coordinates":[[[127.87818,36.88083],[127.88631,36.87207],[127.88119,36.8655],[127.87453,36.86793],[127.86632,36.88],[127.86076,36.88141],[127.85793,36.8767],[127.85411,36.86507],[127.84639,36.86167],[127.84484,36.85275],[127.84536,36.84544],[127.85077,36.84343],[127.85684,36.84179],[127.85456,36.83646],[127.84491,36.83459],[127.83984,36.82974],[127.84635,36.82786],[127.84838,36.82405],[127.86182,36.8148],[127.85984,36.81199],[127.86403,36.80538],[127.87132,36.79984],[127.87713,36.80468],[127.88585,36.80893],[127.89304,36.80898],[127.89974,36.80645],[127.90634,36.80045],[127.91053,36.80673],[127.91169,36.8116],[127.91653,36.81707],[127.92225,36.81726],[127.9279,36.82339],[127.92944,36.83437],[127.92093,36.83651],[127.91482,36.83326],[127.90662,36.84115],[127.90094,36.84413],[127.9022,36.84937],[127.90895,36.85016],[127.91623,36.85829],[127.91589,36.86548],[127.90569,36.86786],[127.89804,36.87194],[127.8925,36.87317],[127.88247,36.87991],[127.87818,36.88083]]]},"properties":{"key":"충청북도|괴산군|감물면","code":"4376031000"}},{"type":"Feature","geometry":{"type":"Polygon","coordinates":[[[127.9493,36.87313],[127.94471,36.87395],[127.95078,36.88672],[127.94398,36.88829],[127.93542,36.8882],[127.92914,36.88646],[127.92051,36.88177],[127.91626,36.88171],[127.91265,36.88592],[127.9018,36.88841],[127.89692,36.89317],[127.89205,36.89128],[127.88095,36.89011],[127.87705,36.88718],[127.87818,36.88083],[127.88247,36.87991],[127.8925,36.87317],[127.89804,36.87194],[127.90569,36.86786],[127.91589,36.86548],[127.91623,36.85829],[127.90895,36.85016],[127.9022,36.84937],[127.90094,36.84413],[127.90662,36.84115],[127.91482,36.83326],[127.92093,36.83651],[127.92944,36.83437],[127.9279,36.82339],[127.92225,36.81726],[127.91653,36.81707],[127.91169,36.8116],[127.91053,36.80673],[127.90634,36.80045],[127.89974,36.80645],[127.89658,36.80429],[127.89511,36.7983],[127.89803,36.79151],[127.9085,36.78422],[127.91724,36.78226],[127.91889,36.77706],[127.92733,36.77755],[127.9339,36.77222],[127.94182,36.7807],[127.93943,36.78812],[127.94883,36.79132],[127.95633,36.79094],[127.97492,36.81209],[127.98229,36.81541],[127.98191,36.82322],[127.97267,36.82551],[127.97259,36.82864],[127.97698,36.83612],[127.97522,36.84189],[127.97067,36.84492],[127.96747,36.85075],[127.96968,36.86022],[127.96115,36.86366],[127.95885,36.86743],[127.9493,36.87313]]]},"properties":{"key":"충청북도|괴산군|장연면","code":"4376032000"}},{"type":"Feature","geometry":{"type":"Polygon","coordinates":[[[128.05956,36.8168],[128.05203,36.81899],[128.04724,36.82219],[128.03947,36.82153],[128.03636,36.82487],[128.02248,36.82329],[128.02363,36.81412],[128.01795,36.80791],[128.0113,36.80673],[127.9981,36.8128],[127.99301,36.81245],[127.98608,36.81587],[127.98229,36.81541],[127.97492,36.81209],[127.95633,36.79094],[127.94883,36.79132],[127.93943,36.78812],[127.94182,36.7807],[127.9339,36.77222],[127.93938,36.75938],[127.94368,36.75271],[127.94587,36.7438],[127.9514,36.73935],[127.96077,36.73678],[127.97092,36.73058],[127.97334,36.72564],[127.98044,36.71996],[127.9868,36.7175],[127.99845,36.71805],[128.00262,36.71663],[128.00841,36.72777],[128.01435,36.72827],[128.02222,36.72587],[128.02611,36.7191],[128.03171,36.71905],[128.03983,36.71453],[128.04877,36.70755],[128.05594,36.70859],[128.07224,36.70809],[128.07396,36.71165],[128.06895,36.72167],[128.05564,36.72871],[128.05156,36.7361],[128.04376,36.73807],[128.03248,36.74752],[128.03215,36.75464],[128.04078,36.76736],[128.04442,36.77125],[128.04648,36.77999],[128.04456,36.78457],[128.0508,36.78823],[128.05512,36.79318],[128.05635,36.79897],[128.05423,36.8049],[128.05756,36.80705],[128.05956,36.8168]]]},"properties":{"key":"충청북도|괴산군|연풍면","code":"4376033000"}},{"type":"Feature","geometry":{"type":"Polygon","coordinates":[[[127.89974,36.80645],[127.89304,36.80898],[127.88585,36.80893],[127.87713,36.80468],[127.87132,36.79984],[127.86403,36.80538],[127.84896,36.80127],[127.83907,36.80185],[127.83271,36.79827],[127.82149,36.80457],[127.82212,36.80013],[127.81244,36.79272],[127.81233,36.788],[127.81686,36.78421],[127.81369,36.77864],[127.81571,36.7744],[127.82213,36.77356],[127.82101,36.7678],[127.8222,36.76188],[127.82845,36.7563],[127.82973,36.74666],[127.82344,36.73794],[127.82562,36.73369],[127.82726,36.7238],[127.83055,36.72178],[127.83663,36.72478],[127.84211,36.72254],[127.845,36.71687],[127.85507,36.71592],[127.86129,36.71098],[127.87525,36.70703],[127.88776,36.71345],[127.89172,36.70997],[127.89747,36.70882],[127.90279,36.70415],[127.9117,36.70368],[127.92012,36.7065],[127.92738,36.70451],[127.93167,36.70632],[127.94912,36.70596],[127.94798,36.71745],[127.95223,36.7199],[127.95682,36.73313],[127.96077,36.73678],[127.9514,36.73935],[127.94587,36.7438],[127.94368,36.75271],[127.93938,36.75938],[127.9339,36.77222],[127.92733,36.77755],[127.91889,36.77706],[127.91724,36.78226],[127.9085,36.78422],[127.89803,36.79151],[127.89511,36.7983],[127.89658,36.80429],[127.89974,36.80645]]]},"properties":{"key":"충청북도|괴산군|칠성면","code":"4376034000"}},{"type":"Feature","geometry":{"type":"Polygon","coordinates":[[[127.81244,36.79272],[127.80945,36.79684],[127.79818,36.79952],[127.79132,36.7919],[127.77724,36.79255],[127.77382,36.7995],[127.77403,36.80618],[127.76784,36.81022],[127.75669,36.81399],[127.74754,36.81554],[127.74394,36.81982],[127.74195,36.8179],[127.73933,36.81157],[127.74139,36.80879],[127.73892,36.80278],[127.73493,36.79998],[127.72855,36.78893],[127.72815,36.77859],[127.71959,36.77365],[127.71898,36.75613],[127.72331,36.75098],[127.72481,36.74553],[127.73025,36.74724],[127.73305,36.75296],[127.74867,36.75333],[127.75164,36.7461],[127.75754,36.74672],[127.756,36.75118],[127.76384,36.755],[127.77215,36.74916],[127.77755,36.73925],[127.78526,36.73503],[127.78855,36.74012],[127.78842,36.74656],[127.79754,36.74001],[127.8009,36.74137],[127.80928,36.73676],[127.81199,36.73257],[127.82726,36.7238],[127.82562,36.73369],[127.82344,36.73794],[127.82973,36.74666],[127.82845,36.7563],[127.8222,36.76188],[127.82101,36.7678],[127.82213,36.77356],[127.81571,36.7744],[127.81369,36.77864],[127.81686,36.78421],[127.81233,36.788],[127.81244,36.79272]]]},"properties":{"key":"충청북도|괴산군|문광면","code":"4376035000"}},{"type":"Feature","geometry":{"type":"Polygon","coordinates":[[[127.82726,36.7238],[127.81199,36.73257],[127.80928,36.73676],[127.8009,36.74137],[127.79754,36.74001],[127.78842,36.74656],[127.78855,36.74012],[127.78526,36.73503],[127.77755,36.73925],[127.77215,36.74916],[127.76384,36.755],[127.756,36.75118],[127.75754,36.74672],[127.75164,36.7461],[127.74867,36.75333],[127.73305,36.75296],[127.73025,36.74724],[127.72481,36.74553],[127.72317,36.74224],[127.71763,36.74101],[127.72248,36.73661],[127.72229,36.73373],[127.72984,36.71804],[127.73156,36.70842],[127.73767,36.70644],[127.7417,36.70237],[127.74412,36.69275],[127.73729,36.68288],[127.72895,36.68262],[127.72424,36.67418],[127.71289,36.66807],[127.71422,36.66108],[127.70898,36.65452],[127.712,36.65093],[127.72363,36.6514],[127.72473,36.64568],[127.73428,36.63941],[127.73877,36.6395],[127.742,36.62862],[127.74893,36.62647],[127.75039,36.62161],[127.76406,36.61321],[127.7698,36.60412],[127.78189,36.60865],[127.78645,36.61374],[127.79141,36.61077],[127.79841,36.60228],[127.80651,36.60315],[127.81483,36.60876],[127.81945,36.60817],[127.82379,36.61255],[127.83221,36.6123],[127.84206,36.60864],[127.84961,36.61277],[127.85906,36.61324],[127.85673,36.61796],[127.85108,36.61892],[127.84747,36.62489],[127.84801,36.63336],[127.86158,36.63423],[127.87055,36.64394],[127.87407,36.65539],[127.87978,36.65756],[127.88235,36.64622],[127.88915,36.64028],[127.88941,36.62946],[127.89626,36.6265],[127.90384,36.62772],[127.90973,36.62573],[127.91643,36.61121],[127.91553,36.60625],[127.92044,36.60365],[127.92511,36.6081],[127.92491,36.61548],[127.93164,36.61794],[127.93217,36.62457],[127.93597,36.63363],[127.93581,36.64338],[127.93919,36.64963],[127.93151,36.65362],[127.93232,36.66515],[127.92564,36.6692],[127.91848,36.66799],[127.91293,36.67775],[127.90671,36.68021],[127.89204,36.68231],[127.88771,36.67888],[127.87924,36.67843],[127.8773,36.68224],[127.88551,36.6878],[127.88735,36.69131],[127.89463,36.6929],[127.91294,36.69258],[127.91537,36.694],[127.92769,36.68979],[127.93157,36.69336],[127.93167,36.70632],[127.92738,36.70451],[127.92012,36.7065],[127.9117,36.70368],[127.90279,36.70415],[127.89747,36.70882],[127.89172,36.70997],[127.88776,36.71345],[127.87525,36.70703],[127.86129,36.71098],[127.85507,36.71592],[127.845,36.71687],[127.84211,36.72254],[127.83663,36.72478],[127.83055,36.72178],[127.82726,36.7238]]]},"properties":{"key":"충청북도|괴산군|청천면","code":"4376036000"}},{"type":"Feature","geometry":{"type":"Polygon","coordinates":[[[127.71959,36.77365],[127.69628,36.78361],[127.68751,36.78142],[127.68324,36.78294],[127.68164,36.7902],[127.67224,36.79951],[127.66436,36.79897],[127.65513,36.79578],[127.6463,36.79446],[127.64195,36.79983],[127.63481,36.79343],[127.62453,36.7927],[127.62104,36.78815],[127.6206,36.77953],[127.6275,36.77644],[127.62923,36.77319],[127.62373,36.76034],[127.63039,36.75287],[127.6352,36.75016],[127.63618,36.74123],[127.639,36.73797],[127.63863,36.73287],[127.65679,36.73242],[127.66492,36.72978],[127.67225,36.72211],[127.6787,36.7189],[127.6859,36.72085],[127.69265,36.71215],[127.70304,36.70874],[127.70256,36.70384],[127.71375,36.69524],[127.71326,36.69054],[127.72334,36.68316],[127.72895,36.68262],[127.73729,36.68288],[127.74412,36.69275],[127.7417,36.70237],[127.73767,36.70644],[127.73156,36.70842],[127.72984,36.71804],[127.72229,36.73373],[127.72248,36.73661],[127.71763,36.74101],[127.72317,36.74224],[127.72481,36.74553],[127.72331,36.75098],[127.71898,36.75613],[127.71959,36.77365]]]},"properties":{"key":"충청북도|괴산군|청안면","code":"4376037000"}},{"type":"Feature","geometry":{"type":"Polygon","coordinates":[[[127.67786,36.85079],[127.66601,36.85777],[127.65277,36.86079],[127.64518,36.85823],[127.64203,36.85543],[127.63784,36.8473],[127.63927,36.84249],[127.63447,36.83622],[127.62918,36.82612],[127.6315,36.81483],[127.63672,36.8095],[127.63606,36.80448],[127.64195,36.79983],[127.6463,36.79446],[127.65513,36.79578],[127.66436,36.79897],[127.67224,36.79951],[127.68164,36.7902],[127.68324,36.78294],[127.68751,36.78142],[127.69628,36.78361],[127.71959,36.77365],[127.72815,36.77859],[127.72855,36.78893],[127.73493,36.79998],[127.73892,36.80278],[127.74139,36.80879],[127.73933,36.81157],[127.74195,36.8179],[127.73353,36.8189],[127.70565,36.82707],[127.7028,36.82565],[127.69543,36.82846],[127.68994,36.82738],[127.68278,36.82164],[127.6823,36.83312],[127.67733,36.84296],[127.67786,36.85079]]]},"properties":{"key":"충청북도|괴산군|사리면","code":"4376039000"}},{"type":"Feature","geometry":{"type":"Polygon","coordinates":[[[127.717,36.87722],[127.70023,36.87862],[127.698,36.8805],[127.68991,36.87851],[127.69145,36.87532],[127.68624,36.86849],[127.68724,36.86236],[127.68359,36.856],[127.67786,36.85079],[127.67733,36.84296],[127.6823,36.83312],[127.68278,36.82164],[127.68994,36.82738],[127.69543,36.82846],[127.7028,36.82565],[127.70565,36.82707],[127.73353,36.8189],[127.74195,36.8179],[127.74394,36.81982],[127.75321,36.82207],[127.75908,36.82494],[127.7671,36.82424],[127.77188,36.82219],[127.77698,36.8237],[127.78182,36.82906],[127.78038,36.83653],[127.77339,36.84229],[127.76374,36.8458],[127.76212,36.8524],[127.76469,36.86033],[127.7673,36.8628],[127.76876,36.8699],[127.76623,36.87477],[127.75015,36.87306],[127.7454,36.87784],[127.73509,36.87946],[127.72609,36.87938],[127.717,36.87722]]]},"properties":{"key":"충청북도|괴산군|소수면","code":"4376040000"}},{"type":"Feature","geometry":{"type":"Polygon","coordinates":[[[127.88095,36.89011],[127.88034,36.89556],[127.86391,36.89639],[127.86015,36.89921],[127.85872,36.90467],[127.85128,36.90898],[127.84635,36.90904],[127.83809,36.91331],[127.84312,36.9276],[127.83022,36.93423],[127.83305,36.93974],[127.82047,36.94131],[127.81025,36.9401],[127.80641,36.94593],[127.80045,36.94751],[127.79555,36.9465],[127.79232,36.93928],[127.78873,36.93723],[127.78934,36.92925],[127.78638,36.92473],[127.78212,36.92399],[127.78401,36.91767],[127.79295,36.91688],[127.79737,36.91225],[127.7984,36.90729],[127.79219,36.89803],[127.78751,36.8945],[127.78888,36.88234],[127.78595,36.88011],[127.77055,36.87705],[127.76623,36.87477],[127.76876,36.8699],[127.77618,36.87017],[127.78089,36.86466],[127.78793,36.86343],[127.79633,36.86404],[127.80069,36.8575],[127.8093,36.85731],[127.81042,36.85307],[127.8197,36.84928],[127.82924,36.84357],[127.83761,36.8469],[127.84859,36.84043],[127.85077,36.84343],[127.84536,36.84544],[127.84484,36.85275],[127.84639,36.86167],[127.85411,36.86507],[127.85793,36.8767],[127.86076,36.88141],[127.86632,36.88],[127.87453,36.86793],[127.88119,36.8655],[127.88631,36.87207],[127.87818,36.88083],[127.87705,36.88718],[127.88095,36.89011]]]},"properties":{"key":"충청북도|괴산군|불정면","code":"4376041000"}},{"type":"Feature","geometry":{"type":"Polygon","coordinates":[[[127.65101,36.98377],[127.64414,36.98875],[127.6307,36.98464],[127.62785,36.98527],[127.62067,36.9771],[127.61209,36.9806],[127.60985,36.97432],[127.61227,36.97065],[127.61231,36.96507],[127.61927,36.96536],[127.6214,36.95828],[127.6181,36.9538],[127.61264,36.95093],[127.60832,36.95173],[127.60379,36.94777],[127.60128,36.9408],[127.59574,36.93878],[127.59287,36.94249],[127.58512,36.94305],[127.58219,36.9405],[127.58103,36.93475],[127.57799,36.93159],[127.5839,36.92574],[127.58771,36.91056],[127.59223,36.90902],[127.5933,36.90323],[127.60377,36.90032],[127.61371,36.90467],[127.61972,36.9051],[127.63015,36.90348],[127.64367,36.89978],[127.65096,36.90215],[127.65588,36.91127],[127.66164,36.91638],[127.67366,36.91301],[127.67923,36.91754],[127.68662,36.91672],[127.69626,36.9199],[127.70202,36.91265],[127.7069,36.91188],[127.7123,36.90798],[127.71783,36.91131],[127.72182,36.91614],[127.72258,36.92066],[127.73102,36.92654],[127.73179,36.93482],[127.72448,36.93704],[127.71593,36.95137],[127.71637,36.95844],[127.70523,36.96742],[127.70397,36.9718],[127.69495,36.97507],[127.69544,36.97802],[127.68799,36.9814],[127.6845,36.98598],[127.66664,36.98646],[127.66164,36.97768],[127.6557,36.97973],[127.65101,36.98377]]]},"properties":{"key":"충청북도|음성군|음성읍","code":"4377025000"}},{"type":"Feature","geometry":{"type":"Polygon","coordinates":[[[127.56241,37.04461],[127.5598,37.04295],[127.55043,37.0454],[127.5357,37.05357],[127.53477,37.0507],[127.54015,37.03903],[127.53955,37.03031],[127.53558,37.02286],[127.52565,37.01344],[127.51939,37.01356],[127.51925,37.00412],[127.51378,37.00004],[127.51664,36.99258],[127.51518,36.98867],[127.52395,36.97839],[127.54107,36.97599],[127.54113,36.97057],[127.53797,36.9617],[127.53539,36.95989],[127.53978,36.95472],[127.54497,36.9519],[127.5445,36.94612],[127.55067,36.9418],[127.55503,36.94168],[127.56329,36.94933],[127.57339,36.94849],[127.57741,36.95361],[127.58506,36.94791],[127.58512,36.94305],[127.59287,36.94249],[127.59574,36.93878],[127.60128,36.9408],[127.60379,36.94777],[127.60832,36.95173],[127.61264,36.95093],[127.6181,36.9538],[127.6214,36.95828],[127.61927,36.96536],[127.61231,36.96507],[127.61227,36.97065],[127.60985,36.97432],[127.61209,36.9806],[127.62067,36.9771],[127.62785,36.98527],[127.6307,36.98464],[127.64414,36.98875],[127.64218,36.99264],[127.64053,37.00468],[127.6363,37.00583],[127.62548,37.01265],[127.61831,37.00706],[127.6139,37.01041],[127.59841,37.01087],[127.59707,37.01445],[127.58148,37.01242],[127.57969,37.01488],[127.56873,37.01362],[127.56021,37.01984],[127.5592,37.0263],[127.55163,37.02881],[127.55959,37.03397],[127.56241,37.04461]]]},"properties":{"key":"충청북도|음성군|금왕읍","code":"4377025300"}},{"type":"Feature","geometry":{"type":"Polygon","coordinates":[[[127.74785,36.96092],[127.73986,36.95807],[127.74181,36.95289],[127.733,36.95357],[127.7277,36.95905],[127.71637,36.95844],[127.71593,36.95137],[127.72448,36.93704],[127.73179,36.93482],[127.73102,36.92654],[127.72258,36.92066],[127.72182,36.91614],[127.71783,36.91131],[127.7123,36.90798],[127.71412,36.89533],[127.71942,36.88893],[127.71565,36.88015],[127.717,36.87722],[127.72609,36.87938],[127.73509,36.87946],[127.7454,36.87784],[127.75015,36.87306],[127.76623,36.87477],[127.77055,36.87705],[127.78595,36.88011],[127.78888,36.88234],[127.78751,36.8945],[127.79219,36.89803],[127.7984,36.90729],[127.79737,36.91225],[127.79295,36.91688],[127.78401,36.91767],[127.78212,36.92399],[127.78638,36.92473],[127.78934,36.92925],[127.78873,36.93723],[127.77222,36.9332],[127.77026,36.93748],[127.76479,36.94016],[127.7617,36.94417],[127.76289,36.94848],[127.75643,36.95217],[127.75345,36.95731],[127.74785,36.96092]]]},"properties":{"key":"충청북도|음성군|소이면","code":"4377031000"}},{"type":"Feature","geometry":{"type":"Polygon","coordinates":[[[127.7123,36.90798],[127.7069,36.91188],[127.70202,36.91265],[127.69626,36.9199],[127.68662,36.91672],[127.67923,36.91754],[127.67366,36.91301],[127.66164,36.91638],[127.65588,36.91127],[127.65096,36.90215],[127.64367,36.89978],[127.63015,36.90348],[127.61972,36.9051],[127.61371,36.90467],[127.60377,36.90032],[127.5933,36.90323],[127.59015,36.89515],[127.58876,36.88683],[127.58179,36.87652],[127.58514,36.87041],[127.57765,36.8631],[127.57515,36.85781],[127.57791,36.85327],[127.57835,36.85684],[127.59148,36.85759],[127.59547,36.85301],[127.60297,36.85195],[127.61353,36.85809],[127.61742,36.85756],[127.61133,36.84772],[127.61353,36.83496],[127.62461,36.83757],[127.62657,36.84259],[127.63784,36.8473],[127.64203,36.85543],[127.64518,36.85823],[127.65277,36.86079],[127.66601,36.85777],[127.67786,36.85079],[127.68359,36.856],[127.68724,36.86236],[127.68624,36.86849],[127.69145,36.87532],[127.68991,36.87851],[127.698,36.8805],[127.70023,36.87862],[127.717,36.87722],[127.71565,36.88015],[127.71942,36.88893],[127.71412,36.89533],[127.7123,36.90798]]]},"properties":{"key":"충청북도|음성군|원남면","code":"4377032000"}},{"type":"Feature","geometry":{"type":"Polygon","coordinates":[[[127.58512,36.94305],[127.58506,36.94791],[127.57741,36.95361],[127.57339,36.94849],[127.56329,36.94933],[127.55503,36.94168],[127.55067,36.9418],[127.5445,36.94612],[127.54497,36.9519],[127.53978,36.95472],[127.53217,36.94684],[127.53034,36.94324],[127.5165,36.93501],[127.51135,36.9309],[127.51986,36.92317],[127.5232,36.91571],[127.52714,36.9107],[127.53464,36.91227],[127.54589,36.90075],[127.555,36.89646],[127.55191,36.89397],[127.55535,36.88702],[127.56117,36.88594],[127.56218,36.88252],[127.57142,36.88206],[127.57178,36.87855],[127.58179,36.87652],[127.58876,36.88683],[127.59015,36.89515],[127.5933,36.90323],[127.59223,36.90902],[127.58771,36.91056],[127.5839,36.92574],[127.57799,36.93159],[127.58103,36.93475],[127.58219,36.9405],[127.58512,36.94305]]]},"properties":{"key":"충청북도|음성군|맹동면","code":"4377033000"}},{"type":"Feature","geometry":{"type":"Polygon","coordinates":[[[127.52395,36.97839],[127.51779,36.97343],[127.50752,36.97507],[127.50368,36.98015],[127.49177,36.97886],[127.48795,36.98209],[127.48477,36.98951],[127.47211,36.99069],[127.46839,36.98925],[127.45495,36.99049],[127.45018,36.99389],[127.44812,36.98877],[127.44949,36.97662],[127.45329,36.97432],[127.45712,36.96376],[127.45,36.96331],[127.44528,36.95856],[127.44802,36.95002],[127.45091,36.94798],[127.46223,36.9473],[127.46533,36.93961],[127.47002,36.93646],[127.47634,36.93643],[127.48135,36.93368],[127.4855,36.93823],[127.4916,36.93871],[127.49981,36.93407],[127.51135,36.9309],[127.5165,36.93501],[127.53034,36.94324],[127.53217,36.94684],[127.53978,36.95472],[127.53539,36.95989],[127.53797,36.9617],[127.54113,36.97057],[127.54107,36.97599],[127.52395,36.97839]]]},"properties":{"key":"충청북도|음성군|대소읍","code":"4377025600"}},{"type":"Feature","geometry":{"type":"Polygon","coordinates":[[[127.5357,37.05357],[127.5307,37.05581],[127.52226,37.05567],[127.51649,37.05802],[127.51252,37.05622],[127.50897,37.04944],[127.5045,37.04795],[127.49689,37.04838],[127.48996,37.05282],[127.46804,37.053],[127.4683,37.05055],[127.46127,37.04706],[127.45721,37.04059],[127.45973,37.03545],[127.45784,37.03021],[127.45941,37.02537],[127.44837,37.01653],[127.4467,37.01103],[127.44892,37.00985],[127.44743,37.00069],[127.45018,36.99389],[127.45495,36.99049],[127.46839,36.98925],[127.47211,36.99069],[127.48477,36.98951],[127.48795,36.98209],[127.49177,36.97886],[127.50368,36.98015],[127.50752,36.97507],[127.51779,36.97343],[127.52395,36.97839],[127.51518,36.98867],[127.51664,36.99258],[127.51378,37.00004],[127.51925,37.00412],[127.51939,37.01356],[127.52565,37.01344],[127.53558,37.02286],[127.53955,37.03031],[127.54015,37.03903],[127.53477,37.0507],[127.5357,37.05357]]]},"properties":{"key":"충청북도|음성군|삼성면","code":"4377035000"}},{"type":"Feature","geometry":{"type":"Polygon","coordinates":[[[127.60425,37.06859],[127.59503,37.07395],[127.58919,37.07274],[127.58407,37.07489],[127.57622,37.07395],[127.56648,37.06314],[127.56504,37.05889],[127.56792,37.05554],[127.56813,37.0477],[127.56241,37.04461],[127.55959,37.03397],[127.55163,37.02881],[127.5592,37.0263],[127.56021,37.01984],[127.56873,37.01362],[127.57969,37.01488],[127.58148,37.01242],[127.59707,37.01445],[127.59841,37.01087],[127.6139,37.01041],[127.61831,37.00706],[127.62548,37.01265],[127.6363,37.00583],[127.64053,37.00468],[127.64218,36.99264],[127.64414,36.98875],[127.65101,36.98377],[127.65363,36.98648],[127.65353,36.99758],[127.65554,37.00092],[127.66238,37.00545],[127.65741,37.01084],[127.65755,37.01834],[127.66424,37.02316],[127.66381,37.03069],[127.67134,37.03472],[127.67136,37.04028],[127.6686,37.04233],[127.65991,37.04372],[127.65432,37.05016],[127.63955,37.05675],[127.63419,37.05587],[127.62429,37.06987],[127.61999,37.06393],[127.61628,37.06588],[127.60425,37.06859]]]},"properties":{"key":"충청북도|음성군|생극면","code":"4377036000"}},{"type":"Feature","geometry":{"type":"Polygon","coordinates":[[[127.69543,37.14045],[127.68791,37.13531],[127.66799,37.1368],[127.65752,37.14201],[127.65567,37.14505],[127.64791,37.15058],[127.63866,37.15308],[127.62876,37.1538],[127.63312,37.14526],[127.6378,37.14063],[127.63415,37.12373],[127.63509,37.11604],[127.63334,37.09839],[127.61025,37.08618],[127.60071,37.08534],[127.59979,37.08281],[127.6045,37.07747],[127.60425,37.06859],[127.61628,37.06588],[127.61999,37.06393],[127.62429,37.06987],[127.63419,37.05587],[127.63955,37.05675],[127.65432,37.05016],[127.65991,37.04372],[127.6686,37.04233],[127.67136,37.04028],[127.67627,37.04463],[127.68564,37.04709],[127.69067,37.05745],[127.68667,37.07326],[127.68346,37.07545],[127.68649,37.08069],[127.69232,37.08139],[127.69344,37.08531],[127.69939,37.09212],[127.69837,37.09802],[127.70199,37.10313],[127.71252,37.10654],[127.71486,37.10992],[127.7206,37.11087],[127.72271,37.11469],[127.72209,37.12085],[127.71783,37.12495],[127.71176,37.12758],[127.70876,37.13583],[127.69874,37.13828],[127.69543,37.14045]]]},"properties":{"key":"충청북도|음성군|감곡면","code":"4377037000"}},{"type":"Feature","geometry":{"type":"Polygon","coordinates":[[[128.47713,36.95754],[128.47467,36.96052],[128.45845,36.96208],[128.44492,36.9651],[128.43706,36.97163],[128.4301,36.97424],[128.42667,36.98012],[128.42183,36.98116],[128.41892,36.98688],[128.41332,36.99038],[128.40423,36.99364],[128.40023,36.99224],[128.39026,36.99282],[128.38859,36.99526],[128.37679,36.99571],[128.37491,36.99851],[128.36042,37.00687],[128.35376,37.00768],[128.348,37.00635],[128.34266,36.99832],[128.33388,36.99508],[128.3281,36.98497],[128.34159,36.97941],[128.33815,36.9706],[128.33741,36.96148],[128.33324,36.9568],[128.32426,36.95164],[128.3241,36.94477],[128.32815,36.93732],[128.33589,36.93939],[128.34302,36.93804],[128.34944,36.93123],[128.35865,36.92998],[128.36947,36.93216],[128.3745,36.93196],[128.38829,36.92806],[128.39854,36.92848],[128.41457,36.92435],[128.42254,36.92478],[128.4296,36.93013],[128.44187,36.9279],[128.44519,36.92821],[128.45704,36.93385],[128.4602,36.93401],[128.46324,36.94745],[128.46779,36.95181],[128.47713,36.95754]]]},"properties":{"key":"충청북도|단양군|단양읍","code":"4380025000"}},{"type":"Feature","geometry":{"type":"Polygon","coordinates":[[[128.29431,37.09789],[128.27784,37.11086],[128.27801,37.11539],[128.27335,37.1173],[128.26806,37.11402],[128.25811,37.10189],[128.26142,37.09221],[128.26447,37.08797],[128.25235,37.07922],[128.24945,37.07506],[128.24999,37.06986],[128.25504,37.06599],[128.26839,37.06016],[128.27105,37.05382],[128.26287,37.0503],[128.26469,37.04699],[128.2598,37.04402],[128.26066,37.04026],[128.26625,37.0367],[128.27335,37.03639],[128.2796,37.032],[128.28174,37.02746],[128.29139,37.02718],[128.29264,37.02198],[128.29921,37.01362],[128.29841,37.0109],[128.30394,37.00328],[128.30374,36.99779],[128.29911,36.99069],[128.30248,36.98345],[128.30835,36.97987],[128.31478,36.9792],[128.3281,36.98497],[128.33388,36.99508],[128.34266,36.99832],[128.348,37.00635],[128.35376,37.00768],[128.35262,37.01332],[128.34566,37.01596],[128.34964,37.02287],[128.34442,37.03041],[128.34326,37.03686],[128.34634,37.04196],[128.33786,37.04675],[128.33103,37.05684],[128.32443,37.05879],[128.3226,37.06719],[128.31853,37.0734],[128.308,37.08472],[128.29872,37.09185],[128.29431,37.09789]]]},"properties":{"key":"충청북도|단양군|매포읍","code":"4380025300"}},{"type":"Feature","geometry":{"type":"Polygon","coordinates":[[[128.34944,36.93123],[128.34302,36.93804],[128.33589,36.93939],[128.32815,36.93732],[128.3241,36.94477],[128.32426,36.95164],[128.31416,36.94454],[128.30364,36.93992],[128.29405,36.92784],[128.28908,36.92485],[128.2854,36.93054],[128.27723,36.93324],[128.26701,36.93286],[128.25229,36.9349],[128.25107,36.94241],[128.24491,36.94149],[128.23587,36.93046],[128.2368,36.91511],[128.24196,36.91193],[128.24626,36.90462],[128.24355,36.89206],[128.24577,36.88815],[128.2515,36.88471],[128.24248,36.87847],[128.24192,36.87279],[128.25195,36.86727],[128.26405,36.86423],[128.26898,36.86013],[128.28201,36.85663],[128.28453,36.85315],[128.28694,36.84463],[128.29001,36.84303],[128.29663,36.83444],[128.30857,36.82874],[128.30728,36.83746],[128.31616,36.84211],[128.31818,36.84775],[128.31337,36.85494],[128.30793,36.85904],[128.30907,36.86171],[128.31821,36.86815],[128.32636,36.86895],[128.32798,36.87309],[128.32567,36.87873],[128.32731,36.88282],[128.32193,36.89463],[128.33362,36.90544],[128.33825,36.91474],[128.34465,36.91794],[128.34718,36.92152],[128.3429,36.92461],[128.34944,36.93123]]]},"properties":{"key":"충청북도|단양군|단성면","code":"4380036000"}},{"type":"Feature","geometry":{"type":"Polygon","coordinates":[[[128.44187,36.9279],[128.4296,36.93013],[128.42254,36.92478],[128.41457,36.92435],[128.39854,36.92848],[128.38829,36.92806],[128.3745,36.93196],[128.36947,36.93216],[128.35865,36.92998],[128.34944,36.93123],[128.3429,36.92461],[128.34718,36.92152],[128.34465,36.91794],[128.33825,36.91474],[128.33362,36.90544],[128.32193,36.89463],[128.32731,36.88282],[128.32567,36.87873],[128.32798,36.87309],[128.32636,36.86895],[128.31821,36.86815],[128.30907,36.86171],[128.30793,36.85904],[128.31337,36.85494],[128.31818,36.84775],[128.31616,36.84211],[128.30728,36.83746],[128.30857,36.82874],[128.31568,36.82311],[128.31663,36.81661],[128.32348,36.81541],[128.33423,36.81697],[128.35442,36.80917],[128.35639,36.8041],[128.36264,36.80051],[128.36659,36.80064],[128.37353,36.80759],[128.38182,36.81398],[128.39411,36.81538],[128.40028,36.81272],[128.41307,36.81114],[128.42065,36.81142],[128.42516,36.81512],[128.42571,36.81896],[128.43167,36.82413],[128.43432,36.83402],[128.44146,36.83773],[128.44677,36.84357],[128.44911,36.84891],[128.44714,36.85458],[128.44892,36.86339],[128.43858,36.87331],[128.42441,36.87647],[128.42712,36.88105],[128.42695,36.88931],[128.44011,36.90137],[128.4454,36.91775],[128.44187,36.9279]]]},"properties":{"key":"충청북도|단양군|대강면","code":"4380031000"}},{"type":"Feature","geometry":{"type":"Polygon","coordinates":[[[128.51449,36.98681],[128.49369,37.00284],[128.49373,37.00803],[128.48772,37.01175],[128.48018,37.01963],[128.47486,37.03324],[128.46387,37.03834],[128.46001,37.04312],[128.46138,37.05107],[128.46735,37.06202],[128.45687,37.07063],[128.45115,37.06843],[128.43891,37.06799],[128.42549,37.06481],[128.41683,37.06145],[128.41328,37.05696],[128.40776,37.05419],[128.40604,37.05986],[128.40019,37.06078],[128.39425,37.05689],[128.38968,37.05686],[128.38556,37.05178],[128.37272,37.04432],[128.34634,37.04196],[128.34326,37.03686],[128.34442,37.03041],[128.34964,37.02287],[128.34566,37.01596],[128.35262,37.01332],[128.35376,37.00768],[128.36042,37.00687],[128.37491,36.99851],[128.37679,36.99571],[128.38859,36.99526],[128.39026,36.99282],[128.40023,36.99224],[128.40423,36.99364],[128.41332,36.99038],[128.41892,36.98688],[128.42183,36.98116],[128.42667,36.98012],[128.4301,36.97424],[128.43706,36.97163],[128.44492,36.9651],[128.45845,36.96208],[128.47467,36.96052],[128.47713,36.95754],[128.48496,36.95746],[128.48552,36.96171],[128.50486,36.96914],[128.51363,36.97681],[128.51449,36.98681]]]},"properties":{"key":"충청북도|단양군|가곡면","code":"4380032000"}},{"type":"Feature","geometry":{"type":"Polygon","coordinates":[[[128.45084,37.11242],[128.44533,37.10745],[128.43794,37.11112],[128.43051,37.10734],[128.43033,37.10414],[128.42313,37.10336],[128.42252,37.11304],[128.41798,37.12021],[128.41071,37.12244],[128.40643,37.12683],[128.396,37.12892],[128.40162,37.13479],[128.40359,37.13962],[128.40101,37.14638],[128.39255,37.15346],[128.38437,37.15818],[128.3771,37.15164],[128.36384,37.15519],[128.3598,37.15004],[128.36402,37.14078],[128.373,37.13455],[128.36917,37.12333],[128.37117,37.1202],[128.37023,37.11423],[128.37211,37.11066],[128.37762,37.10923],[128.38048,37.09589],[128.38806,37.08311],[128.39634,37.08003],[128.40356,37.07153],[128.40604,37.05986],[128.40776,37.05419],[128.41328,37.05696],[128.41683,37.06145],[128.42549,37.06481],[128.43891,37.06799],[128.45115,37.06843],[128.45687,37.07063],[128.46735,37.06202],[128.46138,37.05107],[128.46001,37.04312],[128.46387,37.03834],[128.47486,37.03324],[128.48018,37.01963],[128.48772,37.01175],[128.49373,37.00803],[128.49369,37.00284],[128.51449,36.98681],[128.52621,36.99023],[128.53809,36.99076],[128.54514,36.99314],[128.55471,36.99823],[128.55635,37.00567],[128.5629,37.00796],[128.56992,37.01373],[128.57282,37.02188],[128.56693,37.02651],[128.56516,37.03087],[128.57214,37.0361],[128.57656,37.03547],[128.58386,37.04389],[128.59189,37.04231],[128.60679,37.0434],[128.60882,37.05263],[128.61927,37.04955],[128.63029,37.039],[128.63758,37.05142],[128.64237,37.05581],[128.64462,37.06193],[128.65223,37.06546],[128.64276,37.07054],[128.63368,37.07183],[128.6283,37.07498],[128.62808,37.08138],[128.62276,37.08713],[128.60594,37.07662],[128.59959,37.08296],[128.59166,37.07821],[128.58648,37.08136],[128.57404,37.08466],[128.56213,37.09036],[128.55518,37.08683],[128.54839,37.08733],[128.53797,37.09004],[128.53413,37.09885],[128.52225,37.10337],[128.51477,37.10333],[128.51264,37.11332],[128.50082,37.12009],[128.49015,37.12285],[128.48672,37.12016],[128.48055,37.11163],[128.46581,37.10986],[128.45084,37.11242]]]},"properties":{"key":"충청북도|단양군|영춘면","code":"4380033000"}},{"type":"Feature","geometry":{"type":"Polygon","coordinates":[[[128.3598,37.15004],[128.35033,37.15793],[128.34331,37.15431],[128.33698,37.15787],[128.33061,37.15034],[128.31148,37.14538],[128.30434,37.13723],[128.29827,37.13418],[128.30258,37.12756],[128.30441,37.11842],[128.30965,37.11149],[128.30464,37.1008],[128.29431,37.09789],[128.29872,37.09185],[128.308,37.08472],[128.31853,37.0734],[128.3226,37.06719],[128.32443,37.05879],[128.33103,37.05684],[128.33786,37.04675],[128.34634,37.04196],[128.37272,37.04432],[128.38556,37.05178],[128.38968,37.05686],[128.39425,37.05689],[128.40019,37.06078],[128.40604,37.05986],[128.40356,37.07153],[128.39634,37.08003],[128.38806,37.08311],[128.38048,37.09589],[128.37762,37.10923],[128.37211,37.11066],[128.37023,37.11423],[128.37117,37.1202],[128.36917,37.12333],[128.373,37.13455],[128.36402,37.14078],[128.3598,37.15004]]]},"properties":{"key":"충청북도|단양군|어상천면","code":"4380034000"}},{"type":"Feature","geometry":{"type":"Polygon","coordinates":[[[128.24945,37.07506],[128.24399,37.07563],[128.23995,37.07393],[128.2369,37.06539],[128.22559,37.0623],[128.22189,37.05607],[128.21801,37.05418],[128.22088,37.04921],[128.22066,37.04186],[128.21734,37.03755],[128.22432,37.03434],[128.22524,37.027],[128.22813,37.02445],[128.23741,37.02502],[128.24459,37.02041],[128.24766,37.01385],[128.25383,37.00928],[128.2575,37.00035],[128.25386,36.99753],[128.25873,36.99307],[128.25641,36.98596],[128.25962,36.97975],[128.26101,36.9693],[128.26625,36.96092],[128.26127,36.95648],[128.26433,36.95281],[128.26303,36.94915],[128.25107,36.94241],[128.25229,36.9349],[128.26701,36.93286],[128.27723,36.93324],[128.2854,36.93054],[128.28908,36.92485],[128.29405,36.92784],[128.30364,36.93992],[128.31416,36.94454],[128.32426,36.95164],[128.33324,36.9568],[128.33741,36.96148],[128.33815,36.9706],[128.34159,36.97941],[128.3281,36.98497],[128.31478,36.9792],[128.30835,36.97987],[128.30248,36.98345],[128.29911,36.99069],[128.30374,36.99779],[128.30394,37.00328],[128.29841,37.0109],[128.29921,37.01362],[128.29264,37.02198],[128.29139,37.02718],[128.28174,37.02746],[128.2796,37.032],[128.27335,37.03639],[128.26625,37.0367],[128.26066,37.04026],[128.2598,37.04402],[128.26469,37.04699],[128.26287,37.0503],[128.27105,37.05382],[128.26839,37.06016],[128.25504,37.06599],[128.24999,37.06986],[128.24945,37.07506]]]},"properties":{"key":"충청북도|단양군|적성면","code":"4380035000"}},{"type":"Feature","geometry":{"type":"Polygon","coordinates":[[[127.62453,36.7927],[127.61317,36.79843],[127.6074,36.79966],[127.60791,36.80511],[127.59878,36.80674],[127.59517,36.81151],[127.58826,36.8137],[127.5888,36.82108],[127.58298,36.82425],[127.57899,36.82912],[127.57215,36.82052],[127.55577,36.81794],[127.54962,36.81307],[127.54487,36.81374],[127.53707,36.80793],[127.54849,36.79816],[127.55539,36.79898],[127.56438,36.78128],[127.56422,36.77962],[127.56872,36.77176],[127.57501,36.76745],[127.5886,36.76253],[127.59026,36.74858],[127.59578,36.74468],[127.60417,36.74557],[127.6099,36.73555],[127.61116,36.72903],[127.6143,36.72526],[127.61542,36.71871],[127.61866,36.71641],[127.61776,36.70745],[127.62285,36.70492],[127.62693,36.70749],[127.634,36.70868],[127.63851,36.70757],[127.64249,36.70264],[127.64785,36.70124],[127.6553,36.70474],[127.66161,36.71435],[127.66176,36.72252],[127.66492,36.72978],[127.65679,36.73242],[127.63863,36.73287],[127.639,36.73797],[127.63618,36.74123],[127.6352,36.75016],[127.63039,36.75287],[127.62373,36.76034],[127.62923,36.77319],[127.6275,36.77644],[127.6206,36.77953],[127.62104,36.78815],[127.62453,36.7927]]]},"properties":{"key":"충청북도|증평군|증평읍","code":"4374525000"}},{"type":"Feature","geometry":{"type":"Polygon","coordinates":[[[127.63784,36.8473],[127.62657,36.84259],[127.62461,36.83757],[127.61353,36.83496],[127.61133,36.84772],[127.61742,36.85756],[127.61353,36.85809],[127.60297,36.85195],[127.59547,36.85301],[127.59148,36.85759],[127.57835,36.85684],[127.57791,36.85327],[127.57184,36.85007],[127.57185,36.84294],[127.5674,36.82992],[127.57243,36.82834],[127.57899,36.82912],[127.58298,36.82425],[127.5888,36.82108],[127.58826,36.8137],[127.59517,36.81151],[127.59878,36.80674],[127.60791,36.80511],[127.6074,36.79966],[127.61317,36.79843],[127.62453,36.7927],[127.63481,36.79343],[127.64195,36.79983],[127.63606,36.80448],[127.63672,36.8095],[127.6315,36.81483],[127.62918,36.82612],[127.63447,36.83622],[127.63927,36.84249],[127.63784,36.8473]]]},"properties":{"key":"충청북도|증평군|도안면","code":"4374531000"}}]}