{"type":"FeatureCollection","features":[{"type":"Feature","geometry":{"type":"Polygon","coordinates":[[[127.25464,36.7616],[127.24693,36.76985],[127.24476,36.77388],[127.24971,36.77925],[127.24618,36.78304],[127.25259,36.80047],[127.25695,36.80673],[127.25735,36.81179],[127.25003,36.81572],[127.24405,36.82358],[127.24997,36.8298],[127.24735,36.84345],[127.23559,36.85113],[127.22666,36.851],[127.22385,36.8491],[127.21221,36.84715],[127.21145,36.84498],[127.20341,36.83947],[127.20177,36.83016],[127.20467,36.82601],[127.20393,36.81887],[127.20029,36.81478],[127.1996,36.81033],[127.1935,36.80764],[127.19137,36.80416],[127.1852,36.80226],[127.18463,36.79284],[127.18766,36.78915],[127.18554,36.78332],[127.18662,36.7794],[127.18255,36.77247],[127.17463,36.77403],[127.16646,36.76813],[127.16084,36.75803],[127.16366,36.74675],[127.16687,36.74154],[127.16089,36.73675],[127.15925,36.73168],[127.16336,36.73364],[127.17188,36.73154],[127.17381,36.72861],[127.18344,36.73033],[127.18785,36.72776],[127.1928,36.72882],[127.20292,36.72618],[127.19868,36.73392],[127.19848,36.74645],[127.20223,36.75658],[127.21123,36.75411],[127.21516,36.76092],[127.22192,36.76511],[127.22519,36.75964],[127.23456,36.75627],[127.24427,36.75822],[127.2488,36.75642],[127.25464,36.7616]]]},"properties":{"code":"4413125000","name":"목천읍","parent":"44131"}},{"type":"Feature","geometry":{"type":"Polygon","coordinates":[[[127.13169,36.76247],[127.12403,36.76583],[127.11781,36.76415],[127.10925,36.75919],[127.10314,36.75791],[127.09464,36.76101],[127.09752,36.75214],[127.08849,36.74641],[127.08892,36.74092],[127.08115,36.73301],[127.08047,36.72895],[127.0841,36.72202],[127.10084,36.7177],[127.10724,36.71766],[127.11171,36.71294],[127.12219,36.71662],[127.12601,36.71492],[127.12771,36.70858],[127.14505,36.71713],[127.15287,36.72831],[127.15693,36.7264],[127.15925,36.73168],[127.16089,36.73675],[127.16687,36.74154],[127.16366,36.74675],[127.16084,36.75803],[127.15311,36.75676],[127.15211,36.75371],[127.14248,36.75407],[127.13809,36.75796],[127.13404,36.75794],[127.13169,36.76247]]]},"properties":{"code":"4413131000","name":"풍세면","parent":"44131"}},{"type":"Feature","geometry":{"type":"Polygon","coordinates":[[[127.12771,36.70858],[127.12601,36.71492],[127.12219,36.71662],[127.11171,36.71294],[127.10724,36.71766],[127.10084,36.7177],[127.0841,36.72202],[127.07929,36.71722],[127.07897,36.70999],[127.07229,36.70818],[127.06514,36.7094],[127.05848,36.70831],[127.05573,36.70533],[127.04864,36.70407],[127.03575,36.69294],[127.02659,36.6867],[127.01952,36.6754],[127.01602,36.67186],[127.01577,36.66633],[127.00953,36.65609],[127.0205,36.64999],[127.02523,36.65598],[127.03692,36.6545],[127.04301,36.65171],[127.05407,36.65132],[127.05854,36.64541],[127.06551,36.64608],[127.07265,36.64271],[127.08668,36.64169],[127.09226,36.64836],[127.09342,36.65376],[127.10009,36.6547],[127.10885,36.65892],[127.12023,36.65564],[127.12857,36.65131],[127.13118,36.64567],[127.14053,36.64289],[127.14052,36.63673],[127.14799,36.6286],[127.15056,36.62043],[127.15411,36.62454],[127.15795,36.63517],[127.15304,36.64504],[127.15421,36.65271],[127.1594,36.65595],[127.15896,36.66156],[127.15477,36.66486],[127.15839,36.6731],[127.1644,36.67834],[127.16087,36.69199],[127.1575,36.69531],[127.15275,36.6902],[127.14247,36.69113],[127.13619,36.70484],[127.12771,36.70858]]]},"properties":{"code":"4413132000","name":"광덕면","parent":"44131"}},{"type":"Feature","geometry":{"type":"Polygon","coordinates":[[[127.30735,36.85967],[127.30601,36.86296],[127.31133,36.87008],[127.30975,36.88116],[127.29896,36.88973],[127.29061,36.89227],[127.28138,36.88781],[127.27788,36.88953],[127.27287,36.88674],[127.27078,36.88218],[127.26568,36.88293],[127.25863,36.878],[127.2544,36.87952],[127.24906,36.87537],[127.24887,36.87114],[127.23689,36.86644],[127.23323,36.86693],[127.22882,36.85388],[127.22666,36.851],[127.23559,36.85113],[127.24735,36.84345],[127.24997,36.8298],[127.24405,36.82358],[127.25003,36.81572],[127.25735,36.81179],[127.25695,36.80673],[127.25259,36.80047],[127.24618,36.78304],[127.24971,36.77925],[127.24476,36.77388],[127.24693,36.76985],[127.25464,36.7616],[127.25829,36.76113],[127.27389,36.7684],[127.27984,36.77673],[127.28319,36.78535],[127.28064,36.79107],[127.28313,36.79948],[127.29465,36.80113],[127.29674,36.80681],[127.29555,36.81373],[127.29857,36.81852],[127.29752,36.82531],[127.29158,36.83703],[127.30191,36.84854],[127.30735,36.85967]]]},"properties":{"code":"4413133000","name":"북면","parent":"44131"}},{"type":"Feature","geometry":{"type":"Polygon","coordinates":[[[127.25464,36.7616],[127.2488,36.75642],[127.24427,36.75822],[127.23456,36.75627],[127.22519,36.75964],[127.22192,36.76511],[127.21516,36.76092],[127.21123,36.75411],[127.20223,36.75658],[127.19848,36.74645],[127.19868,36.73392],[127.20292,36.72618],[127.20394,36.72137],[127.20774,36.71918],[127.21897,36.71521],[127.23014,36.70772],[127.23609,36.70736],[127.24812,36.69507],[127.25142,36.69687],[127.25967,36.69253],[127.26704,36.69237],[127.27033,36.69428],[127.26251,36.70831],[127.26328,36.7133],[127.25981,36.72014],[127.26432,36.72512],[127.26163,36.72677],[127.26268,36.7331],[127.2653,36.73607],[127.25729,36.74253],[127.25607,36.74654],[127.26474,36.75076],[127.27017,36.74769],[127.27974,36.75131],[127.28162,36.75444],[127.26613,36.75652],[127.25829,36.76113],[127.25464,36.7616]]]},"properties":{"code":"4413134000","name":"성남면","parent":"44131"}},{"type":"Feature","geometry":{"type":"Polygon","coordinates":[[[127.31723,36.72493],[127.3141,36.72796],[127.31492,36.73206],[127.30851,36.73725],[127.3088,36.74352],[127.30683,36.75035],[127.29849,36.75739],[127.28869,36.75744],[127.28162,36.75444],[127.27974,36.75131],[127.27017,36.74769],[127.26474,36.75076],[127.25607,36.74654],[127.25729,36.74253],[127.2653,36.73607],[127.26268,36.7331],[127.26163,36.72677],[127.26432,36.72512],[127.25981,36.72014],[127.26328,36.7133],[127.26251,36.70831],[127.27033,36.69428],[127.27772,36.69132],[127.28563,36.69093],[127.29207,36.6973],[127.29673,36.69782],[127.30812,36.70502],[127.30677,36.70804],[127.30845,36.72131],[127.31697,36.72482],[127.31723,36.72493]]]},"properties":{"code":"4413135000","name":"수신면","parent":"44131"}},{"type":"Feature","geometry":{"type":"Polygon","coordinates":[[[127.3366,36.8536],[127.32829,36.85804],[127.31613,36.85895],[127.31233,36.85754],[127.30735,36.85967],[127.30191,36.84854],[127.29158,36.83703],[127.29752,36.82531],[127.29857,36.81852],[127.29555,36.81373],[127.29674,36.80681],[127.29465,36.80113],[127.28313,36.79948],[127.28064,36.79107],[127.28319,36.78535],[127.27984,36.77673],[127.27389,36.7684],[127.25829,36.76113],[127.26613,36.75652],[127.28162,36.75444],[127.28869,36.75744],[127.29849,36.75739],[127.30683,36.75035],[127.3088,36.74352],[127.30851,36.73725],[127.31492,36.73206],[127.3141,36.72796],[127.31723,36.72493],[127.32546,36.73367],[127.3283,36.73456],[127.33686,36.72938],[127.34018,36.73184],[127.3372,36.74447],[127.33359,36.74849],[127.33555,36.75236],[127.32724,36.75812],[127.32045,36.76116],[127.32067,36.76706],[127.32707,36.77852],[127.32819,36.78526],[127.32598,36.78894],[127.32773,36.79607],[127.3343,36.79725],[127.33794,36.80075],[127.34382,36.80246],[127.34161,36.80619],[127.35196,36.81398],[127.35796,36.82213],[127.35584,36.82847],[127.35092,36.83016],[127.34597,36.82845],[127.33299,36.83148],[127.33352,36.83783],[127.33657,36.84489],[127.3366,36.8536]]]},"properties":{"code":"4413136000","name":"병천면","parent":"44131"}},{"type":"Feature","geometry":{"type":"Polygon","coordinates":[[[127.40101,36.79909],[127.39768,36.7998],[127.39202,36.80586],[127.38168,36.81379],[127.36658,36.81685],[127.35796,36.82213],[127.35196,36.81398],[127.34161,36.80619],[127.34382,36.80246],[127.33794,36.80075],[127.3343,36.79725],[127.32773,36.79607],[127.32598,36.78894],[127.32819,36.78526],[127.32707,36.77852],[127.32067,36.76706],[127.32045,36.76116],[127.32724,36.75812],[127.33555,36.75236],[127.35312,36.75595],[127.35883,36.76068],[127.36963,36.76138],[127.37232,36.75824],[127.38718,36.75947],[127.38883,36.75331],[127.39481,36.75094],[127.39668,36.74704],[127.40464,36.74494],[127.40583,36.75025],[127.41121,36.75332],[127.41197,36.75727],[127.41958,36.75757],[127.42021,36.76084],[127.41252,36.77184],[127.40356,36.77438],[127.40168,36.77853],[127.39503,36.78447],[127.39661,36.78989],[127.4017,36.79527],[127.40101,36.79909]]]},"properties":{"code":"4413137000","name":"동면","parent":"44131"}},{"type":"Feature","geometry":{"type":"Polygon","coordinates":[[[127.15226,36.80666],[127.14757,36.81279],[127.14581,36.80352],[127.14638,36.79971],[127.15127,36.79571],[127.15356,36.79842],[127.15261,36.80627],[127.15226,36.80666]]]},"properties":{"code":"4413151000","name":"중앙동","parent":"44131"}},{"type":"Feature","geometry":{"type":"Polygon","coordinates":[[[127.15826,36.81382],[127.15026,36.81769],[127.14757,36.81279],[127.15226,36.80666],[127.15826,36.81382]]]},"properties":{"code":"4413152000","name":"문성동","parent":"44131"}},{"type":"Feature","geometry":{"type":"Polygon","coordinates":[[[127.19137,36.80416],[127.1935,36.80764],[127.1996,36.81033],[127.20029,36.81478],[127.20393,36.81887],[127.20467,36.82601],[127.20177,36.83016],[127.17985,36.82242],[127.17028,36.82018],[127.16612,36.81448],[127.15826,36.81382],[127.15226,36.80666],[127.15261,36.80627],[127.16424,36.80637],[127.16425,36.80361],[127.16779,36.80707],[127.17839,36.8041],[127.18592,36.80696],[127.19137,36.80416]]]},"properties":{"code":"4413153000","name":"원성1동","parent":"44131"}},{"type":"Feature","geometry":{"type":"Polygon","coordinates":[[[127.16425,36.80361],[127.16424,36.80637],[127.15261,36.80627],[127.15356,36.79842],[127.16424,36.79883],[127.16425,36.80361]]]},"properties":{"code":"4413154000","name":"원성2동","parent":"44131"}},{"type":"Feature","geometry":{"type":"Polygon","coordinates":[[[127.13126,36.8192],[127.1283,36.82004],[127.12423,36.81726],[127.12611,36.81216],[127.13108,36.81019],[127.13322,36.80981],[127.13111,36.79912],[127.13465,36.80035],[127.14318,36.80287],[127.14273,36.80678],[127.13089,36.81751],[127.13126,36.8192]]]},"properties":{"code":"4413155000","name":"봉명동","parent":"44131"}},{"type":"Feature","geometry":{"type":"Polygon","coordinates":[[[127.15127,36.79571],[127.14638,36.79971],[127.14581,36.80352],[127.14318,36.80287],[127.13465,36.80035],[127.13547,36.79577],[127.1325,36.78878],[127.13383,36.7857],[127.14373,36.78298],[127.15127,36.79571]]]},"properties":{"code":"4413156000","name":"일봉동","parent":"44131"}},{"type":"Feature","geometry":{"type":"Polygon","coordinates":[[[127.13547,36.79577],[127.12797,36.7941],[127.12479,36.78904],[127.12008,36.79074],[127.11332,36.7847],[127.11763,36.78021],[127.11939,36.77497],[127.11781,36.76415],[127.12403,36.76583],[127.13169,36.76247],[127.13683,36.76492],[127.13549,36.77121],[127.14373,36.78298],[127.13383,36.7857],[127.1325,36.78878],[127.13547,36.79577]]]},"properties":{"code":"4413157000","name":"신방동","parent":"44131"}},{"type":"Feature","geometry":{"type":"Polygon","coordinates":[[[127.19137,36.80416],[127.18592,36.80696],[127.17839,36.8041],[127.16779,36.80707],[127.16425,36.80361],[127.16424,36.79883],[127.15356,36.79842],[127.15127,36.79571],[127.14373,36.78298],[127.13549,36.77121],[127.13683,36.76492],[127.13169,36.76247],[127.13404,36.75794],[127.13809,36.75796],[127.14248,36.75407],[127.15211,36.75371],[127.15311,36.75676],[127.16084,36.75803],[127.16646,36.76813],[127.17463,36.77403],[127.18255,36.77247],[127.18662,36.7794],[127.18554,36.78332],[127.18766,36.78915],[127.18463,36.79284],[127.1852,36.80226],[127.19137,36.80416]]]},"properties":{"code":"4413158000","name":"청룡동","parent":"44131"}},{"type":"Feature","geometry":{"type":"Polygon","coordinates":[[[127.21221,36.84715],[127.20572,36.85264],[127.19699,36.85281],[127.18048,36.84197],[127.17708,36.84119],[127.17119,36.84579],[127.16316,36.83584],[127.1583,36.83354],[127.15298,36.82454],[127.14998,36.82459],[127.14886,36.81863],[127.15026,36.81769],[127.15826,36.81382],[127.16612,36.81448],[127.17028,36.82018],[127.17985,36.82242],[127.20177,36.83016],[127.20341,36.83947],[127.21145,36.84498],[127.21221,36.84715]]]},"properties":{"code":"4413159000","name":"신안동","parent":"44131"}},{"type":"Feature","geometry":{"type":"Polygon","coordinates":[[[127.15677,36.96723],[127.15381,36.96942],[127.1443,36.97151],[127.13564,36.96784],[127.13347,36.96532],[127.1195,36.96913],[127.11106,36.97088],[127.10443,36.96611],[127.09633,36.95923],[127.09638,36.95571],[127.10169,36.95363],[127.09752,36.94981],[127.09471,36.94184],[127.08612,36.94781],[127.07393,36.93839],[127.07451,36.93591],[127.08912,36.92135],[127.09422,36.91116],[127.08502,36.90421],[127.0917,36.89426],[127.10026,36.89032],[127.1076,36.88867],[127.12241,36.89083],[127.12201,36.89554],[127.1305,36.89555],[127.13689,36.89395],[127.14634,36.90421],[127.15127,36.90368],[127.15128,36.90983],[127.16793,36.91193],[127.1725,36.91699],[127.1737,36.92175],[127.16739,36.92732],[127.16986,36.93765],[127.18085,36.94586],[127.1827,36.94939],[127.17536,36.95421],[127.17587,36.96106],[127.17234,36.96319],[127.16505,36.96202],[127.15677,36.96723]]]},"properties":{"code":"4413325000","name":"성환읍","parent":"44133"}},{"type":"Feature","geometry":{"type":"Polygon","coordinates":[[[127.23323,36.86693],[127.23247,36.87209],[127.21558,36.88683],[127.21752,36.89341],[127.21593,36.8998],[127.2089,36.90501],[127.20383,36.91234],[127.18732,36.91045],[127.18526,36.90296],[127.18139,36.90023],[127.18597,36.89158],[127.17945,36.87906],[127.17357,36.88278],[127.1636,36.87922],[127.15392,36.87906],[127.15379,36.87617],[127.14733,36.87348],[127.14945,36.86678],[127.15083,36.86357],[127.16043,36.86512],[127.16654,36.85819],[127.17047,36.85737],[127.17119,36.84579],[127.17708,36.84119],[127.18048,36.84197],[127.19699,36.85281],[127.20572,36.85264],[127.21221,36.84715],[127.22385,36.8491],[127.22666,36.851],[127.22882,36.85388],[127.23323,36.86693]]]},"properties":{"code":"4413325300","name":"성거읍","parent":"44133"}},{"type":"Feature","geometry":{"type":"Polygon","coordinates":[[[127.18732,36.91045],[127.18504,36.91462],[127.18047,36.91673],[127.17951,36.92246],[127.1737,36.92175],[127.1725,36.91699],[127.16793,36.91193],[127.15128,36.90983],[127.15127,36.90368],[127.14634,36.90421],[127.13689,36.89395],[127.1305,36.89555],[127.12201,36.89554],[127.12241,36.89083],[127.1076,36.88867],[127.10026,36.89032],[127.0917,36.89426],[127.08799,36.88811],[127.09186,36.88279],[127.08651,36.87595],[127.08868,36.86734],[127.08693,36.86254],[127.09068,36.86075],[127.09926,36.86213],[127.10492,36.86097],[127.10947,36.85754],[127.12386,36.86005],[127.13074,36.86723],[127.1376,36.86275],[127.14207,36.86206],[127.14622,36.86695],[127.14945,36.86678],[127.14733,36.87348],[127.15379,36.87617],[127.15392,36.87906],[127.1636,36.87922],[127.17357,36.88278],[127.17945,36.87906],[127.18597,36.89158],[127.18139,36.90023],[127.18526,36.90296],[127.18732,36.91045]]]},"properties":{"code":"4413325600","name":"직산읍","parent":"44133"}},{"type":"Feature","geometry":{"type":"Polygon","coordinates":[[[127.21129,36.93831],[127.20587,36.94221],[127.20692,36.94574],[127.20189,36.95211],[127.19011,36.95286],[127.18798,36.95524],[127.17767,36.95827],[127.17587,36.96106],[127.17536,36.95421],[127.1827,36.94939],[127.18085,36.94586],[127.16986,36.93765],[127.16739,36.92732],[127.1737,36.92175],[127.17951,36.92246],[127.18047,36.91673],[127.18504,36.91462],[127.18732,36.91045],[127.20383,36.91234],[127.2089,36.90501],[127.21593,36.8998],[127.21752,36.89341],[127.21558,36.88683],[127.23247,36.87209],[127.23323,36.86693],[127.23689,36.86644],[127.24887,36.87114],[127.24906,36.87537],[127.2544,36.87952],[127.25863,36.878],[127.26568,36.88293],[127.27078,36.88218],[127.27287,36.88674],[127.27788,36.88953],[127.28138,36.88781],[127.29061,36.89227],[127.2898,36.89382],[127.28482,36.89569],[127.27933,36.90052],[127.28036,36.9042],[127.27491,36.90832],[127.27176,36.91331],[127.25758,36.91654],[127.25406,36.92181],[127.24976,36.92144],[127.24402,36.9174],[127.23758,36.92065],[127.23636,36.92354],[127.22885,36.92439],[127.22021,36.9303],[127.20988,36.9313],[127.21129,36.93831]]]},"properties":{"code":"4413331000","name":"입장면","parent":"44133"}},{"type":"Feature","geometry":{"type":"Polygon","coordinates":[[[127.14886,36.81863],[127.13126,36.8192],[127.13089,36.81751],[127.14273,36.80678],[127.14318,36.80287],[127.14581,36.80352],[127.14757,36.81279],[127.15026,36.81769],[127.14886,36.81863]]]},"properties":{"code":"4413351000","name":"성정1동","parent":"44133"}},{"type":"Feature","geometry":{"type":"Polygon","coordinates":[[[127.13794,36.83033],[127.1333,36.83043],[127.1312,36.82597],[127.1283,36.82004],[127.13126,36.8192],[127.14886,36.81863],[127.14998,36.82459],[127.15086,36.82826],[127.13794,36.83033]]]},"properties":{"code":"4413352000","name":"성정2동","parent":"44133"}},{"type":"Feature","geometry":{"type":"Polygon","coordinates":[[[127.13465,36.80035],[127.13111,36.79912],[127.13322,36.80981],[127.13108,36.81019],[127.12897,36.80978],[127.12652,36.79994],[127.12797,36.7941],[127.13547,36.79577],[127.13465,36.80035]]]},"properties":{"code":"4413353000","name":"쌍용1동","parent":"44133"}},{"type":"Feature","geometry":{"type":"Polygon","coordinates":[[[127.1156,36.80149],[127.1111,36.79712],[127.11094,36.79116],[127.11332,36.7847],[127.12008,36.79074],[127.12479,36.78904],[127.12797,36.7941],[127.12652,36.79994],[127.1156,36.80149]]]},"properties":{"code":"4413354000","name":"쌍용2동","parent":"44133"}},{"type":"Feature","geometry":{"type":"Polygon","coordinates":[[[127.13108,36.81019],[127.12611,36.81216],[127.12423,36.81726],[127.12021,36.81524],[127.11712,36.81226],[127.118,36.80685],[127.1156,36.80149],[127.12652,36.79994],[127.12897,36.80978],[127.13108,36.81019]]]},"properties":{"code":"4413355000","name":"쌍용3동","parent":"44133"}},{"type":"Feature","geometry":{"type":"Polygon","coordinates":[[[127.1312,36.82597],[127.12725,36.82471],[127.12745,36.83396],[127.12366,36.83932],[127.119,36.83937],[127.11709,36.83565],[127.11088,36.83762],[127.10539,36.83666],[127.10088,36.83118],[127.10217,36.82529],[127.11181,36.82276],[127.11046,36.81891],[127.12021,36.81524],[127.12423,36.81726],[127.1283,36.82004],[127.1312,36.82597]]]},"properties":{"code":"4413356000","name":"백석동","parent":"44133"}},{"type":"Feature","geometry":{"type":"Polygon","coordinates":[[[127.11046,36.81891],[127.11181,36.82276],[127.10217,36.82529],[127.0967,36.81442],[127.09848,36.80763],[127.09684,36.80017],[127.10539,36.80159],[127.11046,36.81891]]]},"properties":{"code":"4413356700","name":"불당2동","parent":"44133"}},{"type":"Feature","geometry":{"type":"Polygon","coordinates":[[[127.14945,36.86678],[127.14622,36.86695],[127.14207,36.86206],[127.1376,36.86275],[127.13074,36.86723],[127.12386,36.86005],[127.12404,36.853],[127.1329,36.84528],[127.13914,36.84803],[127.1428,36.84452],[127.14377,36.83893],[127.13827,36.83915],[127.13794,36.83033],[127.15086,36.82826],[127.14998,36.82459],[127.15298,36.82454],[127.1583,36.83354],[127.16316,36.83584],[127.17119,36.84579],[127.17047,36.85737],[127.16654,36.85819],[127.16043,36.86512],[127.15083,36.86357],[127.14945,36.86678]]]},"properties":{"code":"4413358000","name":"부성1동","parent":"44133"}},{"type":"Feature","geometry":{"type":"Polygon","coordinates":[[[127.12386,36.86005],[127.10947,36.85754],[127.10993,36.84939],[127.09812,36.8397],[127.10539,36.83666],[127.11088,36.83762],[127.11709,36.83565],[127.119,36.83937],[127.12366,36.83932],[127.12745,36.83396],[127.12725,36.82471],[127.1312,36.82597],[127.1333,36.83043],[127.13794,36.83033],[127.13827,36.83915],[127.14377,36.83893],[127.1428,36.84452],[127.13914,36.84803],[127.1329,36.84528],[127.12404,36.853],[127.12386,36.86005]]]},"properties":{"code":"4413359000","name":"부성2동","parent":"44133"}},{"type":"Feature","geometry":{"type":"Polygon","coordinates":[[[127.00953,36.65609],[127.00271,36.65123],[126.99859,36.65192],[126.99268,36.64866],[126.97896,36.65323],[126.9782,36.66126],[126.97209,36.6686],[126.96776,36.67943],[126.95743,36.67193],[126.95834,36.65527],[126.9543,36.65254],[126.95504,36.64539],[126.94823,36.64091],[126.94388,36.63288],[126.94515,36.62829],[126.94227,36.62488],[126.93586,36.62186],[126.9371,36.61495],[126.93277,36.61295],[126.93046,36.60839],[126.93204,36.60274],[126.92888,36.60171],[126.92731,36.5961],[126.931,36.59167],[126.92524,36.58758],[126.9203,36.57844],[126.91326,36.57432],[126.90986,36.56645],[126.90645,36.56561],[126.899,36.55896],[126.89958,36.54947],[126.90747,36.54426],[126.91569,36.54232],[126.91863,36.53568],[126.92785,36.53677],[126.94871,36.53443],[126.95356,36.52905],[126.96488,36.53209],[126.96611,36.53478],[126.97451,36.53976],[126.98287,36.54269],[126.98217,36.54908],[126.98642,36.55696],[126.99247,36.55961],[126.99758,36.56899],[126.99385,36.57367],[127.00012,36.57862],[127.00083,36.58336],[127.00693,36.58551],[127.01066,36.59224],[127.01776,36.59902],[127.03435,36.60475],[127.03682,36.60901],[127.0337,36.61827],[127.03479,36.62415],[127.02843,36.625],[127.02598,36.63453],[127.01998,36.63631],[127.0205,36.64999],[127.00953,36.65609]]]},"properties":{"code":"4415025000","name":"유구읍","parent":"44150"}},{"type":"Feature","geometry":{"type":"Polygon","coordinates":[[[127.11749,36.38467],[127.11159,36.39023],[127.10363,36.39531],[127.095,36.39305],[127.09266,36.40055],[127.08742,36.40828],[127.07845,36.41187],[127.08181,36.42115],[127.07458,36.42784],[127.0635,36.4243],[127.05736,36.41936],[127.0482,36.4142],[127.03938,36.40586],[127.02983,36.39948],[127.02369,36.39726],[127.01626,36.3892],[127.02597,36.38309],[127.0217,36.37844],[127.02745,36.37244],[127.03245,36.35965],[127.03539,36.35832],[127.03363,36.35219],[127.03624,36.34596],[127.05083,36.34323],[127.05415,36.33902],[127.06966,36.33731],[127.07458,36.33204],[127.07578,36.32732],[127.08942,36.31925],[127.10458,36.33496],[127.10671,36.34004],[127.10161,36.34877],[127.10379,36.3584],[127.11071,36.36209],[127.11197,36.36731],[127.12278,36.36968],[127.12281,36.37332],[127.11886,36.37626],[127.11749,36.38467]]]},"properties":{"code":"4415031000","name":"이인면","parent":"44150"}},{"type":"Feature","geometry":{"type":"Polygon","coordinates":[[[127.08942,36.31925],[127.07578,36.32732],[127.07458,36.33204],[127.06966,36.33731],[127.05415,36.33902],[127.05083,36.34323],[127.03624,36.34596],[127.03363,36.35219],[127.03539,36.35832],[127.03245,36.35965],[127.02745,36.37244],[127.0217,36.37844],[127.02597,36.38309],[127.01626,36.3892],[126.9947,36.37562],[126.99097,36.37209],[126.98744,36.35911],[126.98824,36.35006],[126.98676,36.3439],[126.98362,36.34024],[126.97575,36.33549],[126.98537,36.33716],[126.98998,36.33522],[126.99058,36.32966],[126.99659,36.32779],[126.9922,36.31843],[126.98761,36.31486],[126.98667,36.30705],[126.99566,36.29771],[127.01402,36.2966],[127.01639,36.2912],[127.02169,36.28852],[127.02752,36.28191],[127.03542,36.28128],[127.03896,36.28357],[127.05583,36.27812],[127.06579,36.27701],[127.06541,36.28572],[127.06785,36.28946],[127.06726,36.29433],[127.07781,36.29629],[127.08415,36.31228],[127.08453,36.31657],[127.08942,36.31925]]]},"properties":{"code":"4415032000","name":"탄천면","parent":"44150"}},{"type":"Feature","geometry":{"type":"Polygon","coordinates":[[[127.19031,36.42053],[127.18745,36.41698],[127.17402,36.41626],[127.17402,36.41266],[127.16842,36.41161],[127.15966,36.4163],[127.14969,36.41878],[127.14841,36.42385],[127.13548,36.4234],[127.13298,36.42577],[127.13059,36.41551],[127.12498,36.41311],[127.12886,36.39969],[127.12032,36.39112],[127.12107,36.38709],[127.11749,36.38467],[127.11886,36.37626],[127.12281,36.37332],[127.12278,36.36968],[127.11197,36.36731],[127.11071,36.36209],[127.10379,36.3584],[127.10161,36.34877],[127.10671,36.34004],[127.11518,36.32997],[127.12071,36.31792],[127.12534,36.32045],[127.1306,36.3182],[127.14312,36.30692],[127.14922,36.31244],[127.15602,36.31421],[127.15937,36.32231],[127.16534,36.32246],[127.17592,36.32778],[127.19343,36.33423],[127.19578,36.334],[127.19921,36.33836],[127.20594,36.34224],[127.20393,36.34601],[127.20058,36.35187],[127.20738,36.35886],[127.20541,36.36631],[127.19993,36.36946],[127.20153,36.37918],[127.20766,36.38554],[127.20708,36.39662],[127.21049,36.39967],[127.20419,36.40984],[127.19756,36.41333],[127.19783,36.41647],[127.19031,36.42053]]]},"properties":{"code":"4415033000","name":"계룡면","parent":"44150"}},{"type":"Feature","geometry":{"type":"Polygon","coordinates":[[[127.19909,36.44005],[127.19711,36.44081],[127.19693,36.43367],[127.19129,36.42881],[127.18654,36.42741],[127.19031,36.42053],[127.19783,36.41647],[127.19756,36.41333],[127.20419,36.40984],[127.21049,36.39967],[127.20708,36.39662],[127.20766,36.38554],[127.20153,36.37918],[127.19993,36.36946],[127.20541,36.36631],[127.20738,36.35886],[127.20058,36.35187],[127.20393,36.34601],[127.20936,36.34793],[127.22888,36.34917],[127.24046,36.3466],[127.24196,36.33881],[127.24708,36.33659],[127.25342,36.33699],[127.25537,36.32929],[127.25975,36.32721],[127.26605,36.3285],[127.26801,36.33159],[127.26734,36.33889],[127.27789,36.34893],[127.27225,36.35423],[127.27087,36.36108],[127.27752,36.36521],[127.28099,36.37482],[127.27897,36.38157],[127.27884,36.39624],[127.28231,36.41454],[127.27569,36.41395],[127.26549,36.41717],[127.25981,36.41552],[127.25721,36.408],[127.2508,36.40676],[127.24226,36.41862],[127.23626,36.41866],[127.23171,36.42195],[127.22564,36.42229],[127.22511,36.42665],[127.21771,36.43374],[127.21248,36.43539],[127.2057,36.43657],[127.19909,36.44005]]]},"properties":{"code":"4415034000","name":"반포면","parent":"44150"}},{"type":"Feature","geometry":{"type":"Polygon","coordinates":[[[127.18894,36.59439],[127.18459,36.59102],[127.17858,36.5969],[127.17254,36.59651],[127.16762,36.60156],[127.15559,36.60614],[127.15587,36.60303],[127.15211,36.59424],[127.15606,36.58606],[127.1523,36.57759],[127.15353,36.57209],[127.15052,36.56561],[127.13788,36.56073],[127.13604,36.54873],[127.13239,36.54556],[127.13128,36.53798],[127.12217,36.53515],[127.11709,36.52874],[127.10973,36.52792],[127.11316,36.52239],[127.11901,36.51987],[127.12706,36.50723],[127.13265,36.50115],[127.13336,36.48849],[127.13449,36.48276],[127.14174,36.49075],[127.15361,36.49056],[127.15765,36.49469],[127.16518,36.49799],[127.17351,36.49927],[127.17825,36.49988],[127.17599,36.50541],[127.17002,36.50904],[127.17402,36.51551],[127.18199,36.52191],[127.17573,36.52888],[127.17267,36.53614],[127.17424,36.54219],[127.17867,36.54536],[127.18504,36.54366],[127.19146,36.54727],[127.18676,36.55294],[127.19379,36.56481],[127.20311,36.56745],[127.20374,36.57267],[127.20768,36.57821],[127.2005,36.58285],[127.19296,36.58175],[127.18925,36.5866],[127.18894,36.59439]]]},"properties":{"code":"4415036000","name":"의당면","parent":"44150"}},{"type":"Feature","geometry":{"type":"Polygon","coordinates":[[[127.15056,36.62043],[127.14799,36.6286],[127.14052,36.63673],[127.14053,36.64289],[127.13118,36.64567],[127.12857,36.65131],[127.12023,36.65564],[127.10885,36.65892],[127.10009,36.6547],[127.09342,36.65376],[127.09226,36.64836],[127.08668,36.64169],[127.07265,36.64271],[127.06551,36.64608],[127.05854,36.64541],[127.05407,36.65132],[127.04301,36.65171],[127.03692,36.6545],[127.02523,36.65598],[127.0205,36.64999],[127.01998,36.63631],[127.02598,36.63453],[127.02843,36.625],[127.03479,36.62415],[127.0337,36.61827],[127.03682,36.60901],[127.03435,36.60475],[127.04517,36.60593],[127.05197,36.60373],[127.06084,36.60449],[127.06773,36.60064],[127.07035,36.58878],[127.06752,36.58433],[127.07143,36.58027],[127.0708,36.57179],[127.06479,36.56393],[127.06343,36.55637],[127.07143,36.55072],[127.08025,36.53945],[127.08605,36.53941],[127.08989,36.53501],[127.09107,36.52744],[127.09782,36.52299],[127.10397,36.52246],[127.10973,36.52792],[127.11709,36.52874],[127.12217,36.53515],[127.13128,36.53798],[127.13239,36.54556],[127.13604,36.54873],[127.13788,36.56073],[127.15052,36.56561],[127.15353,36.57209],[127.1523,36.57759],[127.15606,36.58606],[127.15211,36.59424],[127.15587,36.60303],[127.15559,36.60614],[127.15589,36.61526],[127.15056,36.62043]]]},"properties":{"code":"4415037000","name":"정안면","parent":"44150"}},{"type":"Feature","geometry":{"type":"Polygon","coordinates":[[[127.10973,36.52792],[127.10397,36.52246],[127.09782,36.52299],[127.09107,36.52744],[127.08989,36.53501],[127.08605,36.53941],[127.08025,36.53945],[127.07143,36.55072],[127.06343,36.55637],[127.06027,36.55054],[127.0583,36.54206],[127.06348,36.53568],[127.06703,36.52563],[127.0741,36.52506],[127.07539,36.519],[127.07002,36.51255],[127.07102,36.50929],[127.06158,36.50444],[127.05222,36.49273],[127.05368,36.48762],[127.05071,36.47921],[127.04462,36.47498],[127.04403,36.47037],[127.04824,36.46734],[127.03241,36.46331],[127.02514,36.46888],[127.02003,36.46572],[127.01531,36.46626],[127.01251,36.47211],[127.00222,36.48124],[126.99621,36.48156],[126.98426,36.47458],[126.97907,36.47624],[126.97794,36.48166],[126.97426,36.48441],[126.96306,36.47475],[126.95946,36.47446],[126.95662,36.46861],[126.96025,36.46606],[126.96496,36.46755],[126.976,36.46638],[126.98004,36.46389],[126.99061,36.46097],[126.99478,36.46142],[127.00077,36.45601],[127.00763,36.45115],[127.00798,36.43836],[127.01884,36.4392],[127.01798,36.43413],[127.02373,36.42406],[127.01532,36.41825],[127.02781,36.40444],[127.02369,36.39726],[127.02983,36.39948],[127.03938,36.40586],[127.0482,36.4142],[127.0541,36.42269],[127.05766,36.43337],[127.06109,36.43966],[127.0722,36.44671],[127.08535,36.44904],[127.09243,36.45301],[127.09412,36.45741],[127.10528,36.47166],[127.10516,36.47838],[127.1115,36.48384],[127.10043,36.48912],[127.10097,36.49338],[127.0939,36.49721],[127.0963,36.49965],[127.10656,36.49502],[127.11619,36.49291],[127.12261,36.49327],[127.13336,36.48849],[127.13265,36.50115],[127.12706,36.50723],[127.11901,36.51987],[127.11316,36.52239],[127.10973,36.52792]]]},"properties":{"code":"4415038000","name":"우성면","parent":"44150"}},{"type":"Feature","geometry":{"type":"Polygon","coordinates":[[[127.06343,36.55637],[127.06479,36.56393],[127.0708,36.57179],[127.07143,36.58027],[127.06752,36.58433],[127.07035,36.58878],[127.06773,36.60064],[127.06084,36.60449],[127.05197,36.60373],[127.04517,36.60593],[127.03435,36.60475],[127.01776,36.59902],[127.01066,36.59224],[127.00693,36.58551],[127.00083,36.58336],[127.00012,36.57862],[126.99385,36.57367],[126.99758,36.56899],[126.99247,36.55961],[126.99631,36.55393],[127.00314,36.5478],[127.00316,36.54259],[127.01015,36.53771],[127.01221,36.53296],[127.00307,36.52138],[127.00199,36.51458],[126.99849,36.51094],[127.00081,36.50629],[127.00728,36.50466],[127.00823,36.49549],[127.00016,36.49004],[126.99621,36.48156],[127.00222,36.48124],[127.01251,36.47211],[127.01531,36.46626],[127.02003,36.46572],[127.02514,36.46888],[127.03241,36.46331],[127.04824,36.46734],[127.04403,36.47037],[127.04462,36.47498],[127.05071,36.47921],[127.05368,36.48762],[127.05222,36.49273],[127.06158,36.50444],[127.07102,36.50929],[127.07002,36.51255],[127.07539,36.519],[127.0741,36.52506],[127.06703,36.52563],[127.06348,36.53568],[127.0583,36.54206],[127.06027,36.55054],[127.06343,36.55637]]]},"properties":{"code":"4415039000","name":"사곡면","parent":"44150"}},{"type":"Feature","geometry":{"type":"Polygon","coordinates":[[[126.99247,36.55961],[126.98642,36.55696],[126.98217,36.54908],[126.98287,36.54269],[126.97451,36.53976],[126.96611,36.53478],[126.96488,36.53209],[126.95356,36.52905],[126.94871,36.53443],[126.92785,36.53677],[126.91863,36.53568],[126.91569,36.54232],[126.90747,36.54426],[126.89958,36.54947],[126.89463,36.54693],[126.88997,36.54133],[126.88856,36.53399],[126.89379,36.52654],[126.89031,36.52425],[126.88961,36.51917],[126.88391,36.51148],[126.88586,36.50843],[126.89412,36.50289],[126.89233,36.49801],[126.89436,36.47851],[126.89939,36.47677],[126.9013,36.47184],[126.90593,36.46805],[126.91261,36.46601],[126.91404,36.46197],[126.91603,36.4556],[126.92181,36.45444],[126.93027,36.45502],[126.94412,36.46366],[126.95536,36.46695],[126.95662,36.46861],[126.95946,36.47446],[126.96306,36.47475],[126.97426,36.48441],[126.97794,36.48166],[126.97907,36.47624],[126.98426,36.47458],[126.99621,36.48156],[127.00016,36.49004],[127.00823,36.49549],[127.00728,36.50466],[127.00081,36.50629],[126.99849,36.51094],[127.00199,36.51458],[127.00307,36.52138],[127.01221,36.53296],[127.01015,36.53771],[127.00316,36.54259],[127.00314,36.5478],[126.99631,36.55393],[126.99247,36.55961]]]},"properties":{"code":"4415040000","name":"신풍면","parent":"44150"}},{"type":"Feature","geometry":{"type":"Polygon","coordinates":[[[127.12959,36.45589],[127.11405,36.45604],[127.11665,36.44709],[127.11546,36.44276],[127.11872,36.44209],[127.12953,36.44577],[127.12716,36.44921],[127.12959,36.45589]]]},"properties":{"code":"4415051000","name":"중학동","parent":"44150"}},{"type":"Feature","geometry":{"type":"Polygon","coordinates":[[[127.11546,36.44276],[127.10866,36.44178],[127.10628,36.44657],[127.10212,36.44862],[127.09788,36.45538],[127.09412,36.45741],[127.09243,36.45301],[127.08535,36.44904],[127.0722,36.44671],[127.06109,36.43966],[127.05766,36.43337],[127.0541,36.42269],[127.0482,36.4142],[127.05736,36.41936],[127.0635,36.4243],[127.07458,36.42784],[127.08181,36.42115],[127.07845,36.41187],[127.08742,36.40828],[127.09266,36.40055],[127.095,36.39305],[127.10363,36.39531],[127.11159,36.39023],[127.11749,36.38467],[127.12107,36.38709],[127.12032,36.39112],[127.12886,36.39969],[127.12498,36.41311],[127.13059,36.41551],[127.13298,36.42577],[127.13417,36.43487],[127.14008,36.43821],[127.13956,36.44124],[127.12953,36.44577],[127.11872,36.44209],[127.11546,36.44276]]]},"properties":{"code":"4415055000","name":"금학동","parent":"44150"}},{"type":"Feature","geometry":{"type":"Polygon","coordinates":[[[127.14808,36.45738],[127.13342,36.4642],[127.1301,36.46242],[127.12959,36.45589],[127.12716,36.44921],[127.12953,36.44577],[127.13956,36.44124],[127.14008,36.43821],[127.13417,36.43487],[127.13298,36.42577],[127.13548,36.4234],[127.14841,36.42385],[127.14969,36.41878],[127.15966,36.4163],[127.16842,36.41161],[127.17402,36.41266],[127.17402,36.41626],[127.18745,36.41698],[127.19031,36.42053],[127.18654,36.42741],[127.19129,36.42881],[127.19693,36.43367],[127.19711,36.44081],[127.18988,36.44567],[127.17255,36.44915],[127.15837,36.45327],[127.14808,36.45738]]]},"properties":{"code":"4415056000","name":"옥룡동","parent":"44150"}},{"type":"Feature","geometry":{"type":"Polygon","coordinates":[[[127.13336,36.48849],[127.12261,36.49327],[127.11619,36.49291],[127.10656,36.49502],[127.0963,36.49965],[127.0939,36.49721],[127.10097,36.49338],[127.10043,36.48912],[127.1115,36.48384],[127.10516,36.47838],[127.10528,36.47166],[127.1085,36.47354],[127.11672,36.47253],[127.13342,36.4642],[127.14808,36.45738],[127.15031,36.46572],[127.14488,36.47167],[127.14684,36.47731],[127.13069,36.47618],[127.13449,36.48276],[127.13336,36.48849]]]},"properties":{"code":"4415057000","name":"신관동","parent":"44150"}},{"type":"Feature","geometry":{"type":"Polygon","coordinates":[[[127.13342,36.4642],[127.11672,36.47253],[127.1085,36.47354],[127.10528,36.47166],[127.09412,36.45741],[127.09788,36.45538],[127.10212,36.44862],[127.10628,36.44657],[127.10866,36.44178],[127.11546,36.44276],[127.11665,36.44709],[127.11405,36.45604],[127.12959,36.45589],[127.1301,36.46242],[127.13342,36.4642]]]},"properties":{"code":"4415054000","name":"웅진동","parent":"44150"}},{"type":"Feature","geometry":{"type":"Polygon","coordinates":[[[127.19909,36.44005],[127.20139,36.44198],[127.20134,36.44912],[127.1984,36.45221],[127.20473,36.45929],[127.20328,36.46498],[127.19475,36.46876],[127.19048,36.47947],[127.19486,36.48474],[127.19468,36.48959],[127.18831,36.49262],[127.17688,36.49253],[127.17351,36.49927],[127.16518,36.49799],[127.15765,36.49469],[127.15361,36.49056],[127.14174,36.49075],[127.13449,36.48276],[127.13069,36.47618],[127.14684,36.47731],[127.14488,36.47167],[127.15031,36.46572],[127.14808,36.45738],[127.15837,36.45327],[127.17255,36.44915],[127.18988,36.44567],[127.19711,36.44081],[127.19909,36.44005]]]},"properties":{"code":"4415059000","name":"월송동","parent":"44150"}},{"type":"Feature","geometry":{"type":"Polygon","coordinates":[[[126.65689,36.27907],[126.64268,36.27953],[126.63658,36.28388],[126.62387,36.28896],[126.61825,36.2891],[126.61446,36.28684],[126.61346,36.27937],[126.60489,36.27345],[126.59638,36.27823],[126.58493,36.27488],[126.58365,36.27226],[126.57384,36.26506],[126.57581,36.25869],[126.56544,36.25109],[126.55768,36.25113],[126.55587,36.25323],[126.54065,36.26071],[126.54268,36.25785],[126.53699,36.25187],[126.5367,36.24594],[126.53034,36.23933],[126.53073,36.22838],[126.52955,36.22157],[126.53817,36.20947],[126.53653,36.20018],[126.54188,36.19715],[126.54751,36.19735],[126.55091,36.1948],[126.55785,36.19808],[126.56457,36.19774],[126.56741,36.19465],[126.57164,36.20136],[126.5909,36.20998],[126.60256,36.20823],[126.60686,36.21453],[126.60728,36.22114],[126.60965,36.22404],[126.61749,36.22668],[126.62368,36.2309],[126.62844,36.24323],[126.63467,36.24463],[126.63834,36.2496],[126.63917,36.25173],[126.64853,36.25643],[126.65619,36.26953],[126.65689,36.27907]]]},"properties":{"code":"4418025000","name":"웅천읍","parent":"44180"}},{"type":"Feature","geometry":{"type":"Polygon","coordinates":[[[126.60575,36.42378],[126.59355,36.42812],[126.58751,36.42531],[126.57294,36.42668],[126.56663,36.42542],[126.57039,36.42073],[126.56689,36.41698],[126.56324,36.41816],[126.55214,36.40542],[126.54944,36.39983],[126.56142,36.39726],[126.56459,36.39357],[126.56933,36.39678],[126.57633,36.39711],[126.57907,36.39161],[126.58785,36.39825],[126.59961,36.40045],[126.60227,36.40798],[126.60686,36.41465],[126.60293,36.41773],[126.60575,36.42378]]]},"properties":{"code":"4418031000","name":"주포면","parent":"44180"}},{"type":"Feature","geometry":{"type":"Polygon","coordinates":[[[126.54944,36.39983],[126.5479,36.39776],[126.53806,36.40073],[126.5342,36.39735],[126.52657,36.39548],[126.52378,36.39253],[126.51329,36.39417],[126.50445,36.39216],[126.4991,36.39765],[126.4879,36.39943],[126.48646,36.40237],[126.4792,36.38523],[126.48658,36.38139],[126.49969,36.38238],[126.50277,36.37984],[126.5091,36.38023],[126.51519,36.37406],[126.52068,36.37229],[126.52918,36.36547],[126.54499,36.35452],[126.5498,36.35371],[126.55629,36.3615],[126.56994,36.35979],[126.57241,36.36161],[126.58504,36.36377],[126.5922,36.3607],[126.60327,36.3719],[126.60813,36.37343],[126.61503,36.38084],[126.61256,36.38777],[126.6131,36.39678],[126.6005,36.39769],[126.59961,36.40045],[126.58785,36.39825],[126.57907,36.39161],[126.57633,36.39711],[126.56933,36.39678],[126.56459,36.39357],[126.56142,36.39726],[126.54944,36.39983]]]},"properties":{"code":"4418041000","name":"주교면","parent":"44180"}},{"type":"Feature","geometry":{"type":"MultiPolygon","coordinates":[[[[126.09357,36.23019],[126.09286,36.23636],[126.08281,36.22953],[126.08024,36.23356],[126.07625,36.23353],[126.07476,36.22753],[126.06735,36.22376],[126.06908,36.22147],[126.07608,36.2214],[126.07763,36.22621],[126.08314,36.22374],[126.09415,36.22597],[126.09357,36.23019]]],[[[126.05592,36.23658],[126.0473,36.23828],[126.04677,36.23551],[126.05609,36.23372],[126.05592,36.23658]]],[[[126.26568,36.2654],[126.27117,36.27779],[126.26502,36.27788],[126.26182,36.27564],[126.26115,36.26724],[126.26568,36.2654]]],[[[126.26418,36.29638],[126.26657,36.30027],[126.26606,36.30532],[126.2587,36.30189],[126.26418,36.29638]]],[[[126.29429,36.33019],[126.29208,36.33285],[126.28596,36.33005],[126.28888,36.32629],[126.30245,36.32415],[126.30052,36.33028],[126.29429,36.33019]]],[[[126.32157,36.33857],[126.31317,36.33416],[126.31745,36.33074],[126.32177,36.33343],[126.32157,36.33857]]],[[[126.37072,36.33524],[126.363,36.33923],[126.36062,36.34291],[126.36146,36.35196],[126.35628,36.35528],[126.35136,36.34415],[126.34525,36.34011],[126.3403,36.33386],[126.34279,36.33215],[126.36033,36.32955],[126.36494,36.33335],[126.37072,36.33524]]],[[[126.42603,36.38587],[126.42,36.38557],[126.41361,36.38293],[126.39959,36.38145],[126.39682,36.38274],[126.38468,36.38015],[126.38304,36.36731],[126.39142,36.36523],[126.39637,36.36748],[126.40803,36.36394],[126.41335,36.36449],[126.42139,36.36223],[126.43201,36.36105],[126.4419,36.35773],[126.44451,36.35517],[126.45491,36.35563],[126.459,36.35455],[126.46112,36.36132],[126.45075,36.36368],[126.4464,36.3662],[126.44335,36.37142],[126.43548,36.37948],[126.43448,36.38533],[126.42603,36.38587]]],[[[126.45025,36.37713],[126.45661,36.38034],[126.44757,36.38519],[126.44528,36.39048],[126.43819,36.38643],[126.43951,36.37867],[126.45025,36.37713]]],[[[126.36836,36.37798],[126.36776,36.38649],[126.37119,36.39054],[126.36489,36.39442],[126.36105,36.3919],[126.36258,36.38794],[126.36187,36.38003],[126.36836,36.37798]]],[[[126.34105,36.40495],[126.33654,36.40718],[126.3295,36.39702],[126.32972,36.39211],[126.32337,36.38842],[126.33086,36.3839],[126.33263,36.37819],[126.33931,36.37925],[126.34232,36.3886],[126.34556,36.39225],[126.35191,36.39305],[126.35193,36.39709],[126.35645,36.39953],[126.35553,36.40395],[126.35047,36.40631],[126.34105,36.40495]]],[[[126.56663,36.42542],[126.56183,36.43032],[126.5568,36.42632],[126.55203,36.42895],[126.5621,36.4343],[126.56497,36.44149],[126.56054,36.45104],[126.55351,36.45475],[126.53788,36.45282],[126.52374,36.44314],[126.51481,36.43885],[126.50152,36.43008],[126.49698,36.42945],[126.49194,36.42213],[126.49196,36.41866],[126.48785,36.41254],[126.48646,36.40237],[126.4879,36.39943],[126.4991,36.39765],[126.50445,36.39216],[126.51329,36.39417],[126.52378,36.39253],[126.52657,36.39548],[126.5342,36.39735],[126.53806,36.40073],[126.5479,36.39776],[126.54944,36.39983],[126.55214,36.40542],[126.56324,36.41816],[126.56689,36.41698],[126.57039,36.42073],[126.56663,36.42542]]]]},"properties":{"code":"4418032000","name":"오천면","parent":"44180"}},{"type":"Feature","geometry":{"type":"Polygon","coordinates":[[[126.50963,36.52283],[126.50369,36.52983],[126.49966,36.52729],[126.494,36.52048],[126.48895,36.51775],[126.47975,36.51217],[126.47342,36.50325],[126.47622,36.48979],[126.47601,36.48405],[126.4785,36.46866],[126.48283,36.46421],[126.48389,36.45793],[126.4825,36.45273],[126.49102,36.44596],[126.49453,36.43908],[126.49698,36.42945],[126.50152,36.43008],[126.51481,36.43885],[126.52374,36.44314],[126.53788,36.45282],[126.55351,36.45475],[126.55915,36.45709],[126.56622,36.47219],[126.57338,36.47621],[126.58573,36.47196],[126.59921,36.47446],[126.60195,36.47744],[126.59996,36.48009],[126.60045,36.48895],[126.59669,36.49899],[126.59017,36.50887],[126.56797,36.50129],[126.56128,36.50909],[126.55538,36.50573],[126.54338,36.50759],[126.53663,36.5116],[126.53049,36.51779],[126.52031,36.52168],[126.50963,36.52283]]]},"properties":{"code":"4418033000","name":"천북면","parent":"44180"}},{"type":"Feature","geometry":{"type":"Polygon","coordinates":[[[126.65299,36.46697],[126.64783,36.4657],[126.63553,36.46576],[126.63186,36.47585],[126.623,36.47747],[126.61693,36.48145],[126.61458,36.48539],[126.61015,36.48088],[126.60195,36.47744],[126.59921,36.47446],[126.58573,36.47196],[126.57338,36.47621],[126.56622,36.47219],[126.55915,36.45709],[126.55351,36.45475],[126.56054,36.45104],[126.56497,36.44149],[126.5621,36.4343],[126.55203,36.42895],[126.5568,36.42632],[126.56183,36.43032],[126.56663,36.42542],[126.57294,36.42668],[126.58751,36.42531],[126.59355,36.42812],[126.60575,36.42378],[126.60941,36.42727],[126.61824,36.4268],[126.62295,36.42801],[126.62823,36.43349],[126.63799,36.43928],[126.65148,36.43921],[126.65431,36.44367],[126.65484,36.44913],[126.65946,36.45669],[126.65874,36.46029],[126.65299,36.46697]]]},"properties":{"code":"4418034000","name":"청소면","parent":"44180"}},{"type":"Feature","geometry":{"type":"Polygon","coordinates":[[[126.67312,36.46219],[126.66528,36.46279],[126.65874,36.46029],[126.65946,36.45669],[126.65484,36.44913],[126.65431,36.44367],[126.65148,36.43921],[126.63799,36.43928],[126.62823,36.43349],[126.62295,36.42801],[126.61824,36.4268],[126.60941,36.42727],[126.60575,36.42378],[126.60293,36.41773],[126.60686,36.41465],[126.60227,36.40798],[126.59961,36.40045],[126.6005,36.39769],[126.6131,36.39678],[126.61256,36.38777],[126.61503,36.38084],[126.62496,36.38055],[126.62538,36.37638],[126.6329,36.37218],[126.63812,36.36645],[126.63931,36.3589],[126.63564,36.35131],[126.63795,36.34849],[126.65065,36.35906],[126.66071,36.3659],[126.66405,36.36966],[126.67142,36.36851],[126.67751,36.37046],[126.68731,36.36745],[126.69406,36.36829],[126.70424,36.36699],[126.70836,36.37042],[126.72475,36.37475],[126.71521,36.38281],[126.71049,36.38883],[126.7146,36.39368],[126.70918,36.39664],[126.70945,36.40045],[126.70312,36.40477],[126.69167,36.41041],[126.69204,36.41912],[126.68886,36.42545],[126.69156,36.42865],[126.68397,36.43614],[126.68879,36.44568],[126.67724,36.45076],[126.67312,36.46219]]]},"properties":{"code":"4418035000","name":"청라면","parent":"44180"}},{"type":"Feature","geometry":{"type":"Polygon","coordinates":[[[126.59713,36.33121],[126.58699,36.32694],[126.57705,36.32843],[126.57244,36.32397],[126.56547,36.32106],[126.55923,36.32072],[126.5457,36.31725],[126.53681,36.31595],[126.52905,36.31186],[126.52794,36.30897],[126.53654,36.29886],[126.54345,36.2881],[126.5344,36.28677],[126.54642,36.26888],[126.54681,36.26349],[126.54065,36.26071],[126.55587,36.25323],[126.55768,36.25113],[126.56544,36.25109],[126.57581,36.25869],[126.57384,36.26506],[126.58365,36.27226],[126.58493,36.27488],[126.59638,36.27823],[126.60489,36.27345],[126.61346,36.27937],[126.61446,36.28684],[126.61825,36.2891],[126.61705,36.29177],[126.62416,36.29682],[126.6333,36.30847],[126.63463,36.31837],[126.62405,36.32004],[126.62027,36.32327],[126.61555,36.3234],[126.60498,36.32698],[126.59713,36.33121]]]},"properties":{"code":"4418036000","name":"남포면","parent":"44180"}},{"type":"Feature","geometry":{"type":"Polygon","coordinates":[[[126.65809,36.18069],[126.65945,36.18756],[126.65781,36.1935],[126.66147,36.19657],[126.65971,36.19994],[126.65376,36.20305],[126.65244,36.20697],[126.65441,36.21162],[126.65225,36.21804],[126.65399,36.23459],[126.64634,36.24502],[126.64617,36.24978],[126.63834,36.2496],[126.63467,36.24463],[126.62844,36.24323],[126.62368,36.2309],[126.61749,36.22668],[126.60965,36.22404],[126.60728,36.22114],[126.60686,36.21453],[126.60256,36.20823],[126.5909,36.20998],[126.57164,36.20136],[126.56741,36.19465],[126.56594,36.18797],[126.57366,36.18379],[126.57698,36.17955],[126.58471,36.17573],[126.59367,36.17455],[126.60021,36.17556],[126.6092,36.17178],[126.61973,36.17483],[126.62917,36.17339],[126.63201,36.17582],[126.64085,36.17618],[126.65293,36.18083],[126.65809,36.18069]]]},"properties":{"code":"4418038000","name":"주산면","parent":"44180"}},{"type":"Feature","geometry":{"type":"Polygon","coordinates":[[[126.71925,36.25915],[126.7054,36.26596],[126.69641,36.26756],[126.6964,36.27649],[126.69239,36.27952],[126.69485,36.28312],[126.68769,36.29252],[126.69424,36.29884],[126.69297,36.30212],[126.68593,36.30667],[126.68041,36.31335],[126.66919,36.31148],[126.66957,36.30648],[126.66197,36.30478],[126.6561,36.29688],[126.65862,36.29152],[126.65689,36.27907],[126.65619,36.26953],[126.64853,36.25643],[126.63917,36.25173],[126.63834,36.2496],[126.64617,36.24978],[126.64634,36.24502],[126.65399,36.23459],[126.65225,36.21804],[126.65441,36.21162],[126.65244,36.20697],[126.65376,36.20305],[126.65971,36.19994],[126.66147,36.19657],[126.65781,36.1935],[126.65945,36.18756],[126.65809,36.18069],[126.65863,36.17805],[126.66671,36.17616],[126.67408,36.17836],[126.68047,36.18245],[126.68316,36.18746],[126.69235,36.19033],[126.69916,36.20259],[126.70642,36.21011],[126.71348,36.2144],[126.71555,36.21854],[126.71486,36.22878],[126.71829,36.23456],[126.72294,36.23705],[126.73131,36.23718],[126.73437,36.23847],[126.7376,36.24749],[126.73722,36.25427],[126.72939,36.2564],[126.72057,36.25377],[126.71925,36.25915]]]},"properties":{"code":"4418039000","name":"미산면","parent":"44180"}},{"type":"Feature","geometry":{"type":"Polygon","coordinates":[[[126.70424,36.36699],[126.69406,36.36829],[126.68731,36.36745],[126.67751,36.37046],[126.67142,36.36851],[126.66405,36.36966],[126.66071,36.3659],[126.65065,36.35906],[126.63795,36.34849],[126.63341,36.34139],[126.63121,36.32843],[126.63463,36.31837],[126.6333,36.30847],[126.62416,36.29682],[126.61705,36.29177],[126.61825,36.2891],[126.62387,36.28896],[126.63658,36.28388],[126.64268,36.27953],[126.65689,36.27907],[126.65862,36.29152],[126.6561,36.29688],[126.66197,36.30478],[126.66957,36.30648],[126.66919,36.31148],[126.68041,36.31335],[126.68511,36.32611],[126.6831,36.33148],[126.68549,36.33373],[126.69601,36.33629],[126.7015,36.34824],[126.7041,36.35055],[126.70293,36.35963],[126.70424,36.36699]]]},"properties":{"code":"4418040000","name":"성주면","parent":"44180"}},{"type":"Feature","geometry":{"type":"Polygon","coordinates":[[[126.62538,36.37638],[126.62496,36.38055],[126.61503,36.38084],[126.60813,36.37343],[126.60327,36.3719],[126.5922,36.3607],[126.59772,36.35514],[126.59338,36.34801],[126.58848,36.35184],[126.58054,36.3496],[126.58706,36.34552],[126.59574,36.3461],[126.59647,36.34884],[126.60557,36.35595],[126.6139,36.36006],[126.6132,36.36373],[126.62133,36.37066],[126.62538,36.37638]]]},"properties":{"code":"4418051500","name":"대천1동","parent":"44180"}},{"type":"Feature","geometry":{"type":"Polygon","coordinates":[[[126.5922,36.3607],[126.58504,36.36377],[126.57241,36.36161],[126.56994,36.35979],[126.55629,36.3615],[126.5498,36.35371],[126.56135,36.3516],[126.58054,36.3496],[126.58848,36.35184],[126.59338,36.34801],[126.59772,36.35514],[126.5922,36.3607]]]},"properties":{"code":"4418052500","name":"대천2동","parent":"44180"}},{"type":"Feature","geometry":{"type":"Polygon","coordinates":[[[126.63795,36.34849],[126.63564,36.35131],[126.63931,36.3589],[126.63812,36.36645],[126.6329,36.37218],[126.62538,36.37638],[126.62133,36.37066],[126.6132,36.36373],[126.6139,36.36006],[126.60557,36.35595],[126.59647,36.34884],[126.59574,36.3461],[126.60633,36.3429],[126.62062,36.3451],[126.63341,36.34139],[126.63795,36.34849]]]},"properties":{"code":"4418053500","name":"대천3동","parent":"44180"}},{"type":"Feature","geometry":{"type":"Polygon","coordinates":[[[126.63341,36.34139],[126.62062,36.3451],[126.60633,36.3429],[126.59574,36.3461],[126.58706,36.34552],[126.58931,36.34017],[126.59521,36.34027],[126.59713,36.33121],[126.60498,36.32698],[126.61555,36.3234],[126.62027,36.32327],[126.62405,36.32004],[126.63463,36.31837],[126.63121,36.32843],[126.63341,36.34139]]]},"properties":{"code":"4418054500","name":"대천4동","parent":"44180"}},{"type":"Feature","geometry":{"type":"Polygon","coordinates":[[[126.58054,36.3496],[126.56135,36.3516],[126.55166,36.34802],[126.54422,36.33952],[126.52975,36.33695],[126.52485,36.33334],[126.51626,36.33212],[126.51524,36.32743],[126.5088,36.32754],[126.50449,36.33007],[126.50302,36.32305],[126.51447,36.30793],[126.51906,36.29737],[126.52748,36.29688],[126.5344,36.28677],[126.54345,36.2881],[126.53654,36.29886],[126.52794,36.30897],[126.52905,36.31186],[126.53681,36.31595],[126.5457,36.31725],[126.55923,36.32072],[126.56547,36.32106],[126.57244,36.32397],[126.57705,36.32843],[126.58699,36.32694],[126.59713,36.33121],[126.59521,36.34027],[126.58931,36.34017],[126.58706,36.34552],[126.58054,36.3496]]]},"properties":{"code":"4418056500","name":"대천5동","parent":"44180"}},{"type":"Feature","geometry":{"type":"Polygon","coordinates":[[[126.96886,36.85074],[126.95916,36.84769],[126.95336,36.83875],[126.94791,36.838],[126.94164,36.84095],[126.93854,36.84671],[126.93254,36.84515],[126.93032,36.85344],[126.92471,36.85663],[126.92049,36.85222],[126.9149,36.8425],[126.91089,36.8266],[126.90786,36.81943],[126.9131,36.81912],[126.91834,36.81593],[126.92536,36.81838],[126.93051,36.82319],[126.93801,36.81955],[126.94491,36.81246],[126.9563,36.81394],[126.96487,36.81034],[126.97021,36.81094],[126.97749,36.80592],[126.97807,36.80248],[126.98522,36.79837],[126.99269,36.79809],[126.99973,36.79727],[127.02015,36.79956],[127.03668,36.7943],[127.04709,36.79309],[127.04317,36.80168],[127.0452,36.80721],[127.04299,36.82254],[127.03234,36.83346],[127.02669,36.828],[127.02122,36.83101],[127.01407,36.82995],[127.0096,36.83155],[126.99678,36.83924],[126.98848,36.84159],[126.98386,36.83705],[126.97801,36.84184],[126.97167,36.83959],[126.9683,36.84122],[126.96886,36.85074]]]},"properties":{"code":"4420025000","name":"염치읍","parent":"44200"}},{"type":"Feature","geometry":{"type":"Polygon","coordinates":[[[127.1111,36.79712],[127.10409,36.79907],[127.09756,36.79253],[127.09497,36.79667],[127.09684,36.80017],[127.08694,36.79821],[127.08831,36.78986],[127.09162,36.78129],[127.08031,36.7773],[127.07287,36.78167],[127.06726,36.78145],[127.06022,36.78513],[127.04958,36.78631],[127.04709,36.79309],[127.03668,36.7943],[127.03841,36.77315],[127.03746,36.76526],[127.03327,36.76256],[127.0329,36.75799],[127.037,36.7556],[127.03263,36.75038],[127.02937,36.74059],[127.03748,36.73139],[127.03508,36.72184],[127.03752,36.71092],[127.04864,36.70407],[127.05573,36.70533],[127.05848,36.70831],[127.06514,36.7094],[127.07229,36.70818],[127.07897,36.70999],[127.07929,36.71722],[127.0841,36.72202],[127.08047,36.72895],[127.08115,36.73301],[127.08892,36.74092],[127.08849,36.74641],[127.09752,36.75214],[127.09464,36.76101],[127.10314,36.75791],[127.10925,36.75919],[127.11781,36.76415],[127.11939,36.77497],[127.11763,36.78021],[127.11332,36.7847],[127.11094,36.79116],[127.1111,36.79712]]]},"properties":{"code":"4420025300","name":"배방읍","parent":"44200"}},{"type":"Feature","geometry":{"type":"Polygon","coordinates":[[[127.02937,36.74059],[127.01652,36.7447],[127.01099,36.74179],[127.00894,36.74568],[126.99941,36.74562],[126.99895,36.74115],[126.98831,36.73383],[126.97923,36.7357],[126.97088,36.73265],[126.96074,36.73766],[126.95511,36.73781],[126.94607,36.74156],[126.94435,36.7208],[126.93904,36.70988],[126.94164,36.7064],[126.93962,36.7029],[126.94995,36.70377],[126.95454,36.69911],[126.96257,36.69698],[126.96961,36.69075],[126.96697,36.68413],[126.96776,36.67943],[126.97209,36.6686],[126.9782,36.66126],[126.97896,36.65323],[126.99268,36.64866],[126.99859,36.65192],[127.00271,36.65123],[127.00953,36.65609],[127.01577,36.66633],[127.01602,36.67186],[127.01952,36.6754],[127.02659,36.6867],[127.03575,36.69294],[127.04864,36.70407],[127.03752,36.71092],[127.03508,36.72184],[127.03748,36.73139],[127.02937,36.74059]]]},"properties":{"code":"4420031000","name":"송악면","parent":"44200"}},{"type":"Feature","geometry":{"type":"Polygon","coordinates":[[[127.10217,36.82529],[127.08428,36.82843],[127.06838,36.82858],[127.06319,36.8321],[127.05548,36.83025],[127.04946,36.83822],[127.04236,36.83511],[127.03269,36.83732],[127.03234,36.83346],[127.04299,36.82254],[127.0452,36.80721],[127.04317,36.80168],[127.04709,36.79309],[127.04958,36.78631],[127.06022,36.78513],[127.06726,36.78145],[127.07287,36.78167],[127.08031,36.7773],[127.09162,36.78129],[127.08831,36.78986],[127.08694,36.79821],[127.09684,36.80017],[127.09848,36.80763],[127.0967,36.81442],[127.10217,36.82529]]]},"properties":{"code":"4420033000","name":"탕정면","parent":"44200"}},{"type":"Feature","geometry":{"type":"Polygon","coordinates":[[[127.08502,36.90421],[127.07489,36.90151],[127.07088,36.90536],[127.05864,36.90305],[127.05021,36.903],[127.05741,36.89567],[127.06176,36.88353],[127.05898,36.87821],[127.05045,36.87863],[127.04442,36.87413],[127.03911,36.87765],[127.03015,36.87532],[127.02325,36.87863],[127.02006,36.88342],[127.01563,36.88205],[127.01194,36.8791],[127.00862,36.86697],[127.00429,36.86468],[126.996,36.86539],[126.98806,36.86051],[126.97525,36.86031],[126.97302,36.85456],[126.96886,36.85074],[126.9683,36.84122],[126.97167,36.83959],[126.97801,36.84184],[126.98386,36.83705],[126.98848,36.84159],[126.99678,36.83924],[127.0096,36.83155],[127.01407,36.82995],[127.02122,36.83101],[127.02669,36.828],[127.03234,36.83346],[127.03269,36.83732],[127.04236,36.83511],[127.04946,36.83822],[127.05548,36.83025],[127.06319,36.8321],[127.06838,36.82858],[127.08428,36.82843],[127.10217,36.82529],[127.10088,36.83118],[127.10539,36.83666],[127.09812,36.8397],[127.10993,36.84939],[127.10947,36.85754],[127.10492,36.86097],[127.09926,36.86213],[127.09068,36.86075],[127.08693,36.86254],[127.08868,36.86734],[127.08651,36.87595],[127.09186,36.88279],[127.08799,36.88811],[127.0917,36.89426],[127.08502,36.90421]]]},"properties":{"code":"4420035000","name":"음봉면","parent":"44200"}},{"type":"Feature","geometry":{"type":"Polygon","coordinates":[[[127.07393,36.93839],[127.07138,36.94004],[127.06064,36.93952],[127.04805,36.9335],[127.03815,36.93245],[127.03173,36.92834],[127.01586,36.93446],[126.99541,36.93552],[126.98533,36.93247],[126.98805,36.92444],[126.99222,36.92046],[126.99316,36.90839],[127.00337,36.90689],[127.00562,36.90021],[127.01162,36.89536],[127.00715,36.88859],[127.01029,36.88349],[127.01563,36.88205],[127.02006,36.88342],[127.02325,36.87863],[127.03015,36.87532],[127.03911,36.87765],[127.04442,36.87413],[127.05045,36.87863],[127.05898,36.87821],[127.06176,36.88353],[127.05741,36.89567],[127.05021,36.903],[127.05864,36.90305],[127.07088,36.90536],[127.07489,36.90151],[127.08502,36.90421],[127.09422,36.91116],[127.08912,36.92135],[127.07451,36.93591],[127.07393,36.93839]]]},"properties":{"code":"4420036000","name":"둔포면","parent":"44200"}},{"type":"Feature","geometry":{"type":"Polygon","coordinates":[[[127.01563,36.88205],[127.01029,36.88349],[127.00715,36.88859],[127.01162,36.89536],[127.00562,36.90021],[127.00337,36.90689],[126.99316,36.90839],[126.99222,36.92046],[126.98805,36.92444],[126.98533,36.93247],[126.97285,36.92622],[126.94323,36.918],[126.91706,36.90536],[126.91934,36.90274],[126.92018,36.89541],[126.92827,36.89301],[126.93415,36.88755],[126.93335,36.88444],[126.91948,36.88012],[126.91569,36.8772],[126.91359,36.87199],[126.91641,36.86811],[126.9248,36.86917],[126.92691,36.86761],[126.92394,36.86153],[126.92471,36.85663],[126.93032,36.85344],[126.93254,36.84515],[126.93854,36.84671],[126.94164,36.84095],[126.94791,36.838],[126.95336,36.83875],[126.95916,36.84769],[126.96886,36.85074],[126.97302,36.85456],[126.97525,36.86031],[126.98806,36.86051],[126.996,36.86539],[127.00429,36.86468],[127.00862,36.86697],[127.01194,36.8791],[127.01563,36.88205]]]},"properties":{"code":"4420037000","name":"영인면","parent":"44200"}},{"type":"Feature","geometry":{"type":"Polygon","coordinates":[[[126.92471,36.85663],[126.92394,36.86153],[126.92691,36.86761],[126.9248,36.86917],[126.91641,36.86811],[126.91359,36.87199],[126.91569,36.8772],[126.91948,36.88012],[126.93335,36.88444],[126.93415,36.88755],[126.92827,36.89301],[126.92018,36.89541],[126.91934,36.90274],[126.91706,36.90536],[126.90896,36.90491],[126.9119,36.89041],[126.88064,36.88806],[126.86563,36.8829],[126.86175,36.88021],[126.8529,36.88254],[126.8479,36.87745],[126.84712,36.86276],[126.84161,36.83953],[126.86034,36.83788],[126.86745,36.83374],[126.87559,36.83491],[126.87877,36.82763],[126.88538,36.82638],[126.8937,36.82675],[126.89487,36.82314],[126.89998,36.8188],[126.90786,36.81943],[126.91089,36.8266],[126.9149,36.8425],[126.92049,36.85222],[126.92471,36.85663]]]},"properties":{"code":"4420038000","name":"인주면","parent":"44200"}},{"type":"Feature","geometry":{"type":"Polygon","coordinates":[[[126.84161,36.83953],[126.8368,36.83493],[126.84063,36.82644],[126.84798,36.81829],[126.85695,36.80404],[126.85917,36.79349],[126.85468,36.78936],[126.84243,36.78889],[126.83629,36.78694],[126.83335,36.78326],[126.83058,36.76865],[126.83193,36.75978],[126.84007,36.74987],[126.84765,36.74717],[126.84695,36.74163],[126.85194,36.74831],[126.85047,36.75035],[126.85218,36.7599],[126.85597,36.76548],[126.86392,36.77168],[126.87699,36.76898],[126.88168,36.76478],[126.89561,36.77228],[126.90401,36.77074],[126.92482,36.7722],[126.92667,36.7784],[126.9252,36.78408],[126.91202,36.78303],[126.90751,36.7903],[126.90189,36.7913],[126.89641,36.79591],[126.88069,36.80417],[126.8849,36.81022],[126.88619,36.81867],[126.88538,36.82638],[126.87877,36.82763],[126.87559,36.83491],[126.86745,36.83374],[126.86034,36.83788],[126.84161,36.83953]]]},"properties":{"code":"4420039000","name":"선장면","parent":"44200"}},{"type":"Feature","geometry":{"type":"Polygon","coordinates":[[[126.92482,36.7722],[126.90401,36.77074],[126.89561,36.77228],[126.88168,36.76478],[126.87699,36.76898],[126.86392,36.77168],[126.85597,36.76548],[126.85218,36.7599],[126.85047,36.75035],[126.85194,36.74831],[126.85868,36.74699],[126.85951,36.73868],[126.86685,36.72943],[126.87573,36.72835],[126.88667,36.73132],[126.89069,36.72625],[126.89834,36.72275],[126.89992,36.71587],[126.90259,36.71469],[126.90214,36.70219],[126.91109,36.70389],[126.91726,36.70325],[126.92181,36.70063],[126.92848,36.70438],[126.93363,36.70192],[126.93962,36.7029],[126.94164,36.7064],[126.93904,36.70988],[126.94435,36.7208],[126.94607,36.74156],[126.93872,36.74667],[126.93311,36.76024],[126.92622,36.7668],[126.92482,36.7722]]]},"properties":{"code":"4420040000","name":"도고면","parent":"44200"}},{"type":"Feature","geometry":{"type":"Polygon","coordinates":[[[126.90786,36.81943],[126.89998,36.8188],[126.89487,36.82314],[126.8937,36.82675],[126.88538,36.82638],[126.88619,36.81867],[126.8849,36.81022],[126.88069,36.80417],[126.89641,36.79591],[126.90189,36.7913],[126.90751,36.7903],[126.91202,36.78303],[126.9252,36.78408],[126.92667,36.7784],[126.92482,36.7722],[126.92622,36.7668],[126.93311,36.76024],[126.93872,36.74667],[126.94607,36.74156],[126.95511,36.73781],[126.96033,36.74768],[126.96222,36.75653],[126.96731,36.76127],[126.96328,36.768],[126.96838,36.77266],[126.96574,36.77976],[126.95634,36.78416],[126.96316,36.78985],[126.96601,36.79789],[126.97236,36.79853],[126.97807,36.80248],[126.97749,36.80592],[126.97021,36.81094],[126.96487,36.81034],[126.9563,36.81394],[126.94491,36.81246],[126.93801,36.81955],[126.93051,36.82319],[126.92536,36.81838],[126.91834,36.81593],[126.9131,36.81912],[126.90786,36.81943]]]},"properties":{"code":"4420041000","name":"신창면","parent":"44200"}},{"type":"Feature","geometry":{"type":"Polygon","coordinates":[[[126.99973,36.79727],[126.99269,36.79809],[126.99201,36.79613],[126.99789,36.78634],[126.99436,36.7836],[127.01328,36.77952],[127.01115,36.78367],[127.00551,36.78511],[127.00533,36.79025],[126.99973,36.79727]]]},"properties":{"code":"4420057000","name":"온양1동","parent":"44200"}},{"type":"Feature","geometry":{"type":"Polygon","coordinates":[[[127.01328,36.77952],[126.99436,36.7836],[126.99586,36.78038],[126.99682,36.77658],[127.00181,36.7751],[127.00698,36.77994],[127.01197,36.77937],[127.01328,36.77952]]]},"properties":{"code":"4420058000","name":"온양2동","parent":"44200"}},{"type":"Feature","geometry":{"type":"Polygon","coordinates":[[[127.03668,36.7943],[127.02015,36.79956],[126.99973,36.79727],[127.00533,36.79025],[127.00551,36.78511],[127.01115,36.78367],[127.01328,36.77952],[127.03841,36.77315],[127.03668,36.7943]]]},"properties":{"code":"4420059000","name":"온양3동","parent":"44200"}},{"type":"Feature","geometry":{"type":"Polygon","coordinates":[[[126.99269,36.79809],[126.98522,36.79837],[126.97807,36.80248],[126.97236,36.79853],[126.96601,36.79789],[126.96316,36.78985],[126.95634,36.78416],[126.96574,36.77976],[126.96838,36.77266],[126.96328,36.768],[126.96731,36.76127],[126.97067,36.76441],[126.97983,36.76092],[126.98406,36.76308],[126.98912,36.76936],[126.99068,36.77994],[126.99586,36.78038],[126.99436,36.7836],[126.99789,36.78634],[126.99201,36.79613],[126.99269,36.79809]]]},"properties":{"code":"4420060000","name":"온양4동","parent":"44200"}},{"type":"Feature","geometry":{"type":"Polygon","coordinates":[[[127.01197,36.77937],[127.00698,36.77994],[127.00181,36.7751],[126.99682,36.77658],[126.99586,36.78038],[126.99068,36.77994],[126.98912,36.76936],[126.98406,36.76308],[126.97983,36.76092],[126.97067,36.76441],[126.96731,36.76127],[126.96222,36.75653],[126.96033,36.74768],[126.95511,36.73781],[126.96074,36.73766],[126.97088,36.73265],[126.97923,36.7357],[126.98831,36.73383],[126.99895,36.74115],[126.99941,36.74562],[126.99081,36.74817],[126.99476,36.75338],[126.9993,36.76252],[127.00603,36.76781],[127.01325,36.76745],[127.01454,36.77183],[127.01197,36.77937]]]},"properties":{"code":"4420061000","name":"온양5동","parent":"44200"}},{"type":"Feature","geometry":{"type":"Polygon","coordinates":[[[127.03841,36.77315],[127.01328,36.77952],[127.01197,36.77937],[127.01454,36.77183],[127.01325,36.76745],[127.00603,36.76781],[126.9993,36.76252],[126.99476,36.75338],[126.99081,36.74817],[126.99941,36.74562],[127.00894,36.74568],[127.01099,36.74179],[127.01652,36.7447],[127.02937,36.74059],[127.03263,36.75038],[127.037,36.7556],[127.0329,36.75799],[127.03327,36.76256],[127.03746,36.76526],[127.03841,36.77315]]]},"properties":{"code":"4420062000","name":"온양6동","parent":"44200"}},{"type":"Feature","geometry":{"type":"MultiPolygon","coordinates":[[[[126.38448,36.91861],[126.38825,36.92283],[126.37757,36.92915],[126.37071,36.92702],[126.36917,36.92256],[126.37327,36.91695],[126.38448,36.91861]]],[[[126.47754,36.91031],[126.47975,36.91903],[126.48705,36.93489],[126.48668,36.94385],[126.47798,36.96874],[126.46274,36.99298],[126.4542,37.00005],[126.45059,37.00602],[126.44464,37.00767],[126.43174,37.00835],[126.43063,37.01344],[126.42571,37.01487],[126.41315,37.01456],[126.41511,37.01979],[126.40546,37.02352],[126.40267,37.0191],[126.40978,37.01659],[126.40789,37.01203],[126.39743,37.01173],[126.38452,37.01292],[126.36919,37.01127],[126.36432,37.00705],[126.36055,37.00696],[126.35854,37.01207],[126.34992,37.00376],[126.34036,37.01222],[126.33506,37.00586],[126.34057,37.00073],[126.33259,36.99778],[126.3264,37.00009],[126.32549,36.9936],[126.32766,36.98676],[126.33094,36.98309],[126.3382,36.98098],[126.33849,36.97503],[126.3333,36.97558],[126.33595,36.96878],[126.33275,36.96362],[126.33401,36.95974],[126.34248,36.9594],[126.34973,36.96111],[126.35028,36.95188],[126.35271,36.95011],[126.36039,36.95037],[126.35655,36.94215],[126.36085,36.93862],[126.36816,36.9463],[126.38068,36.944],[126.38125,36.93627],[126.38623,36.92982],[126.39191,36.92944],[126.39524,36.93465],[126.40523,36.93232],[126.41058,36.93458],[126.41663,36.9303],[126.41048,36.92363],[126.43201,36.92195],[126.44055,36.91716],[126.44155,36.91297],[126.44691,36.9129],[126.45366,36.908],[126.46031,36.90627],[126.46626,36.90983],[126.47754,36.91031]]]]},"properties":{"code":"4421025000","name":"대산읍","parent":"44210"}},{"type":"Feature","geometry":{"type":"Polygon","coordinates":[[[126.43451,36.77936],[126.43572,36.78245],[126.42904,36.7853],[126.4229,36.78161],[126.41832,36.78897],[126.40892,36.79813],[126.40093,36.79471],[126.39394,36.79571],[126.3816,36.7874],[126.38211,36.77987],[126.38469,36.77409],[126.38312,36.76911],[126.39125,36.76658],[126.39582,36.76163],[126.40163,36.76312],[126.40066,36.75724],[126.39703,36.75337],[126.3967,36.74795],[126.40458,36.74544],[126.41062,36.73618],[126.41005,36.72837],[126.40487,36.72322],[126.40446,36.71946],[126.41129,36.70704],[126.41396,36.70441],[126.42334,36.70177],[126.43098,36.70219],[126.43381,36.70005],[126.44935,36.69767],[126.4536,36.6962],[126.45486,36.70623],[126.4571,36.71247],[126.45205,36.71436],[126.44293,36.7116],[126.43752,36.73607],[126.43733,36.7427],[126.4399,36.7485],[126.43701,36.75515],[126.42592,36.76488],[126.43451,36.77936]]]},"properties":{"code":"4421031000","name":"인지면","parent":"44210"}},{"type":"Feature","geometry":{"type":"Polygon","coordinates":[[[126.4536,36.6962],[126.44935,36.69767],[126.43381,36.70005],[126.43098,36.70219],[126.42334,36.70177],[126.41396,36.70441],[126.41129,36.70704],[126.40446,36.71946],[126.40487,36.72322],[126.41005,36.72837],[126.41062,36.73618],[126.40458,36.74544],[126.3967,36.74795],[126.39703,36.75337],[126.40066,36.75724],[126.40163,36.76312],[126.39582,36.76163],[126.39125,36.76658],[126.38312,36.76911],[126.38431,36.76473],[126.38101,36.76215],[126.34954,36.76471],[126.34502,36.75289],[126.34342,36.74079],[126.34663,36.72853],[126.3461,36.72112],[126.34633,36.70433],[126.34818,36.6963],[126.34832,36.67441],[126.35686,36.67334],[126.36091,36.6691],[126.36252,36.63764],[126.36447,36.62685],[126.37301,36.61939],[126.37909,36.61937],[126.38675,36.61719],[126.39472,36.61839],[126.40872,36.60793],[126.41072,36.60257],[126.41809,36.59891],[126.42388,36.60028],[126.42963,36.60847],[126.43329,36.61807],[126.43998,36.63168],[126.44357,36.63563],[126.44415,36.64422],[126.44186,36.66705],[126.44754,36.67613],[126.45348,36.6937],[126.4536,36.6962]]]},"properties":{"code":"4421032000","name":"부석면","parent":"44210"}},{"type":"Feature","geometry":{"type":"MultiPolygon","coordinates":[[[[126.40199,36.83672],[126.39652,36.8434],[126.38905,36.84457],[126.38702,36.85297],[126.38029,36.85864],[126.37818,36.86432],[126.37086,36.86632],[126.37029,36.85718],[126.3633,36.85076],[126.35604,36.84904],[126.35915,36.84121],[126.36592,36.83405],[126.3647,36.83032],[126.35485,36.83252],[126.34825,36.84417],[126.34198,36.84856],[126.3456,36.85832],[126.3313,36.86302],[126.32743,36.86047],[126.32135,36.84418],[126.31523,36.84182],[126.321,36.83751],[126.32805,36.83653],[126.32623,36.8301],[126.33013,36.82292],[126.33752,36.81786],[126.33443,36.81501],[126.35139,36.79677],[126.35449,36.79085],[126.35563,36.78051],[126.35129,36.77911],[126.34951,36.77377],[126.34954,36.76471],[126.38101,36.76215],[126.38431,36.76473],[126.38312,36.76911],[126.38469,36.77409],[126.38211,36.77987],[126.3816,36.7874],[126.39394,36.79571],[126.3885,36.79657],[126.39106,36.80431],[126.38973,36.80755],[126.40322,36.81213],[126.40513,36.81753],[126.40397,36.82279],[126.40679,36.83129],[126.40199,36.83672]]],[[[126.32635,36.91617],[126.32369,36.91615],[126.33023,36.90473],[126.34141,36.89632],[126.34774,36.90504],[126.33353,36.91638],[126.32635,36.91617]]]]},"properties":{"code":"4421033000","name":"팔봉면","parent":"44210"}},{"type":"Feature","geometry":{"type":"Polygon","coordinates":[[[126.47754,36.91031],[126.46626,36.90983],[126.46031,36.90627],[126.45366,36.908],[126.44691,36.9129],[126.44155,36.91297],[126.44055,36.91716],[126.43201,36.92195],[126.41048,36.92363],[126.40579,36.92379],[126.40423,36.91866],[126.40902,36.91667],[126.40813,36.9088],[126.41884,36.90553],[126.42719,36.90601],[126.43066,36.90271],[126.43003,36.89889],[126.42072,36.89852],[126.41342,36.89417],[126.41139,36.89693],[126.40433,36.89777],[126.40004,36.89345],[126.39538,36.89302],[126.39473,36.88715],[126.39782,36.88127],[126.38567,36.88119],[126.37945,36.88292],[126.3728,36.8793],[126.36669,36.87978],[126.36439,36.87291],[126.36882,36.87164],[126.37086,36.86632],[126.37818,36.86432],[126.38029,36.85864],[126.38702,36.85297],[126.38905,36.84457],[126.39652,36.8434],[126.40199,36.83672],[126.40589,36.83928],[126.42214,36.84055],[126.42701,36.84213],[126.43096,36.84704],[126.43993,36.84801],[126.44163,36.84328],[126.45012,36.83903],[126.46197,36.84321],[126.46406,36.84231],[126.47458,36.85269],[126.47649,36.85627],[126.47374,36.8697],[126.47337,36.882],[126.47281,36.88525],[126.47678,36.90533],[126.47754,36.91031]]]},"properties":{"code":"4421034000","name":"지곡면","parent":"44210"}},{"type":"Feature","geometry":{"type":"Polygon","coordinates":[[[126.51472,36.85156],[126.50953,36.8565],[126.50995,36.86557],[126.50808,36.87038],[126.4984,36.87094],[126.48353,36.87569],[126.47337,36.882],[126.47374,36.8697],[126.47649,36.85627],[126.47458,36.85269],[126.46406,36.84231],[126.46197,36.84321],[126.45012,36.83903],[126.44163,36.84328],[126.43993,36.84801],[126.43096,36.84704],[126.42701,36.84213],[126.42214,36.84055],[126.40589,36.83928],[126.40199,36.83672],[126.40679,36.83129],[126.40397,36.82279],[126.40513,36.81753],[126.40322,36.81213],[126.38973,36.80755],[126.39106,36.80431],[126.3885,36.79657],[126.39394,36.79571],[126.40093,36.79471],[126.40892,36.79813],[126.41016,36.80141],[126.41669,36.80346],[126.42318,36.80873],[126.43003,36.80754],[126.43956,36.8039],[126.44087,36.80184],[126.45131,36.80384],[126.45722,36.79928],[126.46605,36.80627],[126.47119,36.81199],[126.48301,36.81605],[126.48869,36.82117],[126.5015,36.82488],[126.50574,36.83017],[126.50367,36.83713],[126.50667,36.84488],[126.51041,36.84719],[126.51472,36.85156]]]},"properties":{"code":"4421036000","name":"성연면","parent":"44210"}},{"type":"Feature","geometry":{"type":"Polygon","coordinates":[[[126.55533,36.8246],[126.54959,36.82423],[126.53691,36.82767],[126.52881,36.82604],[126.51817,36.83569],[126.51413,36.84479],[126.51041,36.84719],[126.50667,36.84488],[126.50367,36.83713],[126.50574,36.83017],[126.5015,36.82488],[126.48869,36.82117],[126.48301,36.81605],[126.47119,36.81199],[126.47462,36.80804],[126.47765,36.80038],[126.48385,36.79717],[126.48486,36.79223],[126.49173,36.78676],[126.48735,36.77972],[126.50202,36.7826],[126.50506,36.78122],[126.5034,36.77447],[126.50024,36.77374],[126.49867,36.75334],[126.49599,36.75004],[126.50406,36.74227],[126.50917,36.74083],[126.52052,36.73612],[126.52262,36.73972],[126.51937,36.7441],[126.5259,36.75096],[126.52436,36.75478],[126.52935,36.75725],[126.5301,36.76053],[126.52582,36.76321],[126.52733,36.76911],[126.53393,36.77563],[126.53479,36.78047],[126.5443,36.78634],[126.54587,36.79115],[126.55252,36.80137],[126.56008,36.81049],[126.55701,36.81663],[126.55802,36.82207],[126.55533,36.8246]]]},"properties":{"code":"4421037000","name":"음암면","parent":"44210"}},{"type":"Feature","geometry":{"type":"Polygon","coordinates":[[[126.59543,36.83397],[126.58845,36.83658],[126.58333,36.83365],[126.57688,36.82532],[126.56961,36.82859],[126.55533,36.8246],[126.55802,36.82207],[126.55701,36.81663],[126.56008,36.81049],[126.55252,36.80137],[126.54587,36.79115],[126.5443,36.78634],[126.53479,36.78047],[126.53393,36.77563],[126.52733,36.76911],[126.52582,36.76321],[126.5301,36.76053],[126.52935,36.75725],[126.52436,36.75478],[126.5259,36.75096],[126.53572,36.75251],[126.53767,36.75481],[126.5487,36.75912],[126.55608,36.75762],[126.55526,36.75027],[126.56778,36.75242],[126.57165,36.75117],[126.57125,36.74388],[126.5767,36.74129],[126.57836,36.73529],[126.58699,36.73106],[126.5954,36.73087],[126.59875,36.72502],[126.59856,36.71963],[126.60206,36.71797],[126.60325,36.7213],[126.6101,36.72933],[126.61075,36.73211],[126.62804,36.7367],[126.63449,36.74508],[126.63217,36.75659],[126.63894,36.75742],[126.64614,36.75305],[126.65332,36.75337],[126.64794,36.7593],[126.65029,36.77165],[126.65354,36.77497],[126.64856,36.78648],[126.64342,36.79416],[126.63664,36.80117],[126.63558,36.80522],[126.63102,36.80714],[126.6316,36.81217],[126.62647,36.81443],[126.61745,36.81243],[126.60699,36.81701],[126.60073,36.81716],[126.59839,36.83041],[126.59543,36.83397]]]},"properties":{"code":"4421038000","name":"운산면","parent":"44210"}},{"type":"Feature","geometry":{"type":"Polygon","coordinates":[[[126.60206,36.71797],[126.59856,36.71963],[126.59875,36.72502],[126.5954,36.73087],[126.58699,36.73106],[126.57836,36.73529],[126.5767,36.74129],[126.57125,36.74388],[126.57165,36.75117],[126.56778,36.75242],[126.55526,36.75027],[126.55608,36.75762],[126.5487,36.75912],[126.53767,36.75481],[126.53572,36.75251],[126.5259,36.75096],[126.51937,36.7441],[126.52262,36.73972],[126.52052,36.73612],[126.50917,36.74083],[126.50151,36.73078],[126.49725,36.72732],[126.48918,36.72762],[126.48702,36.72371],[126.47446,36.72518],[126.4645,36.72019],[126.4571,36.71247],[126.45486,36.70623],[126.4536,36.6962],[126.47857,36.69327],[126.48439,36.69095],[126.488,36.69372],[126.49317,36.703],[126.49869,36.70517],[126.50269,36.70391],[126.51925,36.70667],[126.52462,36.70422],[126.54197,36.70234],[126.54848,36.70012],[126.55385,36.70165],[126.55742,36.69635],[126.56418,36.69375],[126.56316,36.68873],[126.56625,36.68685],[126.56594,36.68199],[126.57053,36.6719],[126.5817,36.6641],[126.58924,36.66374],[126.59532,36.6692],[126.59875,36.67934],[126.59605,36.68451],[126.60013,36.6907],[126.59981,36.6967],[126.60433,36.69875],[126.60896,36.70543],[126.60206,36.71797]]]},"properties":{"code":"4421039000","name":"해미면","parent":"44210"}},{"type":"Feature","geometry":{"type":"Polygon","coordinates":[[[126.5817,36.6641],[126.57053,36.6719],[126.56594,36.68199],[126.56625,36.68685],[126.56316,36.68873],[126.56418,36.69375],[126.55742,36.69635],[126.55385,36.70165],[126.54848,36.70012],[126.54197,36.70234],[126.52462,36.70422],[126.51925,36.70667],[126.50269,36.70391],[126.49869,36.70517],[126.49317,36.703],[126.488,36.69372],[126.48439,36.69095],[126.47857,36.69327],[126.4536,36.6962],[126.45348,36.6937],[126.46224,36.68445],[126.46424,36.67251],[126.46128,36.66457],[126.46271,36.6589],[126.46789,36.65395],[126.46591,36.64397],[126.49795,36.63574],[126.50576,36.63477],[126.51077,36.63081],[126.51576,36.63221],[126.51945,36.63734],[126.52863,36.63998],[126.53513,36.64621],[126.54133,36.64462],[126.54663,36.64037],[126.55138,36.64245],[126.5658,36.64449],[126.57471,36.65305],[126.57945,36.654],[126.5817,36.6641]]]},"properties":{"code":"4421040000","name":"고북면","parent":"44210"}},{"type":"Feature","geometry":{"type":"Polygon","coordinates":[[[126.45722,36.79928],[126.45131,36.80384],[126.44087,36.80184],[126.43956,36.8039],[126.43003,36.80754],[126.42318,36.80873],[126.41669,36.80346],[126.41016,36.80141],[126.40892,36.79813],[126.41832,36.78897],[126.4229,36.78161],[126.42904,36.7853],[126.43572,36.78245],[126.43451,36.77936],[126.44055,36.77567],[126.45372,36.77539],[126.45202,36.78345],[126.45043,36.79102],[126.45722,36.79928]]]},"properties":{"code":"4421051000","name":"부춘동","parent":"44210"}},{"type":"Feature","geometry":{"type":"Polygon","coordinates":[[[126.48735,36.77972],[126.49173,36.78676],[126.48486,36.79223],[126.48385,36.79717],[126.47765,36.80038],[126.47462,36.80804],[126.47119,36.81199],[126.46605,36.80627],[126.45722,36.79928],[126.45043,36.79102],[126.45202,36.78345],[126.46824,36.78423],[126.47302,36.77894],[126.48081,36.77768],[126.48735,36.77972]]]},"properties":{"code":"4421052500","name":"동문1동","parent":"44210"}},{"type":"Feature","geometry":{"type":"Polygon","coordinates":[[[126.47302,36.77894],[126.46824,36.78423],[126.45202,36.78345],[126.45372,36.77539],[126.45373,36.77536],[126.46099,36.77739],[126.46444,36.77599],[126.47302,36.77894]]]},"properties":{"code":"4421053500","name":"동문2동","parent":"44210"}},{"type":"Feature","geometry":{"type":"Polygon","coordinates":[[[126.49599,36.75004],[126.49867,36.75334],[126.50024,36.77374],[126.5034,36.77447],[126.50506,36.78122],[126.50202,36.7826],[126.48735,36.77972],[126.48081,36.77768],[126.47302,36.77894],[126.46444,36.77599],[126.46099,36.77739],[126.45373,36.77536],[126.45518,36.77273],[126.47158,36.76071],[126.49258,36.75291],[126.49599,36.75004]]]},"properties":{"code":"4421054000","name":"수석동","parent":"44210"}},{"type":"Feature","geometry":{"type":"Polygon","coordinates":[[[126.45372,36.77539],[126.44055,36.77567],[126.43451,36.77936],[126.42592,36.76488],[126.43701,36.75515],[126.4399,36.7485],[126.43733,36.7427],[126.43752,36.73607],[126.44293,36.7116],[126.45205,36.71436],[126.4571,36.71247],[126.4645,36.72019],[126.47446,36.72518],[126.48702,36.72371],[126.48918,36.72762],[126.49725,36.72732],[126.50151,36.73078],[126.50917,36.74083],[126.50406,36.74227],[126.49599,36.75004],[126.49258,36.75291],[126.47158,36.76071],[126.45518,36.77273],[126.45373,36.77536],[126.45372,36.77539]]]},"properties":{"code":"4421055000","name":"석남동","parent":"44210"}},{"type":"Feature","geometry":{"type":"Polygon","coordinates":[[[127.03959,36.14233],[127.03214,36.15029],[127.02242,36.16541],[127.01263,36.1673],[127.00742,36.16242],[126.99799,36.15902],[126.99887,36.15236],[127.00345,36.14914],[127.01028,36.14608],[127.01792,36.14529],[127.02055,36.13812],[127.03002,36.13671],[127.03959,36.14233]]]},"properties":{"code":"4423025000","name":"강경읍","parent":"44230"}},{"type":"Feature","geometry":{"type":"Polygon","coordinates":[[[127.13606,36.13099],[127.12653,36.14657],[127.12111,36.15082],[127.1149,36.15167],[127.10675,36.14819],[127.10627,36.14389],[127.09697,36.14124],[127.09053,36.14239],[127.08712,36.14596],[127.08297,36.13889],[127.06887,36.1388],[127.06618,36.14344],[127.06017,36.14249],[127.05416,36.14619],[127.0461,36.14378],[127.04976,36.14237],[127.05152,36.13518],[127.06058,36.11984],[127.05778,36.11716],[127.05824,36.10824],[127.06111,36.10499],[127.06086,36.09489],[127.06303,36.09211],[127.0718,36.08436],[127.07881,36.08164],[127.0816,36.07792],[127.08773,36.07586],[127.09093,36.07197],[127.10178,36.0757],[127.1229,36.06319],[127.12991,36.06565],[127.1337,36.06968],[127.13351,36.08134],[127.13716,36.08685],[127.14595,36.09044],[127.15125,36.08992],[127.15396,36.09679],[127.14832,36.10526],[127.1516,36.11366],[127.14835,36.11616],[127.14649,36.12333],[127.14055,36.12568],[127.13606,36.13099]]]},"properties":{"code":"4423025300","name":"연무읍","parent":"44230"}},{"type":"Feature","geometry":{"type":"Polygon","coordinates":[[[127.07882,36.20892],[127.07188,36.21561],[127.06885,36.21349],[127.0632,36.21584],[127.06221,36.21917],[127.05182,36.22511],[127.04243,36.23279],[127.03241,36.23537],[127.02727,36.22833],[127.02554,36.22024],[127.01436,36.21109],[127.00697,36.20968],[127.00535,36.21532],[126.99511,36.21476],[126.9915,36.2101],[126.98415,36.20791],[126.98743,36.20314],[126.98403,36.19964],[126.98357,36.19224],[126.99754,36.18021],[127.00742,36.16242],[127.01263,36.1673],[127.01915,36.17224],[127.03155,36.1748],[127.03778,36.17851],[127.05172,36.18351],[127.05847,36.18997],[127.06386,36.19314],[127.06528,36.19798],[127.07882,36.20892]]]},"properties":{"code":"4423031000","name":"성동면","parent":"44230"}},{"type":"Feature","geometry":{"type":"Polygon","coordinates":[[[127.13431,36.23758],[127.12986,36.24864],[127.12479,36.2532],[127.11977,36.25258],[127.11321,36.24892],[127.11185,36.25653],[127.1079,36.26269],[127.1016,36.2658],[127.09949,36.27022],[127.09379,36.26816],[127.09146,36.27668],[127.08252,36.27636],[127.07511,36.26947],[127.06972,36.26905],[127.06844,36.26298],[127.06414,36.25691],[127.05589,36.2545],[127.04981,36.24992],[127.0399,36.24583],[127.03831,36.2402],[127.03241,36.23537],[127.04243,36.23279],[127.05182,36.22511],[127.06221,36.21917],[127.0632,36.21584],[127.06885,36.21349],[127.07188,36.21561],[127.07882,36.20892],[127.08852,36.21338],[127.09198,36.21658],[127.0978,36.22608],[127.10765,36.22838],[127.11708,36.23249],[127.12432,36.23234],[127.13201,36.23463],[127.13292,36.23495],[127.13431,36.23758]]]},"properties":{"code":"4423032000","name":"광석면","parent":"44230"}},{"type":"Feature","geometry":{"type":"Polygon","coordinates":[[[127.12071,36.31792],[127.11518,36.32997],[127.10671,36.34004],[127.10458,36.33496],[127.08942,36.31925],[127.08453,36.31657],[127.08415,36.31228],[127.07781,36.29629],[127.06726,36.29433],[127.06785,36.28946],[127.06541,36.28572],[127.06579,36.27701],[127.06972,36.26905],[127.07511,36.26947],[127.08252,36.27636],[127.09146,36.27668],[127.09379,36.26816],[127.09949,36.27022],[127.1016,36.2658],[127.1079,36.26269],[127.11185,36.25653],[127.11321,36.24892],[127.11977,36.25258],[127.12479,36.2532],[127.12986,36.24864],[127.13431,36.23758],[127.13741,36.24173],[127.13448,36.24916],[127.13676,36.25542],[127.14113,36.25957],[127.14226,36.26579],[127.13878,36.27566],[127.14122,36.27726],[127.1388,36.28475],[127.13016,36.28775],[127.12645,36.29126],[127.12399,36.29758],[127.12044,36.29913],[127.11869,36.31404],[127.12071,36.31792]]]},"properties":{"code":"4423033000","name":"노성면","parent":"44230"}},{"type":"Feature","geometry":{"type":"Polygon","coordinates":[[[127.19578,36.334],[127.19343,36.33423],[127.17592,36.32778],[127.16534,36.32246],[127.15937,36.32231],[127.15602,36.31421],[127.14922,36.31244],[127.14312,36.30692],[127.1306,36.3182],[127.12534,36.32045],[127.12071,36.31792],[127.11869,36.31404],[127.12044,36.29913],[127.12399,36.29758],[127.12645,36.29126],[127.13016,36.28775],[127.1388,36.28475],[127.14122,36.27726],[127.13878,36.27566],[127.14226,36.26579],[127.14113,36.25957],[127.13676,36.25542],[127.13448,36.24916],[127.13741,36.24173],[127.13431,36.23758],[127.13292,36.23495],[127.14918,36.24002],[127.15974,36.24589],[127.16509,36.25287],[127.16665,36.2606],[127.1624,36.27159],[127.16674,36.27424],[127.18216,36.27129],[127.19218,36.27432],[127.19645,36.27688],[127.20179,36.28544],[127.20204,36.29462],[127.20528,36.30159],[127.20257,36.32284],[127.19833,36.32656],[127.19578,36.334]]]},"properties":{"code":"4423034000","name":"상월면","parent":"44230"}},{"type":"Feature","geometry":{"type":"Polygon","coordinates":[[[127.18752,36.1835],[127.18196,36.18566],[127.18304,36.19561],[127.17922,36.20446],[127.17127,36.21183],[127.17051,36.21684],[127.1624,36.2244],[127.14933,36.22709],[127.14369,36.232],[127.13201,36.23463],[127.12432,36.23234],[127.11708,36.23249],[127.10765,36.22838],[127.0978,36.22608],[127.09198,36.21658],[127.08852,36.21338],[127.09377,36.2145],[127.10738,36.21446],[127.1154,36.20998],[127.1263,36.19692],[127.12793,36.18847],[127.14195,36.17796],[127.15542,36.18238],[127.15978,36.18267],[127.1729,36.17897],[127.18566,36.18105],[127.18752,36.1835]]]},"properties":{"code":"4423035000","name":"부적면","parent":"44230"}},{"type":"Feature","geometry":{"type":"Polygon","coordinates":[[[127.19645,36.27688],[127.19218,36.27432],[127.18216,36.27129],[127.16674,36.27424],[127.1624,36.27159],[127.16665,36.2606],[127.16509,36.25287],[127.15974,36.24589],[127.14918,36.24002],[127.13292,36.23495],[127.13201,36.23463],[127.14369,36.232],[127.14933,36.22709],[127.1624,36.2244],[127.17051,36.21684],[127.17127,36.21183],[127.17922,36.20446],[127.18304,36.19561],[127.18196,36.18566],[127.18752,36.1835],[127.19231,36.1915],[127.19779,36.19584],[127.20323,36.19738],[127.20421,36.20183],[127.21106,36.20281],[127.2149,36.20083],[127.22516,36.18502],[127.22741,36.17983],[127.23741,36.18011],[127.24192,36.18319],[127.24023,36.18907],[127.24234,36.20135],[127.23795,36.20701],[127.23521,36.21614],[127.23805,36.22391],[127.23938,36.23616],[127.24017,36.24369],[127.23758,36.24516],[127.23619,36.25529],[127.22816,36.25747],[127.2202,36.26232],[127.21182,36.25769],[127.20912,36.25284],[127.20293,36.25137],[127.1978,36.25988],[127.19905,36.27024],[127.19645,36.27688]]]},"properties":{"code":"4423036000","name":"연산면","parent":"44230"}},{"type":"Feature","geometry":{"type":"Polygon","coordinates":[[[127.33143,36.18432],[127.33008,36.19444],[127.33356,36.19989],[127.32813,36.20405],[127.32363,36.20312],[127.32078,36.20966],[127.3215,36.2137],[127.31445,36.22242],[127.30284,36.22697],[127.30328,36.22184],[127.29376,36.22312],[127.29113,36.23027],[127.28299,36.23663],[127.27808,36.24407],[127.26679,36.24261],[127.2621,36.23653],[127.25812,36.23445],[127.24964,36.23384],[127.24589,36.23198],[127.23938,36.23616],[127.23805,36.22391],[127.23521,36.21614],[127.23795,36.20701],[127.24234,36.20135],[127.24023,36.18907],[127.25207,36.18735],[127.25313,36.17694],[127.25635,36.17189],[127.26026,36.17088],[127.26969,36.16458],[127.27549,36.15876],[127.27348,36.14636],[127.28089,36.14237],[127.28944,36.14422],[127.29238,36.13761],[127.29702,36.13567],[127.30237,36.12545],[127.30906,36.12388],[127.31438,36.11863],[127.32291,36.12589],[127.323,36.13009],[127.32212,36.139],[127.32286,36.14603],[127.31847,36.15403],[127.3188,36.16142],[127.32187,36.16885],[127.32721,36.17551],[127.33143,36.18432]]]},"properties":{"code":"4423038000","name":"벌곡면","parent":"44230"}},{"type":"Feature","geometry":{"type":"Polygon","coordinates":[[[127.24023,36.18907],[127.24192,36.18319],[127.23741,36.18011],[127.22741,36.17983],[127.22516,36.18502],[127.2149,36.20083],[127.21106,36.20281],[127.20421,36.20183],[127.20323,36.19738],[127.19779,36.19584],[127.19231,36.1915],[127.18752,36.1835],[127.18566,36.18105],[127.19453,36.1833],[127.20286,36.1742],[127.20093,36.16682],[127.19823,36.1645],[127.19929,36.15852],[127.205,36.15162],[127.1996,36.14796],[127.19661,36.14279],[127.18991,36.1367],[127.19078,36.13205],[127.19846,36.12548],[127.20167,36.11992],[127.196,36.11538],[127.1783,36.10826],[127.17447,36.10156],[127.17499,36.09731],[127.17939,36.09418],[127.18884,36.09245],[127.1961,36.08594],[127.20349,36.09394],[127.20547,36.10054],[127.21229,36.10057],[127.21936,36.09696],[127.22549,36.09923],[127.23537,36.09385],[127.24175,36.0858],[127.24778,36.0833],[127.25405,36.08366],[127.25698,36.08752],[127.24626,36.09478],[127.24627,36.10475],[127.25019,36.10741],[127.25161,36.11226],[127.25685,36.11409],[127.26149,36.1105],[127.27348,36.10757],[127.28418,36.11201],[127.29447,36.11297],[127.29589,36.12008],[127.30237,36.12545],[127.29702,36.13567],[127.29238,36.13761],[127.28944,36.14422],[127.28089,36.14237],[127.27348,36.14636],[127.27549,36.15876],[127.26969,36.16458],[127.26026,36.17088],[127.25635,36.17189],[127.25313,36.17694],[127.25207,36.18735],[127.24023,36.18907]]]},"properties":{"code":"4423039000","name":"양촌면","parent":"44230"}},{"type":"Feature","geometry":{"type":"Polygon","coordinates":[[[127.17939,36.09418],[127.17499,36.09731],[127.17447,36.10156],[127.1783,36.10826],[127.196,36.11538],[127.20167,36.11992],[127.19846,36.12548],[127.19078,36.13205],[127.18991,36.1367],[127.19661,36.14279],[127.1996,36.14796],[127.205,36.15162],[127.19929,36.15852],[127.19823,36.1645],[127.20093,36.16682],[127.20286,36.1742],[127.19453,36.1833],[127.18566,36.18105],[127.1729,36.17897],[127.15978,36.18267],[127.15542,36.18238],[127.14195,36.17796],[127.14245,36.17217],[127.13731,36.16601],[127.1331,36.17055],[127.12848,36.16672],[127.13561,36.15746],[127.13359,36.15137],[127.14211,36.14989],[127.14646,36.14611],[127.14464,36.13936],[127.13606,36.13099],[127.14055,36.12568],[127.14649,36.12333],[127.14835,36.11616],[127.1516,36.11366],[127.14832,36.10526],[127.15396,36.09679],[127.15125,36.08992],[127.15271,36.08575],[127.15777,36.08369],[127.16473,36.08523],[127.16868,36.08394],[127.17767,36.0909],[127.17939,36.09418]]]},"properties":{"code":"4423040000","name":"가야곡면","parent":"44230"}},{"type":"Feature","geometry":{"type":"Polygon","coordinates":[[[127.1263,36.19692],[127.11758,36.19591],[127.12129,36.19061],[127.11969,36.1855],[127.11019,36.18418],[127.10919,36.17716],[127.10066,36.17182],[127.0938,36.17845],[127.08772,36.18167],[127.07414,36.17637],[127.07698,36.17004],[127.07581,36.16476],[127.07801,36.15637],[127.08909,36.15245],[127.08712,36.14596],[127.09053,36.14239],[127.09697,36.14124],[127.10627,36.14389],[127.10675,36.14819],[127.1149,36.15167],[127.12111,36.15082],[127.12653,36.14657],[127.13606,36.13099],[127.14464,36.13936],[127.14646,36.14611],[127.14211,36.14989],[127.13359,36.15137],[127.13561,36.15746],[127.12848,36.16672],[127.1331,36.17055],[127.13731,36.16601],[127.14245,36.17217],[127.14195,36.17796],[127.12793,36.18847],[127.1263,36.19692]]]},"properties":{"code":"4423041000","name":"은진면","parent":"44230"}},{"type":"Feature","geometry":{"type":"Polygon","coordinates":[[[127.07414,36.17637],[127.0566,36.18342],[127.05172,36.18351],[127.03778,36.17851],[127.03155,36.1748],[127.01915,36.17224],[127.01263,36.1673],[127.02242,36.16541],[127.03214,36.15029],[127.03959,36.14233],[127.0461,36.14378],[127.05416,36.14619],[127.06017,36.14249],[127.06618,36.14344],[127.06887,36.1388],[127.08297,36.13889],[127.08712,36.14596],[127.08909,36.15245],[127.07801,36.15637],[127.07581,36.16476],[127.07698,36.17004],[127.07414,36.17637]]]},"properties":{"code":"4423042000","name":"채운면","parent":"44230"}},{"type":"Feature","geometry":{"type":"Polygon","coordinates":[[[127.1263,36.19692],[127.1154,36.20998],[127.10738,36.21446],[127.09377,36.2145],[127.08965,36.20734],[127.08531,36.20899],[127.08103,36.20628],[127.08481,36.20208],[127.09232,36.18871],[127.09798,36.1845],[127.0938,36.17845],[127.10066,36.17182],[127.10919,36.17716],[127.11019,36.18418],[127.11969,36.1855],[127.12129,36.19061],[127.11758,36.19591],[127.1263,36.19692]]]},"properties":{"code":"4423051000","name":"취암동","parent":"44230"}},{"type":"Feature","geometry":{"type":"Polygon","coordinates":[[[127.0938,36.17845],[127.09798,36.1845],[127.09232,36.18871],[127.08481,36.20208],[127.08103,36.20628],[127.08531,36.20899],[127.08965,36.20734],[127.09377,36.2145],[127.08852,36.21338],[127.07882,36.20892],[127.06528,36.19798],[127.06386,36.19314],[127.05847,36.18997],[127.05172,36.18351],[127.0566,36.18342],[127.07414,36.17637],[127.08772,36.18167],[127.0938,36.17845]]]},"properties":{"code":"4423052000","name":"부창동","parent":"44230"}},{"type":"Feature","geometry":{"type":"Polygon","coordinates":[[[127.29177,36.26419],[127.28101,36.26541],[127.26107,36.27585],[127.26271,36.26724],[127.2423,36.26044],[127.23619,36.25529],[127.23758,36.24516],[127.24017,36.24369],[127.23938,36.23616],[127.24589,36.23198],[127.24964,36.23384],[127.25812,36.23445],[127.2621,36.23653],[127.26679,36.24261],[127.27808,36.24407],[127.28102,36.24583],[127.28003,36.25234],[127.28206,36.25779],[127.29177,36.26419]]]},"properties":{"code":"4425031000","name":"두마면","parent":"44250"}},{"type":"Feature","geometry":{"type":"Polygon","coordinates":[[[127.24683,36.29044],[127.24124,36.29544],[127.23659,36.29472],[127.21533,36.29748],[127.21203,36.30101],[127.20528,36.30159],[127.20204,36.29462],[127.20179,36.28544],[127.19645,36.27688],[127.19905,36.27024],[127.1978,36.25988],[127.20293,36.25137],[127.20912,36.25284],[127.21182,36.25769],[127.2202,36.26232],[127.22816,36.25747],[127.23619,36.25529],[127.2423,36.26044],[127.2437,36.26205],[127.24245,36.27744],[127.24775,36.28233],[127.25315,36.28114],[127.24946,36.28343],[127.24683,36.29044]]]},"properties":{"code":"4425031500","name":"엄사면","parent":"44250"}},{"type":"Feature","geometry":{"type":"Polygon","coordinates":[[[127.25975,36.32721],[127.25537,36.32929],[127.25342,36.33699],[127.24708,36.33659],[127.24196,36.33881],[127.24046,36.3466],[127.22888,36.34917],[127.20936,36.34793],[127.20393,36.34601],[127.20594,36.34224],[127.19921,36.33836],[127.19578,36.334],[127.19833,36.32656],[127.20257,36.32284],[127.20528,36.30159],[127.21203,36.30101],[127.21533,36.29748],[127.23659,36.29472],[127.24124,36.29544],[127.24683,36.29044],[127.25136,36.2957],[127.25921,36.29623],[127.25788,36.31816],[127.26042,36.32241],[127.25975,36.32721]]]},"properties":{"code":"4425033000","name":"신도안면","parent":"44250"}},{"type":"Feature","geometry":{"type":"Polygon","coordinates":[[[127.25315,36.28114],[127.24775,36.28233],[127.24245,36.27744],[127.2437,36.26205],[127.2423,36.26044],[127.26271,36.26724],[127.26107,36.27585],[127.25315,36.28114]]]},"properties":{"code":"4425051000","name":"금암동","parent":"44250"}},{"type":"Feature","geometry":{"type":"Polygon","coordinates":[[[126.75994,36.82128],[126.75331,36.82462],[126.75228,36.82791],[126.73822,36.82844],[126.73393,36.83221],[126.72694,36.82807],[126.72509,36.82466],[126.7198,36.82377],[126.71201,36.81536],[126.71529,36.81013],[126.7136,36.80334],[126.7249,36.79842],[126.7341,36.78954],[126.73749,36.78165],[126.743,36.77802],[126.74652,36.76705],[126.75904,36.76336],[126.76432,36.75506],[126.77344,36.749],[126.77374,36.75543],[126.7795,36.75393],[126.78325,36.75944],[126.79085,36.76136],[126.79445,36.7662],[126.80189,36.76875],[126.80688,36.77421],[126.81239,36.77135],[126.82059,36.77924],[126.81737,36.78256],[126.82075,36.78652],[126.83028,36.78655],[126.83335,36.78326],[126.83629,36.78694],[126.84243,36.78889],[126.85468,36.78936],[126.85917,36.79349],[126.85695,36.80404],[126.84352,36.80173],[126.83595,36.79888],[126.82962,36.80232],[126.82157,36.8013],[126.81859,36.80285],[126.81272,36.79878],[126.80666,36.81037],[126.79792,36.81163],[126.79261,36.80745],[126.78881,36.80926],[126.78398,36.80523],[126.77958,36.80557],[126.77754,36.81063],[126.7682,36.81097],[126.76082,36.81774],[126.75994,36.82128]]]},"properties":{"code":"4427025000","name":"합덕읍","parent":"44270"}},{"type":"Feature","geometry":{"type":"Polygon","coordinates":[[[126.80084,36.92611],[126.79208,36.93734],[126.7966,36.94023],[126.78034,36.96751],[126.78389,36.97241],[126.78253,36.97569],[126.76378,36.98241],[126.76272,36.98141],[126.73888,36.98759],[126.73404,36.98779],[126.71858,36.99234],[126.72048,36.98045],[126.71952,36.97548],[126.7203,36.96385],[126.72192,36.95932],[126.71981,36.94886],[126.71271,36.94326],[126.71194,36.93961],[126.71695,36.93336],[126.7137,36.9282],[126.70332,36.92541],[126.69888,36.9193],[126.68842,36.91318],[126.6877,36.90889],[126.68393,36.90482],[126.68776,36.9021],[126.68446,36.88474],[126.68709,36.88213],[126.68543,36.87609],[126.68787,36.87339],[126.68524,36.86693],[126.68909,36.86529],[126.69176,36.85994],[126.70233,36.86834],[126.7066,36.86833],[126.71215,36.86466],[126.72203,36.86709],[126.7333,36.85943],[126.73812,36.86007],[126.7377,36.86577],[126.7409,36.86756],[126.74312,36.87426],[126.74936,36.87782],[126.74858,36.88053],[126.74126,36.88145],[126.72838,36.88927],[126.72091,36.89633],[126.72306,36.90194],[126.72775,36.90115],[126.72855,36.89658],[126.73518,36.89613],[126.73707,36.91025],[126.74584,36.91094],[126.75582,36.90141],[126.76356,36.89758],[126.77335,36.90313],[126.77944,36.91234],[126.78891,36.9158],[126.80084,36.92611]]]},"properties":{"code":"4427025300","name":"송악읍","parent":"44270"}},{"type":"Feature","geometry":{"type":"Polygon","coordinates":[[[126.62262,36.95295],[126.61483,36.95719],[126.61039,36.95746],[126.59281,36.96449],[126.59338,36.9705],[126.58658,36.97376],[126.58076,36.9785],[126.57917,36.98523],[126.57566,36.98806],[126.56952,36.98874],[126.56332,36.9916],[126.55605,36.98683],[126.54986,36.98484],[126.53486,36.98244],[126.52423,36.9778],[126.50922,36.97358],[126.5169,36.96991],[126.53346,36.95287],[126.54609,36.9368],[126.54972,36.92787],[126.55554,36.9213],[126.56307,36.90225],[126.56651,36.90085],[126.57529,36.90383],[126.58103,36.9005],[126.58798,36.89383],[126.59322,36.89303],[126.60067,36.88682],[126.60592,36.88905],[126.60765,36.89869],[126.61183,36.90806],[126.62035,36.91204],[126.62044,36.9172],[126.6257,36.91858],[126.62655,36.92611],[126.62985,36.9306],[126.62689,36.93488],[126.63014,36.94252],[126.62497,36.94583],[126.63339,36.94942],[126.6343,36.95276],[126.62722,36.9543],[126.62262,36.95295]]]},"properties":{"code":"4427031000","name":"고대면","parent":"44270"}},{"type":"Feature","geometry":{"type":"MultiPolygon","coordinates":[[[[126.45347,37.03483],[126.45453,37.04192],[126.44082,37.03886],[126.44553,37.03411],[126.45347,37.03483]]],[[[126.63958,36.99809],[126.61884,37.00459],[126.59807,37.01682],[126.57923,37.02458],[126.5749,37.02386],[126.57018,37.02779],[126.56001,37.03154],[126.55956,37.03771],[126.55036,37.03527],[126.54138,37.03802],[126.52905,37.04371],[126.52661,37.05256],[126.51953,37.05939],[126.4983,37.06527],[126.49089,37.06029],[126.48174,37.06134],[126.48625,37.05196],[126.45746,37.02761],[126.45356,37.0256],[126.46384,37.01214],[126.47202,37.00532],[126.47913,36.99677],[126.4866,36.98281],[126.49751,36.97424],[126.50922,36.97358],[126.52423,36.9778],[126.53486,36.98244],[126.54986,36.98484],[126.55605,36.98683],[126.56332,36.9916],[126.56952,36.98874],[126.57566,36.98806],[126.57917,36.98523],[126.58076,36.9785],[126.58658,36.97376],[126.59338,36.9705],[126.59281,36.96449],[126.61039,36.95746],[126.61483,36.95719],[126.62262,36.95295],[126.63097,36.96425],[126.63779,36.98224],[126.63958,36.99809]]],[[[126.42897,37.06397],[126.41978,37.06438],[126.41896,37.05789],[126.42247,37.05391],[126.423,37.04051],[126.42804,37.03999],[126.43315,37.04304],[126.43812,37.04218],[126.44348,37.04437],[126.44893,37.04348],[126.45057,37.05433],[126.44303,37.06234],[126.43935,37.05844],[126.43356,37.05761],[126.42857,37.0598],[126.42897,37.06397]]]]},"properties":{"code":"4427032000","name":"석문면","parent":"44270"}},{"type":"Feature","geometry":{"type":"Polygon","coordinates":[[[126.50922,36.97358],[126.49751,36.97424],[126.4866,36.98281],[126.4834,36.97862],[126.4833,36.97013],[126.48656,36.95522],[126.49007,36.94479],[126.48914,36.93291],[126.48591,36.92672],[126.47678,36.90533],[126.47281,36.88525],[126.47337,36.882],[126.48353,36.87569],[126.4984,36.87094],[126.50808,36.87038],[126.50995,36.86557],[126.50953,36.8565],[126.51472,36.85156],[126.52075,36.85515],[126.5337,36.85895],[126.53797,36.8628],[126.53079,36.8661],[126.52459,36.87501],[126.53687,36.87778],[126.5452,36.87793],[126.54658,36.88356],[126.5506,36.88732],[126.54959,36.89214],[126.55449,36.89222],[126.55838,36.88935],[126.56421,36.89137],[126.56651,36.90085],[126.56307,36.90225],[126.55554,36.9213],[126.54972,36.92787],[126.54609,36.9368],[126.53346,36.95287],[126.5169,36.96991],[126.50922,36.97358]]]},"properties":{"code":"4427033000","name":"대호지면","parent":"44270"}},{"type":"Feature","geometry":{"type":"Polygon","coordinates":[[[126.60067,36.88682],[126.59322,36.89303],[126.58798,36.89383],[126.58103,36.9005],[126.57529,36.90383],[126.56651,36.90085],[126.56421,36.89137],[126.55838,36.88935],[126.55449,36.89222],[126.54959,36.89214],[126.5506,36.88732],[126.54658,36.88356],[126.5452,36.87793],[126.53687,36.87778],[126.52459,36.87501],[126.53079,36.8661],[126.53797,36.8628],[126.5337,36.85895],[126.52075,36.85515],[126.51472,36.85156],[126.51041,36.84719],[126.51413,36.84479],[126.51817,36.83569],[126.52881,36.82604],[126.53691,36.82767],[126.54959,36.82423],[126.55533,36.8246],[126.56961,36.82859],[126.57688,36.82532],[126.58333,36.83365],[126.58845,36.83658],[126.59543,36.83397],[126.61124,36.85077],[126.61052,36.85682],[126.61201,36.86186],[126.61026,36.86854],[126.60306,36.87447],[126.60067,36.88682]]]},"properties":{"code":"4427034000","name":"정미면","parent":"44270"}},{"type":"Feature","geometry":{"type":"Polygon","coordinates":[[[126.71201,36.81536],[126.70628,36.81105],[126.69992,36.80994],[126.69829,36.81342],[126.68911,36.81164],[126.68531,36.80945],[126.68046,36.81543],[126.68001,36.82538],[126.67495,36.82619],[126.67117,36.83198],[126.66388,36.85023],[126.66448,36.8561],[126.66014,36.86616],[126.65503,36.8649],[126.64643,36.85635],[126.6458,36.85156],[126.6355,36.84426],[126.61719,36.8369],[126.62032,36.83177],[126.61825,36.82878],[126.62633,36.8238],[126.62647,36.81443],[126.6316,36.81217],[126.63102,36.80714],[126.63558,36.80522],[126.63664,36.80117],[126.64342,36.79416],[126.64856,36.78648],[126.65354,36.77497],[126.65678,36.77635],[126.66021,36.7709],[126.66494,36.77087],[126.66905,36.78056],[126.67594,36.78392],[126.68307,36.78152],[126.6943,36.78499],[126.69758,36.7932],[126.69646,36.80062],[126.70244,36.80275],[126.7136,36.80334],[126.71529,36.81013],[126.71201,36.81536]]]},"properties":{"code":"4427035000","name":"면천면","parent":"44270"}},{"type":"Feature","geometry":{"type":"Polygon","coordinates":[[[126.68446,36.88474],[126.67212,36.88123],[126.6647,36.88618],[126.66565,36.8794],[126.66337,36.87696],[126.66568,36.86808],[126.66014,36.86616],[126.66448,36.8561],[126.66388,36.85023],[126.67117,36.83198],[126.67495,36.82619],[126.68001,36.82538],[126.68046,36.81543],[126.68531,36.80945],[126.68911,36.81164],[126.69829,36.81342],[126.69992,36.80994],[126.70628,36.81105],[126.71201,36.81536],[126.7198,36.82377],[126.72509,36.82466],[126.72694,36.82807],[126.73393,36.83221],[126.73822,36.82844],[126.75228,36.82791],[126.75331,36.82462],[126.75994,36.82128],[126.76371,36.82467],[126.76772,36.83265],[126.76559,36.83884],[126.76138,36.83899],[126.76272,36.84579],[126.76805,36.84907],[126.766,36.8521],[126.75662,36.85261],[126.74768,36.85726],[126.74483,36.86452],[126.7409,36.86756],[126.7377,36.86577],[126.73812,36.86007],[126.7333,36.85943],[126.72203,36.86709],[126.71215,36.86466],[126.7066,36.86833],[126.70233,36.86834],[126.69176,36.85994],[126.68909,36.86529],[126.68524,36.86693],[126.68787,36.87339],[126.68543,36.87609],[126.68709,36.88213],[126.68446,36.88474]]]},"properties":{"code":"4427036000","name":"순성면","parent":"44270"}},{"type":"Feature","geometry":{"type":"Polygon","coordinates":[[[126.8318,36.86196],[126.81983,36.86127],[126.81205,36.85888],[126.80698,36.86434],[126.79844,36.86287],[126.79245,36.85452],[126.79371,36.8498],[126.77999,36.84321],[126.7778,36.84056],[126.77099,36.84128],[126.77128,36.84591],[126.76805,36.84907],[126.76272,36.84579],[126.76138,36.83899],[126.76559,36.83884],[126.76772,36.83265],[126.76371,36.82467],[126.75994,36.82128],[126.76082,36.81774],[126.7682,36.81097],[126.77754,36.81063],[126.77958,36.80557],[126.78398,36.80523],[126.78881,36.80926],[126.79261,36.80745],[126.79792,36.81163],[126.80666,36.81037],[126.81272,36.79878],[126.81859,36.80285],[126.82157,36.8013],[126.82962,36.80232],[126.83595,36.79888],[126.84352,36.80173],[126.85695,36.80404],[126.84798,36.81829],[126.84063,36.82644],[126.8368,36.83493],[126.84161,36.83953],[126.84712,36.86276],[126.8318,36.86196]]]},"properties":{"code":"4427037000","name":"우강면","parent":"44270"}},{"type":"Feature","geometry":{"type":"MultiPolygon","coordinates":[[[[126.8318,36.86196],[126.82732,36.87825],[126.82647,36.88665],[126.8235,36.89119],[126.8166,36.89669],[126.81317,36.9216],[126.81066,36.92776],[126.80615,36.93066],[126.80084,36.92611],[126.78891,36.9158],[126.77944,36.91234],[126.77335,36.90313],[126.76356,36.89758],[126.75582,36.90141],[126.74584,36.91094],[126.73707,36.91025],[126.73518,36.89613],[126.72855,36.89658],[126.72775,36.90115],[126.72306,36.90194],[126.72091,36.89633],[126.72838,36.88927],[126.74126,36.88145],[126.74858,36.88053],[126.74936,36.87782],[126.74312,36.87426],[126.7409,36.86756],[126.74483,36.86452],[126.74768,36.85726],[126.75662,36.85261],[126.766,36.8521],[126.76805,36.84907],[126.77128,36.84591],[126.77099,36.84128],[126.7778,36.84056],[126.77999,36.84321],[126.79371,36.8498],[126.79245,36.85452],[126.79844,36.86287],[126.80698,36.86434],[126.81205,36.85888],[126.81983,36.86127],[126.8318,36.86196]]],[[[126.82584,36.95861],[126.82403,36.95297],[126.83086,36.94269],[126.83203,36.93891],[126.84181,36.94058],[126.83547,36.94504],[126.82584,36.95861]]]]},"properties":{"code":"4427038000","name":"신평면","parent":"44270"}},{"type":"Feature","geometry":{"type":"Polygon","coordinates":[[[126.71858,36.99234],[126.70462,36.99955],[126.70106,36.99774],[126.69499,37.00025],[126.68216,36.99821],[126.64811,36.9995],[126.63958,36.99809],[126.63779,36.98224],[126.63097,36.96425],[126.62262,36.95295],[126.62722,36.9543],[126.6343,36.95276],[126.63339,36.94942],[126.62497,36.94583],[126.63014,36.94252],[126.62689,36.93488],[126.62985,36.9306],[126.63242,36.92355],[126.63642,36.91839],[126.64721,36.917],[126.65092,36.92094],[126.66043,36.92092],[126.67387,36.91092],[126.68393,36.90482],[126.6877,36.90889],[126.68842,36.91318],[126.69888,36.9193],[126.70332,36.92541],[126.7137,36.9282],[126.71695,36.93336],[126.71194,36.93961],[126.71271,36.94326],[126.71981,36.94886],[126.72192,36.95932],[126.7203,36.96385],[126.71952,36.97548],[126.72048,36.98045],[126.71858,36.99234]]]},"properties":{"code":"4427039000","name":"송산면","parent":"44270"}},{"type":"Feature","geometry":{"type":"Polygon","coordinates":[[[126.6647,36.88618],[126.66009,36.88698],[126.6598,36.89138],[126.65603,36.89268],[126.65829,36.90314],[126.65129,36.90599],[126.64511,36.9036],[126.64369,36.89693],[126.63689,36.90107],[126.63115,36.90261],[126.62415,36.8994],[126.62696,36.89016],[126.64337,36.88427],[126.65054,36.88662],[126.65711,36.87808],[126.66337,36.87696],[126.66565,36.8794],[126.6647,36.88618]]]},"properties":{"code":"4427051000","name":"당진1동","parent":"44270"}},{"type":"Feature","geometry":{"type":"Polygon","coordinates":[[[126.62415,36.8994],[126.62528,36.90395],[126.61815,36.90897],[126.62035,36.91204],[126.61183,36.90806],[126.60765,36.89869],[126.60592,36.88905],[126.60067,36.88682],[126.60306,36.87447],[126.61026,36.86854],[126.61201,36.86186],[126.61052,36.85682],[126.61124,36.85077],[126.59543,36.83397],[126.59839,36.83041],[126.60073,36.81716],[126.60699,36.81701],[126.61745,36.81243],[126.62647,36.81443],[126.62633,36.8238],[126.61825,36.82878],[126.62032,36.83177],[126.61719,36.8369],[126.6355,36.84426],[126.6458,36.85156],[126.64643,36.85635],[126.65503,36.8649],[126.66014,36.86616],[126.66568,36.86808],[126.66337,36.87696],[126.65711,36.87808],[126.65054,36.88662],[126.64337,36.88427],[126.62696,36.89016],[126.62415,36.8994]]]},"properties":{"code":"4427052000","name":"당진2동","parent":"44270"}},{"type":"Feature","geometry":{"type":"Polygon","coordinates":[[[126.68393,36.90482],[126.67387,36.91092],[126.66043,36.92092],[126.65092,36.92094],[126.64721,36.917],[126.63642,36.91839],[126.63242,36.92355],[126.62985,36.9306],[126.62655,36.92611],[126.6257,36.91858],[126.62044,36.9172],[126.62035,36.91204],[126.61815,36.90897],[126.62528,36.90395],[126.62415,36.8994],[126.63115,36.90261],[126.63689,36.90107],[126.64369,36.89693],[126.64511,36.9036],[126.65129,36.90599],[126.65829,36.90314],[126.65603,36.89268],[126.6598,36.89138],[126.66009,36.88698],[126.6647,36.88618],[126.67212,36.88123],[126.68446,36.88474],[126.68776,36.9021],[126.68393,36.90482]]]},"properties":{"code":"4427053000","name":"당진3동","parent":"44270"}},{"type":"Feature","geometry":{"type":"Polygon","coordinates":[[[127.49444,36.11211],[127.48963,36.11387],[127.48046,36.11388],[127.4776,36.11006],[127.46325,36.11228],[127.45758,36.11003],[127.45714,36.10488],[127.43906,36.10584],[127.43012,36.10563],[127.42624,36.09796],[127.43252,36.09151],[127.43404,36.08733],[127.44011,36.08112],[127.45088,36.08241],[127.45843,36.07779],[127.46645,36.08111],[127.47264,36.07865],[127.47558,36.08135],[127.4866,36.08035],[127.48809,36.07725],[127.4937,36.07574],[127.49249,36.081],[127.49813,36.08766],[127.50611,36.08505],[127.5079,36.0932],[127.51075,36.09793],[127.51781,36.09809],[127.51911,36.09888],[127.51244,36.10746],[127.50697,36.10523],[127.50025,36.10595],[127.49444,36.11211]]]},"properties":{"code":"4471025000","name":"금산읍","parent":"44710"}},{"type":"Feature","geometry":{"type":"Polygon","coordinates":[[[127.49945,36.17411],[127.49373,36.17571],[127.48314,36.17448],[127.47818,36.16781],[127.47167,36.16768],[127.46493,36.16449],[127.46059,36.1602],[127.45288,36.15792],[127.44686,36.15074],[127.44722,36.14689],[127.43554,36.13702],[127.4343,36.1322],[127.42404,36.1343],[127.42198,36.12604],[127.42796,36.11709],[127.43012,36.10563],[127.43906,36.10584],[127.45714,36.10488],[127.45758,36.11003],[127.46325,36.11228],[127.4776,36.11006],[127.48046,36.11388],[127.48963,36.11387],[127.49444,36.11211],[127.49778,36.11835],[127.49598,36.12519],[127.49716,36.13494],[127.48927,36.14436],[127.48561,36.15124],[127.49424,36.15248],[127.49555,36.15514],[127.50386,36.15832],[127.5034,36.16299],[127.50574,36.16763],[127.49945,36.17411]]]},"properties":{"code":"4471031000","name":"금성면","parent":"44710"}},{"type":"Feature","geometry":{"type":"Polygon","coordinates":[[[127.59345,36.17748],[127.58269,36.17858],[127.56925,36.1778],[127.56447,36.17492],[127.55252,36.17905],[127.54717,36.16859],[127.54161,36.16341],[127.53774,36.15594],[127.53783,36.15196],[127.53212,36.14891],[127.51763,36.14381],[127.51541,36.13931],[127.51788,36.13165],[127.5177,36.12376],[127.51244,36.10746],[127.51911,36.09888],[127.53017,36.10037],[127.53765,36.10375],[127.54305,36.09697],[127.55149,36.09817],[127.5633,36.09113],[127.56219,36.08437],[127.57143,36.08816],[127.58694,36.08682],[127.60943,36.08742],[127.61331,36.09123],[127.61179,36.09646],[127.61797,36.09634],[127.61815,36.10606],[127.61957,36.10902],[127.61345,36.11173],[127.61007,36.11862],[127.60385,36.1171],[127.59797,36.12557],[127.5902,36.13383],[127.59035,36.14328],[127.59363,36.15297],[127.60174,36.16159],[127.60086,36.16948],[127.5985,36.17393],[127.59345,36.17748]]]},"properties":{"code":"4471032000","name":"제원면","parent":"44710"}},{"type":"Feature","geometry":{"type":"Polygon","coordinates":[[[127.61797,36.09634],[127.61179,36.09646],[127.61331,36.09123],[127.60943,36.08742],[127.58694,36.08682],[127.57143,36.08816],[127.56219,36.08437],[127.5633,36.09113],[127.55149,36.09817],[127.54305,36.09697],[127.53765,36.10375],[127.53017,36.10037],[127.51911,36.09888],[127.51781,36.09809],[127.51542,36.09109],[127.51701,36.08642],[127.52656,36.08675],[127.53069,36.08241],[127.52813,36.07539],[127.53157,36.06779],[127.52348,36.06542],[127.52222,36.06081],[127.52494,36.05711],[127.53165,36.04114],[127.54714,36.03807],[127.55238,36.03281],[127.55733,36.03274],[127.56819,36.02975],[127.57557,36.02266],[127.58314,36.0267],[127.59151,36.02449],[127.59362,36.02007],[127.60082,36.01247],[127.60495,36.0116],[127.61087,36.00219],[127.61511,36.00184],[127.61827,36.00861],[127.61626,36.01941],[127.61026,36.02345],[127.61263,36.02632],[127.62372,36.02454],[127.62701,36.0262],[127.62756,36.03144],[127.63559,36.03112],[127.63145,36.03658],[127.63074,36.04077],[127.62183,36.04046],[127.61874,36.04251],[127.6186,36.05154],[127.61998,36.06129],[127.62585,36.06699],[127.63776,36.06836],[127.63245,36.08195],[127.62406,36.09],[127.62006,36.0908],[127.61797,36.09634]]]},"properties":{"code":"4471033000","name":"부리면","parent":"44710"}},{"type":"Feature","geometry":{"type":"Polygon","coordinates":[[[127.59812,36.18435],[127.59284,36.19515],[127.59927,36.20451],[127.59709,36.21284],[127.5978,36.21741],[127.59074,36.22229],[127.58532,36.22976],[127.57914,36.23306],[127.57041,36.2329],[127.56182,36.22998],[127.54662,36.23017],[127.54215,36.22254],[127.53821,36.22024],[127.53578,36.21048],[127.53037,36.20795],[127.526,36.20072],[127.51565,36.19925],[127.50979,36.19072],[127.51065,36.18652],[127.50016,36.17927],[127.49945,36.17411],[127.50574,36.16763],[127.5034,36.16299],[127.50386,36.15832],[127.49555,36.15514],[127.49424,36.15248],[127.48561,36.15124],[127.48927,36.14436],[127.49716,36.13494],[127.49598,36.12519],[127.49778,36.11835],[127.49444,36.11211],[127.50025,36.10595],[127.50697,36.10523],[127.51244,36.10746],[127.5177,36.12376],[127.51788,36.13165],[127.51541,36.13931],[127.51763,36.14381],[127.53212,36.14891],[127.53783,36.15196],[127.53774,36.15594],[127.54161,36.16341],[127.54717,36.16859],[127.55252,36.17905],[127.56447,36.17492],[127.56925,36.1778],[127.58269,36.17858],[127.59345,36.17748],[127.59812,36.18435]]]},"properties":{"code":"4471034000","name":"군북면","parent":"44710"}},{"type":"Feature","geometry":{"type":"Polygon","coordinates":[[[127.51781,36.09809],[127.51075,36.09793],[127.5079,36.0932],[127.50611,36.08505],[127.49813,36.08766],[127.49249,36.081],[127.4937,36.07574],[127.49911,36.05996],[127.4979,36.05511],[127.50411,36.05194],[127.50266,36.04298],[127.48951,36.04032],[127.48399,36.03825],[127.48304,36.02966],[127.47873,36.02844],[127.48031,36.02417],[127.47778,36.02118],[127.48223,36.00932],[127.48185,36.00485],[127.47769,35.99791],[127.46822,35.98774],[127.47585,35.98052],[127.48761,35.97802],[127.49449,35.98609],[127.49912,35.98748],[127.50582,35.98036],[127.51411,35.98344],[127.52473,35.98557],[127.52847,35.98995],[127.53367,35.99211],[127.53633,36.0007],[127.53242,36.0072],[127.54018,36.01173],[127.53629,36.02139],[127.5393,36.02601],[127.53792,36.03297],[127.5316,36.03486],[127.53165,36.04114],[127.52494,36.05711],[127.52222,36.06081],[127.52348,36.06542],[127.53157,36.06779],[127.52813,36.07539],[127.53069,36.08241],[127.52656,36.08675],[127.51701,36.08642],[127.51542,36.09109],[127.51781,36.09809]]]},"properties":{"code":"4471035000","name":"남일면","parent":"44710"}},{"type":"Feature","geometry":{"type":"Polygon","coordinates":[[[127.42624,36.09796],[127.42112,36.09775],[127.41427,36.10186],[127.40473,36.09634],[127.40311,36.09227],[127.39454,36.08886],[127.38605,36.09083],[127.37239,36.08999],[127.36904,36.08513],[127.36,36.08951],[127.35724,36.08316],[127.36173,36.07618],[127.35927,36.07057],[127.36455,36.06592],[127.3606,36.06107],[127.36114,36.05331],[127.36561,36.05113],[127.37308,36.04352],[127.37438,36.03427],[127.37935,36.03041],[127.37783,36.02282],[127.38359,36.0218],[127.39186,36.01715],[127.39676,36.01007],[127.40115,36.0079],[127.40496,36.01176],[127.41173,36.01445],[127.41814,36.02115],[127.42627,36.02647],[127.43368,36.02794],[127.4373,36.02051],[127.43527,36.01421],[127.43741,36.00912],[127.44358,36.00808],[127.44791,35.99922],[127.44817,35.99345],[127.45488,35.98698],[127.45598,35.98378],[127.46343,35.98441],[127.46822,35.98774],[127.47769,35.99791],[127.48185,36.00485],[127.48223,36.00932],[127.47778,36.02118],[127.48031,36.02417],[127.47873,36.02844],[127.48304,36.02966],[127.48399,36.03825],[127.48951,36.04032],[127.50266,36.04298],[127.50411,36.05194],[127.4979,36.05511],[127.49911,36.05996],[127.4937,36.07574],[127.48809,36.07725],[127.4866,36.08035],[127.47558,36.08135],[127.47264,36.07865],[127.46645,36.08111],[127.45843,36.07779],[127.45088,36.08241],[127.44011,36.08112],[127.43404,36.08733],[127.43252,36.09151],[127.42624,36.09796]]]},"properties":{"code":"4471036000","name":"남이면","parent":"44710"}},{"type":"Feature","geometry":{"type":"Polygon","coordinates":[[[127.43676,36.1597],[127.43673,36.1575],[127.42871,36.15219],[127.41693,36.15196],[127.4057,36.15549],[127.40232,36.15098],[127.39745,36.15055],[127.39636,36.16118],[127.39234,36.15879],[127.38691,36.15992],[127.37973,36.16428],[127.37317,36.16265],[127.37021,36.16768],[127.37264,36.17318],[127.3682,36.17551],[127.36627,36.18326],[127.36301,36.18705],[127.3712,36.19092],[127.37245,36.19933],[127.3762,36.20257],[127.35979,36.21104],[127.35946,36.21392],[127.35303,36.21182],[127.34774,36.20504],[127.34748,36.19777],[127.34392,36.19673],[127.34066,36.18912],[127.3351,36.18362],[127.33143,36.18432],[127.32721,36.17551],[127.32187,36.16885],[127.3188,36.16142],[127.31847,36.15403],[127.32286,36.14603],[127.32212,36.139],[127.323,36.13009],[127.33848,36.13049],[127.34444,36.11807],[127.35094,36.11642],[127.35497,36.10831],[127.34789,36.09839],[127.34966,36.09523],[127.36,36.08951],[127.36904,36.08513],[127.37239,36.08999],[127.38605,36.09083],[127.39454,36.08886],[127.40311,36.09227],[127.40473,36.09634],[127.41427,36.10186],[127.42112,36.09775],[127.42624,36.09796],[127.43012,36.10563],[127.42796,36.11709],[127.42198,36.12604],[127.42404,36.1343],[127.4343,36.1322],[127.43554,36.13702],[127.44722,36.14689],[127.44686,36.15074],[127.45288,36.15792],[127.44702,36.16063],[127.43676,36.1597]]]},"properties":{"code":"4471037000","name":"진산면","parent":"44710"}},{"type":"Feature","geometry":{"type":"Polygon","coordinates":[[[127.42236,36.20829],[127.41935,36.20724],[127.40827,36.21306],[127.4109,36.21694],[127.40456,36.22272],[127.40057,36.23182],[127.38788,36.23447],[127.39112,36.24274],[127.38783,36.24595],[127.38654,36.25273],[127.39042,36.26079],[127.38881,36.26551],[127.37757,36.27146],[127.37241,36.27218],[127.37102,36.26994],[127.36271,36.26919],[127.36101,36.26446],[127.36137,36.25358],[127.364,36.25165],[127.36451,36.24348],[127.36005,36.22679],[127.36472,36.21997],[127.36052,36.2185],[127.35946,36.21392],[127.35979,36.21104],[127.3762,36.20257],[127.37245,36.19933],[127.3712,36.19092],[127.36301,36.18705],[127.36627,36.18326],[127.3682,36.17551],[127.37264,36.17318],[127.37021,36.16768],[127.37317,36.16265],[127.37973,36.16428],[127.38691,36.15992],[127.39234,36.15879],[127.39636,36.16118],[127.39745,36.15055],[127.40232,36.15098],[127.4057,36.15549],[127.41693,36.15196],[127.42871,36.15219],[127.43673,36.1575],[127.43676,36.1597],[127.43075,36.16334],[127.43066,36.16831],[127.43843,36.17021],[127.44156,36.1732],[127.44959,36.17039],[127.45418,36.1762],[127.45485,36.17999],[127.44835,36.18209],[127.44812,36.18732],[127.44322,36.19001],[127.44281,36.19406],[127.43349,36.19918],[127.42927,36.20534],[127.42236,36.20829]]]},"properties":{"code":"4471038000","name":"복수면","parent":"44710"}},{"type":"Feature","geometry":{"type":"Polygon","coordinates":[[[127.54662,36.23017],[127.54979,36.23832],[127.5379,36.24294],[127.53249,36.25022],[127.52395,36.24653],[127.5182,36.24069],[127.51381,36.24171],[127.50878,36.23882],[127.49277,36.23809],[127.48995,36.23377],[127.47783,36.22974],[127.47788,36.22678],[127.46712,36.22243],[127.46855,36.2148],[127.46028,36.21304],[127.45909,36.20978],[127.45325,36.20677],[127.4548,36.20084],[127.44281,36.19406],[127.44322,36.19001],[127.44812,36.18732],[127.44835,36.18209],[127.45485,36.17999],[127.45418,36.1762],[127.44959,36.17039],[127.44156,36.1732],[127.43843,36.17021],[127.43066,36.16831],[127.43075,36.16334],[127.43676,36.1597],[127.44702,36.16063],[127.45288,36.15792],[127.46059,36.1602],[127.46493,36.16449],[127.47167,36.16768],[127.47818,36.16781],[127.48314,36.17448],[127.49373,36.17571],[127.49945,36.17411],[127.50016,36.17927],[127.51065,36.18652],[127.50979,36.19072],[127.51565,36.19925],[127.526,36.20072],[127.53037,36.20795],[127.53578,36.21048],[127.53821,36.22024],[127.54215,36.22254],[127.54662,36.23017]]]},"properties":{"code":"4471039000","name":"추부면","parent":"44710"}},{"type":"Feature","geometry":{"type":"Polygon","coordinates":[[[126.99566,36.29771],[126.98667,36.30705],[126.98761,36.31486],[126.9922,36.31843],[126.99659,36.32779],[126.99058,36.32966],[126.98998,36.33522],[126.98537,36.33716],[126.97575,36.33549],[126.95931,36.33205],[126.95405,36.32606],[126.9437,36.31957],[126.9273,36.31513],[126.9243,36.31026],[126.91997,36.29845],[126.91718,36.29478],[126.9076,36.29158],[126.89764,36.28669],[126.89169,36.27794],[126.8913,36.26569],[126.8924,36.26187],[126.89908,36.25388],[126.9132,36.25218],[126.92289,36.25349],[126.9316,36.25263],[126.94472,36.24674],[126.95591,36.24489],[126.96342,36.24112],[126.96631,36.23586],[126.97115,36.23019],[126.97391,36.23204],[126.9728,36.24735],[126.97573,36.25098],[126.96897,36.25477],[126.96773,36.2596],[126.97556,36.26471],[126.97369,36.27222],[126.97591,36.27675],[126.97194,36.2815],[126.97688,36.286],[126.98325,36.28722],[126.98651,36.29173],[126.99077,36.29117],[126.99566,36.29771]]]},"properties":{"code":"4476025000","name":"부여읍","parent":"44760"}},{"type":"Feature","geometry":{"type":"Polygon","coordinates":[[[126.9072,36.32602],[126.9006,36.32794],[126.89107,36.32551],[126.87654,36.32394],[126.87506,36.32132],[126.86259,36.31496],[126.86499,36.31226],[126.87223,36.30963],[126.87011,36.30467],[126.85915,36.30189],[126.8564,36.29616],[126.84367,36.28738],[126.83264,36.28715],[126.83045,36.27649],[126.82257,36.27551],[126.8216,36.27248],[126.83081,36.26689],[126.83791,36.2671],[126.84142,36.2536],[126.84615,36.24257],[126.84323,36.24117],[126.84764,36.23501],[126.85509,36.23815],[126.88223,36.25674],[126.88707,36.2535],[126.89908,36.25388],[126.8924,36.26187],[126.8913,36.26569],[126.89169,36.27794],[126.89764,36.28669],[126.9076,36.29158],[126.91718,36.29478],[126.91997,36.29845],[126.9243,36.31026],[126.9273,36.31513],[126.91464,36.32057],[126.91245,36.32717],[126.9072,36.32602]]]},"properties":{"code":"4476031000","name":"규암면","parent":"44760"}},{"type":"Feature","geometry":{"type":"Polygon","coordinates":[[[126.87654,36.32394],[126.86629,36.32295],[126.85901,36.32595],[126.85555,36.33079],[126.86042,36.33754],[126.85963,36.34274],[126.85375,36.34621],[126.84835,36.35532],[126.84249,36.35501],[126.84339,36.36503],[126.83504,36.36368],[126.83411,36.37229],[126.83159,36.37594],[126.83635,36.37778],[126.84284,36.37346],[126.85029,36.38528],[126.84868,36.38676],[126.83891,36.38385],[126.82948,36.38545],[126.82274,36.38129],[126.82006,36.37721],[126.80863,36.37659],[126.8036,36.36373],[126.79769,36.35899],[126.79497,36.35224],[126.79218,36.35187],[126.78624,36.35692],[126.76524,36.35305],[126.75694,36.35468],[126.7549,36.34953],[126.76205,36.34271],[126.7585,36.33902],[126.75975,36.33499],[126.76546,36.33186],[126.77166,36.32556],[126.77301,36.32142],[126.78068,36.31406],[126.77981,36.30826],[126.78596,36.30004],[126.79556,36.29299],[126.80692,36.28072],[126.81199,36.27965],[126.81583,36.27281],[126.8216,36.27248],[126.82257,36.27551],[126.83045,36.27649],[126.83264,36.28715],[126.84367,36.28738],[126.8564,36.29616],[126.85915,36.30189],[126.87011,36.30467],[126.87223,36.30963],[126.86499,36.31226],[126.86259,36.31496],[126.87506,36.32132],[126.87654,36.32394]]]},"properties":{"code":"4476032000","name":"은산면","parent":"44760"}},{"type":"Feature","geometry":{"type":"Polygon","coordinates":[[[126.75694,36.35468],[126.75227,36.35622],[126.74794,36.36261],[126.74125,36.3636],[126.73859,36.36645],[126.73941,36.37192],[126.73475,36.37795],[126.72475,36.37475],[126.70836,36.37042],[126.70424,36.36699],[126.70293,36.35963],[126.7041,36.35055],[126.7015,36.34824],[126.69601,36.33629],[126.68549,36.33373],[126.6831,36.33148],[126.68511,36.32611],[126.68041,36.31335],[126.68593,36.30667],[126.69297,36.30212],[126.69424,36.29884],[126.68769,36.29252],[126.69485,36.28312],[126.69239,36.27952],[126.6964,36.27649],[126.69641,36.26756],[126.7054,36.26596],[126.71925,36.25915],[126.72583,36.26544],[126.73068,36.2786],[126.7248,36.28599],[126.72949,36.29448],[126.73186,36.30328],[126.74121,36.31285],[126.75134,36.31187],[126.75533,36.31609],[126.76599,36.32007],[126.77301,36.32142],[126.77166,36.32556],[126.76546,36.33186],[126.75975,36.33499],[126.7585,36.33902],[126.76205,36.34271],[126.7549,36.34953],[126.75694,36.35468]]]},"properties":{"code":"4476033000","name":"외산면","parent":"44760"}},{"type":"Feature","geometry":{"type":"Polygon","coordinates":[[[126.78596,36.30004],[126.77981,36.30826],[126.78068,36.31406],[126.77301,36.32142],[126.76599,36.32007],[126.75533,36.31609],[126.75134,36.31187],[126.74121,36.31285],[126.73186,36.30328],[126.72949,36.29448],[126.7248,36.28599],[126.73068,36.2786],[126.72583,36.26544],[126.71925,36.25915],[126.72057,36.25377],[126.72939,36.2564],[126.73722,36.25427],[126.74474,36.26185],[126.75135,36.2617],[126.75738,36.25432],[126.75527,36.24876],[126.76288,36.2446],[126.76548,36.24081],[126.77622,36.24216],[126.78995,36.24926],[126.7946,36.24763],[126.79006,36.25244],[126.79128,36.26038],[126.79805,36.25686],[126.80232,36.257],[126.80515,36.2698],[126.79038,36.28268],[126.78926,36.29123],[126.78542,36.29507],[126.78596,36.30004]]]},"properties":{"code":"4476034000","name":"내산면","parent":"44760"}},{"type":"Feature","geometry":{"type":"Polygon","coordinates":[[[126.8216,36.27248],[126.81583,36.27281],[126.81199,36.27965],[126.80692,36.28072],[126.79556,36.29299],[126.78596,36.30004],[126.78542,36.29507],[126.78926,36.29123],[126.79038,36.28268],[126.80515,36.2698],[126.80232,36.257],[126.79805,36.25686],[126.79128,36.26038],[126.79006,36.25244],[126.7946,36.24763],[126.79425,36.24303],[126.80111,36.24343],[126.8043,36.23785],[126.79973,36.23297],[126.80455,36.23234],[126.80735,36.22667],[126.8136,36.22376],[126.81546,36.2207],[126.82311,36.22239],[126.82638,36.22682],[126.84536,36.2326],[126.84764,36.23501],[126.84323,36.24117],[126.84615,36.24257],[126.84142,36.2536],[126.83791,36.2671],[126.83081,36.26689],[126.8216,36.27248]]]},"properties":{"code":"4476035000","name":"구룡면","parent":"44760"}},{"type":"Feature","geometry":{"type":"Polygon","coordinates":[[[126.7946,36.24763],[126.78995,36.24926],[126.77622,36.24216],[126.76548,36.24081],[126.76288,36.2446],[126.75527,36.24876],[126.75738,36.25432],[126.75135,36.2617],[126.74474,36.26185],[126.73722,36.25427],[126.7376,36.24749],[126.73437,36.23847],[126.73131,36.23718],[126.73436,36.23026],[126.73351,36.22543],[126.74066,36.2219],[126.73373,36.21199],[126.73836,36.20728],[126.74546,36.20527],[126.75184,36.20088],[126.76422,36.20483],[126.76761,36.20408],[126.77807,36.20675],[126.78206,36.20977],[126.77568,36.22056],[126.78163,36.22211],[126.79259,36.22795],[126.79973,36.23297],[126.8043,36.23785],[126.80111,36.24343],[126.79425,36.24303],[126.7946,36.24763]]]},"properties":{"code":"4476036000","name":"홍산면","parent":"44760"}},{"type":"Feature","geometry":{"type":"Polygon","coordinates":[[[126.73131,36.23718],[126.72294,36.23705],[126.71829,36.23456],[126.71486,36.22878],[126.71555,36.21854],[126.71348,36.2144],[126.70642,36.21011],[126.69916,36.20259],[126.69235,36.19033],[126.69432,36.18942],[126.69976,36.17984],[126.70941,36.17784],[126.71349,36.17547],[126.72187,36.17559],[126.73182,36.1803],[126.74172,36.18329],[126.74556,36.18123],[126.75532,36.181],[126.76469,36.18355],[126.76707,36.18152],[126.78115,36.18369],[126.77946,36.19027],[126.76681,36.19127],[126.76499,36.19256],[126.76422,36.20483],[126.75184,36.20088],[126.74546,36.20527],[126.73836,36.20728],[126.73373,36.21199],[126.74066,36.2219],[126.73351,36.22543],[126.73436,36.23026],[126.73131,36.23718]]]},"properties":{"code":"4476037000","name":"옥산면","parent":"44760"}},{"type":"Feature","geometry":{"type":"Polygon","coordinates":[[[126.81594,36.19562],[126.81354,36.20158],[126.81628,36.20479],[126.82773,36.21028],[126.83153,36.21432],[126.83782,36.21294],[126.84731,36.21629],[126.85479,36.21688],[126.85314,36.22064],[126.85583,36.22461],[126.85348,36.23003],[126.85773,36.23515],[126.85509,36.23815],[126.84764,36.23501],[126.84536,36.2326],[126.82638,36.22682],[126.82311,36.22239],[126.81546,36.2207],[126.8136,36.22376],[126.80735,36.22667],[126.80455,36.23234],[126.79973,36.23297],[126.79259,36.22795],[126.78163,36.22211],[126.77568,36.22056],[126.78206,36.20977],[126.77807,36.20675],[126.76761,36.20408],[126.76422,36.20483],[126.76499,36.19256],[126.76681,36.19127],[126.77946,36.19027],[126.79133,36.19456],[126.79687,36.19301],[126.80179,36.19584],[126.80852,36.19379],[126.81594,36.19562]]]},"properties":{"code":"4476038000","name":"남면","parent":"44760"}},{"type":"Feature","geometry":{"type":"Polygon","coordinates":[[[126.86764,36.20363],[126.85674,36.20162],[126.8443,36.20356],[126.83611,36.2009],[126.83567,36.19751],[126.81919,36.19774],[126.81594,36.19562],[126.80852,36.19379],[126.80179,36.19584],[126.79687,36.19301],[126.79133,36.19456],[126.77946,36.19027],[126.78115,36.18369],[126.79552,36.17919],[126.79669,36.17389],[126.79228,36.16707],[126.79555,36.16105],[126.79422,36.15599],[126.79567,36.15038],[126.79183,36.14274],[126.79385,36.13729],[126.80039,36.14071],[126.80829,36.13726],[126.81941,36.13531],[126.82412,36.13932],[126.83616,36.14083],[126.84395,36.13747],[126.84656,36.14067],[126.84526,36.14494],[126.83768,36.14719],[126.84409,36.15976],[126.84268,36.16639],[126.83775,36.16842],[126.83658,36.17199],[126.83996,36.17868],[126.8456,36.17644],[126.85093,36.17835],[126.86434,36.17595],[126.86373,36.18262],[126.87261,36.18474],[126.88087,36.1897],[126.8816,36.19547],[126.87554,36.20126],[126.86764,36.20363]]]},"properties":{"code":"4476039000","name":"충화면","parent":"44760"}},{"type":"Feature","geometry":{"type":"Polygon","coordinates":[[[126.89035,36.13937],[126.88099,36.14269],[126.8739,36.14286],[126.87092,36.14683],[126.8657,36.14692],[126.86165,36.15458],[126.86076,36.15934],[126.85699,36.16039],[126.84409,36.15976],[126.83768,36.14719],[126.84526,36.14494],[126.84656,36.14067],[126.84395,36.13747],[126.83616,36.14083],[126.82412,36.13932],[126.81941,36.13531],[126.81952,36.13165],[126.82565,36.12569],[126.83038,36.12179],[126.8398,36.11715],[126.8411,36.11027],[126.83777,36.10553],[126.83657,36.09962],[126.8393,36.08626],[126.842,36.07969],[126.85719,36.07202],[126.86178,36.07571],[126.87012,36.06925],[126.87315,36.07828],[126.8749,36.0915],[126.87237,36.10406],[126.87328,36.11293],[126.88406,36.13249],[126.89035,36.13937]]]},"properties":{"code":"4476040000","name":"양화면","parent":"44760"}},{"type":"Feature","geometry":{"type":"Polygon","coordinates":[[[126.90751,36.19028],[126.90496,36.19053],[126.89712,36.19866],[126.89607,36.20174],[126.90005,36.20726],[126.90016,36.22215],[126.90222,36.22819],[126.89481,36.22608],[126.87952,36.22345],[126.87015,36.21921],[126.87083,36.2112],[126.86764,36.20363],[126.87554,36.20126],[126.8816,36.19547],[126.88087,36.1897],[126.87261,36.18474],[126.86373,36.18262],[126.86434,36.17595],[126.85093,36.17835],[126.8456,36.17644],[126.83996,36.17868],[126.83658,36.17199],[126.83775,36.16842],[126.84268,36.16639],[126.84409,36.15976],[126.85699,36.16039],[126.86076,36.15934],[126.86165,36.15458],[126.8657,36.14692],[126.87092,36.14683],[126.8739,36.14286],[126.88099,36.14269],[126.89035,36.13937],[126.90492,36.14355],[126.91452,36.14138],[126.91898,36.13917],[126.92339,36.13933],[126.93194,36.14677],[126.93916,36.15132],[126.93848,36.15521],[126.93288,36.15583],[126.92666,36.16072],[126.92687,36.16862],[126.91831,36.17935],[126.90898,36.1859],[126.90751,36.19028]]]},"properties":{"code":"4476041000","name":"임천면","parent":"44760"}},{"type":"Feature","geometry":{"type":"Polygon","coordinates":[[[126.89908,36.25388],[126.88707,36.2535],[126.88223,36.25674],[126.85509,36.23815],[126.85773,36.23515],[126.85348,36.23003],[126.85583,36.22461],[126.85314,36.22064],[126.85479,36.21688],[126.84731,36.21629],[126.83782,36.21294],[126.83153,36.21432],[126.82773,36.21028],[126.81628,36.20479],[126.81354,36.20158],[126.81594,36.19562],[126.81919,36.19774],[126.83567,36.19751],[126.83611,36.2009],[126.8443,36.20356],[126.85674,36.20162],[126.86764,36.20363],[126.87083,36.2112],[126.87015,36.21921],[126.87952,36.22345],[126.89481,36.22608],[126.90222,36.22819],[126.90016,36.22215],[126.90005,36.20726],[126.89607,36.20174],[126.89712,36.19866],[126.90496,36.19053],[126.90751,36.19028],[126.91192,36.19206],[126.92054,36.19173],[126.91866,36.19591],[126.92329,36.20069],[126.9253,36.20745],[126.92952,36.20692],[126.94147,36.21634],[126.96266,36.21848],[126.96757,36.21411],[126.96796,36.22447],[126.96631,36.23586],[126.96342,36.24112],[126.95591,36.24489],[126.94472,36.24674],[126.9316,36.25263],[126.92289,36.25349],[126.9132,36.25218],[126.89908,36.25388]]]},"properties":{"code":"4476042000","name":"장암면","parent":"44760"}},{"type":"Feature","geometry":{"type":"Polygon","coordinates":[[[126.96757,36.21411],[126.96266,36.21848],[126.94147,36.21634],[126.92952,36.20692],[126.9253,36.20745],[126.92329,36.20069],[126.91866,36.19591],[126.92054,36.19173],[126.91192,36.19206],[126.90751,36.19028],[126.90898,36.1859],[126.91831,36.17935],[126.92687,36.16862],[126.92666,36.16072],[126.93288,36.15583],[126.93848,36.15521],[126.93916,36.15132],[126.94338,36.15332],[126.95698,36.15642],[126.96414,36.15502],[126.96879,36.15072],[126.97469,36.14854],[126.99018,36.145],[127.00026,36.14682],[127.00345,36.14914],[126.99887,36.15236],[126.99799,36.15902],[127.00742,36.16242],[126.99754,36.18021],[126.98357,36.19224],[126.97504,36.19815],[126.96949,36.20508],[126.96757,36.21411]]]},"properties":{"code":"4476043000","name":"세도면","parent":"44760"}},{"type":"Feature","geometry":{"type":"Polygon","coordinates":[[[127.03241,36.23537],[127.0192,36.24724],[127.01689,36.2561],[127.01794,36.25979],[127.00871,36.2654],[126.99759,36.26466],[126.9931,36.26594],[126.98785,36.27241],[126.97591,36.27675],[126.97369,36.27222],[126.97556,36.26471],[126.96773,36.2596],[126.96897,36.25477],[126.97573,36.25098],[126.9728,36.24735],[126.97391,36.23204],[126.97115,36.23019],[126.96631,36.23586],[126.96796,36.22447],[126.96757,36.21411],[126.96949,36.20508],[126.97504,36.19815],[126.98357,36.19224],[126.98403,36.19964],[126.98743,36.20314],[126.98415,36.20791],[126.9915,36.2101],[126.99511,36.21476],[127.00535,36.21532],[127.00697,36.20968],[127.01436,36.21109],[127.02554,36.22024],[127.02727,36.22833],[127.03241,36.23537]]]},"properties":{"code":"4476044000","name":"석성면","parent":"44760"}},{"type":"Feature","geometry":{"type":"Polygon","coordinates":[[[127.06579,36.27701],[127.05583,36.27812],[127.03896,36.28357],[127.03542,36.28128],[127.02752,36.28191],[127.02169,36.28852],[127.01639,36.2912],[127.01402,36.2966],[126.99566,36.29771],[126.99077,36.29117],[126.98651,36.29173],[126.98325,36.28722],[126.97688,36.286],[126.97194,36.2815],[126.97591,36.27675],[126.98785,36.27241],[126.9931,36.26594],[126.99759,36.26466],[127.00871,36.2654],[127.01794,36.25979],[127.01689,36.2561],[127.0192,36.24724],[127.03241,36.23537],[127.03831,36.2402],[127.0399,36.24583],[127.04981,36.24992],[127.05589,36.2545],[127.06414,36.25691],[127.06844,36.26298],[127.06972,36.26905],[127.06579,36.27701]]]},"properties":{"code":"4476045000","name":"초촌면","parent":"44760"}},{"type":"Feature","geometry":{"type":"MultiPolygon","coordinates":[[[[126.60322,35.99091],[126.61022,35.99446],[126.6068,36.00022],[126.5999,35.99498],[126.60322,35.99091]]],[[[126.6286,36.00578],[126.62704,36.00043],[126.63366,36.00138],[126.6286,36.00578]]],[[[126.73482,36.00088],[126.73026,36.00463],[126.72026,36.01947],[126.71458,36.021],[126.70846,36.02713],[126.70483,36.02629],[126.70164,36.03295],[126.70204,36.03923],[126.69829,36.04367],[126.69273,36.0419],[126.68896,36.03729],[126.68465,36.03752],[126.6748,36.04359],[126.66031,36.03999],[126.66744,36.03166],[126.66206,36.02706],[126.66402,36.01964],[126.66061,36.01092],[126.6658,36.00455],[126.66888,36.00422],[126.6756,36.00858],[126.68658,36.0066],[126.70809,36.0051],[126.71964,36.00121],[126.73067,35.99976],[126.7348,36.00085],[126.73482,36.00088]]]]},"properties":{"code":"4477025000","name":"장항읍","parent":"44770"}},{"type":"Feature","geometry":{"type":"Polygon","coordinates":[[[126.72788,36.10971],[126.72911,36.11313],[126.72,36.11493],[126.71259,36.10987],[126.7088,36.11253],[126.69733,36.1102],[126.68972,36.11124],[126.68749,36.10444],[126.67939,36.09929],[126.67854,36.09221],[126.67224,36.09172],[126.66325,36.08702],[126.66271,36.08314],[126.65798,36.07834],[126.66915,36.07188],[126.6743,36.07079],[126.67226,36.06281],[126.68691,36.06473],[126.70847,36.06665],[126.70892,36.05876],[126.71745,36.05705],[126.72933,36.06031],[126.72856,36.06765],[126.72974,36.07266],[126.73603,36.08364],[126.72835,36.08426],[126.73084,36.09265],[126.72783,36.09912],[126.72659,36.10605],[126.72788,36.10971]]]},"properties":{"code":"4477025300","name":"서천읍","parent":"44770"}},{"type":"Feature","geometry":{"type":"Polygon","coordinates":[[[126.65798,36.07834],[126.64944,36.08355],[126.64583,36.08921],[126.63285,36.08183],[126.62408,36.08449],[126.63171,36.07477],[126.63212,36.05487],[126.6441,36.05564],[126.64946,36.04711],[126.6566,36.04585],[126.66031,36.03999],[126.6748,36.04359],[126.68465,36.03752],[126.68896,36.03729],[126.69273,36.0419],[126.69829,36.04367],[126.70204,36.03923],[126.70164,36.03295],[126.70483,36.02629],[126.70846,36.02713],[126.71458,36.021],[126.72026,36.01947],[126.73026,36.00463],[126.73482,36.00088],[126.7448,36.01814],[126.74868,36.02354],[126.75667,36.02576],[126.75503,36.0299],[126.74726,36.02833],[126.74208,36.032],[126.73994,36.03655],[126.74001,36.04597],[126.7373,36.04846],[126.7356,36.05356],[126.72933,36.06031],[126.71745,36.05705],[126.70892,36.05876],[126.70847,36.06665],[126.68691,36.06473],[126.67226,36.06281],[126.6743,36.07079],[126.66915,36.07188],[126.65798,36.07834]]]},"properties":{"code":"4477031000","name":"마서면","parent":"44770"}},{"type":"Feature","geometry":{"type":"Polygon","coordinates":[[[126.84363,36.05245],[126.83612,36.06113],[126.83029,36.06514],[126.83054,36.06985],[126.8279,36.07441],[126.813,36.07152],[126.81255,36.07624],[126.8088,36.07726],[126.80304,36.07497],[126.79806,36.07573],[126.79036,36.07499],[126.78576,36.07179],[126.78762,36.06388],[126.77557,36.0681],[126.76973,36.06635],[126.76241,36.06638],[126.75559,36.06356],[126.7535,36.05753],[126.74975,36.05704],[126.7373,36.04846],[126.74001,36.04597],[126.73994,36.03655],[126.74208,36.032],[126.74726,36.02833],[126.75503,36.0299],[126.75667,36.02576],[126.76514,36.02941],[126.77527,36.03164],[126.78822,36.03068],[126.79767,36.03077],[126.81333,36.03557],[126.8297,36.0469],[126.84363,36.05245]]]},"properties":{"code":"4477032000","name":"화양면","parent":"44770"}},{"type":"Feature","geometry":{"type":"Polygon","coordinates":[[[126.7666,36.10539],[126.76428,36.10498],[126.75722,36.09784],[126.74592,36.09623],[126.73603,36.08364],[126.72974,36.07266],[126.72856,36.06765],[126.72933,36.06031],[126.7356,36.05356],[126.7373,36.04846],[126.74975,36.05704],[126.7535,36.05753],[126.75559,36.06356],[126.76241,36.06638],[126.76973,36.06635],[126.77557,36.0681],[126.78762,36.06388],[126.78576,36.07179],[126.79036,36.07499],[126.79806,36.07573],[126.79646,36.08073],[126.79017,36.08018],[126.79064,36.08923],[126.78597,36.09025],[126.78676,36.09502],[126.78056,36.09889],[126.77634,36.09932],[126.7666,36.10539]]]},"properties":{"code":"4477033000","name":"기산면","parent":"44770"}},{"type":"Feature","geometry":{"type":"Polygon","coordinates":[[[126.87012,36.06925],[126.86178,36.07571],[126.85719,36.07202],[126.842,36.07969],[126.8393,36.08626],[126.83657,36.09962],[126.83777,36.10553],[126.8411,36.11027],[126.8398,36.11715],[126.83038,36.12179],[126.82565,36.12569],[126.8249,36.12105],[126.81991,36.11763],[126.81948,36.11347],[126.81165,36.11133],[126.80667,36.10557],[126.79346,36.10062],[126.78676,36.09502],[126.78597,36.09025],[126.79064,36.08923],[126.79017,36.08018],[126.79646,36.08073],[126.79806,36.07573],[126.80304,36.07497],[126.8088,36.07726],[126.81255,36.07624],[126.813,36.07152],[126.8279,36.07441],[126.83054,36.06985],[126.83029,36.06514],[126.83612,36.06113],[126.84363,36.05245],[126.86358,36.06057],[126.87012,36.06925]]]},"properties":{"code":"4477034000","name":"한산면","parent":"44770"}},{"type":"Feature","geometry":{"type":"Polygon","coordinates":[[[126.81941,36.13531],[126.80829,36.13726],[126.80039,36.14071],[126.79385,36.13729],[126.79183,36.14274],[126.79567,36.15038],[126.79422,36.15599],[126.79555,36.16105],[126.79228,36.16707],[126.79669,36.17389],[126.79552,36.17919],[126.78115,36.18369],[126.76707,36.18152],[126.76701,36.17389],[126.77052,36.17001],[126.76651,36.16759],[126.76831,36.15432],[126.77086,36.14694],[126.77743,36.14153],[126.78038,36.13591],[126.77708,36.13225],[126.7761,36.12449],[126.78177,36.11775],[126.77504,36.11087],[126.7666,36.10539],[126.77634,36.09932],[126.78056,36.09889],[126.78676,36.09502],[126.79346,36.10062],[126.80667,36.10557],[126.81165,36.11133],[126.81948,36.11347],[126.81991,36.11763],[126.8249,36.12105],[126.82565,36.12569],[126.81952,36.13165],[126.81941,36.13531]]]},"properties":{"code":"4477035000","name":"마산면","parent":"44770"}},{"type":"Feature","geometry":{"type":"Polygon","coordinates":[[[126.76831,36.15432],[126.76453,36.15184],[126.766,36.14704],[126.75933,36.14266],[126.75355,36.13631],[126.75301,36.13092],[126.74955,36.12922],[126.74453,36.13236],[126.73599,36.13064],[126.72811,36.13302],[126.72651,36.12701],[126.73098,36.12426],[126.74097,36.12291],[126.74233,36.11719],[126.73539,36.1115],[126.72788,36.10971],[126.72659,36.10605],[126.72783,36.09912],[126.73084,36.09265],[126.72835,36.08426],[126.73603,36.08364],[126.74592,36.09623],[126.75722,36.09784],[126.76428,36.10498],[126.7666,36.10539],[126.77504,36.11087],[126.78177,36.11775],[126.7761,36.12449],[126.77708,36.13225],[126.78038,36.13591],[126.77743,36.14153],[126.77086,36.14694],[126.76831,36.15432]]]},"properties":{"code":"4477036000","name":"시초면","parent":"44770"}},{"type":"Feature","geometry":{"type":"Polygon","coordinates":[[[126.76707,36.18152],[126.76469,36.18355],[126.75532,36.181],[126.74556,36.18123],[126.74172,36.18329],[126.73182,36.1803],[126.72187,36.17559],[126.71349,36.17547],[126.71108,36.16447],[126.71652,36.16089],[126.71775,36.1562],[126.72293,36.15187],[126.71886,36.14453],[126.71901,36.13524],[126.71452,36.12794],[126.70895,36.12831],[126.70444,36.12292],[126.7085,36.11856],[126.7088,36.11253],[126.71259,36.10987],[126.72,36.11493],[126.72911,36.11313],[126.72788,36.10971],[126.73539,36.1115],[126.74233,36.11719],[126.74097,36.12291],[126.73098,36.12426],[126.72651,36.12701],[126.72811,36.13302],[126.73599,36.13064],[126.74453,36.13236],[126.74955,36.12922],[126.75301,36.13092],[126.75355,36.13631],[126.75933,36.14266],[126.766,36.14704],[126.76453,36.15184],[126.76831,36.15432],[126.76651,36.16759],[126.77052,36.17001],[126.76701,36.17389],[126.76707,36.18152]]]},"properties":{"code":"4477037000","name":"문산면","parent":"44770"}},{"type":"Feature","geometry":{"type":"Polygon","coordinates":[[[126.71349,36.17547],[126.70941,36.17784],[126.69976,36.17984],[126.69432,36.18942],[126.69235,36.19033],[126.68316,36.18746],[126.68047,36.18245],[126.67408,36.17836],[126.66671,36.17616],[126.65863,36.17805],[126.65809,36.18069],[126.65293,36.18083],[126.64085,36.17618],[126.64007,36.17038],[126.63655,36.16489],[126.63889,36.16093],[126.63746,36.15633],[126.64353,36.15502],[126.64417,36.14468],[126.63848,36.14054],[126.64092,36.13396],[126.64835,36.13407],[126.65669,36.13092],[126.66687,36.13127],[126.67155,36.12658],[126.67684,36.12614],[126.68512,36.12865],[126.69264,36.12397],[126.70444,36.12292],[126.70895,36.12831],[126.71452,36.12794],[126.71901,36.13524],[126.71886,36.14453],[126.72293,36.15187],[126.71775,36.1562],[126.71652,36.16089],[126.71108,36.16447],[126.71349,36.17547]]]},"properties":{"code":"4477038000","name":"판교면","parent":"44770"}},{"type":"Feature","geometry":{"type":"Polygon","coordinates":[[[126.70444,36.12292],[126.69264,36.12397],[126.68512,36.12865],[126.67684,36.12614],[126.67155,36.12658],[126.66687,36.13127],[126.65669,36.13092],[126.64835,36.13407],[126.64092,36.13396],[126.6388,36.13161],[126.62852,36.12836],[126.63011,36.12121],[126.63277,36.11911],[126.63105,36.11232],[126.62309,36.10714],[126.6254,36.10101],[126.63134,36.09951],[126.63339,36.09296],[126.64583,36.08921],[126.64944,36.08355],[126.65798,36.07834],[126.66271,36.08314],[126.66325,36.08702],[126.67224,36.09172],[126.67854,36.09221],[126.67939,36.09929],[126.68749,36.10444],[126.68972,36.11124],[126.69733,36.1102],[126.7088,36.11253],[126.7085,36.11856],[126.70444,36.12292]]]},"properties":{"code":"4477039000","name":"종천면","parent":"44770"}},{"type":"Feature","geometry":{"type":"Polygon","coordinates":[[[126.64085,36.17618],[126.63201,36.17582],[126.62917,36.17339],[126.61973,36.17483],[126.6092,36.17178],[126.60021,36.17556],[126.6029,36.16287],[126.60077,36.15978],[126.5936,36.16186],[126.5889,36.15665],[126.58115,36.15572],[126.57779,36.15359],[126.58103,36.1483],[126.57764,36.14259],[126.57257,36.13937],[126.57655,36.13841],[126.58432,36.13106],[126.59169,36.12786],[126.59277,36.12488],[126.60031,36.11681],[126.60264,36.11005],[126.60762,36.10472],[126.60749,36.09895],[126.61394,36.09643],[126.6171,36.10198],[126.6254,36.10101],[126.62309,36.10714],[126.63105,36.11232],[126.63277,36.11911],[126.63011,36.12121],[126.62852,36.12836],[126.6388,36.13161],[126.64092,36.13396],[126.63848,36.14054],[126.64417,36.14468],[126.64353,36.15502],[126.63746,36.15633],[126.63889,36.16093],[126.63655,36.16489],[126.64007,36.17038],[126.64085,36.17618]]]},"properties":{"code":"4477040000","name":"비인면","parent":"44770"}},{"type":"Feature","geometry":{"type":"Polygon","coordinates":[[[126.56594,36.18797],[126.55713,36.19032],[126.54072,36.19139],[126.53101,36.19468],[126.52405,36.18538],[126.52696,36.1768],[126.52131,36.16719],[126.51664,36.16279],[126.51095,36.16037],[126.49831,36.15998],[126.49466,36.15865],[126.49657,36.15308],[126.49375,36.15072],[126.49309,36.13767],[126.49893,36.13051],[126.50398,36.12993],[126.50186,36.14208],[126.507,36.15008],[126.51242,36.1515],[126.52361,36.15173],[126.532,36.14989],[126.54288,36.14559],[126.5525,36.13833],[126.55625,36.12853],[126.56301,36.13446],[126.56789,36.13379],[126.56776,36.13899],[126.57257,36.13937],[126.57764,36.14259],[126.58103,36.1483],[126.57779,36.15359],[126.58115,36.15572],[126.5889,36.15665],[126.5936,36.16186],[126.60077,36.15978],[126.6029,36.16287],[126.60021,36.17556],[126.59367,36.17455],[126.58471,36.17573],[126.57698,36.17955],[126.57366,36.18379],[126.56594,36.18797]]]},"properties":{"code":"4477041000","name":"서면","parent":"44770"}},{"type":"Feature","geometry":{"type":"Polygon","coordinates":[[[126.82512,36.47324],[126.81914,36.47661],[126.81975,36.48078],[126.81383,36.4835],[126.8101,36.47772],[126.79841,36.47555],[126.79788,36.47758],[126.78364,36.47932],[126.78059,36.4754],[126.76998,36.47553],[126.7642,36.47297],[126.76048,36.46771],[126.76078,36.46034],[126.7542,36.45586],[126.75167,36.45292],[126.75133,36.44548],[126.7558,36.43844],[126.7509,36.43381],[126.75198,36.43117],[126.75901,36.43158],[126.76558,36.42507],[126.77228,36.42094],[126.77744,36.422],[126.7823,36.41806],[126.78923,36.41537],[126.79576,36.42186],[126.80076,36.41764],[126.80328,36.42112],[126.82002,36.41817],[126.82341,36.43184],[126.81779,36.43548],[126.81903,36.44083],[126.81662,36.44417],[126.81826,36.45552],[126.82081,36.45601],[126.82654,36.46274],[126.82438,36.46949],[126.82512,36.47324]]]},"properties":{"code":"4479025000","name":"청양읍","parent":"44790"}},{"type":"Feature","geometry":{"type":"Polygon","coordinates":[[[126.899,36.55896],[126.88771,36.56141],[126.86857,36.57001],[126.85893,36.56863],[126.8489,36.57217],[126.84385,36.5707],[126.84466,36.5651],[126.84025,36.56222],[126.83734,36.55401],[126.83081,36.54746],[126.83099,36.54291],[126.82486,36.52849],[126.82507,36.52323],[126.82249,36.52033],[126.82159,36.51222],[126.81701,36.50954],[126.81355,36.50431],[126.81733,36.50086],[126.81742,36.49335],[126.81383,36.4835],[126.81975,36.48078],[126.81914,36.47661],[126.82512,36.47324],[126.83115,36.47364],[126.83317,36.4829],[126.84399,36.48116],[126.84643,36.48788],[126.85216,36.49053],[126.85155,36.49849],[126.85893,36.5062],[126.86727,36.50625],[126.87368,36.50919],[126.88391,36.51148],[126.88961,36.51917],[126.89031,36.52425],[126.89379,36.52654],[126.88856,36.53399],[126.88997,36.54133],[126.89463,36.54693],[126.89958,36.54947],[126.899,36.55896]]]},"properties":{"code":"4479031000","name":"운곡면","parent":"44790"}},{"type":"Feature","geometry":{"type":"Polygon","coordinates":[[[126.91404,36.46197],[126.91261,36.46601],[126.90593,36.46805],[126.9013,36.47184],[126.89939,36.47677],[126.89436,36.47851],[126.89233,36.49801],[126.89412,36.50289],[126.88586,36.50843],[126.88391,36.51148],[126.87368,36.50919],[126.86727,36.50625],[126.85893,36.5062],[126.85155,36.49849],[126.85216,36.49053],[126.84643,36.48788],[126.84399,36.48116],[126.83317,36.4829],[126.83115,36.47364],[126.82512,36.47324],[126.82438,36.46949],[126.82654,36.46274],[126.82081,36.45601],[126.81826,36.45552],[126.81662,36.44417],[126.81903,36.44083],[126.81779,36.43548],[126.82341,36.43184],[126.82002,36.41817],[126.81866,36.40175],[126.82182,36.39224],[126.81889,36.38398],[126.82274,36.38129],[126.82948,36.38545],[126.83891,36.38385],[126.84868,36.38676],[126.85638,36.39204],[126.86336,36.39273],[126.87588,36.40258],[126.88094,36.40271],[126.88488,36.41296],[126.88413,36.42007],[126.8881,36.43189],[126.89662,36.44438],[126.8972,36.44876],[126.90674,36.4525],[126.90653,36.45766],[126.91404,36.46197]]]},"properties":{"code":"4479032000","name":"대치면","parent":"44790"}},{"type":"Feature","geometry":{"type":"Polygon","coordinates":[[[127.00077,36.45601],[126.99478,36.46142],[126.99061,36.46097],[126.98004,36.46389],[126.976,36.46638],[126.96496,36.46755],[126.96025,36.46606],[126.95662,36.46861],[126.95536,36.46695],[126.94412,36.46366],[126.93027,36.45502],[126.92181,36.45444],[126.91603,36.4556],[126.91404,36.46197],[126.90653,36.45766],[126.90674,36.4525],[126.8972,36.44876],[126.89662,36.44438],[126.8881,36.43189],[126.88413,36.42007],[126.88488,36.41296],[126.88874,36.40774],[126.89499,36.4036],[126.90454,36.40227],[126.90531,36.39459],[126.92276,36.38733],[126.92292,36.37911],[126.93382,36.37607],[126.94144,36.37478],[126.94698,36.37218],[126.96156,36.38115],[126.96031,36.38654],[126.96746,36.39612],[126.97225,36.39977],[126.97237,36.40876],[126.97697,36.41272],[126.97141,36.42459],[126.97347,36.42975],[126.96616,36.43381],[126.96659,36.43764],[126.97321,36.44807],[126.98208,36.44696],[126.98442,36.45305],[126.99713,36.45278],[127.00077,36.45601]]]},"properties":{"code":"4479033000","name":"정산면","parent":"44790"}},{"type":"Feature","geometry":{"type":"Polygon","coordinates":[[[127.02369,36.39726],[127.02781,36.40444],[127.01532,36.41825],[127.02373,36.42406],[127.01798,36.43413],[127.01884,36.4392],[127.00798,36.43836],[127.00763,36.45115],[127.00077,36.45601],[126.99713,36.45278],[126.98442,36.45305],[126.98208,36.44696],[126.97321,36.44807],[126.96659,36.43764],[126.96616,36.43381],[126.97347,36.42975],[126.97141,36.42459],[126.97697,36.41272],[126.97237,36.40876],[126.97225,36.39977],[126.96746,36.39612],[126.96031,36.38654],[126.96156,36.38115],[126.96982,36.38337],[126.98546,36.37243],[126.99097,36.37209],[126.9947,36.37562],[127.01626,36.3892],[127.02369,36.39726]]]},"properties":{"code":"4479034000","name":"목면","parent":"44790"}},{"type":"Feature","geometry":{"type":"Polygon","coordinates":[[[126.99097,36.37209],[126.98546,36.37243],[126.96982,36.38337],[126.96156,36.38115],[126.94698,36.37218],[126.94144,36.37478],[126.93382,36.37607],[126.93245,36.36487],[126.9258,36.36192],[126.90882,36.34776],[126.90516,36.34971],[126.89615,36.34344],[126.89594,36.34139],[126.90636,36.33745],[126.91102,36.33693],[126.9072,36.32602],[126.91245,36.32717],[126.91464,36.32057],[126.9273,36.31513],[126.9437,36.31957],[126.95405,36.32606],[126.95931,36.33205],[126.97575,36.33549],[126.98362,36.34024],[126.98676,36.3439],[126.98824,36.35006],[126.98744,36.35911],[126.99097,36.37209]]]},"properties":{"code":"4479035000","name":"청남면","parent":"44790"}},{"type":"Feature","geometry":{"type":"Polygon","coordinates":[[[126.93382,36.37607],[126.92292,36.37911],[126.92276,36.38733],[126.90531,36.39459],[126.90454,36.40227],[126.89499,36.4036],[126.88874,36.40774],[126.88488,36.41296],[126.88094,36.40271],[126.87588,36.40258],[126.86336,36.39273],[126.85638,36.39204],[126.84868,36.38676],[126.85029,36.38528],[126.84284,36.37346],[126.83635,36.37778],[126.83159,36.37594],[126.83411,36.37229],[126.83504,36.36368],[126.84339,36.36503],[126.84249,36.35501],[126.84835,36.35532],[126.85375,36.34621],[126.85963,36.34274],[126.86042,36.33754],[126.85555,36.33079],[126.85901,36.32595],[126.86629,36.32295],[126.87654,36.32394],[126.89107,36.32551],[126.9006,36.32794],[126.9072,36.32602],[126.91102,36.33693],[126.90636,36.33745],[126.89594,36.34139],[126.89615,36.34344],[126.90516,36.34971],[126.90882,36.34776],[126.9258,36.36192],[126.93245,36.36487],[126.93382,36.37607]]]},"properties":{"code":"4479036000","name":"장평면","parent":"44790"}},{"type":"Feature","geometry":{"type":"Polygon","coordinates":[[[126.82002,36.41817],[126.80328,36.42112],[126.80076,36.41764],[126.79576,36.42186],[126.78923,36.41537],[126.7823,36.41806],[126.77744,36.422],[126.77228,36.42094],[126.76558,36.42507],[126.75901,36.43158],[126.75198,36.43117],[126.75205,36.42705],[126.74686,36.42198],[126.74021,36.42347],[126.7365,36.41933],[126.73048,36.41772],[126.72965,36.41455],[126.72372,36.40935],[126.72027,36.40375],[126.71868,36.39676],[126.7146,36.39368],[126.71049,36.38883],[126.71521,36.38281],[126.72475,36.37475],[126.73475,36.37795],[126.73941,36.37192],[126.73859,36.36645],[126.74125,36.3636],[126.74794,36.36261],[126.75227,36.35622],[126.75694,36.35468],[126.76524,36.35305],[126.78624,36.35692],[126.79218,36.35187],[126.79497,36.35224],[126.79769,36.35899],[126.8036,36.36373],[126.80863,36.37659],[126.82006,36.37721],[126.82274,36.38129],[126.81889,36.38398],[126.82182,36.39224],[126.81866,36.40175],[126.82002,36.41817]]]},"properties":{"code":"4479037000","name":"남양면","parent":"44790"}},{"type":"Feature","geometry":{"type":"Polygon","coordinates":[[[126.73618,36.47177],[126.72949,36.47844],[126.72456,36.48077],[126.71476,36.48162],[126.71123,36.479],[126.70107,36.47868],[126.69142,36.47107],[126.6808,36.46663],[126.67312,36.46219],[126.67724,36.45076],[126.68879,36.44568],[126.68397,36.43614],[126.69156,36.42865],[126.68886,36.42545],[126.69204,36.41912],[126.69167,36.41041],[126.70312,36.40477],[126.70945,36.40045],[126.70918,36.39664],[126.7146,36.39368],[126.71868,36.39676],[126.72027,36.40375],[126.72372,36.40935],[126.72965,36.41455],[126.73048,36.41772],[126.7365,36.41933],[126.74021,36.42347],[126.74686,36.42198],[126.75205,36.42705],[126.75198,36.43117],[126.7509,36.43381],[126.7558,36.43844],[126.75133,36.44548],[126.75167,36.45292],[126.7542,36.45586],[126.73848,36.46669],[126.73618,36.47177]]]},"properties":{"code":"4479038000","name":"화성면","parent":"44790"}},{"type":"Feature","geometry":{"type":"Polygon","coordinates":[[[126.82486,36.52849],[126.81584,36.5291],[126.81201,36.53122],[126.8064,36.52979],[126.8052,36.52666],[126.79805,36.53059],[126.7853,36.53474],[126.78071,36.53219],[126.77313,36.53431],[126.76967,36.52918],[126.76954,36.51833],[126.76543,36.51271],[126.75581,36.50331],[126.7504,36.50369],[126.74751,36.49513],[126.74384,36.49094],[126.7445,36.48504],[126.73618,36.47177],[126.73848,36.46669],[126.7542,36.45586],[126.76078,36.46034],[126.76048,36.46771],[126.7642,36.47297],[126.76998,36.47553],[126.78059,36.4754],[126.78364,36.47932],[126.79788,36.47758],[126.79841,36.47555],[126.8101,36.47772],[126.81383,36.4835],[126.81742,36.49335],[126.81733,36.50086],[126.81355,36.50431],[126.81701,36.50954],[126.82159,36.51222],[126.82249,36.52033],[126.82507,36.52323],[126.82486,36.52849]]]},"properties":{"code":"4479039000","name":"비봉면","parent":"44790"}},{"type":"Feature","geometry":{"type":"Polygon","coordinates":[[[126.6972,36.6145],[126.68281,36.61612],[126.67536,36.62078],[126.6723,36.62467],[126.66417,36.61888],[126.66131,36.61487],[126.65554,36.61826],[126.64354,36.62224],[126.63992,36.61266],[126.63197,36.61217],[126.62319,36.60864],[126.6244,36.60207],[126.63112,36.59188],[126.63517,36.57833],[126.63902,36.57541],[126.64538,36.57457],[126.64916,36.57665],[126.65384,36.57447],[126.65606,36.56657],[126.65979,36.56448],[126.65829,36.56011],[126.66871,36.55771],[126.67905,36.55886],[126.68367,36.56657],[126.6825,36.57102],[126.68324,36.57912],[126.69644,36.58202],[126.70651,36.58561],[126.70715,36.5887],[126.70036,36.59289],[126.69526,36.58923],[126.69069,36.5969],[126.68363,36.59738],[126.68389,36.60585],[126.68899,36.60946],[126.69527,36.61077],[126.6972,36.6145]]]},"properties":{"code":"4480025000","name":"홍성읍","parent":"44800"}},{"type":"Feature","geometry":{"type":"Polygon","coordinates":[[[126.67718,36.52488],[126.668,36.53573],[126.66466,36.5363],[126.65894,36.54298],[126.65514,36.54213],[126.64977,36.53517],[126.64522,36.53214],[126.63219,36.53536],[126.62208,36.54219],[126.6093,36.53773],[126.60908,36.53243],[126.60595,36.53111],[126.60984,36.52429],[126.60609,36.5179],[126.60811,36.51293],[126.6049,36.50637],[126.61196,36.49748],[126.6163,36.48888],[126.61458,36.48539],[126.61693,36.48145],[126.623,36.47747],[126.63186,36.47585],[126.63553,36.46576],[126.64783,36.4657],[126.65299,36.46697],[126.65194,36.47408],[126.65528,36.47969],[126.65163,36.48779],[126.65549,36.49189],[126.6652,36.49896],[126.66831,36.50504],[126.66406,36.51116],[126.67037,36.51255],[126.67417,36.51565],[126.67718,36.52488]]]},"properties":{"code":"4480025300","name":"광천읍","parent":"44800"}},{"type":"Feature","geometry":{"type":"Polygon","coordinates":[[[126.74535,36.67082],[126.73982,36.67285],[126.72819,36.66962],[126.72487,36.66747],[126.71038,36.67281],[126.70592,36.66932],[126.70835,36.66303],[126.69844,36.66336],[126.68479,36.65998],[126.67997,36.66134],[126.67122,36.6582],[126.66014,36.65706],[126.65508,36.65535],[126.64987,36.64849],[126.63927,36.64791],[126.63359,36.65008],[126.6283,36.64959],[126.62604,36.64509],[126.62002,36.63953],[126.62156,36.63394],[126.62477,36.63129],[126.62674,36.6181],[126.62319,36.60864],[126.63197,36.61217],[126.63992,36.61266],[126.64354,36.62224],[126.65554,36.61826],[126.66131,36.61487],[126.66417,36.61888],[126.6723,36.62467],[126.67536,36.62078],[126.68281,36.61612],[126.6972,36.6145],[126.69733,36.61743],[126.70546,36.62646],[126.70528,36.63027],[126.70905,36.64123],[126.71443,36.63939],[126.72125,36.64034],[126.72849,36.6339],[126.73383,36.62691],[126.73967,36.62704],[126.74979,36.63506],[126.75175,36.64575],[126.74818,36.64768],[126.73735,36.64848],[126.73598,36.65132],[126.73697,36.65876],[126.74121,36.66256],[126.74535,36.67082]]]},"properties":{"code":"4480025600","name":"홍북읍","parent":"44800"}},{"type":"Feature","geometry":{"type":"Polygon","coordinates":[[[126.74979,36.63506],[126.73967,36.62704],[126.73383,36.62691],[126.72849,36.6339],[126.72125,36.64034],[126.71443,36.63939],[126.70905,36.64123],[126.70528,36.63027],[126.70546,36.62646],[126.69733,36.61743],[126.6972,36.6145],[126.69527,36.61077],[126.68899,36.60946],[126.68389,36.60585],[126.68363,36.59738],[126.69069,36.5969],[126.69526,36.58923],[126.70036,36.59289],[126.70715,36.5887],[126.71289,36.58631],[126.71872,36.58653],[126.72058,36.58238],[126.73128,36.58057],[126.73634,36.58513],[126.73532,36.58973],[126.74216,36.59021],[126.74287,36.58673],[126.74849,36.58043],[126.76331,36.58682],[126.76566,36.59088],[126.77219,36.59382],[126.76952,36.60281],[126.77225,36.60677],[126.77002,36.61218],[126.77081,36.61653],[126.76125,36.61763],[126.75643,36.6234],[126.75891,36.62656],[126.7573,36.63224],[126.74979,36.63506]]]},"properties":{"code":"4480032000","name":"금마면","parent":"44800"}},{"type":"Feature","geometry":{"type":"Polygon","coordinates":[[[126.74849,36.58043],[126.74287,36.58673],[126.74216,36.59021],[126.73532,36.58973],[126.73634,36.58513],[126.73128,36.58057],[126.72058,36.58238],[126.71872,36.58653],[126.71289,36.58631],[126.70715,36.5887],[126.70651,36.58561],[126.69644,36.58202],[126.68324,36.57912],[126.6825,36.57102],[126.68367,36.56657],[126.67905,36.55886],[126.66871,36.55771],[126.65829,36.56011],[126.65392,36.55319],[126.65514,36.54213],[126.65894,36.54298],[126.66466,36.5363],[126.668,36.53573],[126.67718,36.52488],[126.68589,36.52278],[126.69003,36.52807],[126.69694,36.52152],[126.69939,36.52723],[126.7043,36.53112],[126.71399,36.532],[126.71894,36.54055],[126.72741,36.54288],[126.73344,36.53976],[126.73912,36.54401],[126.7371,36.55143],[126.7419,36.55563],[126.74834,36.55803],[126.74971,36.56501],[126.74695,36.57579],[126.74849,36.58043]]]},"properties":{"code":"4480033000","name":"홍동면","parent":"44800"}},{"type":"Feature","geometry":{"type":"Polygon","coordinates":[[[126.77313,36.53431],[126.76858,36.53734],[126.75975,36.528],[126.75357,36.52842],[126.74638,36.53135],[126.74107,36.53752],[126.73912,36.54401],[126.73344,36.53976],[126.72741,36.54288],[126.71894,36.54055],[126.71399,36.532],[126.7043,36.53112],[126.69939,36.52723],[126.69694,36.52152],[126.69003,36.52807],[126.68589,36.52278],[126.67718,36.52488],[126.67417,36.51565],[126.67037,36.51255],[126.66406,36.51116],[126.66831,36.50504],[126.6652,36.49896],[126.65549,36.49189],[126.65163,36.48779],[126.65528,36.47969],[126.65194,36.47408],[126.65299,36.46697],[126.65874,36.46029],[126.66528,36.46279],[126.67312,36.46219],[126.6808,36.46663],[126.69142,36.47107],[126.70107,36.47868],[126.71123,36.479],[126.71476,36.48162],[126.72456,36.48077],[126.72949,36.47844],[126.73618,36.47177],[126.7445,36.48504],[126.74384,36.49094],[126.74751,36.49513],[126.7504,36.50369],[126.75581,36.50331],[126.76543,36.51271],[126.76954,36.51833],[126.76967,36.52918],[126.77313,36.53431]]]},"properties":{"code":"4480034000","name":"장곡면","parent":"44800"}},{"type":"Feature","geometry":{"type":"Polygon","coordinates":[[[126.58384,36.56844],[126.57288,36.57105],[126.56401,36.56676],[126.56307,36.55542],[126.56514,36.53714],[126.56636,36.53422],[126.5641,36.52537],[126.5612,36.523],[126.55913,36.51614],[126.56128,36.50909],[126.56797,36.50129],[126.59017,36.50887],[126.59669,36.49899],[126.60045,36.48895],[126.59996,36.48009],[126.60195,36.47744],[126.61015,36.48088],[126.61458,36.48539],[126.6163,36.48888],[126.61196,36.49748],[126.6049,36.50637],[126.60811,36.51293],[126.60609,36.5179],[126.60984,36.52429],[126.60595,36.53111],[126.60908,36.53243],[126.6093,36.53773],[126.60923,36.54073],[126.61489,36.54551],[126.61359,36.5564],[126.60913,36.55904],[126.59559,36.55861],[126.59035,36.56568],[126.58384,36.56844]]]},"properties":{"code":"4480035000","name":"은하면","parent":"44800"}},{"type":"Feature","geometry":{"type":"Polygon","coordinates":[[[126.5778,36.59208],[126.56333,36.58934],[126.56695,36.58228],[126.56396,36.57776],[126.55836,36.58008],[126.55497,36.57835],[126.54676,36.57891],[126.54088,36.58592],[126.53195,36.58961],[126.52523,36.59412],[126.53332,36.57131],[126.53389,36.56807],[126.52981,36.55784],[126.53263,36.55591],[126.53409,36.54772],[126.53082,36.5397],[126.5262,36.53997],[126.51643,36.533],[126.50963,36.52283],[126.52031,36.52168],[126.53049,36.51779],[126.53663,36.5116],[126.54338,36.50759],[126.55538,36.50573],[126.56128,36.50909],[126.55913,36.51614],[126.5612,36.523],[126.5641,36.52537],[126.56636,36.53422],[126.56514,36.53714],[126.56307,36.55542],[126.56401,36.56676],[126.57288,36.57105],[126.58384,36.56844],[126.58225,36.57898],[126.5778,36.59208]]]},"properties":{"code":"4480036000","name":"결성면","parent":"44800"}},{"type":"Feature","geometry":{"type":"Polygon","coordinates":[[[126.52523,36.59412],[126.51652,36.59415],[126.51235,36.59847],[126.51499,36.60663],[126.51404,36.61033],[126.50697,36.61664],[126.4922,36.61928],[126.47383,36.61722],[126.47826,36.61051],[126.47625,36.60563],[126.46411,36.59765],[126.4542,36.59802],[126.45133,36.59651],[126.44763,36.58688],[126.45119,36.57664],[126.45431,36.56168],[126.45318,36.55384],[126.46214,36.53863],[126.46744,36.53448],[126.47777,36.52007],[126.48451,36.51582],[126.48895,36.51775],[126.494,36.52048],[126.49966,36.52729],[126.50369,36.52983],[126.50963,36.52283],[126.51643,36.533],[126.5262,36.53997],[126.53082,36.5397],[126.53409,36.54772],[126.53263,36.55591],[126.52981,36.55784],[126.53389,36.56807],[126.53332,36.57131],[126.52523,36.59412]]]},"properties":{"code":"4480037000","name":"서부면","parent":"44800"}},{"type":"Feature","geometry":{"type":"Polygon","coordinates":[[[126.58924,36.66374],[126.5817,36.6641],[126.57945,36.654],[126.57471,36.65305],[126.5658,36.64449],[126.55138,36.64245],[126.54663,36.64037],[126.54133,36.64462],[126.53513,36.64621],[126.52863,36.63998],[126.51945,36.63734],[126.51576,36.63221],[126.51077,36.63081],[126.50576,36.63477],[126.49795,36.63574],[126.46591,36.64397],[126.45677,36.62629],[126.47383,36.61722],[126.4922,36.61928],[126.50697,36.61664],[126.51404,36.61033],[126.51499,36.60663],[126.51235,36.59847],[126.51652,36.59415],[126.52523,36.59412],[126.53195,36.58961],[126.54088,36.58592],[126.54676,36.57891],[126.55497,36.57835],[126.55836,36.58008],[126.56396,36.57776],[126.56695,36.58228],[126.56333,36.58934],[126.5778,36.59208],[126.58875,36.59697],[126.59073,36.60584],[126.59694,36.60813],[126.59941,36.61404],[126.60275,36.61666],[126.61347,36.61343],[126.61903,36.61622],[126.62031,36.62117],[126.60886,36.6214],[126.60251,36.61871],[126.59668,36.62091],[126.58556,36.61865],[126.58541,36.62661],[126.59062,36.6455],[126.59549,36.65029],[126.59547,36.65356],[126.58924,36.66374]]]},"properties":{"code":"4480038000","name":"갈산면","parent":"44800"}},{"type":"Feature","geometry":{"type":"Polygon","coordinates":[[[126.62674,36.6181],[126.62031,36.62117],[126.61903,36.61622],[126.61347,36.61343],[126.60275,36.61666],[126.59941,36.61404],[126.59694,36.60813],[126.59073,36.60584],[126.58875,36.59697],[126.5778,36.59208],[126.58225,36.57898],[126.58384,36.56844],[126.59035,36.56568],[126.59559,36.55861],[126.60913,36.55904],[126.61359,36.5564],[126.61489,36.54551],[126.60923,36.54073],[126.6093,36.53773],[126.62208,36.54219],[126.63219,36.53536],[126.64522,36.53214],[126.64977,36.53517],[126.65514,36.54213],[126.65392,36.55319],[126.65829,36.56011],[126.65979,36.56448],[126.65606,36.56657],[126.65384,36.57447],[126.64916,36.57665],[126.64538,36.57457],[126.63902,36.57541],[126.63517,36.57833],[126.63112,36.59188],[126.6244,36.60207],[126.62319,36.60864],[126.62674,36.6181]]]},"properties":{"code":"4480039000","name":"구항면","parent":"44800"}},{"type":"Feature","geometry":{"type":"Polygon","coordinates":[[[126.90214,36.70219],[126.90259,36.71469],[126.89992,36.71587],[126.89834,36.72275],[126.89069,36.72625],[126.88667,36.73132],[126.87573,36.72835],[126.86685,36.72943],[126.85951,36.73868],[126.85868,36.74699],[126.85194,36.74831],[126.84695,36.74163],[126.83873,36.73487],[126.83233,36.73492],[126.82751,36.73116],[126.82496,36.72289],[126.8277,36.71378],[126.82459,36.70705],[126.81659,36.70974],[126.81526,36.7044],[126.82119,36.70022],[126.82144,36.69235],[126.81666,36.68896],[126.81601,36.6827],[126.82252,36.68057],[126.82402,36.66929],[126.82937,36.66419],[126.84118,36.66729],[126.85213,36.66491],[126.86912,36.67001],[126.87354,36.67432],[126.8704,36.68504],[126.87598,36.69284],[126.88282,36.69457],[126.89493,36.70276],[126.90214,36.70219]]]},"properties":{"code":"4481025000","name":"예산읍","parent":"44810"}},{"type":"Feature","geometry":{"type":"Polygon","coordinates":[[[126.76852,36.72653],[126.7689,36.72782],[126.75474,36.73594],[126.74213,36.72545],[126.74285,36.72059],[126.73777,36.7157],[126.73768,36.70939],[126.73397,36.70851],[126.72584,36.71141],[126.72187,36.71538],[126.71686,36.71309],[126.71337,36.7146],[126.70989,36.72114],[126.69833,36.71977],[126.67929,36.71517],[126.67178,36.70768],[126.68271,36.69936],[126.68037,36.69577],[126.67251,36.69105],[126.66675,36.6845],[126.6647,36.6773],[126.65659,36.66763],[126.65384,36.66047],[126.65508,36.65535],[126.66014,36.65706],[126.67122,36.6582],[126.67997,36.66134],[126.68479,36.65998],[126.69844,36.66336],[126.70835,36.66303],[126.70592,36.66932],[126.71038,36.67281],[126.72487,36.66747],[126.72819,36.66962],[126.73982,36.67285],[126.74535,36.67082],[126.75517,36.66977],[126.76288,36.67271],[126.76747,36.67153],[126.76486,36.67854],[126.7679,36.68709],[126.76608,36.6908],[126.75863,36.69424],[126.76213,36.70026],[126.75754,36.71362],[126.76528,36.72105],[126.76852,36.72653]]]},"properties":{"code":"4481025300","name":"삽교읍","parent":"44810"}},{"type":"Feature","geometry":{"type":"Polygon","coordinates":[[[126.93962,36.7029],[126.93363,36.70192],[126.92848,36.70438],[126.92181,36.70063],[126.91726,36.70325],[126.91109,36.70389],[126.90214,36.70219],[126.89493,36.70276],[126.88282,36.69457],[126.87598,36.69284],[126.8704,36.68504],[126.87354,36.67432],[126.86912,36.67001],[126.86736,36.66491],[126.8691,36.65701],[126.87572,36.65362],[126.87485,36.64991],[126.87819,36.6463],[126.87982,36.63613],[126.88336,36.63896],[126.89467,36.63398],[126.89932,36.63397],[126.9079,36.62689],[126.91922,36.62346],[126.92351,36.62101],[126.93586,36.62186],[126.94227,36.62488],[126.94515,36.62829],[126.94388,36.63288],[126.94823,36.64091],[126.95504,36.64539],[126.9543,36.65254],[126.95834,36.65527],[126.95743,36.67193],[126.96776,36.67943],[126.96697,36.68413],[126.96961,36.69075],[126.96257,36.69698],[126.95454,36.69911],[126.94995,36.70377],[126.93962,36.7029]]]},"properties":{"code":"4481031000","name":"대술면","parent":"44810"}},{"type":"Feature","geometry":{"type":"Polygon","coordinates":[[[126.93586,36.62186],[126.92351,36.62101],[126.91922,36.62346],[126.9079,36.62689],[126.89932,36.63397],[126.89467,36.63398],[126.88336,36.63896],[126.87982,36.63613],[126.87819,36.6463],[126.87485,36.64991],[126.87572,36.65362],[126.8691,36.65701],[126.86285,36.65146],[126.86032,36.64161],[126.85801,36.63879],[126.8594,36.63139],[126.84954,36.62168],[126.84194,36.62538],[126.83749,36.62085],[126.82693,36.61742],[126.81776,36.60744],[126.82574,36.60247],[126.83521,36.59197],[126.83381,36.59005],[126.84235,36.58456],[126.83983,36.57664],[126.84385,36.5707],[126.8489,36.57217],[126.85893,36.56863],[126.86857,36.57001],[126.88771,36.56141],[126.899,36.55896],[126.90645,36.56561],[126.90986,36.56645],[126.91326,36.57432],[126.9203,36.57844],[126.92524,36.58758],[126.931,36.59167],[126.92731,36.5961],[126.92888,36.60171],[126.93204,36.60274],[126.93046,36.60839],[126.93277,36.61295],[126.9371,36.61495],[126.93586,36.62186]]]},"properties":{"code":"4481032000","name":"신양면","parent":"44810"}},{"type":"Feature","geometry":{"type":"Polygon","coordinates":[[[126.84385,36.5707],[126.83983,36.57664],[126.84235,36.58456],[126.83381,36.59005],[126.83521,36.59197],[126.82574,36.60247],[126.81776,36.60744],[126.80886,36.60077],[126.8037,36.59924],[126.79248,36.59836],[126.7816,36.59339],[126.77219,36.59382],[126.76566,36.59088],[126.76331,36.58682],[126.74849,36.58043],[126.74695,36.57579],[126.74971,36.56501],[126.74834,36.55803],[126.7419,36.55563],[126.7371,36.55143],[126.73912,36.54401],[126.74107,36.53752],[126.74638,36.53135],[126.75357,36.52842],[126.75975,36.528],[126.76858,36.53734],[126.77313,36.53431],[126.78071,36.53219],[126.7853,36.53474],[126.79805,36.53059],[126.8052,36.52666],[126.8064,36.52979],[126.81201,36.53122],[126.81584,36.5291],[126.82486,36.52849],[126.83099,36.54291],[126.83081,36.54746],[126.83734,36.55401],[126.84025,36.56222],[126.84466,36.5651],[126.84385,36.5707]]]},"properties":{"code":"4481033000","name":"광시면","parent":"44810"}},{"type":"Feature","geometry":{"type":"Polygon","coordinates":[[[126.86912,36.67001],[126.85213,36.66491],[126.84118,36.66729],[126.82937,36.66419],[126.82402,36.66929],[126.80709,36.66238],[126.8128,36.65822],[126.81151,36.65439],[126.81343,36.64756],[126.81035,36.63901],[126.80547,36.63189],[126.799,36.62795],[126.79798,36.62393],[126.79276,36.6213],[126.7836,36.62111],[126.77672,36.62399],[126.77081,36.61653],[126.77002,36.61218],[126.77225,36.60677],[126.76952,36.60281],[126.77219,36.59382],[126.7816,36.59339],[126.79248,36.59836],[126.8037,36.59924],[126.80886,36.60077],[126.81776,36.60744],[126.82693,36.61742],[126.83749,36.62085],[126.84194,36.62538],[126.84954,36.62168],[126.8594,36.63139],[126.85801,36.63879],[126.86032,36.64161],[126.86285,36.65146],[126.8691,36.65701],[126.86736,36.66491],[126.86912,36.67001]]]},"properties":{"code":"4481034000","name":"대흥면","parent":"44810"}},{"type":"Feature","geometry":{"type":"Polygon","coordinates":[[[126.76747,36.67153],[126.76288,36.67271],[126.75517,36.66977],[126.74535,36.67082],[126.74121,36.66256],[126.73697,36.65876],[126.73598,36.65132],[126.73735,36.64848],[126.74818,36.64768],[126.75175,36.64575],[126.74979,36.63506],[126.7573,36.63224],[126.75891,36.62656],[126.75643,36.6234],[126.76125,36.61763],[126.77081,36.61653],[126.77672,36.62399],[126.7836,36.62111],[126.79276,36.6213],[126.79798,36.62393],[126.799,36.62795],[126.80547,36.63189],[126.81035,36.63901],[126.81343,36.64756],[126.81151,36.65439],[126.8128,36.65822],[126.80709,36.66238],[126.79843,36.66076],[126.79733,36.65723],[126.79207,36.65641],[126.78701,36.66418],[126.7807,36.66348],[126.77395,36.66778],[126.76987,36.66722],[126.76747,36.67153]]]},"properties":{"code":"4481035000","name":"응봉면","parent":"44810"}},{"type":"Feature","geometry":{"type":"Polygon","coordinates":[[[126.67929,36.71517],[126.66916,36.71235],[126.65798,36.71321],[126.6544,36.7122],[126.64464,36.71512],[126.64304,36.71823],[126.63319,36.72599],[126.63359,36.72913],[126.62804,36.7367],[126.61075,36.73211],[126.6101,36.72933],[126.60325,36.7213],[126.60206,36.71797],[126.60896,36.70543],[126.60433,36.69875],[126.59981,36.6967],[126.60013,36.6907],[126.59605,36.68451],[126.59875,36.67934],[126.59532,36.6692],[126.58924,36.66374],[126.59547,36.65356],[126.59549,36.65029],[126.59062,36.6455],[126.58541,36.62661],[126.58556,36.61865],[126.59668,36.62091],[126.60251,36.61871],[126.60886,36.6214],[126.62031,36.62117],[126.62674,36.6181],[126.62477,36.63129],[126.62156,36.63394],[126.62002,36.63953],[126.62604,36.64509],[126.6283,36.64959],[126.63359,36.65008],[126.63927,36.64791],[126.64987,36.64849],[126.65508,36.65535],[126.65384,36.66047],[126.65659,36.66763],[126.6647,36.6773],[126.66675,36.6845],[126.67251,36.69105],[126.68037,36.69577],[126.68271,36.69936],[126.67178,36.70768],[126.67929,36.71517]]]},"properties":{"code":"4481036000","name":"덕산면","parent":"44810"}},{"type":"Feature","geometry":{"type":"Polygon","coordinates":[[[126.70989,36.72114],[126.70668,36.72296],[126.6953,36.72543],[126.69338,36.72996],[126.70131,36.73852],[126.69873,36.74467],[126.69849,36.75065],[126.695,36.75309],[126.69463,36.75858],[126.68943,36.76571],[126.69258,36.76936],[126.6943,36.78499],[126.68307,36.78152],[126.67594,36.78392],[126.66905,36.78056],[126.66494,36.77087],[126.66021,36.7709],[126.65678,36.77635],[126.65354,36.77497],[126.65029,36.77165],[126.64794,36.7593],[126.65332,36.75337],[126.64614,36.75305],[126.63894,36.75742],[126.63217,36.75659],[126.63449,36.74508],[126.62804,36.7367],[126.63359,36.72913],[126.63319,36.72599],[126.64304,36.71823],[126.64464,36.71512],[126.6544,36.7122],[126.65798,36.71321],[126.66916,36.71235],[126.67929,36.71517],[126.69833,36.71977],[126.70989,36.72114]]]},"properties":{"code":"4481037000","name":"봉산면","parent":"44810"}},{"type":"Feature","geometry":{"type":"Polygon","coordinates":[[[126.7136,36.80334],[126.70244,36.80275],[126.69646,36.80062],[126.69758,36.7932],[126.6943,36.78499],[126.69258,36.76936],[126.68943,36.76571],[126.69463,36.75858],[126.695,36.75309],[126.69849,36.75065],[126.69873,36.74467],[126.70131,36.73852],[126.69338,36.72996],[126.6953,36.72543],[126.70668,36.72296],[126.70989,36.72114],[126.71337,36.7146],[126.71686,36.71309],[126.72187,36.71538],[126.72584,36.71141],[126.73397,36.70851],[126.73768,36.70939],[126.73777,36.7157],[126.74285,36.72059],[126.74213,36.72545],[126.75474,36.73594],[126.75535,36.74131],[126.77344,36.749],[126.76432,36.75506],[126.75904,36.76336],[126.74652,36.76705],[126.743,36.77802],[126.73749,36.78165],[126.7341,36.78954],[126.7249,36.79842],[126.7136,36.80334]]]},"properties":{"code":"4481038000","name":"고덕면","parent":"44810"}},{"type":"Feature","geometry":{"type":"Polygon","coordinates":[[[126.83335,36.78326],[126.83028,36.78655],[126.82075,36.78652],[126.81737,36.78256],[126.82059,36.77924],[126.81239,36.77135],[126.80688,36.77421],[126.80189,36.76875],[126.79445,36.7662],[126.79085,36.76136],[126.78325,36.75944],[126.7795,36.75393],[126.77374,36.75543],[126.77344,36.749],[126.75535,36.74131],[126.75474,36.73594],[126.7689,36.72782],[126.76852,36.72653],[126.76918,36.72279],[126.77417,36.72195],[126.77748,36.72639],[126.78395,36.72581],[126.79411,36.72102],[126.79682,36.72607],[126.80405,36.71957],[126.81006,36.71146],[126.81659,36.70974],[126.82459,36.70705],[126.8277,36.71378],[126.82496,36.72289],[126.82751,36.73116],[126.83233,36.73492],[126.83873,36.73487],[126.84695,36.74163],[126.84765,36.74717],[126.84007,36.74987],[126.83193,36.75978],[126.83058,36.76865],[126.83335,36.78326]]]},"properties":{"code":"4481039000","name":"신암면","parent":"44810"}},{"type":"Feature","geometry":{"type":"Polygon","coordinates":[[[126.81659,36.70974],[126.81006,36.71146],[126.80405,36.71957],[126.79682,36.72607],[126.79411,36.72102],[126.78395,36.72581],[126.77748,36.72639],[126.77417,36.72195],[126.76918,36.72279],[126.76852,36.72653],[126.76528,36.72105],[126.75754,36.71362],[126.76213,36.70026],[126.75863,36.69424],[126.76608,36.6908],[126.7679,36.68709],[126.76486,36.67854],[126.76747,36.67153],[126.76987,36.66722],[126.77395,36.66778],[126.7807,36.66348],[126.78701,36.66418],[126.79207,36.65641],[126.79733,36.65723],[126.79843,36.66076],[126.80709,36.66238],[126.82402,36.66929],[126.82252,36.68057],[126.81601,36.6827],[126.81666,36.68896],[126.82144,36.69235],[126.82119,36.70022],[126.81526,36.7044],[126.81659,36.70974]]]},"properties":{"code":"4481040000","name":"오가면","parent":"44810"}},{"type":"Feature","geometry":{"type":"Polygon","coordinates":[[[126.33443,36.81501],[126.32807,36.814],[126.32364,36.81902],[126.31821,36.81416],[126.3114,36.81315],[126.3045,36.81462],[126.29584,36.80833],[126.29711,36.8033],[126.29324,36.79839],[126.2879,36.79906],[126.28644,36.80356],[126.28679,36.8168],[126.28312,36.81685],[126.27377,36.81263],[126.26887,36.80842],[126.27079,36.79504],[126.27409,36.79336],[126.2697,36.78421],[126.2706,36.78093],[126.26634,36.77443],[126.26487,36.76849],[126.26132,36.768],[126.25951,36.7668],[126.2654,36.76208],[126.27279,36.74841],[126.27645,36.74802],[126.27859,36.74267],[126.27636,36.73844],[126.27555,36.72973],[126.27434,36.72232],[126.27704,36.71529],[126.28266,36.71298],[126.2899,36.71346],[126.31015,36.69666],[126.32128,36.6865],[126.3401,36.67223],[126.33919,36.68067],[126.33981,36.70094],[126.34493,36.71321],[126.3461,36.72112],[126.34663,36.72853],[126.34342,36.74079],[126.34502,36.75289],[126.34954,36.76471],[126.34951,36.77377],[126.35129,36.77911],[126.35563,36.78051],[126.35449,36.79085],[126.35139,36.79677],[126.33443,36.81501]]]},"properties":{"code":"4482525000","name":"태안읍","parent":"44825"}},{"type":"Feature","geometry":{"type":"MultiPolygon","coordinates":[[[[126.30468,36.45648],[126.3042,36.44979],[126.31038,36.45302],[126.30468,36.45648]]],[[[126.42427,36.45684],[126.42727,36.46213],[126.42287,36.46869],[126.42202,36.47307],[126.4146,36.48807],[126.40298,36.50941],[126.39664,36.51917],[126.39244,36.53407],[126.39068,36.55052],[126.38626,36.55884],[126.39186,36.56415],[126.3951,36.57054],[126.39622,36.57861],[126.39869,36.58234],[126.39593,36.59553],[126.39104,36.59821],[126.38487,36.60639],[126.37639,36.60602],[126.36091,36.61144],[126.34865,36.61016],[126.33513,36.60629],[126.32331,36.59905],[126.32022,36.58784],[126.31036,36.58518],[126.31004,36.56877],[126.31696,36.56385],[126.32094,36.55833],[126.3259,36.54666],[126.3257,36.54011],[126.32829,36.52797],[126.32514,36.52201],[126.32703,36.51334],[126.33198,36.50699],[126.33005,36.50214],[126.33368,36.49652],[126.3338,36.4914],[126.33038,36.4757],[126.32412,36.46879],[126.33316,36.46632],[126.33214,36.45511],[126.33336,36.44514],[126.33057,36.44178],[126.33382,36.43733],[126.34397,36.43815],[126.34879,36.44098],[126.35372,36.43948],[126.36421,36.43943],[126.37405,36.44171],[126.37578,36.44695],[126.38475,36.44789],[126.38237,36.45195],[126.38064,36.46105],[126.39284,36.46454],[126.40562,36.46459],[126.40899,36.46044],[126.42427,36.45684]]]]},"properties":{"code":"4482525300","name":"안면읍","parent":"44825"}},{"type":"Feature","geometry":{"type":"Polygon","coordinates":[[[126.42427,36.45684],[126.40899,36.46044],[126.40562,36.46459],[126.39284,36.46454],[126.38064,36.46105],[126.38237,36.45195],[126.38475,36.44789],[126.37578,36.44695],[126.37405,36.44171],[126.36421,36.43943],[126.34785,36.43617],[126.3511,36.42953],[126.35066,36.42436],[126.35768,36.42209],[126.36084,36.41548],[126.37074,36.41017],[126.37737,36.41262],[126.38386,36.41746],[126.38883,36.41273],[126.39626,36.41831],[126.39704,36.41369],[126.40108,36.41184],[126.40636,36.41388],[126.4119,36.40992],[126.41111,36.40479],[126.41777,36.40551],[126.42183,36.39977],[126.42805,36.4003],[126.42666,36.40787],[126.42956,36.41462],[126.4354,36.41853],[126.43122,36.4306],[126.43323,36.43221],[126.43178,36.43881],[126.42847,36.44373],[126.43093,36.44694],[126.4295,36.45259],[126.42427,36.45684]]]},"properties":{"code":"4482531000","name":"고남면","parent":"44825"}},{"type":"Feature","geometry":{"type":"Polygon","coordinates":[[[126.3401,36.67223],[126.32128,36.6865],[126.31015,36.69666],[126.2899,36.71346],[126.28266,36.71298],[126.27704,36.71529],[126.27434,36.72232],[126.27555,36.72973],[126.27127,36.72924],[126.27286,36.72023],[126.27067,36.71353],[126.27231,36.70532],[126.26148,36.6969],[126.26038,36.69022],[126.26228,36.68453],[126.26672,36.68289],[126.26324,36.67386],[126.26564,36.67067],[126.27456,36.67129],[126.28093,36.66846],[126.28594,36.66264],[126.29465,36.64657],[126.29681,36.63749],[126.29634,36.62956],[126.29282,36.62534],[126.28297,36.62194],[126.28487,36.61835],[126.28559,36.60337],[126.28188,36.59582],[126.2837,36.59119],[126.28786,36.59139],[126.29177,36.58397],[126.30327,36.58876],[126.30298,36.59322],[126.31011,36.59393],[126.31388,36.58811],[126.31995,36.59403],[126.32032,36.59669],[126.32881,36.60659],[126.34074,36.61556],[126.34871,36.61784],[126.35721,36.61812],[126.35558,36.62645],[126.34962,36.63221],[126.34712,36.63927],[126.34703,36.64896],[126.34466,36.65995],[126.34056,36.66819],[126.3401,36.67223]]]},"properties":{"code":"4482532000","name":"남면","parent":"44825"}},{"type":"Feature","geometry":{"type":"MultiPolygon","coordinates":[[[[126.08412,36.68414],[126.07514,36.68038],[126.06202,36.68028],[126.04568,36.67059],[126.05076,36.66651],[126.05579,36.66774],[126.05915,36.67235],[126.06574,36.67168],[126.07127,36.67348],[126.0741,36.67067],[126.08136,36.67204],[126.08038,36.67657],[126.08661,36.67884],[126.08412,36.68414]]],[[[126.27555,36.72973],[126.27636,36.73844],[126.27859,36.74267],[126.27645,36.74802],[126.27279,36.74841],[126.2654,36.76208],[126.25951,36.7668],[126.25162,36.75994],[126.24876,36.76553],[126.23621,36.76632],[126.23073,36.75977],[126.21811,36.76471],[126.21464,36.76197],[126.22286,36.75354],[126.22034,36.74796],[126.21251,36.73874],[126.20815,36.72972],[126.20279,36.72642],[126.20118,36.72135],[126.21607,36.72533],[126.22113,36.72194],[126.22118,36.71673],[126.21725,36.71157],[126.2077,36.70617],[126.19856,36.7062],[126.19468,36.70772],[126.18469,36.71692],[126.17121,36.71847],[126.16581,36.71735],[126.15981,36.7122],[126.15639,36.70714],[126.14609,36.70373],[126.14944,36.69704],[126.14923,36.68624],[126.14054,36.68653],[126.13064,36.6885],[126.1243,36.68294],[126.12366,36.67755],[126.12916,36.67393],[126.12916,36.66962],[126.14077,36.66838],[126.14519,36.67285],[126.16082,36.67743],[126.16472,36.67474],[126.17285,36.67817],[126.17476,36.67558],[126.18136,36.67655],[126.18689,36.67403],[126.19736,36.67451],[126.20212,36.68448],[126.21048,36.68777],[126.21181,36.69241],[126.22165,36.69135],[126.2301,36.69314],[126.24175,36.70261],[126.24026,36.70799],[126.23495,36.70832],[126.23571,36.71643],[126.24739,36.71756],[126.25728,36.71659],[126.25933,36.72011],[126.26462,36.72242],[126.27127,36.72924],[126.27555,36.72973]]]]},"properties":{"code":"4482533000","name":"근흥면","parent":"44825"}},{"type":"Feature","geometry":{"type":"Polygon","coordinates":[[[126.18633,36.82303],[126.18032,36.81986],[126.18286,36.81295],[126.17307,36.81159],[126.1714,36.81783],[126.17542,36.82509],[126.17151,36.82791],[126.17213,36.83811],[126.17557,36.84356],[126.16174,36.8431],[126.16318,36.84721],[126.15694,36.84896],[126.15301,36.84139],[126.14552,36.83935],[126.14599,36.83623],[126.15818,36.8283],[126.15835,36.82601],[126.15058,36.81196],[126.14251,36.80894],[126.14554,36.80446],[126.15019,36.80271],[126.14215,36.78906],[126.13626,36.78489],[126.12997,36.78737],[126.12921,36.78026],[126.1322,36.7769],[126.11649,36.77417],[126.10153,36.77327],[126.11309,36.76415],[126.11412,36.75873],[126.12212,36.75233],[126.13003,36.7516],[126.13352,36.74076],[126.12835,36.73802],[126.12735,36.73376],[126.12123,36.7248],[126.12469,36.71616],[126.12099,36.71236],[126.12268,36.70694],[126.13185,36.71596],[126.13786,36.71907],[126.14543,36.72826],[126.15024,36.72829],[126.15288,36.73388],[126.15265,36.74036],[126.14988,36.74561],[126.15184,36.74862],[126.14153,36.75365],[126.15533,36.75602],[126.16186,36.753],[126.16481,36.75751],[126.17537,36.75385],[126.18465,36.75294],[126.18828,36.74462],[126.19564,36.73816],[126.20619,36.73611],[126.21251,36.73874],[126.22034,36.74796],[126.22286,36.75354],[126.21464,36.76197],[126.21811,36.76471],[126.23073,36.75977],[126.23621,36.76632],[126.24876,36.76553],[126.25162,36.75994],[126.25951,36.7668],[126.26132,36.768],[126.2505,36.7819],[126.24236,36.7733],[126.23362,36.77468],[126.22651,36.78052],[126.22649,36.78473],[126.21832,36.79097],[126.22718,36.79488],[126.23067,36.79934],[126.22514,36.80192],[126.22211,36.80626],[126.21403,36.81351],[126.20914,36.81615],[126.19315,36.82026],[126.18633,36.82303]]]},"properties":{"code":"4482534000","name":"소원면","parent":"44825"}},{"type":"Feature","geometry":{"type":"Polygon","coordinates":[[[126.24834,36.86672],[126.24222,36.86389],[126.23618,36.86543],[126.23677,36.86944],[126.22091,36.88069],[126.21976,36.88334],[126.22537,36.88862],[126.23588,36.89043],[126.24185,36.88853],[126.24814,36.90422],[126.24818,36.91064],[126.23486,36.90982],[126.22726,36.90641],[126.21774,36.90487],[126.21558,36.90169],[126.20867,36.9004],[126.20517,36.90506],[126.20066,36.89886],[126.19979,36.8944],[126.19528,36.88808],[126.18883,36.88918],[126.1814,36.88843],[126.17702,36.88411],[126.18712,36.8807],[126.18963,36.87814],[126.18828,36.86788],[126.19124,36.86367],[126.1902,36.85621],[126.19462,36.85487],[126.19339,36.84932],[126.1867,36.84154],[126.17527,36.83585],[126.17577,36.82892],[126.18633,36.82303],[126.19315,36.82026],[126.20914,36.81615],[126.21403,36.81351],[126.22211,36.80626],[126.22514,36.80192],[126.23067,36.79934],[126.22718,36.79488],[126.21832,36.79097],[126.22649,36.78473],[126.22651,36.78052],[126.23362,36.77468],[126.24236,36.7733],[126.2505,36.7819],[126.26132,36.768],[126.26487,36.76849],[126.26634,36.77443],[126.2706,36.78093],[126.2697,36.78421],[126.27409,36.79336],[126.27079,36.79504],[126.26887,36.80842],[126.27377,36.81263],[126.28312,36.81685],[126.28283,36.82457],[126.28737,36.82311],[126.2954,36.82415],[126.30537,36.83048],[126.31232,36.8308],[126.31781,36.83803],[126.3065,36.83739],[126.30018,36.83489],[126.29635,36.8371],[126.28583,36.832],[126.27995,36.8335],[126.27627,36.84073],[126.26326,36.84326],[126.25876,36.83851],[126.25333,36.84237],[126.25415,36.84934],[126.2518,36.85295],[126.25994,36.85946],[126.24834,36.86672]]]},"properties":{"code":"4482535000","name":"원북면","parent":"44825"}},{"type":"Feature","geometry":{"type":"MultiPolygon","coordinates":[[[[126.25148,36.88797],[126.25464,36.89325],[126.24789,36.89345],[126.24696,36.8898],[126.25148,36.88797]]],[[[126.30855,36.93619],[126.31423,36.94034],[126.30941,36.94235],[126.30855,36.93619]]],[[[126.31781,36.83803],[126.30706,36.83992],[126.30368,36.84253],[126.29447,36.84297],[126.29643,36.85248],[126.30465,36.85686],[126.30311,36.86313],[126.31245,36.87524],[126.31376,36.88326],[126.31842,36.8864],[126.32679,36.88413],[126.33056,36.886],[126.33235,36.89256],[126.32649,36.89092],[126.32053,36.89209],[126.31992,36.90557],[126.31629,36.90498],[126.30919,36.90996],[126.30952,36.91338],[126.30311,36.91681],[126.30212,36.92186],[126.31018,36.92926],[126.30265,36.94174],[126.30861,36.94712],[126.30914,36.95154],[126.31374,36.95481],[126.30715,36.96182],[126.30633,36.96661],[126.30842,36.97398],[126.30589,36.97865],[126.29873,36.97673],[126.29427,36.97038],[126.28356,36.97078],[126.28417,36.9643],[126.28843,36.95276],[126.28779,36.94531],[126.29187,36.92784],[126.28302,36.90941],[126.28397,36.90318],[126.2754,36.89819],[126.27667,36.89497],[126.27167,36.88937],[126.26967,36.88342],[126.27282,36.88209],[126.2717,36.87644],[126.26467,36.87756],[126.26206,36.88092],[126.25269,36.87944],[126.25006,36.87672],[126.25134,36.87214],[126.24834,36.86672],[126.25994,36.85946],[126.2518,36.85295],[126.25415,36.84934],[126.25333,36.84237],[126.25876,36.83851],[126.26326,36.84326],[126.27627,36.84073],[126.27995,36.8335],[126.28583,36.832],[126.29635,36.8371],[126.30018,36.83489],[126.3065,36.83739],[126.31781,36.83803]]]]},"properties":{"code":"4482536000","name":"이원면","parent":"44825"}},{"type":"Feature","geometry":{"type":"Polygon","coordinates":[[[127.09684,36.80017],[127.09497,36.79667],[127.09756,36.79253],[127.10409,36.79907],[127.1111,36.79712],[127.1156,36.80149],[127.118,36.80685],[127.11712,36.81226],[127.12021,36.81524],[127.11046,36.81891],[127.10539,36.80159],[127.09684,36.80017]]]},"properties":{"code":"4413356600","name":"불당1동","parent":"44133"}}]}