{"type":"FeatureCollection","features":[{"type":"Feature","geometry":{"type":"Polygon","coordinates":[[[129.53015,35.93495],[129.5326,35.93595],[129.53981,35.94916],[129.54524,35.9527],[129.5505,35.96007],[129.5474,35.96433],[129.5545,35.96788],[129.55221,35.97413],[129.55219,35.98559],[129.55641,35.9907],[129.56219,35.98885],[129.56743,35.98971],[129.56659,35.99559],[129.57348,36.00395],[129.57775,36.01177],[129.58486,36.01653],[129.57747,36.02651],[129.58228,36.02878],[129.57823,36.03234],[129.57408,36.03084],[129.56815,36.03308],[129.5568,36.02978],[129.54494,36.03028],[129.54298,36.02695],[129.53788,36.02753],[129.53201,36.02313],[129.52962,36.01079],[129.5231,36.01365],[129.51543,36.00983],[129.51025,36.00237],[129.50573,35.99841],[129.5027,35.99286],[129.50591,35.98282],[129.50557,35.97645],[129.50302,35.97237],[129.50366,35.96598],[129.50673,35.95998],[129.50364,35.95663],[129.49039,35.9566],[129.4912,35.95239],[129.50089,35.94934],[129.5022,35.94084],[129.50689,35.93954],[129.51297,35.93434],[129.52347,35.93713],[129.53015,35.93495]]]},"properties":{"key":"경상북도|포항시남구|구룡포읍","code":"4711125000"}},{"type":"Feature","geometry":{"type":"Polygon","coordinates":[[[129.31528,36.04383],[129.30979,36.04266],[129.29343,36.06073],[129.28659,36.06244],[129.28089,36.0577],[129.28399,36.04664],[129.27883,36.03187],[129.27667,36.02856],[129.27868,36.02457],[129.284,36.02227],[129.29296,36.01345],[129.29733,36.0074],[129.29583,36.00353],[129.29613,35.9948],[129.30333,35.9958],[129.30465,35.99019],[129.30287,35.98699],[129.30536,35.98308],[129.30568,35.97527],[129.30789,35.96966],[129.31229,35.96835],[129.31534,35.95935],[129.32001,35.95807],[129.33431,35.96433],[129.34393,35.96592],[129.34866,35.96538],[129.35429,35.96819],[129.35035,35.97431],[129.3439,35.97654],[129.35115,35.98102],[129.36117,35.98166],[129.35859,35.98803],[129.36229,35.99884],[129.36783,36.00701],[129.35615,36.00206],[129.34447,36.00202],[129.33712,36.00357],[129.32689,36.00374],[129.31785,36.01151],[129.31722,36.017],[129.3104,36.02257],[129.31299,36.03812],[129.31528,36.04383]]]},"properties":{"key":"경상북도|포항시남구|연일읍","code":"4711125300"}},{"type":"Feature","geometry":{"type":"Polygon","coordinates":[[[129.4296,35.98062],[129.42187,35.97867],[129.41628,35.98045],[129.41276,35.98706],[129.40478,35.98655],[129.40842,35.98295],[129.39606,35.97937],[129.39127,35.97505],[129.39014,35.96991],[129.39266,35.96394],[129.39362,35.96257],[129.38482,35.9501],[129.38229,35.94863],[129.37334,35.93287],[129.3639,35.92839],[129.3629,35.921],[129.35418,35.91015],[129.35295,35.90439],[129.34609,35.90272],[129.33831,35.89469],[129.34256,35.88921],[129.35717,35.88588],[129.36112,35.88819],[129.36365,35.87853],[129.35505,35.87278],[129.36058,35.86526],[129.37172,35.8613],[129.37495,35.86342],[129.39066,35.8639],[129.39368,35.85824],[129.40612,35.85797],[129.41011,35.86156],[129.41021,35.87042],[129.41463,35.87615],[129.42145,35.87801],[129.42142,35.88399],[129.41879,35.8928],[129.4209,35.89866],[129.42062,35.90479],[129.42968,35.9119],[129.42386,35.91408],[129.41641,35.91993],[129.42564,35.92735],[129.43121,35.92978],[129.4394,35.94329],[129.43832,35.94745],[129.44324,35.95413],[129.44025,35.96162],[129.44078,35.9677],[129.42847,35.97864],[129.4296,35.98062]]]},"properties":{"key":"경상북도|포항시남구|오천읍","code":"4711125600"}},{"type":"Feature","geometry":{"type":"Polygon","coordinates":[[[129.39266,35.96394],[129.38589,35.96387],[129.3741,35.96903],[129.37662,35.97435],[129.36764,35.97654],[129.37001,35.98192],[129.35859,35.98803],[129.36117,35.98166],[129.35115,35.98102],[129.3439,35.97654],[129.35035,35.97431],[129.35429,35.96819],[129.34866,35.96538],[129.34393,35.96592],[129.33431,35.96433],[129.32001,35.95807],[129.31668,35.94642],[129.31878,35.94378],[129.32955,35.93678],[129.33302,35.93066],[129.3296,35.9266],[129.33643,35.91745],[129.33407,35.91115],[129.33448,35.90556],[129.33319,35.90223],[129.33831,35.89469],[129.34609,35.90272],[129.35295,35.90439],[129.35418,35.91015],[129.3629,35.921],[129.3639,35.92839],[129.37334,35.93287],[129.38229,35.94863],[129.38482,35.9501],[129.39362,35.96257],[129.39266,35.96394]]]},"properties":{"key":"경상북도|포항시남구|대송면","code":"4711131000"}},{"type":"Feature","geometry":{"type":"Polygon","coordinates":[[[129.53788,36.02753],[129.53787,36.03046],[129.54606,36.03902],[129.53474,36.04281],[129.53251,36.04722],[129.5235,36.05452],[129.5156,36.04439],[129.50411,36.03672],[129.50326,36.02622],[129.49777,36.02363],[129.49318,36.01895],[129.48164,36.01669],[129.47395,36.01312],[129.45553,36.0001],[129.45636,35.99339],[129.44632,35.99184],[129.43198,35.99615],[129.42763,35.98485],[129.4296,35.98062],[129.42847,35.97864],[129.44078,35.9677],[129.44025,35.96162],[129.44324,35.95413],[129.45219,35.95561],[129.45945,35.96117],[129.46533,35.97132],[129.47351,35.97576],[129.48316,35.96974],[129.48336,35.96151],[129.49039,35.9566],[129.50364,35.95663],[129.50673,35.95998],[129.50366,35.96598],[129.50302,35.97237],[129.50557,35.97645],[129.50591,35.98282],[129.5027,35.99286],[129.50573,35.99841],[129.51025,36.00237],[129.51543,36.00983],[129.5231,36.01365],[129.52962,36.01079],[129.53201,36.02313],[129.53788,36.02753]]]},"properties":{"key":"경상북도|포항시남구|동해면","code":"4711132000"}},{"type":"Feature","geometry":{"type":"Polygon","coordinates":[[[129.49039,35.9566],[129.48336,35.96151],[129.48316,35.96974],[129.47351,35.97576],[129.46533,35.97132],[129.45945,35.96117],[129.45219,35.95561],[129.44324,35.95413],[129.43832,35.94745],[129.4394,35.94329],[129.43121,35.92978],[129.42564,35.92735],[129.41641,35.91993],[129.42386,35.91408],[129.42968,35.9119],[129.42062,35.90479],[129.4209,35.89866],[129.41879,35.8928],[129.42142,35.88399],[129.43719,35.87849],[129.44085,35.86886],[129.44454,35.86677],[129.44611,35.85901],[129.44965,35.85447],[129.44902,35.85134],[129.45485,35.84676],[129.46062,35.84877],[129.47474,35.84974],[129.48008,35.85292],[129.48962,35.84353],[129.50114,35.83985],[129.51277,35.83997],[129.51826,35.84194],[129.52038,35.84871],[129.52496,35.85261],[129.52769,35.86357],[129.53452,35.86824],[129.53403,35.87215],[129.51999,35.87269],[129.5205,35.88142],[129.52702,35.88098],[129.53143,35.88683],[129.52566,35.88833],[129.52761,35.89746],[129.53476,35.90015],[129.52603,35.90786],[129.52438,35.91563],[129.51985,35.9186],[129.5189,35.92716],[129.52419,35.93369],[129.53015,35.93495],[129.52347,35.93713],[129.51297,35.93434],[129.50689,35.93954],[129.5022,35.94084],[129.50089,35.94934],[129.4912,35.95239],[129.49039,35.9566]]]},"properties":{"key":"경상북도|포항시남구|장기면","code":"4711133000"}},{"type":"Feature","geometry":{"type":"Polygon","coordinates":[[[129.57823,36.03234],[129.57903,36.04018],[129.58357,36.04565],[129.57717,36.04942],[129.57663,36.05775],[129.57303,36.06609],[129.56862,36.06864],[129.57042,36.07329],[129.56956,36.07916],[129.56195,36.0783],[129.55544,36.08607],[129.54572,36.08378],[129.54581,36.07805],[129.54097,36.07329],[129.54047,36.06769],[129.53373,36.06195],[129.53304,36.05749],[129.52634,36.05829],[129.5235,36.05452],[129.53251,36.04722],[129.53474,36.04281],[129.54606,36.03902],[129.53787,36.03046],[129.53788,36.02753],[129.54298,36.02695],[129.54494,36.03028],[129.5568,36.02978],[129.56815,36.03308],[129.57408,36.03084],[129.57823,36.03234]]]},"properties":{"key":"경상북도|포항시남구|호미곶면","code":"4711135000"}},{"type":"Feature","geometry":{"type":"Polygon","coordinates":[[[129.38405,36.02982],[129.37735,36.0414],[129.37777,36.04611],[129.37368,36.04956],[129.37025,36.0369],[129.37155,36.03314],[129.37755,36.0243],[129.37997,36.02368],[129.38405,36.02982]]]},"properties":{"key":"경상북도|포항시남구|송도동","code":"4711155000"}},{"type":"Feature","geometry":{"type":"Polygon","coordinates":[[[129.43198,35.99615],[129.42141,36.00122],[129.41634,36.00568],[129.40315,35.99631],[129.40111,35.99208],[129.40478,35.98655],[129.41276,35.98706],[129.41628,35.98045],[129.42187,35.97867],[129.4296,35.98062],[129.42763,35.98485],[129.43198,35.99615]]]},"properties":{"key":"경상북도|포항시남구|청림동","code":"4711156000"}},{"type":"Feature","geometry":{"type":"Polygon","coordinates":[[[129.41634,36.00568],[129.41688,36.01228],[129.39846,36.01424],[129.39168,36.01208],[129.39663,36.02043],[129.40075,36.02111],[129.40817,36.02958],[129.39409,36.02606],[129.38865,36.03175],[129.38405,36.02982],[129.37997,36.02368],[129.37676,36.01415],[129.36866,36.00771],[129.36783,36.00701],[129.36229,35.99884],[129.35859,35.98803],[129.37001,35.98192],[129.36764,35.97654],[129.37662,35.97435],[129.3741,35.96903],[129.38589,35.96387],[129.39266,35.96394],[129.39014,35.96991],[129.39127,35.97505],[129.39606,35.97937],[129.40842,35.98295],[129.40478,35.98655],[129.40111,35.99208],[129.40315,35.99631],[129.41634,36.00568]]]},"properties":{"key":"경상북도|포항시남구|제철동","code":"4711157000"}},{"type":"Feature","geometry":{"type":"Polygon","coordinates":[[[129.34305,36.00722],[129.33368,36.01082],[129.32905,36.01417],[129.33162,36.01715],[129.32944,36.03283],[129.31299,36.03812],[129.3104,36.02257],[129.31722,36.017],[129.31785,36.01151],[129.32689,36.00374],[129.33712,36.00357],[129.34447,36.00202],[129.34305,36.00722]]]},"properties":{"key":"경상북도|포항시남구|효곡동","code":"4711158000"}},{"type":"Feature","geometry":{"type":"Polygon","coordinates":[[[129.33156,36.04266],[129.32341,36.04201],[129.31528,36.04383],[129.31299,36.03812],[129.32944,36.03283],[129.33162,36.01715],[129.32905,36.01417],[129.33368,36.01082],[129.34305,36.00722],[129.34898,36.01534],[129.34779,36.01872],[129.34404,36.02737],[129.339,36.03051],[129.33482,36.04101],[129.33156,36.04266]]]},"properties":{"key":"경상북도|포항시남구|대이동","code":"4711159000"}},{"type":"Feature","geometry":{"type":"Polygon","coordinates":[[[129.36866,36.00771],[129.3669,36.01264],[129.36566,36.02795],[129.36207,36.02724],[129.36123,36.02218],[129.35398,36.01513],[129.34898,36.01534],[129.34305,36.00722],[129.34447,36.00202],[129.35615,36.00206],[129.36783,36.00701],[129.36866,36.00771]]]},"properties":{"key":"경상북도|포항시남구|상대동","code":"4711152500"}},{"type":"Feature","geometry":{"type":"Polygon","coordinates":[[[129.37997,36.02368],[129.37755,36.0243],[129.37155,36.03314],[129.36566,36.02795],[129.3669,36.01264],[129.36866,36.00771],[129.37676,36.01415],[129.37997,36.02368]]]},"properties":{"key":"경상북도|포항시남구|해도동","code":"4711154500"}},{"type":"Feature","geometry":{"type":"Polygon","coordinates":[[[129.41721,36.08167],[129.41859,36.08855],[129.42207,36.08997],[129.43047,36.09958],[129.43697,36.09615],[129.44066,36.10028],[129.44086,36.11087],[129.43259,36.11102],[129.42584,36.11371],[129.40515,36.12871],[129.39775,36.13489],[129.39526,36.14218],[129.40056,36.15376],[129.39817,36.15699],[129.39981,36.16461],[129.39773,36.16858],[129.39389,36.16625],[129.38851,36.16691],[129.38431,36.16323],[129.38728,36.15676],[129.38075,36.15499],[129.38201,36.14981],[129.37955,36.14588],[129.37377,36.14389],[129.37179,36.14671],[129.3605,36.14822],[129.35753,36.15089],[129.34976,36.15111],[129.33512,36.15746],[129.32362,36.15549],[129.31563,36.15538],[129.308,36.15862],[129.30189,36.15719],[129.29268,36.16064],[129.29114,36.16279],[129.28521,36.15521],[129.28787,36.14963],[129.28801,36.14456],[129.29721,36.14291],[129.30329,36.12273],[129.30246,36.11951],[129.29696,36.11582],[129.28394,36.10943],[129.27669,36.09871],[129.276,36.09083],[129.27863,36.08621],[129.27536,36.07949],[129.28489,36.07188],[129.28659,36.06244],[129.29343,36.06073],[129.30979,36.04266],[129.31528,36.04383],[129.32341,36.04201],[129.33156,36.04266],[129.33573,36.04495],[129.33933,36.05448],[129.34199,36.05489],[129.3462,36.07079],[129.35051,36.07072],[129.35573,36.0785],[129.36067,36.08013],[129.36014,36.08872],[129.36902,36.09609],[129.37852,36.0993],[129.38734,36.0958],[129.405,36.09397],[129.40727,36.08638],[129.41132,36.08048],[129.41721,36.08167]]]},"properties":{"key":"경상북도|포항시북구|흥해읍","code":"4711325000"}},{"type":"Feature","geometry":{"type":"Polygon","coordinates":[[[129.26057,36.21346],[129.25701,36.21637],[129.25027,36.21698],[129.24566,36.21984],[129.23056,36.21945],[129.22616,36.21593],[129.22158,36.21565],[129.21386,36.20995],[129.2119,36.2067],[129.22251,36.19946],[129.22535,36.1937],[129.22209,36.18938],[129.21813,36.18012],[129.22011,36.17204],[129.21644,36.16917],[129.22217,36.15553],[129.22841,36.15034],[129.22577,36.14271],[129.22805,36.13185],[129.23038,36.12777],[129.23217,36.11592],[129.22849,36.11068],[129.2307,36.10368],[129.23392,36.10117],[129.22976,36.09443],[129.23454,36.08053],[129.24156,36.07922],[129.24762,36.07347],[129.25086,36.0725],[129.26301,36.0752],[129.27536,36.07949],[129.27863,36.08621],[129.276,36.09083],[129.27669,36.09871],[129.28394,36.10943],[129.29696,36.11582],[129.30246,36.11951],[129.30329,36.12273],[129.29721,36.14291],[129.28801,36.14456],[129.28787,36.14963],[129.28521,36.15521],[129.29114,36.16279],[129.28899,36.16999],[129.28441,36.17471],[129.27843,36.17749],[129.27244,36.18564],[129.27281,36.19152],[129.26961,36.19562],[129.26361,36.19696],[129.26057,36.21346]]]},"properties":{"key":"경상북도|포항시북구|신광면","code":"4711331000"}},{"type":"Feature","geometry":{"type":"Polygon","coordinates":[[[129.38624,36.21811],[129.3759,36.21712],[129.37437,36.21201],[129.36245,36.20883],[129.35348,36.20898],[129.34421,36.20759],[129.33522,36.20864],[129.3309,36.21285],[129.33126,36.21658],[129.32191,36.22373],[129.3205,36.22738],[129.31507,36.23173],[129.31608,36.23461],[129.30712,36.24326],[129.29212,36.25015],[129.28884,36.24632],[129.27727,36.24199],[129.27217,36.23618],[129.2697,36.22978],[129.27195,36.22329],[129.26859,36.21919],[129.26413,36.21775],[129.26057,36.21346],[129.26361,36.19696],[129.26961,36.19562],[129.27281,36.19152],[129.27244,36.18564],[129.27843,36.17749],[129.28441,36.17471],[129.28899,36.16999],[129.29114,36.16279],[129.29268,36.16064],[129.30189,36.15719],[129.308,36.15862],[129.31563,36.15538],[129.32362,36.15549],[129.33512,36.15746],[129.34976,36.15111],[129.35753,36.15089],[129.3605,36.14822],[129.37179,36.14671],[129.37377,36.14389],[129.37955,36.14588],[129.38201,36.14981],[129.38075,36.15499],[129.38728,36.15676],[129.38431,36.16323],[129.38851,36.16691],[129.39389,36.16625],[129.39773,36.16858],[129.39528,36.17264],[129.3923,36.18398],[129.38667,36.18395],[129.37716,36.18971],[129.37313,36.19554],[129.37258,36.20711],[129.37861,36.20857],[129.38431,36.21234],[129.38624,36.21811]]]},"properties":{"key":"경상북도|포항시북구|청하면","code":"4711332000"}},{"type":"Feature","geometry":{"type":"Polygon","coordinates":[[[129.29222,36.27906],[129.28144,36.2745],[129.27035,36.27435],[129.26814,36.2707],[129.26159,36.26865],[129.25859,36.26335],[129.26111,36.25599],[129.25591,36.24975],[129.25698,36.24148],[129.25221,36.23871],[129.24415,36.23782],[129.24532,36.23262],[129.2575,36.22025],[129.26413,36.21775],[129.26859,36.21919],[129.27195,36.22329],[129.2697,36.22978],[129.27217,36.23618],[129.27727,36.24199],[129.28884,36.24632],[129.29212,36.25015],[129.30712,36.24326],[129.31608,36.23461],[129.31507,36.23173],[129.3205,36.22738],[129.32191,36.22373],[129.33126,36.21658],[129.3309,36.21285],[129.33522,36.20864],[129.34421,36.20759],[129.35348,36.20898],[129.36245,36.20883],[129.37437,36.21201],[129.3759,36.21712],[129.38624,36.21811],[129.38673,36.22345],[129.38172,36.2283],[129.38601,36.23866],[129.37751,36.24712],[129.37316,36.25462],[129.37565,36.26048],[129.37627,36.2683],[129.3661,36.26856],[129.36286,36.27099],[129.3535,36.27306],[129.3477,36.2698],[129.34427,36.27035],[129.33936,36.26665],[129.32843,36.26746],[129.31422,36.2709],[129.30436,36.26773],[129.3001,36.27358],[129.29338,36.27637],[129.29222,36.27906]]]},"properties":{"key":"경상북도|포항시북구|송라면","code":"4711333000"}},{"type":"Feature","geometry":{"type":"Polygon","coordinates":[[[129.22577,36.14271],[129.21805,36.14247],[129.21045,36.13899],[129.20253,36.13807],[129.20267,36.13207],[129.19767,36.12638],[129.18391,36.11975],[129.1846,36.11025],[129.18156,36.10461],[129.17181,36.10488],[129.16764,36.10271],[129.1585,36.10358],[129.15249,36.10163],[129.1488,36.10836],[129.14219,36.11317],[129.14453,36.11952],[129.13771,36.13022],[129.13889,36.13978],[129.12636,36.13608],[129.12148,36.13267],[129.11931,36.12682],[129.11261,36.12009],[129.10444,36.11665],[129.10503,36.11422],[129.09902,36.10708],[129.09324,36.10466],[129.09255,36.0998],[129.1009,36.08908],[129.11076,36.08367],[129.112,36.07984],[129.11994,36.07892],[129.12883,36.08086],[129.13336,36.07489],[129.13339,36.06884],[129.14133,36.05802],[129.14926,36.05742],[129.15157,36.05484],[129.16441,36.05552],[129.17725,36.04805],[129.1792,36.04],[129.17906,36.0276],[129.18488,36.02939],[129.1949,36.03699],[129.19772,36.04038],[129.20418,36.04307],[129.22357,36.04377],[129.22753,36.04804],[129.23768,36.05276],[129.24148,36.06277],[129.2428,36.07003],[129.24762,36.07347],[129.24156,36.07922],[129.23454,36.08053],[129.22976,36.09443],[129.23392,36.10117],[129.2307,36.10368],[129.22849,36.11068],[129.23217,36.11592],[129.23038,36.12777],[129.22805,36.13185],[129.22577,36.14271]]]},"properties":{"key":"경상북도|포항시북구|기계면","code":"4711334000"}},{"type":"Feature","geometry":{"type":"Polygon","coordinates":[[[129.28726,36.3325],[129.27577,36.32777],[129.26745,36.33004],[129.26667,36.3208],[129.25195,36.32091],[129.2493,36.31905],[129.23883,36.31734],[129.23641,36.31422],[129.22531,36.30856],[129.21973,36.30348],[129.22387,36.29911],[129.22406,36.29092],[129.221,36.28777],[129.22571,36.28241],[129.22144,36.27759],[129.22073,36.27318],[129.21396,36.27173],[129.20572,36.26456],[129.20412,36.25621],[129.19899,36.25008],[129.19802,36.24449],[129.19471,36.24336],[129.19042,36.23653],[129.17888,36.2272],[129.17103,36.22464],[129.16335,36.23181],[129.14712,36.23926],[129.14493,36.24392],[129.13886,36.24953],[129.13795,36.25507],[129.13237,36.26215],[129.12653,36.26417],[129.12387,36.26215],[129.11719,36.26609],[129.11265,36.26445],[129.10588,36.26692],[129.10275,36.26478],[129.09896,36.27102],[129.0935,36.27389],[129.09029,36.27255],[129.08066,36.27742],[129.06565,36.27378],[129.05988,36.26803],[129.05967,36.26472],[129.05299,36.26369],[129.05312,36.25961],[129.05668,36.25501],[129.06199,36.25204],[129.06539,36.25374],[129.07254,36.25217],[129.0809,36.23396],[129.0669,36.22682],[129.06608,36.22149],[129.0626,36.22021],[129.05664,36.22396],[129.0513,36.22213],[129.04376,36.2221],[129.03925,36.21904],[129.03547,36.20811],[129.03588,36.20524],[129.02759,36.19285],[129.02838,36.18753],[129.02526,36.18254],[129.00974,36.17894],[129.00066,36.17972],[128.9923,36.17589],[128.99154,36.17067],[128.98749,36.16796],[128.99509,36.16646],[128.99791,36.16417],[129.00676,36.16259],[129.01224,36.16302],[129.02562,36.15901],[129.03162,36.16064],[129.04492,36.15669],[129.04544,36.15118],[129.05062,36.15063],[129.05916,36.144],[129.06174,36.14352],[129.06411,36.13641],[129.05926,36.13537],[129.05663,36.13166],[129.06654,36.12411],[129.07131,36.11474],[129.07872,36.11159],[129.08191,36.11724],[129.09773,36.12185],[129.10444,36.11665],[129.11261,36.12009],[129.11931,36.12682],[129.12148,36.13267],[129.12636,36.13608],[129.13889,36.13978],[129.14331,36.15057],[129.14874,36.15687],[129.14867,36.16063],[129.15888,36.16497],[129.1664,36.16348],[129.17272,36.17303],[129.17473,36.17854],[129.18486,36.1831],[129.18812,36.18697],[129.18535,36.19371],[129.19367,36.20221],[129.20227,36.20815],[129.2119,36.2067],[129.21386,36.20995],[129.22158,36.21565],[129.22616,36.21593],[129.23056,36.21945],[129.24566,36.21984],[129.25027,36.21698],[129.25701,36.21637],[129.26057,36.21346],[129.26413,36.21775],[129.2575,36.22025],[129.24532,36.23262],[129.24415,36.23782],[129.25221,36.23871],[129.25698,36.24148],[129.25591,36.24975],[129.26111,36.25599],[129.25859,36.26335],[129.26159,36.26865],[129.26814,36.2707],[129.27035,36.27435],[129.28144,36.2745],[129.29222,36.27906],[129.28661,36.2861],[129.28789,36.28888],[129.28649,36.2984],[129.30021,36.30731],[129.30166,36.3181],[129.29167,36.32472],[129.28726,36.3325]]]},"properties":{"key":"경상북도|포항시북구|죽장면","code":"4711335000"}},{"type":"Feature","geometry":{"type":"Polygon","coordinates":[[[129.2119,36.2067],[129.20227,36.20815],[129.19367,36.20221],[129.18535,36.19371],[129.18812,36.18697],[129.18486,36.1831],[129.17473,36.17854],[129.17272,36.17303],[129.1664,36.16348],[129.15888,36.16497],[129.14867,36.16063],[129.14874,36.15687],[129.14331,36.15057],[129.13889,36.13978],[129.13771,36.13022],[129.14453,36.11952],[129.14219,36.11317],[129.1488,36.10836],[129.15249,36.10163],[129.1585,36.10358],[129.16764,36.10271],[129.17181,36.10488],[129.18156,36.10461],[129.1846,36.11025],[129.18391,36.11975],[129.19767,36.12638],[129.20267,36.13207],[129.20253,36.13807],[129.21045,36.13899],[129.21805,36.14247],[129.22577,36.14271],[129.22841,36.15034],[129.22217,36.15553],[129.21644,36.16917],[129.22011,36.17204],[129.21813,36.18012],[129.22209,36.18938],[129.22535,36.1937],[129.22251,36.19946],[129.2119,36.2067]]]},"properties":{"key":"경상북도|포항시북구|기북면","code":"4711336000"}},{"type":"Feature","geometry":{"type":"Polygon","coordinates":[[[129.33573,36.04495],[129.33156,36.04266],[129.33482,36.04101],[129.339,36.03051],[129.34404,36.02737],[129.34779,36.01872],[129.35229,36.02439],[129.35247,36.03175],[129.34735,36.03656],[129.3428,36.03666],[129.34109,36.04084],[129.33573,36.04495]]]},"properties":{"key":"경상북도|포항시북구|양학동","code":"4711363000"}},{"type":"Feature","geometry":{"type":"Polygon","coordinates":[[[129.34199,36.05489],[129.33933,36.05448],[129.33573,36.04495],[129.34109,36.04084],[129.3428,36.03666],[129.34735,36.03656],[129.35247,36.03175],[129.35229,36.02439],[129.36051,36.03353],[129.35915,36.03625],[129.36192,36.04368],[129.36098,36.04685],[129.35765,36.04666],[129.34199,36.05489]]]},"properties":{"key":"경상북도|포항시북구|용흥동","code":"4711366500"}},{"type":"Feature","geometry":{"type":"Polygon","coordinates":[[[129.36067,36.08013],[129.35573,36.0785],[129.35051,36.07072],[129.3462,36.07079],[129.34199,36.05489],[129.35765,36.04666],[129.36098,36.04685],[129.36713,36.0534],[129.37019,36.05914],[129.37238,36.069],[129.36823,36.06956],[129.36385,36.07367],[129.36067,36.08013]]]},"properties":{"key":"경상북도|포항시북구|우창동","code":"4711368000"}},{"type":"Feature","geometry":{"type":"Polygon","coordinates":[[[129.38848,36.06895],[129.38274,36.07222],[129.3813,36.06576],[129.37721,36.06336],[129.37238,36.069],[129.37019,36.05914],[129.37852,36.05563],[129.3809,36.06041],[129.38702,36.06417],[129.39578,36.06331],[129.3903,36.06523],[129.38848,36.06895]]]},"properties":{"key":"경상북도|포항시북구|두호동","code":"4711369000"}},{"type":"Feature","geometry":{"type":"Polygon","coordinates":[[[129.41132,36.08048],[129.40727,36.08638],[129.405,36.09397],[129.38734,36.0958],[129.37852,36.0993],[129.36902,36.09609],[129.36014,36.08872],[129.36067,36.08013],[129.36385,36.07367],[129.36823,36.06956],[129.37238,36.069],[129.37721,36.06336],[129.3813,36.06576],[129.38274,36.07222],[129.38848,36.06895],[129.39496,36.07602],[129.40762,36.07727],[129.41132,36.08048]]]},"properties":{"key":"경상북도|포항시북구|장량동","code":"4711370000"}},{"type":"Feature","geometry":{"type":"Polygon","coordinates":[[[129.39578,36.06331],[129.40148,36.06943],[129.41106,36.07312],[129.41797,36.07352],[129.42017,36.07691],[129.41721,36.08167],[129.41132,36.08048],[129.40762,36.07727],[129.39496,36.07602],[129.38848,36.06895],[129.3903,36.06523],[129.39578,36.06331]]]},"properties":{"key":"경상북도|포항시북구|환여동","code":"4711371000"}},{"type":"Feature","geometry":{"type":"Polygon","coordinates":[[[129.37852,36.05563],[129.37019,36.05914],[129.36713,36.0534],[129.36098,36.04685],[129.36192,36.04368],[129.35915,36.03625],[129.36051,36.03353],[129.37025,36.0369],[129.37368,36.04956],[129.37819,36.0515],[129.37852,36.05563]]]},"properties":{"key":"경상북도|포항시북구|중앙동","code":"4711352000"}},{"type":"Feature","geometry":{"type":"Polygon","coordinates":[[[129.37025,36.0369],[129.36051,36.03353],[129.35229,36.02439],[129.34779,36.01872],[129.34898,36.01534],[129.35398,36.01513],[129.36123,36.02218],[129.36207,36.02724],[129.36566,36.02795],[129.37155,36.03314],[129.37025,36.0369]]]},"properties":{"key":"경상북도|포항시북구|죽도동","code":"4711365500"}},{"type":"Feature","geometry":{"type":"Polygon","coordinates":[[[129.51826,35.84194],[129.51277,35.83997],[129.50114,35.83985],[129.48962,35.84353],[129.48008,35.85292],[129.47474,35.84974],[129.46062,35.84877],[129.45485,35.84676],[129.45258,35.83899],[129.45247,35.83255],[129.45491,35.8226],[129.45403,35.81848],[129.44844,35.81603],[129.45069,35.8078],[129.44512,35.80458],[129.44216,35.79876],[129.4485,35.79286],[129.45661,35.78006],[129.46494,35.77238],[129.4676,35.75978],[129.48094,35.74805],[129.48472,35.74342],[129.49344,35.75166],[129.4916,35.75846],[129.49475,35.76209],[129.49439,35.76987],[129.49687,35.77353],[129.4929,35.78061],[129.49184,35.7866],[129.49325,35.79086],[129.49829,35.79034],[129.50139,35.79304],[129.49999,35.80058],[129.50342,35.80114],[129.50623,35.80867],[129.5144,35.81589],[129.50964,35.82352],[129.51652,35.83534],[129.52079,35.83757],[129.51826,35.84194]]]},"properties":{"key":"경상북도|경주시|감포읍","code":"4713025000"}},{"type":"Feature","geometry":{"type":"Polygon","coordinates":[[[129.23768,36.05276],[129.22753,36.04804],[129.22357,36.04377],[129.20418,36.04307],[129.19772,36.04038],[129.1949,36.03699],[129.18488,36.02939],[129.17906,36.0276],[129.1792,36.04],[129.17725,36.04805],[129.16441,36.05552],[129.15157,36.05484],[129.15134,36.04963],[129.14633,36.04552],[129.13969,36.04319],[129.13421,36.03424],[129.14037,36.02468],[129.14429,36.01152],[129.13252,36.00576],[129.12272,36.00684],[129.1168,36.01255],[129.11436,36.0121],[129.11046,36.00479],[129.11301,36.00139],[129.11057,35.99674],[129.11264,35.99131],[129.11714,35.98553],[129.11809,35.97412],[129.11778,35.96006],[129.12491,35.95075],[129.12739,35.94987],[129.12839,35.93868],[129.13175,35.93767],[129.13484,35.93166],[129.13697,35.93119],[129.1496,35.93466],[129.15226,35.93204],[129.1623,35.93154],[129.17183,35.92505],[129.18069,35.92474],[129.19024,35.91683],[129.19392,35.91134],[129.20045,35.91412],[129.20799,35.91291],[129.22127,35.90912],[129.22804,35.90504],[129.23848,35.9109],[129.23869,35.91785],[129.23169,35.92853],[129.23278,35.93293],[129.2402,35.93742],[129.23829,35.94958],[129.23688,35.95803],[129.23861,35.96286],[129.23703,35.97426],[129.24618,35.98289],[129.23903,35.98735],[129.24643,35.99188],[129.24364,35.998],[129.23664,35.99772],[129.23457,36.00866],[129.23879,36.0124],[129.24038,36.01814],[129.23866,36.02682],[129.24008,36.03018],[129.23762,36.03501],[129.23536,36.04519],[129.23768,36.05276]]]},"properties":{"key":"경상북도|경주시|안강읍","code":"4713025300"}},{"type":"Feature","geometry":{"type":"Polygon","coordinates":[[[129.13593,35.86835],[129.13823,35.87062],[129.13575,35.87672],[129.13723,35.88293],[129.1319,35.89073],[129.11564,35.90183],[129.11008,35.91102],[129.11072,35.90383],[129.10622,35.897],[129.09658,35.89409],[129.09898,35.88704],[129.09504,35.88068],[129.08993,35.87756],[129.08282,35.87782],[129.07919,35.87027],[129.07229,35.87585],[129.06276,35.87203],[129.05894,35.86362],[129.05896,35.85625],[129.05134,35.85284],[129.04862,35.84926],[129.03931,35.84244],[129.0445,35.83805],[129.04373,35.83086],[129.04116,35.82598],[129.05596,35.82361],[129.06037,35.81706],[129.06082,35.80853],[129.06336,35.80039],[129.06396,35.79352],[129.07556,35.78979],[129.08421,35.7891],[129.08882,35.79452],[129.0933,35.78908],[129.10796,35.78463],[129.10903,35.77906],[129.11237,35.77417],[129.11975,35.76913],[129.1336,35.76323],[129.13627,35.76741],[129.13341,35.77304],[129.14065,35.77545],[129.14565,35.77505],[129.14817,35.78137],[129.15605,35.78775],[129.16038,35.79557],[129.16475,35.79911],[129.16009,35.80316],[129.16024,35.80909],[129.15767,35.81176],[129.15243,35.81517],[129.1458,35.81531],[129.14309,35.82122],[129.13514,35.82587],[129.13075,35.83204],[129.13409,35.83554],[129.13496,35.84073],[129.13022,35.8457],[129.13474,35.85739],[129.13683,35.86732],[129.13593,35.86835]]]},"properties":{"key":"경상북도|경주시|건천읍","code":"4713025600"}},{"type":"Feature","geometry":{"type":"Polygon","coordinates":[[[129.35395,35.77304],[129.34993,35.7762],[129.34707,35.7819],[129.3379,35.77851],[129.32342,35.77832],[129.31626,35.7766],[129.30916,35.76753],[129.30094,35.76684],[129.29835,35.76079],[129.29122,35.76202],[129.28173,35.75807],[129.2842,35.74963],[129.27662,35.74737],[129.27055,35.74301],[129.26679,35.73776],[129.26249,35.73829],[129.26632,35.72367],[129.26784,35.71309],[129.26303,35.70937],[129.25604,35.70078],[129.26269,35.69145],[129.2623,35.68601],[129.25863,35.68349],[129.26086,35.67939],[129.25981,35.67303],[129.25425,35.66626],[129.25517,35.66034],[129.26008,35.65451],[129.2695,35.65104],[129.27529,35.65289],[129.28214,35.64949],[129.28451,35.65145],[129.29581,35.6443],[129.30279,35.64835],[129.30357,35.65697],[129.31075,35.66023],[129.31879,35.65841],[129.32399,35.65921],[129.33067,35.66585],[129.33721,35.6689],[129.34162,35.67083],[129.34879,35.67733],[129.35389,35.67955],[129.36455,35.67877],[129.36447,35.68743],[129.36624,35.69875],[129.36616,35.70547],[129.36852,35.71904],[129.37404,35.7224],[129.37308,35.72802],[129.36479,35.73015],[129.36298,35.73767],[129.36681,35.73948],[129.36847,35.74612],[129.36237,35.75043],[129.35462,35.75812],[129.35533,35.76101],[129.35395,35.77304]]]},"properties":{"key":"경상북도|경주시|외동읍","code":"4713025900"}},{"type":"Feature","geometry":{"type":"Polygon","coordinates":[[[129.45485,35.84676],[129.44902,35.85134],[129.44965,35.85447],[129.44611,35.85901],[129.44454,35.86677],[129.44085,35.86886],[129.43719,35.87849],[129.42142,35.88399],[129.42145,35.87801],[129.41463,35.87615],[129.41021,35.87042],[129.41011,35.86156],[129.40612,35.85797],[129.39368,35.85824],[129.39066,35.8639],[129.37495,35.86342],[129.37621,35.85881],[129.3727,35.85729],[129.37125,35.84493],[129.36837,35.84086],[129.37762,35.83386],[129.37801,35.82962],[129.3732,35.82706],[129.371,35.82043],[129.36711,35.81473],[129.35859,35.81103],[129.35664,35.80263],[129.34785,35.80232],[129.35203,35.79321],[129.35135,35.78499],[129.35477,35.78035],[129.35395,35.77304],[129.35533,35.76101],[129.35462,35.75812],[129.36237,35.75043],[129.36847,35.74612],[129.37159,35.75302],[129.38027,35.75672],[129.38609,35.7514],[129.39257,35.74844],[129.40296,35.74638],[129.41462,35.74216],[129.42663,35.74572],[129.43445,35.75458],[129.44024,35.75136],[129.44399,35.73803],[129.45203,35.73626],[129.46433,35.73142],[129.4672,35.72463],[129.47797,35.7211],[129.48167,35.72246],[129.48568,35.72888],[129.48472,35.74342],[129.48094,35.74805],[129.4676,35.75978],[129.46494,35.77238],[129.45661,35.78006],[129.4485,35.79286],[129.44216,35.79876],[129.44512,35.80458],[129.45069,35.8078],[129.44844,35.81603],[129.45403,35.81848],[129.45491,35.8226],[129.45247,35.83255],[129.45258,35.83899],[129.45485,35.84676]]]},"properties":{"key":"경상북도|경주시|문무대왕면","code":"4713031500"}},{"type":"Feature","geometry":{"type":"Polygon","coordinates":[[[129.48167,35.72246],[129.47797,35.7211],[129.4672,35.72463],[129.46433,35.73142],[129.45203,35.73626],[129.44399,35.73803],[129.44024,35.75136],[129.43445,35.75458],[129.42663,35.74572],[129.41462,35.74216],[129.40296,35.74638],[129.39257,35.74844],[129.38609,35.7514],[129.38027,35.75672],[129.37159,35.75302],[129.36847,35.74612],[129.36681,35.73948],[129.36298,35.73767],[129.36479,35.73015],[129.37308,35.72802],[129.37404,35.7224],[129.36852,35.71904],[129.36616,35.70547],[129.36624,35.69875],[129.36447,35.68743],[129.36455,35.67877],[129.37347,35.66984],[129.38099,35.67108],[129.4008,35.66711],[129.40304,35.66325],[129.41263,35.66402],[129.4174,35.66054],[129.42839,35.65594],[129.44464,35.65388],[129.45001,35.65095],[129.45355,35.66205],[129.45707,35.66597],[129.46509,35.6663],[129.4649,35.67254],[129.46699,35.67884],[129.47255,35.68025],[129.47573,35.68574],[129.47605,35.6978],[129.47305,35.70345],[129.4745,35.70855],[129.48007,35.71296],[129.47929,35.71734],[129.48167,35.72246]]]},"properties":{"key":"경상북도|경주시|양남면","code":"4713032000"}},{"type":"Feature","geometry":{"type":"Polygon","coordinates":[[[129.22291,35.78743],[129.22002,35.78957],[129.21015,35.78888],[129.2056,35.79069],[129.19713,35.79003],[129.19682,35.79743],[129.19184,35.7945],[129.18133,35.79265],[129.17753,35.79039],[129.17304,35.79743],[129.16475,35.79911],[129.16038,35.79557],[129.15605,35.78775],[129.14817,35.78137],[129.14565,35.77505],[129.14065,35.77545],[129.13341,35.77304],[129.13627,35.76741],[129.1336,35.76323],[129.11975,35.76913],[129.11237,35.77417],[129.10903,35.77906],[129.10796,35.78463],[129.0933,35.78908],[129.08882,35.79452],[129.08421,35.7891],[129.0841,35.78291],[129.09099,35.7694],[129.08962,35.76537],[129.09188,35.75966],[129.08974,35.75117],[129.08585,35.7416],[129.0903,35.73703],[129.0905,35.72802],[129.08595,35.71754],[129.09103,35.70257],[129.10168,35.70623],[129.11611,35.70826],[129.12328,35.70748],[129.12917,35.71287],[129.13524,35.71193],[129.14004,35.71808],[129.13853,35.72088],[129.14572,35.7247],[129.15437,35.72171],[129.16064,35.71488],[129.17332,35.71439],[129.17686,35.71553],[129.18152,35.72314],[129.19765,35.71579],[129.20091,35.71602],[129.20723,35.72151],[129.21405,35.71525],[129.21944,35.71346],[129.22669,35.70832],[129.23254,35.70807],[129.23406,35.70358],[129.25604,35.70078],[129.26303,35.70937],[129.26784,35.71309],[129.26632,35.72367],[129.26249,35.73829],[129.25828,35.74258],[129.25988,35.74805],[129.25611,35.7619],[129.25729,35.76924],[129.25161,35.77408],[129.24945,35.77188],[129.23644,35.7666],[129.23143,35.77371],[129.23226,35.77922],[129.22348,35.78517],[129.22291,35.78743]]]},"properties":{"key":"경상북도|경주시|내남면","code":"4713033000"}},{"type":"Feature","geometry":{"type":"Polygon","coordinates":[[[129.03931,35.84244],[129.03001,35.8447],[129.0161,35.8498],[129.01413,35.8462],[129.01639,35.84061],[129.0138,35.83561],[129.00833,35.8319],[129.00434,35.82331],[129.00336,35.81636],[128.99724,35.80638],[128.99051,35.80045],[128.99298,35.79545],[128.98762,35.78547],[128.98757,35.77243],[128.97418,35.77011],[128.97459,35.76009],[128.96988,35.75277],[128.97417,35.74781],[128.97274,35.73695],[128.97796,35.73421],[128.98978,35.72347],[128.99129,35.71931],[128.99703,35.71739],[128.99669,35.71256],[129.00498,35.70485],[129.00388,35.69769],[129.01954,35.68822],[129.03245,35.69047],[129.03794,35.68748],[129.03606,35.67775],[129.0344,35.67623],[129.03972,35.66661],[129.04035,35.6582],[129.04731,35.65015],[129.06433,35.64625],[129.07413,35.64009],[129.08121,35.64343],[129.08107,35.64748],[129.07015,35.65775],[129.06761,35.6618],[129.06947,35.66911],[129.06833,35.67312],[129.07303,35.67801],[129.06949,35.68073],[129.07743,35.69302],[129.08857,35.70202],[129.09103,35.70257],[129.08595,35.71754],[129.0905,35.72802],[129.0903,35.73703],[129.08585,35.7416],[129.08974,35.75117],[129.09188,35.75966],[129.08962,35.76537],[129.09099,35.7694],[129.0841,35.78291],[129.08421,35.7891],[129.07556,35.78979],[129.06396,35.79352],[129.06336,35.80039],[129.06082,35.80853],[129.06037,35.81706],[129.05596,35.82361],[129.04116,35.82598],[129.04373,35.83086],[129.0445,35.83805],[129.03931,35.84244]]]},"properties":{"key":"경상북도|경주시|산내면","code":"4713034000"}},{"type":"Feature","geometry":{"type":"Polygon","coordinates":[[[129.11525,35.917],[129.11387,35.92321],[129.10987,35.92984],[129.10066,35.93767],[129.09457,35.94069],[129.08201,35.93745],[129.07852,35.9418],[129.0671,35.94227],[129.06291,35.93801],[129.06067,35.93428],[129.06051,35.92615],[129.05745,35.926],[129.05487,35.92013],[129.04854,35.91923],[129.04556,35.91267],[129.03786,35.91208],[129.02853,35.90467],[129.02897,35.89823],[129.02605,35.89057],[129.03292,35.87071],[129.027,35.86317],[129.02421,35.86279],[129.01871,35.85641],[129.0161,35.8498],[129.03001,35.8447],[129.03931,35.84244],[129.04862,35.84926],[129.05134,35.85284],[129.05896,35.85625],[129.05894,35.86362],[129.06276,35.87203],[129.07229,35.87585],[129.07919,35.87027],[129.08282,35.87782],[129.08993,35.87756],[129.09504,35.88068],[129.09898,35.88704],[129.09658,35.89409],[129.10622,35.897],[129.11072,35.90383],[129.11008,35.91102],[129.11525,35.917]]]},"properties":{"key":"경상북도|경주시|서면","code":"4713035000"}},{"type":"Feature","geometry":{"type":"Polygon","coordinates":[[[129.23848,35.9109],[129.22804,35.90504],[129.22127,35.90912],[129.20799,35.91291],[129.20045,35.91412],[129.19392,35.91134],[129.19024,35.91683],[129.18069,35.92474],[129.17183,35.92505],[129.1623,35.93154],[129.15226,35.93204],[129.1496,35.93466],[129.13697,35.93119],[129.13484,35.93166],[129.13094,35.92403],[129.12737,35.9218],[129.12116,35.92223],[129.11525,35.917],[129.11008,35.91102],[129.11564,35.90183],[129.1319,35.89073],[129.13723,35.88293],[129.13575,35.87672],[129.13823,35.87062],[129.13593,35.86835],[129.13683,35.86732],[129.13943,35.86363],[129.1491,35.86045],[129.15719,35.8645],[129.17121,35.86173],[129.17417,35.85979],[129.17485,35.86452],[129.17849,35.86981],[129.18183,35.87097],[129.1915,35.86897],[129.20357,35.86274],[129.2117,35.87351],[129.21719,35.88274],[129.22322,35.88564],[129.2275,35.8869],[129.23394,35.89622],[129.23797,35.90574],[129.23848,35.9109]]]},"properties":{"key":"경상북도|경주시|현곡면","code":"4713036000"}},{"type":"Feature","geometry":{"type":"Polygon","coordinates":[[[129.27536,36.07949],[129.26301,36.0752],[129.25086,36.0725],[129.24762,36.07347],[129.2428,36.07003],[129.24148,36.06277],[129.23768,36.05276],[129.23536,36.04519],[129.23762,36.03501],[129.24008,36.03018],[129.23866,36.02682],[129.24038,36.01814],[129.23879,36.0124],[129.23457,36.00866],[129.23664,35.99772],[129.24364,35.998],[129.24643,35.99188],[129.23903,35.98735],[129.24618,35.98289],[129.23703,35.97426],[129.23861,35.96286],[129.23688,35.95803],[129.23829,35.94958],[129.24468,35.94658],[129.24771,35.94304],[129.26039,35.94182],[129.26642,35.94456],[129.27356,35.9455],[129.27868,35.94214],[129.27908,35.93859],[129.28681,35.93168],[129.29498,35.933],[129.30349,35.92953],[129.30701,35.92963],[129.31696,35.92554],[129.3238,35.92732],[129.3296,35.9266],[129.33302,35.93066],[129.32955,35.93678],[129.31878,35.94378],[129.31668,35.94642],[129.32001,35.95807],[129.31534,35.95935],[129.31229,35.96835],[129.30789,35.96966],[129.30568,35.97527],[129.30536,35.98308],[129.30287,35.98699],[129.30465,35.99019],[129.30333,35.9958],[129.29613,35.9948],[129.29583,36.00353],[129.29733,36.0074],[129.29296,36.01345],[129.284,36.02227],[129.27868,36.02457],[129.27667,36.02856],[129.27883,36.03187],[129.28399,36.04664],[129.28089,36.0577],[129.28659,36.06244],[129.28489,36.07188],[129.27536,36.07949]]]},"properties":{"key":"경상북도|경주시|강동면","code":"4713037000"}},{"type":"Feature","geometry":{"type":"Polygon","coordinates":[[[129.3296,35.9266],[129.3238,35.92732],[129.31696,35.92554],[129.30701,35.92963],[129.30349,35.92953],[129.29498,35.933],[129.28681,35.93168],[129.27908,35.93859],[129.27868,35.94214],[129.27356,35.9455],[129.26642,35.94456],[129.26039,35.94182],[129.24771,35.94304],[129.24468,35.94658],[129.23829,35.94958],[129.2402,35.93742],[129.23278,35.93293],[129.23169,35.92853],[129.23869,35.91785],[129.23848,35.9109],[129.23797,35.90574],[129.23394,35.89622],[129.2275,35.8869],[129.23145,35.88679],[129.24118,35.88128],[129.24434,35.87476],[129.24401,35.87094],[129.25451,35.87075],[129.26853,35.86133],[129.27469,35.86182],[129.27572,35.8672],[129.28518,35.86402],[129.29148,35.86765],[129.29794,35.86661],[129.30648,35.8675],[129.3105,35.87453],[129.30901,35.87987],[129.31083,35.88596],[129.30909,35.88805],[129.31247,35.89828],[129.32252,35.90515],[129.33448,35.90556],[129.33407,35.91115],[129.33643,35.91745],[129.3296,35.9266]]]},"properties":{"key":"경상북도|경주시|천북면","code":"4713038000"}},{"type":"Feature","geometry":{"type":"Polygon","coordinates":[[[129.20357,35.86274],[129.1915,35.86897],[129.18183,35.87097],[129.17849,35.86981],[129.17485,35.86452],[129.17417,35.85979],[129.17457,35.85708],[129.18198,35.85277],[129.19138,35.85016],[129.1979,35.84613],[129.20056,35.84215],[129.20742,35.8422],[129.20696,35.85019],[129.21357,35.85008],[129.21548,35.85338],[129.20568,35.85909],[129.20357,35.86274]]]},"properties":{"key":"경상북도|경주시|성건동","code":"4713055000"}},{"type":"Feature","geometry":{"type":"Polygon","coordinates":[[[129.28644,35.79442],[129.28533,35.79761],[129.27638,35.80327],[129.27644,35.8079],[129.26877,35.81677],[129.26495,35.83046],[129.26641,35.83538],[129.26634,35.84961],[129.25543,35.84559],[129.24322,35.84051],[129.23038,35.84449],[129.22913,35.84135],[129.22227,35.84162],[129.21689,35.83727],[129.2135,35.8323],[129.21317,35.82308],[129.21661,35.82441],[129.22346,35.82031],[129.22905,35.81395],[129.22682,35.81204],[129.22934,35.80546],[129.22889,35.79715],[129.22652,35.78998],[129.22291,35.78743],[129.22348,35.78517],[129.23226,35.77922],[129.23143,35.77371],[129.23644,35.7666],[129.24945,35.77188],[129.25161,35.77408],[129.2537,35.78207],[129.25426,35.79109],[129.25669,35.79481],[129.26495,35.79065],[129.27192,35.78895],[129.28644,35.79442]]]},"properties":{"key":"경상북도|경주시|월성동","code":"4713060500"}},{"type":"Feature","geometry":{"type":"Polygon","coordinates":[[[129.13683,35.86732],[129.13474,35.85739],[129.13022,35.8457],[129.13496,35.84073],[129.13409,35.83554],[129.13075,35.83204],[129.13514,35.82587],[129.14309,35.82122],[129.1458,35.81531],[129.15243,35.81517],[129.15767,35.81176],[129.16212,35.82083],[129.17337,35.81859],[129.18057,35.81328],[129.18904,35.81208],[129.19905,35.81763],[129.19748,35.82457],[129.19858,35.8317],[129.20224,35.83825],[129.20056,35.84215],[129.1979,35.84613],[129.19138,35.85016],[129.18198,35.85277],[129.17457,35.85708],[129.17417,35.85979],[129.17121,35.86173],[129.15719,35.8645],[129.1491,35.86045],[129.13943,35.86363],[129.13683,35.86732]]]},"properties":{"key":"경상북도|경주시|선도동","code":"4713059000"}},{"type":"Feature","geometry":{"type":"Polygon","coordinates":[[[129.24401,35.87094],[129.24434,35.87476],[129.24118,35.88128],[129.23145,35.88679],[129.2275,35.8869],[129.22322,35.88564],[129.22529,35.87832],[129.22222,35.87261],[129.22022,35.85932],[129.23175,35.86175],[129.23397,35.85963],[129.24289,35.85872],[129.24401,35.87094]]]},"properties":{"key":"경상북도|경주시|용강동","code":"4713061500"}},{"type":"Feature","geometry":{"type":"Polygon","coordinates":[[[129.22322,35.88564],[129.21719,35.88274],[129.2117,35.87351],[129.20357,35.86274],[129.20568,35.85909],[129.21548,35.85338],[129.21781,35.85203],[129.22022,35.85932],[129.22222,35.87261],[129.22529,35.87832],[129.22322,35.88564]]]},"properties":{"key":"경상북도|경주시|황성동","code":"4713062100"}},{"type":"Feature","geometry":{"type":"Polygon","coordinates":[[[129.24289,35.85872],[129.23397,35.85963],[129.23175,35.86175],[129.22022,35.85932],[129.21781,35.85203],[129.23038,35.84449],[129.24322,35.84051],[129.25543,35.84559],[129.24289,35.85872]]]},"properties":{"key":"경상북도|경주시|동천동","code":"4713063000"}},{"type":"Feature","geometry":{"type":"Polygon","coordinates":[[[129.34785,35.80232],[129.34531,35.80153],[129.33639,35.8077],[129.32518,35.80917],[129.32034,35.8129],[129.31844,35.81722],[129.31114,35.81769],[129.29895,35.81547],[129.29702,35.80852],[129.30004,35.79985],[129.29616,35.79166],[129.2914,35.79138],[129.28644,35.79442],[129.27192,35.78895],[129.26495,35.79065],[129.25669,35.79481],[129.25426,35.79109],[129.2537,35.78207],[129.25161,35.77408],[129.25729,35.76924],[129.25611,35.7619],[129.25988,35.74805],[129.25828,35.74258],[129.26249,35.73829],[129.26679,35.73776],[129.27055,35.74301],[129.27662,35.74737],[129.2842,35.74963],[129.28173,35.75807],[129.29122,35.76202],[129.29835,35.76079],[129.30094,35.76684],[129.30916,35.76753],[129.31626,35.7766],[129.32342,35.77832],[129.3379,35.77851],[129.34707,35.7819],[129.34993,35.7762],[129.35395,35.77304],[129.35477,35.78035],[129.35135,35.78499],[129.35203,35.79321],[129.34785,35.80232]]]},"properties":{"key":"경상북도|경주시|불국동","code":"4713065000"}},{"type":"Feature","geometry":{"type":"Polygon","coordinates":[[[129.33448,35.90556],[129.32252,35.90515],[129.31247,35.89828],[129.30909,35.88805],[129.31083,35.88596],[129.30901,35.87987],[129.3105,35.87453],[129.30648,35.8675],[129.29794,35.86661],[129.29148,35.86765],[129.28518,35.86402],[129.27572,35.8672],[129.27469,35.86182],[129.26853,35.86133],[129.25451,35.87075],[129.24401,35.87094],[129.24289,35.85872],[129.25543,35.84559],[129.26634,35.84961],[129.26641,35.83538],[129.26495,35.83046],[129.26877,35.81677],[129.27644,35.8079],[129.27638,35.80327],[129.28533,35.79761],[129.28644,35.79442],[129.2914,35.79138],[129.29616,35.79166],[129.30004,35.79985],[129.29702,35.80852],[129.29895,35.81547],[129.31114,35.81769],[129.31844,35.81722],[129.32034,35.8129],[129.32518,35.80917],[129.33639,35.8077],[129.34531,35.80153],[129.34785,35.80232],[129.35664,35.80263],[129.35859,35.81103],[129.36711,35.81473],[129.371,35.82043],[129.3732,35.82706],[129.37801,35.82962],[129.37762,35.83386],[129.36837,35.84086],[129.37125,35.84493],[129.3727,35.85729],[129.37621,35.85881],[129.37495,35.86342],[129.37172,35.8613],[129.36058,35.86526],[129.35505,35.87278],[129.36365,35.87853],[129.36112,35.88819],[129.35717,35.88588],[129.34256,35.88921],[129.33831,35.89469],[129.33319,35.90223],[129.33448,35.90556]]]},"properties":{"key":"경상북도|경주시|보덕동","code":"4713066000"}},{"type":"Feature","geometry":{"type":"Polygon","coordinates":[[[129.20224,35.83825],[129.21351,35.84046],[129.21689,35.83727],[129.22227,35.84162],[129.22913,35.84135],[129.23038,35.84449],[129.21781,35.85203],[129.21548,35.85338],[129.21357,35.85008],[129.20696,35.85019],[129.20742,35.8422],[129.20056,35.84215],[129.20224,35.83825]]]},"properties":{"key":"경상북도|경주시|황오동","code":"4713053000"}},{"type":"Feature","geometry":{"type":"Polygon","coordinates":[[[129.21689,35.83727],[129.21351,35.84046],[129.20224,35.83825],[129.19858,35.8317],[129.19748,35.82457],[129.19905,35.81763],[129.18904,35.81208],[129.18057,35.81328],[129.17337,35.81859],[129.16212,35.82083],[129.15767,35.81176],[129.16024,35.80909],[129.16009,35.80316],[129.16475,35.79911],[129.17304,35.79743],[129.17753,35.79039],[129.18133,35.79265],[129.19184,35.7945],[129.19682,35.79743],[129.19713,35.79003],[129.2056,35.79069],[129.21015,35.78888],[129.22002,35.78957],[129.22291,35.78743],[129.22652,35.78998],[129.22889,35.79715],[129.22934,35.80546],[129.22682,35.81204],[129.22905,35.81395],[129.22346,35.82031],[129.21661,35.82441],[129.21317,35.82308],[129.2135,35.8323],[129.21689,35.83727]]]},"properties":{"key":"경상북도|경주시|황남동","code":"4713057000"}},{"type":"Feature","geometry":{"type":"Polygon","coordinates":[[[128.29181,36.17071],[128.28235,36.17221],[128.27801,36.17126],[128.27056,36.17408],[128.27017,36.17832],[128.27308,36.1824],[128.27062,36.19135],[128.27129,36.19528],[128.26252,36.19764],[128.25673,36.2011],[128.24434,36.19913],[128.23116,36.18964],[128.22752,36.18796],[128.2219,36.18298],[128.21324,36.16896],[128.2082,36.16582],[128.19344,36.16281],[128.18656,36.1577],[128.18771,36.15431],[128.18437,36.14688],[128.19091,36.1454],[128.20184,36.14063],[128.20819,36.1434],[128.21573,36.14869],[128.23682,36.13575],[128.25052,36.13187],[128.25568,36.12423],[128.25446,36.11647],[128.26219,36.11111],[128.26235,36.10603],[128.26638,36.09925],[128.2696,36.0977],[128.27559,36.10346],[128.27743,36.1137],[128.29414,36.1307],[128.2944,36.13545],[128.28712,36.13823],[128.28038,36.14292],[128.2873,36.14739],[128.28745,36.15286],[128.29065,36.15406],[128.29508,36.16831],[128.29181,36.17071]]]},"properties":{"key":"경상북도|김천시|아포읍","code":"4715025000"}},{"type":"Feature","geometry":{"type":"Polygon","coordinates":[[[128.17764,36.1315],[128.17353,36.14557],[128.16466,36.13984],[128.15901,36.13297],[128.16049,36.12942],[128.15808,36.11937],[128.16238,36.11746],[128.15744,36.10904],[128.15548,36.09886],[128.14752,36.09836],[128.14623,36.09255],[128.14953,36.08363],[128.14893,36.07625],[128.15336,36.07336],[128.15642,36.06724],[128.16878,36.05509],[128.17236,36.04521],[128.16952,36.03563],[128.17851,36.03138],[128.18263,36.03292],[128.19419,36.03195],[128.19601,36.03349],[128.19712,36.04388],[128.20178,36.04554],[128.20884,36.04492],[128.22213,36.05224],[128.224,36.05557],[128.22529,36.05821],[128.23328,36.0636],[128.22869,36.06616],[128.22806,36.07206],[128.22082,36.07459],[128.21939,36.0802],[128.21153,36.08407],[128.20719,36.08811],[128.21076,36.09801],[128.20479,36.09838],[128.1957,36.10168],[128.18571,36.10705],[128.18227,36.10687],[128.17749,36.11507],[128.17337,36.11648],[128.17108,36.1237],[128.175,36.12481],[128.17764,36.1315]]]},"properties":{"key":"경상북도|김천시|농소면","code":"4715031000"}},{"type":"Feature","geometry":{"type":"Polygon","coordinates":[[[128.27559,36.10346],[128.2696,36.0977],[128.26638,36.09925],[128.26235,36.10603],[128.26219,36.11111],[128.25446,36.11647],[128.25568,36.12423],[128.25052,36.13187],[128.23682,36.13575],[128.21573,36.14869],[128.20819,36.1434],[128.20184,36.14063],[128.19091,36.1454],[128.18437,36.14688],[128.18771,36.15431],[128.18656,36.1577],[128.17353,36.14557],[128.17764,36.1315],[128.20255,36.13112],[128.20272,36.12729],[128.19885,36.12314],[128.19015,36.11786],[128.18472,36.11745],[128.18545,36.11291],[128.17749,36.11507],[128.18227,36.10687],[128.18571,36.10705],[128.1957,36.10168],[128.20479,36.09838],[128.21076,36.09801],[128.20719,36.08811],[128.21153,36.08407],[128.21939,36.0802],[128.22082,36.07459],[128.22806,36.07206],[128.22869,36.06616],[128.23328,36.0636],[128.22529,36.05821],[128.224,36.05557],[128.23082,36.05412],[128.24226,36.04817],[128.25108,36.04917],[128.25685,36.05135],[128.26062,36.04854],[128.26934,36.04873],[128.28414,36.04661],[128.28911,36.04299],[128.29306,36.05013],[128.29862,36.05158],[128.30084,36.06257],[128.28988,36.07631],[128.28495,36.08109],[128.29323,36.09103],[128.29241,36.09438],[128.28055,36.10182],[128.27559,36.10346]]]},"properties":{"key":"경상북도|김천시|남면","code":"4715032000"}},{"type":"Feature","geometry":{"type":"Polygon","coordinates":[[[128.22752,36.18796],[128.21904,36.19699],[128.20966,36.19206],[128.20415,36.19389],[128.20016,36.19253],[128.18894,36.1989],[128.17886,36.19796],[128.17396,36.20534],[128.16353,36.2018],[128.16214,36.19787],[128.16726,36.18927],[128.15612,36.18674],[128.15459,36.18909],[128.15951,36.17473],[128.15154,36.17135],[128.1511,36.16524],[128.14593,36.15899],[128.14941,36.15593],[128.14838,36.15021],[128.15624,36.13776],[128.16466,36.13984],[128.17353,36.14557],[128.18656,36.1577],[128.19344,36.16281],[128.2082,36.16582],[128.21324,36.16896],[128.2219,36.18298],[128.22752,36.18796]]]},"properties":{"key":"경상북도|김천시|개령면","code":"4715034000"}},{"type":"Feature","geometry":{"type":"Polygon","coordinates":[[[128.2258,36.23166],[128.21824,36.23063],[128.2144,36.23666],[128.20167,36.23993],[128.19686,36.24473],[128.18812,36.24384],[128.17317,36.24544],[128.16908,36.24846],[128.16761,36.25356],[128.1619,36.25646],[128.15138,36.25647],[128.14146,36.25827],[128.13705,36.25715],[128.13115,36.25143],[128.12005,36.25281],[128.12089,36.24607],[128.11899,36.2432],[128.10869,36.23715],[128.11061,36.2308],[128.11589,36.22048],[128.11922,36.21694],[128.11816,36.21102],[128.13119,36.20586],[128.13635,36.19779],[128.14671,36.1879],[128.15459,36.18909],[128.15612,36.18674],[128.16726,36.18927],[128.16214,36.19787],[128.16353,36.2018],[128.17396,36.20534],[128.17886,36.19796],[128.18894,36.1989],[128.20016,36.19253],[128.20415,36.19389],[128.20966,36.19206],[128.21904,36.19699],[128.22752,36.18796],[128.23116,36.18964],[128.24434,36.19913],[128.23371,36.20188],[128.23858,36.20717],[128.23422,36.21416],[128.23359,36.21851],[128.23621,36.22494],[128.2258,36.23166]]]},"properties":{"key":"경상북도|김천시|감문면","code":"4715035000"}},{"type":"Feature","geometry":{"type":"Polygon","coordinates":[[[128.10869,36.23715],[128.10222,36.24333],[128.09646,36.2523],[128.08794,36.25322],[128.08714,36.24884],[128.07659,36.24163],[128.06646,36.24292],[128.06031,36.2454],[128.05097,36.24419],[128.04466,36.25268],[128.03961,36.251],[128.03545,36.24339],[128.03005,36.24031],[128.03318,36.23354],[128.03933,36.22914],[128.0393,36.22169],[128.04243,36.21727],[128.05038,36.2153],[128.05069,36.20592],[128.06296,36.19922],[128.05947,36.19108],[128.06253,36.18779],[128.07473,36.1837],[128.07931,36.18023],[128.08228,36.17224],[128.09194,36.17015],[128.09953,36.15985],[128.10759,36.15568],[128.12267,36.15519],[128.12375,36.16002],[128.13676,36.1559],[128.14413,36.1575],[128.14941,36.15593],[128.14593,36.15899],[128.1511,36.16524],[128.15154,36.17135],[128.15951,36.17473],[128.15459,36.18909],[128.14671,36.1879],[128.13635,36.19779],[128.13119,36.20586],[128.11816,36.21102],[128.11922,36.21694],[128.11589,36.22048],[128.11061,36.2308],[128.10869,36.23715]]]},"properties":{"key":"경상북도|김천시|어모면","code":"4715036000"}},{"type":"Feature","geometry":{"type":"Polygon","coordinates":[[[128.06296,36.19922],[128.05252,36.20089],[128.0452,36.19633],[128.03835,36.194],[128.03345,36.20008],[128.0263,36.20568],[128.01352,36.20913],[127.99753,36.20606],[127.99226,36.19981],[127.98602,36.2004],[127.97652,36.19235],[127.97569,36.18854],[127.98101,36.17986],[127.98468,36.17709],[127.98347,36.16977],[127.9896,36.16475],[127.99046,36.15922],[127.99563,36.15685],[127.99647,36.15369],[128.00153,36.14756],[128.00815,36.14443],[128.01627,36.14471],[128.01955,36.13836],[128.03401,36.13281],[128.06296,36.13078],[128.06747,36.12933],[128.07485,36.13421],[128.07078,36.13405],[128.06805,36.13791],[128.06873,36.14656],[128.07578,36.15308],[128.0788,36.16139],[128.07906,36.1667],[128.08228,36.17224],[128.07931,36.18023],[128.07473,36.1837],[128.06253,36.18779],[128.05947,36.19108],[128.06296,36.19922]]]},"properties":{"key":"경상북도|김천시|봉산면","code":"4715037000"}},{"type":"Feature","geometry":{"type":"Polygon","coordinates":[[[128.06747,36.12933],[128.06296,36.13078],[128.03401,36.13281],[128.01955,36.13836],[128.01627,36.14471],[128.00815,36.14443],[128.00153,36.14756],[127.99647,36.15369],[127.98733,36.14739],[127.98764,36.12962],[127.97714,36.12197],[127.96648,36.11849],[127.96857,36.10722],[127.96306,36.09906],[127.95784,36.09489],[127.9587,36.08778],[127.96175,36.08281],[127.96139,36.06839],[127.96715,36.0632],[127.97448,36.06008],[127.97956,36.05482],[127.98459,36.05454],[127.98822,36.05797],[127.99889,36.05678],[128.00154,36.05383],[128.01193,36.05398],[128.02348,36.06273],[128.02365,36.06849],[128.02844,36.07615],[128.03845,36.0875],[128.04298,36.08724],[128.05225,36.08977],[128.0584,36.08772],[128.06462,36.09565],[128.06498,36.10013],[128.05912,36.1051],[128.05528,36.11136],[128.05903,36.12185],[128.0581,36.12332],[128.06747,36.12933]]]},"properties":{"key":"경상북도|김천시|대항면","code":"4715038000"}},{"type":"Feature","geometry":{"type":"Polygon","coordinates":[[[128.14752,36.09836],[128.14283,36.1051],[128.13366,36.10081],[128.12502,36.10289],[128.1253,36.0989],[128.12206,36.09155],[128.12126,36.0806],[128.11956,36.07672],[128.11396,36.06542],[128.11289,36.06047],[128.11669,36.04845],[128.12371,36.04383],[128.12522,36.03467],[128.13328,36.02785],[128.14498,36.02694],[128.15014,36.03295],[128.15726,36.0351],[128.16463,36.03258],[128.16952,36.03563],[128.17236,36.04521],[128.16878,36.05509],[128.15642,36.06724],[128.15336,36.07336],[128.14893,36.07625],[128.14953,36.08363],[128.14623,36.09255],[128.14752,36.09836]]]},"properties":{"key":"경상북도|김천시|감천면","code":"4715039000"}},{"type":"Feature","geometry":{"type":"Polygon","coordinates":[[[128.11956,36.07672],[128.11799,36.08082],[128.11254,36.08374],[128.10232,36.07841],[128.09522,36.07405],[128.09169,36.069],[128.09252,36.06527],[128.09698,36.06303],[128.09584,36.05679],[128.09078,36.05371],[128.08979,36.04581],[128.07939,36.03658],[128.07633,36.0292],[128.07637,36.02249],[128.07416,36.00992],[128.07434,36.00241],[128.07765,35.99236],[128.08297,35.9906],[128.08285,35.98599],[128.0778,35.97765],[128.08622,35.97181],[128.08933,35.96803],[128.09583,35.96965],[128.10446,35.96664],[128.10903,35.96294],[128.11169,35.96422],[128.1191,35.95961],[128.1232,35.96227],[128.13188,35.95904],[128.15082,35.96641],[128.15171,35.97683],[128.15582,35.97892],[128.15774,35.98732],[128.16754,35.98928],[128.16979,35.9969],[128.16565,36.00139],[128.16879,36.01092],[128.17307,36.01406],[128.16916,36.01843],[128.16741,36.02967],[128.16463,36.03258],[128.15726,36.0351],[128.15014,36.03295],[128.14498,36.02694],[128.13328,36.02785],[128.12522,36.03467],[128.12371,36.04383],[128.11669,36.04845],[128.11289,36.06047],[128.11396,36.06542],[128.11956,36.07672]]]},"properties":{"key":"경상북도|김천시|조마면","code":"4715040000"}},{"type":"Feature","geometry":{"type":"Polygon","coordinates":[[[128.10232,36.07841],[128.09909,36.08847],[128.09156,36.08868],[128.08731,36.09131],[128.08542,36.10059],[128.07547,36.09624],[128.07062,36.09728],[128.06462,36.09565],[128.0584,36.08772],[128.05225,36.08977],[128.04298,36.08724],[128.03845,36.0875],[128.02844,36.07615],[128.02365,36.06849],[128.02348,36.06273],[128.01193,36.05398],[128.00154,36.05383],[127.99889,36.05678],[127.98822,36.05797],[127.98459,36.05454],[127.97956,36.05482],[127.97448,36.06008],[127.96715,36.0632],[127.96139,36.06839],[127.95215,36.06519],[127.94664,36.05663],[127.93586,36.05066],[127.93167,36.05022],[127.93255,36.04583],[127.93671,36.0428],[127.94705,36.04287],[127.9507,36.0411],[127.96244,36.03136],[127.96653,36.02036],[127.96641,36.01483],[127.97676,36.01415],[127.9846,36.00782],[127.9933,36.00584],[127.99536,35.9994],[128.00353,35.9965],[128.01244,35.99878],[128.01724,36.00221],[128.02698,36.0029],[128.04768,36.00267],[128.05367,36.00644],[128.05589,36.00301],[128.05439,35.9968],[128.05945,35.99303],[128.06515,35.99247],[128.06948,35.98517],[128.0797,35.98464],[128.08285,35.98599],[128.08297,35.9906],[128.07765,35.99236],[128.07434,36.00241],[128.07416,36.00992],[128.07637,36.02249],[128.07633,36.0292],[128.07939,36.03658],[128.08979,36.04581],[128.09078,36.05371],[128.09584,36.05679],[128.09698,36.06303],[128.09252,36.06527],[128.09169,36.069],[128.09522,36.07405],[128.10232,36.07841]]]},"properties":{"key":"경상북도|김천시|구성면","code":"4715041000"}},{"type":"Feature","geometry":{"type":"Polygon","coordinates":[[[128.08285,35.98599],[128.0797,35.98464],[128.06948,35.98517],[128.06515,35.99247],[128.05945,35.99303],[128.05439,35.9968],[128.05589,36.00301],[128.05367,36.00644],[128.04768,36.00267],[128.02698,36.0029],[128.01724,36.00221],[128.01244,35.99878],[128.00353,35.9965],[128.00669,35.98666],[128.0041,35.97951],[128.00942,35.97577],[128.00118,35.9719],[127.99437,35.96505],[127.99433,35.95631],[128.00628,35.9532],[128.00953,35.94453],[128.0024,35.93479],[128.00474,35.92984],[128.01816,35.93368],[128.01986,35.936],[128.02886,35.93626],[128.03063,35.94004],[128.04062,35.94027],[128.05157,35.93818],[128.05666,35.94172],[128.06641,35.93693],[128.07138,35.93623],[128.07338,35.92847],[128.07911,35.92656],[128.08403,35.92188],[128.08809,35.92236],[128.09129,35.93094],[128.09103,35.93719],[128.08852,35.94569],[128.09082,35.95001],[128.09628,35.95479],[128.10399,35.95753],[128.10903,35.96294],[128.10446,35.96664],[128.09583,35.96965],[128.08933,35.96803],[128.08622,35.97181],[128.0778,35.97765],[128.08285,35.98599]]]},"properties":{"key":"경상북도|김천시|지례면","code":"4715042000"}},{"type":"Feature","geometry":{"type":"Polygon","coordinates":[[[127.93167,36.05022],[127.92614,36.05326],[127.91706,36.0544],[127.90951,36.04966],[127.90399,36.04273],[127.90355,36.03897],[127.88798,36.0348],[127.88299,36.02722],[127.87693,36.02244],[127.87538,36.01643],[127.87599,36.00985],[127.87882,36.00131],[127.87581,35.99672],[127.8867,35.99211],[127.89374,35.98447],[127.8896,35.97953],[127.89624,35.97791],[127.89651,35.97204],[127.90039,35.96689],[127.90402,35.95452],[127.91147,35.94945],[127.92039,35.95324],[127.92218,35.95705],[127.92963,35.96295],[127.93927,35.96698],[127.94962,35.96645],[127.95301,35.9621],[127.95745,35.96182],[127.96078,35.96521],[127.96757,35.96537],[127.97166,35.96889],[127.97667,35.96569],[127.99437,35.96505],[128.00118,35.9719],[128.00942,35.97577],[128.0041,35.97951],[128.00669,35.98666],[128.00353,35.9965],[127.99536,35.9994],[127.9933,36.00584],[127.9846,36.00782],[127.97676,36.01415],[127.96641,36.01483],[127.96653,36.02036],[127.96244,36.03136],[127.9507,36.0411],[127.94705,36.04287],[127.93671,36.0428],[127.93255,36.04583],[127.93167,36.05022]]]},"properties":{"key":"경상북도|김천시|부항면","code":"4715043000"}},{"type":"Feature","geometry":{"type":"Polygon","coordinates":[[[127.99437,35.96505],[127.97667,35.96569],[127.97166,35.96889],[127.96757,35.96537],[127.96078,35.96521],[127.95745,35.96182],[127.95301,35.9621],[127.94962,35.96645],[127.93927,35.96698],[127.92963,35.96295],[127.92218,35.95705],[127.92039,35.95324],[127.91147,35.94945],[127.90646,35.94057],[127.89617,35.9343],[127.88539,35.93086],[127.88222,35.92774],[127.88223,35.92015],[127.88761,35.91458],[127.88893,35.90981],[127.8848,35.90552],[127.88306,35.89929],[127.88486,35.89302],[127.89081,35.89025],[127.8933,35.88659],[127.9134,35.89046],[127.91887,35.88959],[127.92337,35.88207],[127.92812,35.88114],[127.92951,35.87144],[127.93317,35.8642],[127.93235,35.85579],[127.94234,35.85431],[127.95083,35.86125],[127.95995,35.85958],[127.96346,35.85499],[127.97115,35.85117],[127.97373,35.85087],[127.98181,35.8589],[127.98596,35.87016],[127.98359,35.87372],[127.98399,35.88032],[127.99084,35.88771],[127.99428,35.89818],[127.99963,35.9028],[128.00351,35.91234],[128.00128,35.9183],[128.00474,35.92984],[128.0024,35.93479],[128.00953,35.94453],[128.00628,35.9532],[127.99433,35.95631],[127.99437,35.96505]]]},"properties":{"key":"경상북도|김천시|대덕면","code":"4715044000"}},{"type":"Feature","geometry":{"type":"Polygon","coordinates":[[[128.05157,35.93818],[128.04062,35.94027],[128.03063,35.94004],[128.02886,35.93626],[128.01986,35.936],[128.01816,35.93368],[128.00474,35.92984],[128.00128,35.9183],[128.00351,35.91234],[127.99963,35.9028],[127.99428,35.89818],[127.99084,35.88771],[127.98399,35.88032],[127.98359,35.87372],[127.98596,35.87016],[127.98181,35.8589],[127.98537,35.85739],[127.99741,35.83775],[128.0045,35.83542],[128.01214,35.82886],[128.01983,35.83298],[128.03162,35.83571],[128.0426,35.83102],[128.05084,35.82926],[128.05284,35.83247],[128.06145,35.83449],[128.07041,35.84069],[128.07871,35.83893],[128.07844,35.84311],[128.07294,35.85013],[128.07603,35.85452],[128.07709,35.86117],[128.0873,35.8726],[128.0811,35.87294],[128.0709,35.88063],[128.06767,35.88698],[128.06389,35.89914],[128.05678,35.90377],[128.0604,35.90741],[128.05544,35.91083],[128.05397,35.91567],[128.04938,35.91864],[128.04675,35.93223],[128.05157,35.93818]]]},"properties":{"key":"경상북도|김천시|증산면","code":"4715045000"}},{"type":"Feature","geometry":{"type":"Polygon","coordinates":[[[128.12945,36.11624],[128.12275,36.11908],[128.11738,36.11323],[128.11009,36.10802],[128.10235,36.10539],[128.09721,36.10693],[128.08542,36.10059],[128.08731,36.09131],[128.09156,36.08868],[128.09909,36.08847],[128.10232,36.07841],[128.11254,36.08374],[128.11799,36.08082],[128.11956,36.07672],[128.12126,36.0806],[128.12206,36.09155],[128.1253,36.0989],[128.12502,36.10289],[128.12543,36.11181],[128.12945,36.11624]]]},"properties":{"key":"경상북도|김천시|양금동","code":"4715056500"}},{"type":"Feature","geometry":{"type":"Polygon","coordinates":[[[128.14941,36.15593],[128.14413,36.1575],[128.13676,36.1559],[128.12375,36.16002],[128.12267,36.15519],[128.10759,36.15568],[128.09953,36.15985],[128.09194,36.17015],[128.08228,36.17224],[128.07906,36.1667],[128.0788,36.16139],[128.07578,36.15308],[128.06873,36.14656],[128.06805,36.13791],[128.07078,36.13405],[128.07485,36.13421],[128.08742,36.13051],[128.08883,36.12798],[128.10309,36.1307],[128.10785,36.13219],[128.11824,36.12901],[128.12419,36.13061],[128.13234,36.12578],[128.1366,36.12936],[128.15624,36.13776],[128.14838,36.15021],[128.14941,36.15593]]]},"properties":{"key":"경상북도|김천시|대신동","code":"4715057500"}},{"type":"Feature","geometry":{"type":"Polygon","coordinates":[[[128.10309,36.1307],[128.08883,36.12798],[128.08742,36.13051],[128.07485,36.13421],[128.06747,36.12933],[128.0581,36.12332],[128.05903,36.12185],[128.05528,36.11136],[128.05912,36.1051],[128.06498,36.10013],[128.06462,36.09565],[128.07062,36.09728],[128.07547,36.09624],[128.08542,36.10059],[128.09721,36.10693],[128.10235,36.10539],[128.11009,36.10802],[128.10852,36.11294],[128.10982,36.11923],[128.10309,36.1307]]]},"properties":{"key":"경상북도|김천시|대곡동","code":"4715059500"}},{"type":"Feature","geometry":{"type":"Polygon","coordinates":[[[128.14752,36.09836],[128.15548,36.09886],[128.15744,36.10904],[128.16238,36.11746],[128.15808,36.11937],[128.16049,36.12942],[128.15901,36.13297],[128.16466,36.13984],[128.15624,36.13776],[128.1366,36.12936],[128.13234,36.12578],[128.12945,36.11624],[128.12543,36.11181],[128.12502,36.10289],[128.13366,36.10081],[128.14283,36.1051],[128.14752,36.09836]]]},"properties":{"key":"경상북도|김천시|지좌동","code":"4715061000"}},{"type":"Feature","geometry":{"type":"Polygon","coordinates":[[[128.13234,36.12578],[128.12419,36.13061],[128.11824,36.12901],[128.11777,36.12161],[128.12275,36.11908],[128.12945,36.11624],[128.13234,36.12578]]]},"properties":{"key":"경상북도|김천시|자산동","code":"4715051600"}},{"type":"Feature","geometry":{"type":"Polygon","coordinates":[[[128.11824,36.12901],[128.10785,36.13219],[128.10309,36.1307],[128.10982,36.11923],[128.10852,36.11294],[128.11009,36.10802],[128.11738,36.11323],[128.12275,36.11908],[128.11777,36.12161],[128.11824,36.12901]]]},"properties":{"key":"경상북도|김천시|평화남산동","code":"4715053600"}},{"type":"Feature","geometry":{"type":"Polygon","coordinates":[[[128.17749,36.11507],[128.18545,36.11291],[128.18472,36.11745],[128.19015,36.11786],[128.19885,36.12314],[128.20272,36.12729],[128.20255,36.13112],[128.17764,36.1315],[128.175,36.12481],[128.17108,36.1237],[128.17337,36.11648],[128.17749,36.11507]]]},"properties":{"key":"경상북도|김천시|율곡동","code":"4715064000"}},{"type":"Feature","geometry":{"type":"Polygon","coordinates":[[[128.67332,36.5777],[128.6654,36.58284],[128.65605,36.58505],[128.65104,36.5876],[128.64085,36.59001],[128.63872,36.59854],[128.62672,36.60815],[128.62098,36.60813],[128.60369,36.59622],[128.60171,36.59882],[128.60633,36.60379],[128.60745,36.61337],[128.60601,36.61854],[128.60872,36.62446],[128.60761,36.6304],[128.61002,36.64931],[128.60455,36.65247],[128.59641,36.65253],[128.58667,36.65034],[128.58189,36.64701],[128.57696,36.64988],[128.56624,36.64602],[128.56501,36.64064],[128.55533,36.63538],[128.55222,36.63722],[128.54708,36.63241],[128.53973,36.63362],[128.53241,36.62981],[128.52441,36.62832],[128.52197,36.6196],[128.52939,36.61798],[128.53486,36.61419],[128.52953,36.60186],[128.51322,36.60068],[128.50664,36.60209],[128.50184,36.6059],[128.49386,36.59971],[128.49094,36.58868],[128.49917,36.58436],[128.50434,36.58227],[128.51938,36.58408],[128.52526,36.57863],[128.53195,36.57927],[128.53525,36.57063],[128.53946,36.56683],[128.54497,36.5664],[128.54189,36.55891],[128.54903,36.55489],[128.54843,36.55858],[128.55694,36.56269],[128.56273,36.56318],[128.5712,36.56055],[128.58338,36.5527],[128.58971,36.54999],[128.59632,36.55304],[128.59821,36.56146],[128.60319,36.56475],[128.61468,36.56491],[128.62276,36.56377],[128.62952,36.56047],[128.63351,36.55625],[128.63384,36.54868],[128.64464,36.54534],[128.65794,36.54624],[128.66471,36.54817],[128.67236,36.56079],[128.67156,36.5695],[128.67332,36.5777]]]},"properties":{"key":"경상북도|안동시|풍산읍","code":"4717025000"}},{"type":"Feature","geometry":{"type":"Polygon","coordinates":[[[128.81868,36.69226],[128.80691,36.69128],[128.80246,36.69609],[128.7968,36.69132],[128.78989,36.69423],[128.7851,36.69284],[128.78268,36.68652],[128.77188,36.67857],[128.76327,36.68259],[128.76044,36.68116],[128.75196,36.68374],[128.74856,36.68781],[128.7442,36.68218],[128.73914,36.67924],[128.74234,36.67362],[128.74422,36.6661],[128.73878,36.65258],[128.74015,36.64801],[128.7364,36.63879],[128.72792,36.62955],[128.72898,36.62563],[128.72463,36.62414],[128.72058,36.62638],[128.71412,36.61524],[128.71639,36.61065],[128.72202,36.61262],[128.72654,36.61059],[128.72461,36.60149],[128.7255,36.59885],[128.73271,36.59682],[128.7388,36.59857],[128.74502,36.59324],[128.74891,36.59564],[128.75406,36.59123],[128.74998,36.5883],[128.75225,36.58404],[128.75838,36.58401],[128.76581,36.58818],[128.76836,36.59149],[128.77921,36.59131],[128.78433,36.58674],[128.77935,36.58325],[128.78445,36.58028],[128.79129,36.58134],[128.80638,36.58591],[128.81305,36.5861],[128.8198,36.58257],[128.82275,36.57448],[128.83028,36.56961],[128.83071,36.57612],[128.84041,36.57868],[128.84598,36.57493],[128.85552,36.57378],[128.85981,36.57765],[128.86994,36.59627],[128.85768,36.59501],[128.85452,36.59817],[128.85424,36.60292],[128.85763,36.61549],[128.85601,36.61846],[128.84774,36.61828],[128.84774,36.6235],[128.83737,36.62991],[128.83593,36.63757],[128.84707,36.63673],[128.85078,36.63848],[128.85125,36.65578],[128.84774,36.65824],[128.84047,36.65954],[128.83685,36.66299],[128.8332,36.67259],[128.83073,36.67416],[128.82117,36.67404],[128.81674,36.67805],[128.81996,36.68109],[128.81868,36.69226]]]},"properties":{"key":"경상북도|안동시|와룡면","code":"4717031000"}},{"type":"Feature","geometry":{"type":"Polygon","coordinates":[[[128.73444,36.70042],[128.72744,36.69564],[128.71628,36.70339],[128.70908,36.69977],[128.70301,36.70208],[128.69836,36.70644],[128.69198,36.70252],[128.67858,36.69924],[128.67281,36.70498],[128.67292,36.70774],[128.66284,36.7148],[128.65199,36.71075],[128.63907,36.72025],[128.63037,36.71977],[128.62741,36.7168],[128.62078,36.71572],[128.61546,36.71189],[128.60834,36.71687],[128.60019,36.71533],[128.59583,36.71235],[128.59763,36.70277],[128.59975,36.70179],[128.60482,36.69257],[128.60916,36.69246],[128.60976,36.6858],[128.6019,36.67896],[128.60502,36.67231],[128.60324,36.66895],[128.6057,36.66253],[128.62171,36.65852],[128.63161,36.66271],[128.63516,36.6615],[128.64012,36.6658],[128.6517,36.66896],[128.64919,36.67418],[128.65858,36.67226],[128.66368,36.66738],[128.66403,36.66203],[128.66929,36.65933],[128.6846,36.65535],[128.69553,36.65582],[128.69933,36.65892],[128.70622,36.65381],[128.70409,36.65023],[128.70973,36.63961],[128.70602,36.6356],[128.70584,36.62779],[128.70797,36.62028],[128.70236,36.6125],[128.70425,36.6072],[128.70839,36.6096],[128.71639,36.61065],[128.71412,36.61524],[128.72058,36.62638],[128.72463,36.62414],[128.72898,36.62563],[128.72792,36.62955],[128.7364,36.63879],[128.74015,36.64801],[128.73878,36.65258],[128.74422,36.6661],[128.74234,36.67362],[128.73914,36.67924],[128.7442,36.68218],[128.74856,36.68781],[128.74034,36.69809],[128.73444,36.70042]]]},"properties":{"key":"경상북도|안동시|북후면","code":"4717032000"}},{"type":"Feature","geometry":{"type":"Polygon","coordinates":[[[128.70425,36.6072],[128.70236,36.6125],[128.70797,36.62028],[128.70584,36.62779],[128.70602,36.6356],[128.70973,36.63961],[128.70409,36.65023],[128.70622,36.65381],[128.69933,36.65892],[128.69553,36.65582],[128.6846,36.65535],[128.66929,36.65933],[128.66403,36.66203],[128.66368,36.66738],[128.65858,36.67226],[128.64919,36.67418],[128.6517,36.66896],[128.64012,36.6658],[128.63516,36.6615],[128.63161,36.66271],[128.62171,36.65852],[128.6057,36.66253],[128.60455,36.65247],[128.61002,36.64931],[128.60761,36.6304],[128.60872,36.62446],[128.60601,36.61854],[128.60745,36.61337],[128.60633,36.60379],[128.60171,36.59882],[128.60369,36.59622],[128.62098,36.60813],[128.62672,36.60815],[128.63872,36.59854],[128.64085,36.59001],[128.65104,36.5876],[128.65605,36.58505],[128.6654,36.58284],[128.67332,36.5777],[128.67493,36.58812],[128.68352,36.59886],[128.69207,36.59972],[128.69614,36.60366],[128.70196,36.60136],[128.70425,36.6072]]]},"properties":{"key":"경상북도|안동시|서후면","code":"4717033000"}},{"type":"Feature","geometry":{"type":"Polygon","coordinates":[[[128.54903,36.55489],[128.54189,36.55891],[128.54497,36.5664],[128.53946,36.56683],[128.53525,36.57063],[128.53195,36.57927],[128.52526,36.57863],[128.51938,36.58408],[128.50434,36.58227],[128.49917,36.58436],[128.49578,36.58243],[128.49252,36.56978],[128.48148,36.56795],[128.46536,36.56039],[128.45919,36.55595],[128.45607,36.54921],[128.46038,36.54652],[128.46454,36.53991],[128.45345,36.53773],[128.44612,36.53016],[128.44001,36.52806],[128.42922,36.52197],[128.43693,36.51624],[128.4325,36.51108],[128.4334,36.50305],[128.44417,36.49724],[128.4531,36.49102],[128.45989,36.48835],[128.46456,36.49197],[128.46155,36.49573],[128.46436,36.49876],[128.47479,36.49872],[128.47628,36.51394],[128.48309,36.51376],[128.491,36.51782],[128.49887,36.51358],[128.50353,36.50108],[128.51431,36.49759],[128.53182,36.49808],[128.5393,36.4953],[128.54385,36.4904],[128.552,36.48823],[128.55265,36.47573],[128.55942,36.47219],[128.55858,36.46921],[128.56122,36.46289],[128.56616,36.459],[128.56677,36.45208],[128.57033,36.45105],[128.57809,36.45667],[128.57883,36.46251],[128.58353,36.46677],[128.5832,36.47374],[128.57766,36.47839],[128.57918,36.48519],[128.58803,36.49181],[128.58617,36.49593],[128.58908,36.50002],[128.5841,36.50318],[128.58202,36.50844],[128.57205,36.52234],[128.56522,36.53549],[128.56305,36.5453],[128.54903,36.55489]]]},"properties":{"key":"경상북도|안동시|풍천면","code":"4717034000"}},{"type":"Feature","geometry":{"type":"Polygon","coordinates":[[[128.69502,36.49685],[128.68833,36.49769],[128.6825,36.49566],[128.67276,36.50103],[128.66782,36.49842],[128.65508,36.49914],[128.64874,36.50518],[128.63908,36.51681],[128.62966,36.50975],[128.62813,36.50653],[128.61884,36.49967],[128.61371,36.49896],[128.59911,36.49264],[128.58908,36.50002],[128.58617,36.49593],[128.58803,36.49181],[128.57918,36.48519],[128.57766,36.47839],[128.5832,36.47374],[128.58353,36.46677],[128.57883,36.46251],[128.57809,36.45667],[128.57033,36.45105],[128.57727,36.44],[128.58867,36.43933],[128.59415,36.43611],[128.59678,36.41152],[128.59897,36.40946],[128.6069,36.41004],[128.60927,36.4148],[128.61545,36.4195],[128.62358,36.41909],[128.6282,36.42389],[128.64584,36.42847],[128.6536,36.42953],[128.66288,36.43755],[128.66854,36.43885],[128.6736,36.43649],[128.67806,36.43842],[128.68091,36.44472],[128.69003,36.44385],[128.69959,36.4474],[128.70664,36.44802],[128.70426,36.45447],[128.70744,36.46423],[128.70977,36.47704],[128.69454,36.48856],[128.69502,36.49685]]]},"properties":{"key":"경상북도|안동시|일직면","code":"4717035000"}},{"type":"Feature","geometry":{"type":"Polygon","coordinates":[[[128.65794,36.54624],[128.64464,36.54534],[128.63384,36.54868],[128.63351,36.55625],[128.62952,36.56047],[128.62276,36.56377],[128.61468,36.56491],[128.60319,36.56475],[128.59821,36.56146],[128.59632,36.55304],[128.58971,36.54999],[128.58338,36.5527],[128.5712,36.56055],[128.56273,36.56318],[128.55694,36.56269],[128.54843,36.55858],[128.54903,36.55489],[128.56305,36.5453],[128.56522,36.53549],[128.57205,36.52234],[128.58202,36.50844],[128.5841,36.50318],[128.58908,36.50002],[128.59911,36.49264],[128.61371,36.49896],[128.61884,36.49967],[128.62813,36.50653],[128.62966,36.50975],[128.63908,36.51681],[128.64874,36.50518],[128.65508,36.49914],[128.66782,36.49842],[128.67276,36.50103],[128.6825,36.49566],[128.68833,36.49769],[128.69502,36.49685],[128.70155,36.50087],[128.69494,36.5133],[128.69786,36.51782],[128.69301,36.52551],[128.68476,36.53475],[128.6839,36.5391],[128.67229,36.54294],[128.66885,36.54631],[128.65794,36.54624]]]},"properties":{"key":"경상북도|안동시|남후면","code":"4717036000"}},{"type":"Feature","geometry":{"type":"Polygon","coordinates":[[[128.81121,36.53613],[128.79856,36.53604],[128.78936,36.53847],[128.78192,36.54433],[128.78279,36.54922],[128.77937,36.55085],[128.76705,36.5447],[128.76845,36.53993],[128.76419,36.53643],[128.74946,36.53463],[128.7327,36.52837],[128.72576,36.53383],[128.72157,36.53087],[128.71731,36.53179],[128.71373,36.53656],[128.69776,36.52525],[128.69301,36.52551],[128.69786,36.51782],[128.69494,36.5133],[128.70155,36.50087],[128.69502,36.49685],[128.69454,36.48856],[128.70977,36.47704],[128.71788,36.48194],[128.72783,36.47636],[128.73418,36.47838],[128.74714,36.48918],[128.75394,36.48512],[128.75925,36.48459],[128.76739,36.48089],[128.77297,36.47561],[128.776,36.4688],[128.78246,36.46483],[128.79262,36.46577],[128.79409,36.47],[128.7917,36.47552],[128.79076,36.48364],[128.79584,36.49364],[128.80126,36.49601],[128.80057,36.5069],[128.80583,36.51521],[128.81109,36.51876],[128.80964,36.52935],[128.81121,36.53613]]]},"properties":{"key":"경상북도|안동시|남선면","code":"4717037000"}},{"type":"Feature","geometry":{"type":"Polygon","coordinates":[[[128.85981,36.57765],[128.85552,36.57378],[128.84598,36.57493],[128.84041,36.57868],[128.83071,36.57612],[128.83028,36.56961],[128.82275,36.57448],[128.8198,36.58257],[128.81411,36.57204],[128.80872,36.56629],[128.80688,36.55473],[128.80888,36.55154],[128.81819,36.54925],[128.8248,36.54925],[128.82456,36.54409],[128.82064,36.53935],[128.81121,36.53613],[128.80964,36.52935],[128.81109,36.51876],[128.80583,36.51521],[128.80057,36.5069],[128.80126,36.49601],[128.79584,36.49364],[128.79076,36.48364],[128.7917,36.47552],[128.79409,36.47],[128.79262,36.46577],[128.79994,36.45879],[128.80953,36.45915],[128.81254,36.45505],[128.82305,36.45209],[128.83021,36.45185],[128.8352,36.45881],[128.83625,36.46357],[128.84352,36.46308],[128.84808,36.46649],[128.85711,36.46854],[128.85986,36.47609],[128.86708,36.47754],[128.87756,36.47151],[128.88215,36.47478],[128.88588,36.47121],[128.89759,36.46485],[128.90237,36.46521],[128.90987,36.48335],[128.90522,36.49641],[128.90681,36.50293],[128.91047,36.50586],[128.9113,36.51174],[128.91533,36.51639],[128.90291,36.51476],[128.8959,36.50859],[128.88821,36.50499],[128.88158,36.50743],[128.88274,36.51481],[128.88801,36.52203],[128.88864,36.5286],[128.88716,36.5374],[128.88241,36.53987],[128.87507,36.54064],[128.86874,36.54676],[128.86777,36.55229],[128.86125,36.55729],[128.86577,36.56441],[128.86224,36.5683],[128.85981,36.57765]]]},"properties":{"key":"경상북도|안동시|임하면","code":"4717038000"}},{"type":"Feature","geometry":{"type":"Polygon","coordinates":[[[128.99564,36.50025],[128.98565,36.49817],[128.98227,36.49513],[128.97703,36.49521],[128.96906,36.50193],[128.96206,36.51373],[128.95805,36.51108],[128.95718,36.50536],[128.95414,36.5035],[128.94409,36.50392],[128.93508,36.51416],[128.92888,36.51074],[128.92383,36.51632],[128.91533,36.51639],[128.9113,36.51174],[128.91047,36.50586],[128.90681,36.50293],[128.90522,36.49641],[128.90987,36.48335],[128.90237,36.46521],[128.89759,36.46485],[128.88588,36.47121],[128.88215,36.47478],[128.87756,36.47151],[128.86708,36.47754],[128.85986,36.47609],[128.85711,36.46854],[128.84808,36.46649],[128.84352,36.46308],[128.83625,36.46357],[128.8352,36.45881],[128.83021,36.45185],[128.82983,36.44366],[128.83453,36.43578],[128.83432,36.42763],[128.84113,36.42237],[128.84531,36.41213],[128.84427,36.40789],[128.85134,36.39928],[128.85041,36.38829],[128.8596,36.38775],[128.87117,36.37824],[128.87758,36.37508],[128.87214,36.36611],[128.87624,36.36469],[128.88081,36.35623],[128.87662,36.34476],[128.88558,36.34337],[128.88971,36.33381],[128.88855,36.33069],[128.89287,36.32579],[128.89284,36.32087],[128.88747,36.31639],[128.88744,36.31191],[128.89137,36.30552],[128.88931,36.29742],[128.89829,36.29589],[128.91284,36.29849],[128.91947,36.30487],[128.92667,36.30659],[128.93078,36.30569],[128.93305,36.31802],[128.94034,36.32538],[128.94468,36.32592],[128.95066,36.33582],[128.96213,36.33839],[128.96609,36.34647],[128.9628,36.35149],[128.96622,36.36114],[128.96162,36.36668],[128.96467,36.36917],[128.96743,36.37779],[128.97474,36.38672],[128.97576,36.39263],[128.98386,36.40456],[128.98376,36.41362],[128.98166,36.42397],[128.97307,36.43149],[128.97321,36.43913],[128.97598,36.44302],[128.97026,36.45226],[128.96883,36.46315],[128.97341,36.46688],[128.97956,36.46866],[128.98061,36.47587],[128.97494,36.47973],[128.97554,36.48417],[128.9828,36.48623],[128.98833,36.49091],[128.98972,36.49545],[128.99564,36.50025]]]},"properties":{"key":"경상북도|안동시|길안면","code":"4717039000"}},{"type":"Feature","geometry":{"type":"Polygon","coordinates":[[[128.9918,36.68891],[128.9777,36.68808],[128.97312,36.68086],[128.96382,36.67794],[128.95791,36.67057],[128.96048,36.66723],[128.95682,36.65667],[128.96025,36.65205],[128.95678,36.64802],[128.95837,36.6416],[128.93823,36.63242],[128.93469,36.62427],[128.92274,36.61678],[128.92154,36.62215],[128.91613,36.62327],[128.90887,36.61927],[128.89903,36.61583],[128.8925,36.6091],[128.88799,36.61085],[128.88418,36.60889],[128.87782,36.60935],[128.8652,36.60689],[128.86294,36.60136],[128.86994,36.59627],[128.85981,36.57765],[128.86224,36.5683],[128.86577,36.56441],[128.86125,36.55729],[128.86777,36.55229],[128.86874,36.54676],[128.87507,36.54064],[128.88241,36.53987],[128.88716,36.5374],[128.88864,36.5286],[128.88801,36.52203],[128.88274,36.51481],[128.88158,36.50743],[128.88821,36.50499],[128.8959,36.50859],[128.90291,36.51476],[128.91533,36.51639],[128.92383,36.51632],[128.92888,36.51074],[128.93508,36.51416],[128.94409,36.50392],[128.95414,36.5035],[128.95718,36.50536],[128.95805,36.51108],[128.96206,36.51373],[128.96906,36.50193],[128.97703,36.49521],[128.98227,36.49513],[128.98565,36.49817],[128.99564,36.50025],[128.99714,36.51009],[128.99199,36.51724],[128.98569,36.51567],[128.9822,36.52488],[128.97536,36.52727],[128.97192,36.53117],[128.97554,36.54044],[128.97914,36.54569],[128.99173,36.54934],[128.98951,36.55533],[128.97968,36.56492],[128.98389,36.56783],[128.98406,36.5732],[128.99059,36.57705],[128.99208,36.58141],[128.99945,36.58686],[128.99903,36.59347],[128.99966,36.60075],[128.99608,36.60877],[128.99785,36.61188],[128.99661,36.61853],[128.99107,36.62335],[128.99158,36.63638],[128.99467,36.64186],[128.98994,36.64803],[128.99639,36.65523],[128.99516,36.6618],[128.99051,36.66402],[128.99374,36.66946],[128.99017,36.67423],[128.9945,36.68151],[128.9918,36.68891]]]},"properties":{"key":"경상북도|안동시|임동면","code":"4717040000"}},{"type":"Feature","geometry":{"type":"Polygon","coordinates":[[[128.99016,36.74707],[128.98253,36.74606],[128.96979,36.74723],[128.96401,36.75216],[128.95876,36.76551],[128.95455,36.77031],[128.9424,36.77379],[128.93128,36.76795],[128.92605,36.76912],[128.92064,36.76725],[128.92011,36.75846],[128.9169,36.75395],[128.91913,36.74517],[128.91805,36.74077],[128.91381,36.73598],[128.90689,36.73556],[128.9018,36.73181],[128.90011,36.72584],[128.90433,36.71911],[128.90423,36.71321],[128.89686,36.7094],[128.88158,36.7138],[128.86994,36.71217],[128.86622,36.71561],[128.86131,36.71505],[128.85588,36.71137],[128.84991,36.71242],[128.84581,36.71593],[128.84123,36.71352],[128.83986,36.70291],[128.85334,36.69706],[128.85672,36.69186],[128.8527,36.68648],[128.83841,36.69125],[128.82852,36.6936],[128.81868,36.69226],[128.81996,36.68109],[128.81674,36.67805],[128.82117,36.67404],[128.83073,36.67416],[128.8332,36.67259],[128.83685,36.66299],[128.84047,36.65954],[128.84774,36.65824],[128.85125,36.65578],[128.85078,36.63848],[128.84707,36.63673],[128.83593,36.63757],[128.83737,36.62991],[128.84774,36.6235],[128.84774,36.61828],[128.85601,36.61846],[128.85763,36.61549],[128.85424,36.60292],[128.85452,36.59817],[128.85768,36.59501],[128.86994,36.59627],[128.86294,36.60136],[128.8652,36.60689],[128.87782,36.60935],[128.88418,36.60889],[128.88799,36.61085],[128.8925,36.6091],[128.89903,36.61583],[128.90887,36.61927],[128.91613,36.62327],[128.92154,36.62215],[128.92274,36.61678],[128.93469,36.62427],[128.93823,36.63242],[128.95837,36.6416],[128.95678,36.64802],[128.96025,36.65205],[128.95682,36.65667],[128.96048,36.66723],[128.95791,36.67057],[128.96382,36.67794],[128.97312,36.68086],[128.9777,36.68808],[128.9918,36.68891],[128.99269,36.6928],[128.99744,36.69539],[128.99639,36.70615],[128.99948,36.71441],[128.99953,36.71901],[128.99607,36.72259],[128.99718,36.72737],[128.98741,36.73562],[128.98956,36.73829],[128.99016,36.74707]]]},"properties":{"key":"경상북도|안동시|예안면","code":"4717041000"}},{"type":"Feature","geometry":{"type":"Polygon","coordinates":[[[128.84121,36.80924],[128.81952,36.80968],[128.82064,36.80546],[128.81778,36.80034],[128.81236,36.7955],[128.81345,36.78852],[128.81084,36.78482],[128.79531,36.78084],[128.79074,36.77316],[128.79555,36.76425],[128.79298,36.75292],[128.78757,36.7446],[128.79678,36.74182],[128.79833,36.73768],[128.79508,36.73259],[128.79478,36.72361],[128.80185,36.71574],[128.80043,36.71157],[128.79477,36.7134],[128.7837,36.70864],[128.78149,36.70029],[128.78546,36.6969],[128.7851,36.69284],[128.78989,36.69423],[128.7968,36.69132],[128.80246,36.69609],[128.80691,36.69128],[128.81868,36.69226],[128.82852,36.6936],[128.83841,36.69125],[128.8527,36.68648],[128.85672,36.69186],[128.85334,36.69706],[128.83986,36.70291],[128.84123,36.71352],[128.84581,36.71593],[128.84991,36.71242],[128.85588,36.71137],[128.86131,36.71505],[128.86622,36.71561],[128.86994,36.71217],[128.88158,36.7138],[128.89686,36.7094],[128.90423,36.71321],[128.90433,36.71911],[128.90011,36.72584],[128.9018,36.73181],[128.90689,36.73556],[128.91381,36.73598],[128.91805,36.74077],[128.91913,36.74517],[128.9169,36.75395],[128.92011,36.75846],[128.92064,36.76725],[128.91263,36.77388],[128.9043,36.77531],[128.89947,36.77348],[128.89137,36.77353],[128.88604,36.77805],[128.88456,36.78399],[128.87479,36.78492],[128.86445,36.79442],[128.86393,36.79871],[128.85527,36.80192],[128.84338,36.8035],[128.84121,36.80924]]]},"properties":{"key":"경상북도|안동시|도산면","code":"4717042000"}},{"type":"Feature","geometry":{"type":"Polygon","coordinates":[[[128.81236,36.7955],[128.80345,36.80621],[128.80311,36.81075],[128.80643,36.82056],[128.80143,36.82295],[128.79415,36.81491],[128.78214,36.80963],[128.77699,36.80506],[128.77047,36.80582],[128.76618,36.80277],[128.75869,36.81002],[128.75497,36.80755],[128.74652,36.80706],[128.74338,36.79613],[128.74187,36.79144],[128.73686,36.79105],[128.73643,36.78318],[128.74538,36.77744],[128.73623,36.76626],[128.73781,36.76189],[128.74294,36.75576],[128.74289,36.75],[128.73729,36.74419],[128.73646,36.73895],[128.73188,36.72909],[128.73533,36.7268],[128.73378,36.72093],[128.72913,36.71383],[128.73415,36.70957],[128.73783,36.70391],[128.73444,36.70042],[128.74034,36.69809],[128.74856,36.68781],[128.75196,36.68374],[128.76044,36.68116],[128.76327,36.68259],[128.77188,36.67857],[128.78268,36.68652],[128.7851,36.69284],[128.78546,36.6969],[128.78149,36.70029],[128.7837,36.70864],[128.79477,36.7134],[128.80043,36.71157],[128.80185,36.71574],[128.79478,36.72361],[128.79508,36.73259],[128.79833,36.73768],[128.79678,36.74182],[128.78757,36.7446],[128.79298,36.75292],[128.79555,36.76425],[128.79074,36.77316],[128.79531,36.78084],[128.81084,36.78482],[128.81345,36.78852],[128.81236,36.7955]]]},"properties":{"key":"경상북도|안동시|녹전면","code":"4717043000"}},{"type":"Feature","geometry":{"type":"Polygon","coordinates":[[[128.77935,36.58325],[128.78433,36.58674],[128.77921,36.59131],[128.76836,36.59149],[128.76581,36.58818],[128.75838,36.58401],[128.75601,36.5743],[128.74933,36.56789],[128.74701,36.57094],[128.73879,36.57215],[128.7298,36.56744],[128.72765,36.56811],[128.72608,36.56401],[128.72718,36.55614],[128.73756,36.55837],[128.74814,36.56528],[128.76001,36.57532],[128.76649,36.58269],[128.77238,36.58615],[128.77935,36.58325]]]},"properties":{"key":"경상북도|안동시|중구동","code":"4717051000"}},{"type":"Feature","geometry":{"type":"Polygon","coordinates":[[[128.75838,36.58401],[128.75225,36.58404],[128.74998,36.5883],[128.75406,36.59123],[128.74891,36.59564],[128.74502,36.59324],[128.7388,36.59857],[128.73271,36.59682],[128.7255,36.59885],[128.7221,36.59141],[128.71572,36.58496],[128.72414,36.58474],[128.72775,36.58194],[128.72617,36.57852],[128.72807,36.574],[128.72765,36.56811],[128.7298,36.56744],[128.73879,36.57215],[128.74701,36.57094],[128.74933,36.56789],[128.75601,36.5743],[128.75838,36.58401]]]},"properties":{"key":"경상북도|안동시|명륜동","code":"4717052000"}},{"type":"Feature","geometry":{"type":"Polygon","coordinates":[[[128.8198,36.58257],[128.81305,36.5861],[128.80638,36.58591],[128.79129,36.58134],[128.78445,36.58028],[128.77935,36.58325],[128.77238,36.58615],[128.76649,36.58269],[128.76001,36.57532],[128.74814,36.56528],[128.73756,36.55837],[128.74849,36.55357],[128.76077,36.54605],[128.76705,36.5447],[128.77937,36.55085],[128.78279,36.54922],[128.78192,36.54433],[128.78936,36.53847],[128.79856,36.53604],[128.81121,36.53613],[128.82064,36.53935],[128.82456,36.54409],[128.8248,36.54925],[128.81819,36.54925],[128.80888,36.55154],[128.80688,36.55473],[128.80872,36.56629],[128.81411,36.57204],[128.8198,36.58257]]]},"properties":{"key":"경상북도|안동시|용상동","code":"4717055500"}},{"type":"Feature","geometry":{"type":"Polygon","coordinates":[[[128.71802,36.56658],[128.71288,36.56629],[128.7069,36.57226],[128.70276,36.56806],[128.70336,36.56106],[128.69885,36.55373],[128.70267,36.55115],[128.718,36.55478],[128.71641,36.5605],[128.71802,36.56658]]]},"properties":{"key":"경상북도|안동시|태화동","code":"4717060000"}},{"type":"Feature","geometry":{"type":"Polygon","coordinates":[[[128.71921,36.57095],[128.71038,36.57995],[128.7053,36.57579],[128.7069,36.57226],[128.71288,36.56629],[128.71802,36.56658],[128.71921,36.57095]]]},"properties":{"key":"경상북도|안동시|평화동","code":"4717062000"}},{"type":"Feature","geometry":{"type":"Polygon","coordinates":[[[128.7255,36.59885],[128.72461,36.60149],[128.72654,36.61059],[128.72202,36.61262],[128.71639,36.61065],[128.70839,36.6096],[128.70425,36.6072],[128.70196,36.60136],[128.69614,36.60366],[128.69207,36.59972],[128.69649,36.59499],[128.70652,36.59193],[128.71038,36.57995],[128.71921,36.57095],[128.72807,36.574],[128.72617,36.57852],[128.72775,36.58194],[128.72414,36.58474],[128.71572,36.58496],[128.7221,36.59141],[128.7255,36.59885]]]},"properties":{"key":"경상북도|안동시|안기동","code":"4717063000"}},{"type":"Feature","geometry":{"type":"Polygon","coordinates":[[[128.70276,36.56806],[128.69821,36.56886],[128.69225,36.56697],[128.69166,36.57284],[128.68609,36.57304],[128.6863,36.56418],[128.67699,36.56165],[128.68083,36.5548],[128.68003,36.54791],[128.683,36.5444],[128.68856,36.54298],[128.70267,36.55115],[128.69885,36.55373],[128.70336,36.56106],[128.70276,36.56806]]]},"properties":{"key":"경상북도|안동시|옥동","code":"4717065000"}},{"type":"Feature","geometry":{"type":"Polygon","coordinates":[[[128.69207,36.59972],[128.68352,36.59886],[128.67493,36.58812],[128.67332,36.5777],[128.67156,36.5695],[128.67236,36.56079],[128.67699,36.56165],[128.6863,36.56418],[128.68609,36.57304],[128.69166,36.57284],[128.69225,36.56697],[128.69821,36.56886],[128.70276,36.56806],[128.7069,36.57226],[128.7053,36.57579],[128.71038,36.57995],[128.70652,36.59193],[128.69649,36.59499],[128.69207,36.59972]]]},"properties":{"key":"경상북도|안동시|송하동","code":"4717066000"}},{"type":"Feature","geometry":{"type":"Polygon","coordinates":[[[128.72807,36.574],[128.71921,36.57095],[128.71802,36.56658],[128.71641,36.5605],[128.718,36.55478],[128.72718,36.55614],[128.72608,36.56401],[128.72765,36.56811],[128.72807,36.574]]]},"properties":{"key":"경상북도|안동시|서구동","code":"4717058500"}},{"type":"Feature","geometry":{"type":"Polygon","coordinates":[[[128.70267,36.55115],[128.68856,36.54298],[128.683,36.5444],[128.68003,36.54791],[128.68083,36.5548],[128.67699,36.56165],[128.67236,36.56079],[128.66471,36.54817],[128.65794,36.54624],[128.66885,36.54631],[128.67229,36.54294],[128.6839,36.5391],[128.68476,36.53475],[128.69301,36.52551],[128.69776,36.52525],[128.71373,36.53656],[128.71731,36.53179],[128.72157,36.53087],[128.72576,36.53383],[128.7327,36.52837],[128.74946,36.53463],[128.76419,36.53643],[128.76845,36.53993],[128.76705,36.5447],[128.76077,36.54605],[128.74849,36.55357],[128.73756,36.55837],[128.72718,36.55614],[128.718,36.55478],[128.70267,36.55115]]]},"properties":{"key":"경상북도|안동시|강남동","code":"4717069000"}},{"type":"Feature","geometry":{"type":"Polygon","coordinates":[[[128.34086,36.26832],[128.34319,36.27817],[128.34239,36.28496],[128.33645,36.28979],[128.32391,36.29483],[128.31284,36.28553],[128.30659,36.28281],[128.30387,36.27536],[128.2987,36.27474],[128.29396,36.27071],[128.28889,36.27292],[128.27812,36.27051],[128.27391,36.26389],[128.26542,36.26316],[128.25966,36.25905],[128.25118,36.2474],[128.24601,36.24835],[128.24712,36.25508],[128.24136,36.26214],[128.23576,36.25757],[128.23775,36.24845],[128.23102,36.24586],[128.23205,36.23605],[128.2258,36.23166],[128.23621,36.22494],[128.23359,36.21851],[128.23422,36.21416],[128.23858,36.20717],[128.23371,36.20188],[128.24434,36.19913],[128.25673,36.2011],[128.2654,36.20451],[128.27685,36.20198],[128.28421,36.20615],[128.28323,36.21066],[128.27763,36.21461],[128.27469,36.21932],[128.27974,36.2253],[128.28535,36.22344],[128.29248,36.21871],[128.30049,36.21928],[128.30911,36.22789],[128.31547,36.22952],[128.32477,36.22082],[128.3329,36.21482],[128.3439,36.21539],[128.35191,36.21144],[128.36385,36.2118],[128.36396,36.21901],[128.35926,36.22209],[128.35302,36.22944],[128.34727,36.23287],[128.33904,36.24088],[128.33539,36.24683],[128.33464,36.25343],[128.34086,36.26832]]]},"properties":{"key":"경상북도|구미시|선산읍","code":"4719025000"}},{"type":"Feature","geometry":{"type":"Polygon","coordinates":[[[128.36385,36.2118],[128.35191,36.21144],[128.3439,36.21539],[128.3329,36.21482],[128.32477,36.22082],[128.31547,36.22952],[128.30911,36.22789],[128.30049,36.21928],[128.29248,36.21871],[128.28535,36.22344],[128.27974,36.2253],[128.27469,36.21932],[128.27763,36.21461],[128.28323,36.21066],[128.28421,36.20615],[128.27685,36.20198],[128.2654,36.20451],[128.25673,36.2011],[128.26252,36.19764],[128.27129,36.19528],[128.27062,36.19135],[128.27308,36.1824],[128.27017,36.17832],[128.27056,36.17408],[128.27801,36.17126],[128.28235,36.17221],[128.29181,36.17071],[128.30198,36.17347],[128.30379,36.16889],[128.31467,36.16333],[128.32022,36.15401],[128.32848,36.14933],[128.33947,36.14928],[128.34675,36.14896],[128.35383,36.1464],[128.36194,36.13824],[128.3725,36.13796],[128.377,36.14038],[128.38089,36.14921],[128.38328,36.15263],[128.38148,36.16348],[128.37993,36.17455],[128.38328,36.18095],[128.38118,36.18507],[128.37234,36.19121],[128.36651,36.19378],[128.36212,36.19793],[128.3596,36.20653],[128.36385,36.2118]]]},"properties":{"key":"경상북도|구미시|고아읍","code":"4719025300"}},{"type":"Feature","geometry":{"type":"Polygon","coordinates":[[[128.19919,36.2982],[128.18954,36.30065],[128.18487,36.29738],[128.17679,36.29751],[128.17239,36.29976],[128.16241,36.29743],[128.15443,36.29429],[128.14841,36.288],[128.14015,36.28625],[128.13577,36.27999],[128.13276,36.26794],[128.1372,36.26095],[128.13705,36.25715],[128.14146,36.25827],[128.15138,36.25647],[128.1619,36.25646],[128.16761,36.25356],[128.16908,36.24846],[128.17317,36.24544],[128.18812,36.24384],[128.19686,36.24473],[128.20167,36.23993],[128.2144,36.23666],[128.21824,36.23063],[128.2258,36.23166],[128.23205,36.23605],[128.23102,36.24586],[128.23775,36.24845],[128.23576,36.25757],[128.24136,36.26214],[128.23795,36.26909],[128.23742,36.27485],[128.22987,36.27788],[128.2228,36.27622],[128.21419,36.2766],[128.20874,36.28377],[128.20275,36.28472],[128.20177,36.28964],[128.19652,36.29472],[128.19919,36.2982]]]},"properties":{"key":"경상북도|구미시|무을면","code":"4719031000"}},{"type":"Feature","geometry":{"type":"Polygon","coordinates":[[[128.28405,36.34725],[128.27745,36.35012],[128.27848,36.35496],[128.27187,36.36185],[128.25883,36.3619],[128.25329,36.36037],[128.25098,36.35702],[128.25142,36.35175],[128.2478,36.35094],[128.23792,36.34214],[128.23005,36.32979],[128.23199,36.32421],[128.23094,36.3146],[128.22863,36.30858],[128.22918,36.30439],[128.21851,36.30711],[128.21264,36.30506],[128.20676,36.29886],[128.19919,36.2982],[128.19652,36.29472],[128.20177,36.28964],[128.20275,36.28472],[128.20874,36.28377],[128.21419,36.2766],[128.2228,36.27622],[128.22987,36.27788],[128.23742,36.27485],[128.23795,36.26909],[128.24136,36.26214],[128.24712,36.25508],[128.24601,36.24835],[128.25118,36.2474],[128.25966,36.25905],[128.26542,36.26316],[128.27391,36.26389],[128.27812,36.27051],[128.28889,36.27292],[128.29396,36.27071],[128.2987,36.27474],[128.30387,36.27536],[128.30659,36.28281],[128.31284,36.28553],[128.32391,36.29483],[128.31238,36.30266],[128.30402,36.30961],[128.28603,36.31436],[128.28207,36.3187],[128.28212,36.32435],[128.28739,36.33203],[128.28765,36.3377],[128.29084,36.34508],[128.28405,36.34725]]]},"properties":{"key":"경상북도|구미시|옥성면","code":"4719032000"}},{"type":"Feature","geometry":{"type":"Polygon","coordinates":[[[128.37917,36.32266],[128.37279,36.32484],[128.36666,36.33346],[128.36613,36.33893],[128.35484,36.34386],[128.3508,36.35112],[128.3411,36.34851],[128.33451,36.34882],[128.33089,36.34318],[128.32563,36.34256],[128.31617,36.33542],[128.31406,36.33061],[128.30832,36.33033],[128.30488,36.33258],[128.30464,36.33808],[128.30165,36.3436],[128.29342,36.348],[128.29084,36.34508],[128.28765,36.3377],[128.28739,36.33203],[128.28212,36.32435],[128.28207,36.3187],[128.28603,36.31436],[128.30402,36.30961],[128.31238,36.30266],[128.32391,36.29483],[128.33645,36.28979],[128.34239,36.28496],[128.34319,36.27817],[128.34086,36.26832],[128.34651,36.26809],[128.35853,36.27479],[128.36091,36.27034],[128.37509,36.27039],[128.38155,36.26721],[128.38513,36.26264],[128.39197,36.26363],[128.39972,36.25877],[128.40775,36.25727],[128.41657,36.25763],[128.42112,36.26153],[128.42152,36.26862],[128.42652,36.27367],[128.42368,36.27889],[128.41402,36.28312],[128.41125,36.28751],[128.40165,36.28949],[128.39663,36.29349],[128.39557,36.29753],[128.38793,36.3035],[128.38975,36.30786],[128.381,36.31235],[128.37917,36.32266]]]},"properties":{"key":"경상북도|구미시|도개면","code":"4719033000"}},{"type":"Feature","geometry":{"type":"Polygon","coordinates":[[[128.41657,36.25763],[128.40775,36.25727],[128.39972,36.25877],[128.39197,36.26363],[128.38513,36.26264],[128.38155,36.26721],[128.37509,36.27039],[128.36091,36.27034],[128.35853,36.27479],[128.34651,36.26809],[128.34086,36.26832],[128.33464,36.25343],[128.33539,36.24683],[128.33904,36.24088],[128.34727,36.23287],[128.35302,36.22944],[128.35926,36.22209],[128.36396,36.21901],[128.36385,36.2118],[128.3596,36.20653],[128.36212,36.19793],[128.36651,36.19378],[128.37234,36.19121],[128.38118,36.18507],[128.38328,36.18095],[128.37993,36.17455],[128.38148,36.16348],[128.39391,36.16377],[128.40968,36.16779],[128.41655,36.16551],[128.4205,36.16858],[128.42198,36.18245],[128.42035,36.18615],[128.43402,36.20486],[128.44191,36.20521],[128.44344,36.20917],[128.44078,36.21801],[128.43758,36.22239],[128.43827,36.22662],[128.43359,36.23516],[128.42382,36.23665],[128.42378,36.24036],[128.41932,36.2457],[128.42139,36.2506],[128.41657,36.25763]]]},"properties":{"key":"경상북도|구미시|해평면","code":"4719034000"}},{"type":"Feature","geometry":{"type":"Polygon","coordinates":[[[128.50435,36.18499],[128.50357,36.19277],[128.49472,36.19771],[128.49449,36.20528],[128.48876,36.21338],[128.48958,36.21869],[128.48629,36.22391],[128.47955,36.22448],[128.48609,36.23122],[128.48483,36.23407],[128.47797,36.23395],[128.47023,36.2293],[128.46199,36.22844],[128.45292,36.22333],[128.44078,36.21801],[128.44344,36.20917],[128.44191,36.20521],[128.43402,36.20486],[128.42035,36.18615],[128.42198,36.18245],[128.4205,36.16858],[128.41655,36.16551],[128.40968,36.16779],[128.39391,36.16377],[128.38148,36.16348],[128.38328,36.15263],[128.38089,36.14921],[128.39038,36.14846],[128.40124,36.15278],[128.40507,36.15156],[128.41192,36.15617],[128.4216,36.15311],[128.42526,36.14343],[128.43815,36.14318],[128.43749,36.13857],[128.44812,36.13787],[128.45572,36.1328],[128.45823,36.13376],[128.46967,36.12908],[128.47424,36.12899],[128.47995,36.1325],[128.47921,36.14705],[128.47358,36.1576],[128.47735,36.16263],[128.47365,36.16928],[128.47536,36.17607],[128.48263,36.18],[128.49917,36.17537],[128.50263,36.1773],[128.50435,36.18499]]]},"properties":{"key":"경상북도|구미시|산동읍","code":"4719025600"}},{"type":"Feature","geometry":{"type":"Polygon","coordinates":[[[128.52287,36.20069],[128.51802,36.20054],[128.51257,36.1912],[128.50435,36.18499],[128.50263,36.1773],[128.49917,36.17537],[128.48263,36.18],[128.47536,36.17607],[128.47365,36.16928],[128.47735,36.16263],[128.47358,36.1576],[128.47921,36.14705],[128.47995,36.1325],[128.47424,36.12899],[128.46918,36.12001],[128.45968,36.11727],[128.45805,36.11189],[128.46464,36.10924],[128.4729,36.1039],[128.47882,36.10498],[128.4827,36.11026],[128.48915,36.11531],[128.49114,36.12168],[128.49441,36.12421],[128.49674,36.11583],[128.5083,36.11066],[128.5197,36.11473],[128.52638,36.1115],[128.53478,36.1124],[128.5396,36.11014],[128.54305,36.1122],[128.54807,36.10891],[128.55217,36.11023],[128.55979,36.10919],[128.5631,36.11168],[128.56193,36.11931],[128.55492,36.12129],[128.55286,36.12836],[128.54864,36.13098],[128.55257,36.13847],[128.54815,36.14096],[128.54833,36.14789],[128.55047,36.15074],[128.5425,36.15479],[128.54048,36.16156],[128.54436,36.16611],[128.55363,36.1653],[128.55429,36.17341],[128.55745,36.17805],[128.54909,36.17815],[128.54587,36.18169],[128.53895,36.19367],[128.52287,36.20069]]]},"properties":{"key":"경상북도|구미시|장천면","code":"4719036000"}},{"type":"Feature","geometry":{"type":"Polygon","coordinates":[[[128.35863,36.11964],[128.34279,36.12342],[128.33698,36.12576],[128.33854,36.12015],[128.33923,36.11444],[128.34476,36.11267],[128.3532,36.11307],[128.35705,36.1171],[128.35863,36.11964]]]},"properties":{"key":"경상북도|구미시|송정동","code":"4719051000"}},{"type":"Feature","geometry":{"type":"Polygon","coordinates":[[[128.33947,36.14928],[128.32848,36.14933],[128.32022,36.15401],[128.32112,36.1507],[128.31746,36.14572],[128.31602,36.13514],[128.32275,36.13161],[128.33128,36.13515],[128.33757,36.13222],[128.34248,36.14341],[128.33947,36.14928]]]},"properties":{"key":"경상북도|구미시|도량동","code":"4719055100"}},{"type":"Feature","geometry":{"type":"Polygon","coordinates":[[[128.3725,36.13796],[128.36194,36.13824],[128.35383,36.1464],[128.34675,36.14896],[128.33947,36.14928],[128.34248,36.14341],[128.33757,36.13222],[128.35151,36.12571],[128.36264,36.12801],[128.37061,36.12644],[128.37368,36.12471],[128.3795,36.12626],[128.3725,36.13796]]]},"properties":{"key":"경상북도|구미시|지산동","code":"4719055500"}},{"type":"Feature","geometry":{"type":"Polygon","coordinates":[[[128.32022,36.15401],[128.31467,36.16333],[128.30379,36.16889],[128.30198,36.17347],[128.29181,36.17071],[128.29508,36.16831],[128.29065,36.15406],[128.28745,36.15286],[128.2873,36.14739],[128.28038,36.14292],[128.28712,36.13823],[128.2944,36.13545],[128.29414,36.1307],[128.27743,36.1137],[128.27559,36.10346],[128.28055,36.10182],[128.29241,36.09438],[128.29323,36.09103],[128.29771,36.08759],[128.30603,36.086],[128.32136,36.0918],[128.33056,36.09145],[128.33315,36.09377],[128.32959,36.09966],[128.32206,36.10059],[128.32157,36.10945],[128.32429,36.11836],[128.32925,36.12008],[128.33854,36.12015],[128.33698,36.12576],[128.32275,36.13161],[128.31602,36.13514],[128.31746,36.14572],[128.32112,36.1507],[128.32022,36.15401]]]},"properties":{"key":"경상북도|구미시|선주원남동","code":"4719056500"}},{"type":"Feature","geometry":{"type":"Polygon","coordinates":[[[128.33854,36.12015],[128.32925,36.12008],[128.32429,36.11836],[128.32157,36.10945],[128.32737,36.11099],[128.33479,36.10987],[128.33923,36.11218],[128.34731,36.10843],[128.34749,36.10883],[128.34476,36.11267],[128.33923,36.11444],[128.33854,36.12015]]]},"properties":{"key":"경상북도|구미시|형곡1동","code":"4719058200"}},{"type":"Feature","geometry":{"type":"Polygon","coordinates":[[[128.34731,36.10843],[128.33923,36.11218],[128.33479,36.10987],[128.32737,36.11099],[128.32157,36.10945],[128.32206,36.10059],[128.32959,36.09966],[128.33315,36.09377],[128.34132,36.0962],[128.34366,36.09886],[128.34731,36.10843]]]},"properties":{"key":"경상북도|구미시|형곡2동","code":"4719058300"}},{"type":"Feature","geometry":{"type":"Polygon","coordinates":[[[128.36597,36.1222],[128.36281,36.12747],[128.35789,36.12565],[128.35863,36.11964],[128.35705,36.1171],[128.36633,36.11204],[128.36597,36.1222]]]},"properties":{"key":"경상북도|구미시|신평1동","code":"4719059000"}},{"type":"Feature","geometry":{"type":"Polygon","coordinates":[[[128.37061,36.12644],[128.36264,36.12801],[128.36281,36.12747],[128.36597,36.1222],[128.37061,36.12644]]]},"properties":{"key":"경상북도|구미시|신평2동","code":"4719060000"}},{"type":"Feature","geometry":{"type":"Polygon","coordinates":[[[128.39816,36.09222],[128.39599,36.11099],[128.36639,36.11087],[128.36646,36.10206],[128.36364,36.10056],[128.36151,36.09176],[128.36819,36.09004],[128.37625,36.08351],[128.38259,36.074],[128.39845,36.0904],[128.39816,36.09222]]]},"properties":{"key":"경상북도|구미시|공단동","code":"4719070000"}},{"type":"Feature","geometry":{"type":"Polygon","coordinates":[[[128.35705,36.1171],[128.3532,36.11307],[128.34476,36.11267],[128.34749,36.10883],[128.35835,36.10406],[128.36364,36.10056],[128.36646,36.10206],[128.36639,36.11087],[128.36633,36.11204],[128.35705,36.1171]]]},"properties":{"key":"경상북도|구미시|광평동","code":"4719063000"}},{"type":"Feature","geometry":{"type":"Polygon","coordinates":[[[128.36364,36.10056],[128.35835,36.10406],[128.34749,36.10883],[128.34731,36.10843],[128.34366,36.09886],[128.34132,36.0962],[128.33315,36.09377],[128.33056,36.09145],[128.33608,36.08225],[128.34095,36.08167],[128.34528,36.07695],[128.35213,36.07918],[128.35891,36.08417],[128.35844,36.0902],[128.36151,36.09176],[128.36364,36.10056]]]},"properties":{"key":"경상북도|구미시|상모사곡동","code":"4719064500"}},{"type":"Feature","geometry":{"type":"Polygon","coordinates":[[[128.36151,36.09176],[128.35844,36.0902],[128.35891,36.08417],[128.35213,36.07918],[128.34528,36.07695],[128.34703,36.07175],[128.36146,36.06071],[128.3711,36.06608],[128.37858,36.06545],[128.38498,36.07024],[128.38259,36.074],[128.37625,36.08351],[128.36819,36.09004],[128.36151,36.09176]]]},"properties":{"key":"경상북도|구미시|임오동","code":"4719066000"}},{"type":"Feature","geometry":{"type":"Polygon","coordinates":[[[128.45805,36.11189],[128.44281,36.11892],[128.43492,36.12455],[128.42708,36.12466],[128.42074,36.12279],[128.41633,36.11913],[128.40995,36.11762],[128.41746,36.1109],[128.41756,36.10827],[128.43077,36.09487],[128.43056,36.08791],[128.42348,36.08692],[128.4293,36.08032],[128.44348,36.07877],[128.45349,36.07242],[128.46273,36.06967],[128.46881,36.07271],[128.46336,36.07919],[128.46496,36.08327],[128.47464,36.08984],[128.47689,36.09277],[128.4754,36.09867],[128.47951,36.10147],[128.47882,36.10498],[128.4729,36.1039],[128.46464,36.10924],[128.45805,36.11189]]]},"properties":{"key":"경상북도|구미시|인동동","code":"4719067000"}},{"type":"Feature","geometry":{"type":"Polygon","coordinates":[[[128.40995,36.11762],[128.40484,36.12293],[128.39744,36.12544],[128.39135,36.12078],[128.39541,36.11636],[128.39599,36.11099],[128.39816,36.09222],[128.40374,36.09194],[128.40853,36.08328],[128.41567,36.08259],[128.42348,36.08692],[128.43056,36.08791],[128.43077,36.09487],[128.41756,36.10827],[128.41746,36.1109],[128.40995,36.11762]]]},"properties":{"key":"경상북도|구미시|진미동","code":"4719068000"}},{"type":"Feature","geometry":{"type":"Polygon","coordinates":[[[128.47424,36.12899],[128.46967,36.12908],[128.45823,36.13376],[128.45572,36.1328],[128.44812,36.13787],[128.43749,36.13857],[128.43815,36.14318],[128.42526,36.14343],[128.4216,36.15311],[128.41192,36.15617],[128.40507,36.15156],[128.40124,36.15278],[128.39038,36.14846],[128.38089,36.14921],[128.377,36.14038],[128.3725,36.13796],[128.3795,36.12626],[128.39135,36.12078],[128.39744,36.12544],[128.40484,36.12293],[128.40995,36.11762],[128.41633,36.11913],[128.42074,36.12279],[128.42708,36.12466],[128.43492,36.12455],[128.44281,36.11892],[128.45805,36.11189],[128.45968,36.11727],[128.46918,36.12001],[128.47424,36.12899]]]},"properties":{"key":"경상북도|구미시|양포동","code":"4719069000"}},{"type":"Feature","geometry":{"type":"Polygon","coordinates":[[[128.48496,36.95746],[128.47713,36.95754],[128.46779,36.95181],[128.46324,36.94745],[128.4602,36.93401],[128.45704,36.93385],[128.44519,36.92821],[128.44187,36.9279],[128.4454,36.91775],[128.44011,36.90137],[128.42695,36.88931],[128.42712,36.88105],[128.42441,36.87647],[128.43858,36.87331],[128.44892,36.86339],[128.45801,36.86308],[128.46596,36.86486],[128.47406,36.8648],[128.49383,36.86835],[128.498,36.87158],[128.50589,36.87465],[128.51171,36.87397],[128.52988,36.86377],[128.53648,36.86097],[128.54631,36.85817],[128.55589,36.87803],[128.5478,36.88031],[128.54841,36.88469],[128.55313,36.8935],[128.55149,36.89705],[128.54594,36.90288],[128.5376,36.90452],[128.53321,36.90697],[128.53204,36.91342],[128.52756,36.91554],[128.52277,36.92531],[128.51529,36.92951],[128.51155,36.94057],[128.50395,36.94843],[128.49936,36.94892],[128.49102,36.95269],[128.48496,36.95746]]]},"properties":{"key":"경상북도|영주시|풍기읍","code":"4721025000"}},{"type":"Feature","geometry":{"type":"Polygon","coordinates":[[[128.73664,36.84422],[128.73242,36.84689],[128.72557,36.86041],[128.72858,36.86271],[128.7199,36.86769],[128.71473,36.86454],[128.70543,36.86706],[128.70139,36.86075],[128.68617,36.86332],[128.68146,36.8575],[128.67718,36.85555],[128.67793,36.85029],[128.66941,36.84342],[128.66538,36.83671],[128.66179,36.83415],[128.6552,36.83613],[128.64548,36.83189],[128.64218,36.82496],[128.64826,36.82364],[128.64857,36.81983],[128.66579,36.81853],[128.6716,36.81233],[128.6649,36.80331],[128.66867,36.80214],[128.66731,36.7967],[128.66213,36.79284],[128.64815,36.78978],[128.64258,36.78071],[128.66067,36.77498],[128.66187,36.77168],[128.67086,36.76389],[128.67587,36.7606],[128.6823,36.75897],[128.68355,36.76972],[128.68621,36.77324],[128.69392,36.77469],[128.69763,36.78035],[128.70389,36.78453],[128.70278,36.79271],[128.71185,36.78979],[128.71294,36.79479],[128.72125,36.80084],[128.7273,36.81111],[128.7276,36.81883],[128.71834,36.82471],[128.71859,36.82934],[128.72592,36.83101],[128.73667,36.83933],[128.73664,36.84422]]]},"properties":{"key":"경상북도|영주시|이산면","code":"4721031000"}},{"type":"Feature","geometry":{"type":"Polygon","coordinates":[[[128.74338,36.79613],[128.73597,36.80189],[128.73214,36.79155],[128.72563,36.79282],[128.72125,36.80084],[128.71294,36.79479],[128.71185,36.78979],[128.70278,36.79271],[128.70389,36.78453],[128.69763,36.78035],[128.69392,36.77469],[128.68621,36.77324],[128.68355,36.76972],[128.6823,36.75897],[128.67587,36.7606],[128.67086,36.76389],[128.67729,36.75452],[128.6688,36.74518],[128.65968,36.75092],[128.65647,36.75042],[128.64641,36.73953],[128.6467,36.73604],[128.63617,36.73576],[128.64196,36.72406],[128.63907,36.72025],[128.65199,36.71075],[128.66284,36.7148],[128.67292,36.70774],[128.67281,36.70498],[128.67858,36.69924],[128.69198,36.70252],[128.69836,36.70644],[128.70301,36.70208],[128.70908,36.69977],[128.71628,36.70339],[128.72744,36.69564],[128.73444,36.70042],[128.73783,36.70391],[128.73415,36.70957],[128.72913,36.71383],[128.73378,36.72093],[128.73533,36.7268],[128.73188,36.72909],[128.73646,36.73895],[128.73729,36.74419],[128.74289,36.75],[128.74294,36.75576],[128.73781,36.76189],[128.73623,36.76626],[128.74538,36.77744],[128.73643,36.78318],[128.73686,36.79105],[128.74187,36.79144],[128.74338,36.79613]]]},"properties":{"key":"경상북도|영주시|평은면","code":"4721032000"}},{"type":"Feature","geometry":{"type":"Polygon","coordinates":[[[128.64815,36.78978],[128.63921,36.79071],[128.63381,36.79493],[128.63248,36.784],[128.6196,36.7779],[128.6223,36.77188],[128.61592,36.77248],[128.61141,36.78282],[128.60818,36.78441],[128.60208,36.77836],[128.60021,36.77396],[128.60169,36.76241],[128.60127,36.75623],[128.59648,36.74489],[128.59749,36.74278],[128.58983,36.73857],[128.58515,36.73436],[128.57852,36.73214],[128.57705,36.72993],[128.57618,36.72486],[128.58036,36.71993],[128.5853,36.70908],[128.58902,36.70546],[128.58975,36.70088],[128.59763,36.70277],[128.59583,36.71235],[128.60019,36.71533],[128.60834,36.71687],[128.61546,36.71189],[128.62078,36.71572],[128.62741,36.7168],[128.63037,36.71977],[128.63907,36.72025],[128.64196,36.72406],[128.63617,36.73576],[128.6467,36.73604],[128.64641,36.73953],[128.65647,36.75042],[128.65968,36.75092],[128.6688,36.74518],[128.67729,36.75452],[128.67086,36.76389],[128.66187,36.77168],[128.66067,36.77498],[128.64258,36.78071],[128.64815,36.78978]]]},"properties":{"key":"경상북도|영주시|문수면","code":"4721033000"}},{"type":"Feature","geometry":{"type":"Polygon","coordinates":[[[128.59317,36.81582],[128.58608,36.82031],[128.58135,36.8284],[128.5726,36.82845],[128.57055,36.82612],[128.57427,36.82042],[128.57429,36.81527],[128.56656,36.80799],[128.55973,36.80427],[128.55234,36.80682],[128.54594,36.80622],[128.5393,36.78949],[128.53041,36.79445],[128.52154,36.78994],[128.51119,36.78832],[128.51113,36.78099],[128.51528,36.76957],[128.53014,36.77091],[128.53657,36.77336],[128.54191,36.76763],[128.55168,36.76537],[128.55577,36.76097],[128.56145,36.76012],[128.56601,36.75256],[128.56711,36.74728],[128.57068,36.74298],[128.56899,36.73868],[128.57852,36.73214],[128.58515,36.73436],[128.58983,36.73857],[128.59749,36.74278],[128.59648,36.74489],[128.60127,36.75623],[128.60169,36.76241],[128.60021,36.77396],[128.60208,36.77836],[128.60818,36.78441],[128.60262,36.79147],[128.59268,36.78942],[128.58828,36.7902],[128.59577,36.80012],[128.59622,36.80504],[128.59253,36.81075],[128.59317,36.81582]]]},"properties":{"key":"경상북도|영주시|장수면","code":"4721034000"}},{"type":"Feature","geometry":{"type":"Polygon","coordinates":[[[128.59876,36.87908],[128.59511,36.88114],[128.58758,36.88118],[128.58304,36.88475],[128.57708,36.88313],[128.57106,36.88496],[128.5665,36.88985],[128.56694,36.89755],[128.56092,36.8985],[128.55149,36.89705],[128.55313,36.8935],[128.54841,36.88469],[128.5478,36.88031],[128.55589,36.87803],[128.54631,36.85817],[128.53648,36.86097],[128.53264,36.85374],[128.53554,36.85171],[128.53262,36.84391],[128.52797,36.83992],[128.52996,36.83587],[128.52601,36.83084],[128.52235,36.82192],[128.52326,36.81789],[128.52068,36.80435],[128.51383,36.79534],[128.51119,36.78832],[128.52154,36.78994],[128.53041,36.79445],[128.5393,36.78949],[128.54594,36.80622],[128.55234,36.80682],[128.55973,36.80427],[128.56656,36.80799],[128.57429,36.81527],[128.57427,36.82042],[128.57055,36.82612],[128.56522,36.82967],[128.56778,36.83719],[128.57233,36.84031],[128.58283,36.84133],[128.58807,36.8503],[128.5912,36.86472],[128.60003,36.86211],[128.60062,36.86663],[128.60971,36.86842],[128.60981,36.86919],[128.60096,36.87423],[128.59876,36.87908]]]},"properties":{"key":"경상북도|영주시|안정면","code":"4721035000"}},{"type":"Feature","geometry":{"type":"Polygon","coordinates":[[[128.53648,36.86097],[128.52988,36.86377],[128.51171,36.87397],[128.50589,36.87465],[128.498,36.87158],[128.49383,36.86835],[128.47406,36.8648],[128.46596,36.86486],[128.45801,36.86308],[128.44892,36.86339],[128.44714,36.85458],[128.44911,36.84891],[128.45932,36.84555],[128.4621,36.84683],[128.48126,36.83492],[128.48249,36.82986],[128.47826,36.82398],[128.47712,36.81821],[128.47427,36.81689],[128.47099,36.80345],[128.47414,36.79979],[128.47648,36.78655],[128.47429,36.78166],[128.47484,36.77666],[128.48225,36.77675],[128.49568,36.76959],[128.49912,36.76492],[128.50637,36.7638],[128.51528,36.76957],[128.51113,36.78099],[128.51119,36.78832],[128.51383,36.79534],[128.52068,36.80435],[128.52326,36.81789],[128.52235,36.82192],[128.52601,36.83084],[128.52996,36.83587],[128.52797,36.83992],[128.53262,36.84391],[128.53554,36.85171],[128.53264,36.85374],[128.53648,36.86097]]]},"properties":{"key":"경상북도|영주시|봉현면","code":"4721036000"}},{"type":"Feature","geometry":{"type":"Polygon","coordinates":[[[128.59876,36.87908],[128.59937,36.88595],[128.59398,36.88675],[128.58843,36.90372],[128.58804,36.90765],[128.59088,36.91305],[128.59026,36.91805],[128.59403,36.92462],[128.59018,36.93191],[128.59411,36.93599],[128.59235,36.94565],[128.58473,36.94743],[128.57794,36.95152],[128.56863,36.95226],[128.56427,36.95639],[128.54655,36.96813],[128.53612,36.97399],[128.5235,36.97671],[128.51363,36.97681],[128.50486,36.96914],[128.48552,36.96171],[128.48496,36.95746],[128.49102,36.95269],[128.49936,36.94892],[128.50395,36.94843],[128.51155,36.94057],[128.51529,36.92951],[128.52277,36.92531],[128.52756,36.91554],[128.53204,36.91342],[128.53321,36.90697],[128.5376,36.90452],[128.54594,36.90288],[128.55149,36.89705],[128.56092,36.8985],[128.56694,36.89755],[128.5665,36.88985],[128.57106,36.88496],[128.57708,36.88313],[128.58304,36.88475],[128.58758,36.88118],[128.59511,36.88114],[128.59876,36.87908]]]},"properties":{"key":"경상북도|영주시|순흥면","code":"4721037000"}},{"type":"Feature","geometry":{"type":"Polygon","coordinates":[[[128.63029,37.039],[128.61927,37.04955],[128.60882,37.05263],[128.60679,37.0434],[128.59189,37.04231],[128.58386,37.04389],[128.57656,37.03547],[128.57214,37.0361],[128.56516,37.03087],[128.56693,37.02651],[128.57282,37.02188],[128.56992,37.01373],[128.5629,37.00796],[128.55635,37.00567],[128.55471,36.99823],[128.54514,36.99314],[128.53809,36.99076],[128.52621,36.99023],[128.51449,36.98681],[128.51363,36.97681],[128.5235,36.97671],[128.53612,36.97399],[128.54655,36.96813],[128.56427,36.95639],[128.56863,36.95226],[128.57794,36.95152],[128.58473,36.94743],[128.59235,36.94565],[128.59411,36.93599],[128.59018,36.93191],[128.59403,36.92462],[128.59026,36.91805],[128.59088,36.91305],[128.58804,36.90765],[128.58843,36.90372],[128.59398,36.88675],[128.59937,36.88595],[128.59876,36.87908],[128.60096,36.87423],[128.60981,36.86919],[128.61277,36.87159],[128.62547,36.877],[128.63736,36.88768],[128.6428,36.89609],[128.63733,36.89705],[128.63524,36.90019],[128.63576,36.90817],[128.63936,36.91271],[128.63617,36.9213],[128.62696,36.91872],[128.62272,36.91927],[128.61237,36.91537],[128.61387,36.92218],[128.6263,36.93406],[128.62182,36.93688],[128.62101,36.94055],[128.62862,36.95288],[128.6261,36.95898],[128.62912,36.96144],[128.62817,36.97097],[128.62063,36.97637],[128.62246,36.98243],[128.6122,36.99365],[128.61142,36.99815],[128.60729,37.00288],[128.59876,37.00592],[128.59731,37.00819],[128.60523,37.01411],[128.6115,37.0148],[128.61942,37.01963],[128.6243,37.0184],[128.63286,37.01981],[128.63818,37.02631],[128.6388,37.03319],[128.63029,37.039]]]},"properties":{"key":"경상북도|영주시|단산면","code":"4721038000"}},{"type":"Feature","geometry":{"type":"Polygon","coordinates":[[[128.70894,37.03923],[128.70071,37.041],[128.68867,37.05307],[128.68374,37.05164],[128.67541,37.05877],[128.65749,37.06108],[128.65223,37.06546],[128.64462,37.06193],[128.64237,37.05581],[128.63758,37.05142],[128.63029,37.039],[128.6388,37.03319],[128.63818,37.02631],[128.63286,37.01981],[128.6243,37.0184],[128.61942,37.01963],[128.6115,37.0148],[128.60523,37.01411],[128.59731,37.00819],[128.59876,37.00592],[128.60729,37.00288],[128.61142,36.99815],[128.6122,36.99365],[128.62246,36.98243],[128.62063,36.97637],[128.62817,36.97097],[128.62912,36.96144],[128.6261,36.95898],[128.62862,36.95288],[128.62101,36.94055],[128.62182,36.93688],[128.6263,36.93406],[128.61387,36.92218],[128.61237,36.91537],[128.62272,36.91927],[128.62696,36.91872],[128.63617,36.9213],[128.63936,36.91271],[128.63576,36.90817],[128.63524,36.90019],[128.63733,36.89705],[128.6428,36.89609],[128.64913,36.90952],[128.65446,36.91152],[128.65917,36.91018],[128.66843,36.91983],[128.66011,36.9284],[128.66173,36.93801],[128.66658,36.94245],[128.67515,36.9457],[128.67816,36.95375],[128.68145,36.9534],[128.68626,36.95977],[128.68687,36.96889],[128.69302,36.97385],[128.69018,36.97934],[128.69204,36.99161],[128.6942,36.99845],[128.69285,37.00388],[128.70141,37.01293],[128.70008,37.02485],[128.70227,37.03223],[128.70894,37.03923]]]},"properties":{"key":"경상북도|영주시|부석면","code":"4721039000"}},{"type":"Feature","geometry":{"type":"Polygon","coordinates":[[[128.66941,36.84342],[128.66409,36.84159],[128.65987,36.84951],[128.65517,36.85263],[128.64333,36.85564],[128.64432,36.8634],[128.65577,36.86924],[128.65532,36.87263],[128.65007,36.87793],[128.64442,36.8801],[128.63736,36.88768],[128.62547,36.877],[128.61277,36.87159],[128.60981,36.86919],[128.60971,36.86842],[128.60736,36.86101],[128.61782,36.85379],[128.62708,36.84474],[128.62393,36.84038],[128.62485,36.83589],[128.62699,36.82772],[128.63541,36.82479],[128.64218,36.82496],[128.64548,36.83189],[128.6552,36.83613],[128.66179,36.83415],[128.66538,36.83671],[128.66941,36.84342]]]},"properties":{"key":"경상북도|영주시|상망동","code":"4721051000"}},{"type":"Feature","geometry":{"type":"Polygon","coordinates":[[[128.64218,36.82496],[128.63541,36.82479],[128.62699,36.82772],[128.62442,36.82206],[128.62597,36.82083],[128.63308,36.81995],[128.63715,36.82227],[128.64425,36.81717],[128.64857,36.81983],[128.64826,36.82364],[128.64218,36.82496]]]},"properties":{"key":"경상북도|영주시|하망동","code":"4721052500"}},{"type":"Feature","geometry":{"type":"Polygon","coordinates":[[[128.62699,36.82772],[128.62485,36.83589],[128.61385,36.83153],[128.61313,36.82577],[128.61846,36.82699],[128.62442,36.82206],[128.62699,36.82772]]]},"properties":{"key":"경상북도|영주시|영주1동","code":"4721055000"}},{"type":"Feature","geometry":{"type":"Polygon","coordinates":[[[128.62442,36.82206],[128.61846,36.82699],[128.61313,36.82577],[128.61533,36.82067],[128.62085,36.81932],[128.62597,36.82083],[128.62442,36.82206]]]},"properties":{"key":"경상북도|영주시|영주2동","code":"4721056000"}},{"type":"Feature","geometry":{"type":"Polygon","coordinates":[[[128.64857,36.81983],[128.64425,36.81717],[128.63715,36.82227],[128.63308,36.81995],[128.62597,36.82083],[128.62763,36.81383],[128.63108,36.81262],[128.63139,36.80204],[128.6358,36.80208],[128.63797,36.80662],[128.65143,36.8106],[128.65955,36.803],[128.6649,36.80331],[128.6716,36.81233],[128.66579,36.81853],[128.64857,36.81983]]]},"properties":{"key":"경상북도|영주시|휴천1동","code":"4721059000"}},{"type":"Feature","geometry":{"type":"Polygon","coordinates":[[[128.61334,36.80216],[128.61883,36.80164],[128.62354,36.80481],[128.62762,36.8105],[128.62085,36.81932],[128.62057,36.81386],[128.61601,36.80771],[128.61026,36.80513],[128.61334,36.80216]]]},"properties":{"key":"경상북도|영주시|휴천2동","code":"4721060000"}},{"type":"Feature","geometry":{"type":"Polygon","coordinates":[[[128.6649,36.80331],[128.65955,36.803],[128.65143,36.8106],[128.63797,36.80662],[128.6358,36.80208],[128.63139,36.80204],[128.63108,36.81262],[128.62763,36.81383],[128.62597,36.82083],[128.62085,36.81932],[128.62762,36.8105],[128.62354,36.80481],[128.61883,36.80164],[128.61334,36.80216],[128.62059,36.79511],[128.61428,36.78931],[128.61141,36.78282],[128.61592,36.77248],[128.6223,36.77188],[128.6196,36.7779],[128.63248,36.784],[128.63381,36.79493],[128.63921,36.79071],[128.64815,36.78978],[128.66213,36.79284],[128.66731,36.7967],[128.66867,36.80214],[128.6649,36.80331]]]},"properties":{"key":"경상북도|영주시|휴천3동","code":"4721061000"}},{"type":"Feature","geometry":{"type":"Polygon","coordinates":[[[128.62085,36.81932],[128.61533,36.82067],[128.61055,36.81726],[128.60255,36.81914],[128.59317,36.81582],[128.59253,36.81075],[128.59622,36.80504],[128.59577,36.80012],[128.58828,36.7902],[128.59268,36.78942],[128.60262,36.79147],[128.60818,36.78441],[128.61141,36.78282],[128.61428,36.78931],[128.62059,36.79511],[128.61334,36.80216],[128.61026,36.80513],[128.61601,36.80771],[128.62057,36.81386],[128.62085,36.81932]]]},"properties":{"key":"경상북도|영주시|가흥1동","code":"4721062000"}},{"type":"Feature","geometry":{"type":"Polygon","coordinates":[[[128.60971,36.86842],[128.60062,36.86663],[128.60003,36.86211],[128.5912,36.86472],[128.58807,36.8503],[128.58283,36.84133],[128.57233,36.84031],[128.56778,36.83719],[128.56522,36.82967],[128.57055,36.82612],[128.5726,36.82845],[128.58135,36.8284],[128.58608,36.82031],[128.59317,36.81582],[128.60255,36.81914],[128.61055,36.81726],[128.61533,36.82067],[128.61313,36.82577],[128.61385,36.83153],[128.62485,36.83589],[128.62393,36.84038],[128.62708,36.84474],[128.61782,36.85379],[128.60736,36.86101],[128.60971,36.86842]]]},"properties":{"key":"경상북도|영주시|가흥2동","code":"4721063000"}},{"type":"Feature","geometry":{"type":"Polygon","coordinates":[[[128.91739,35.95079],[128.90716,35.95267],[128.90337,35.95556],[128.89958,35.96327],[128.89075,35.9673],[128.8875,35.96559],[128.88109,35.96786],[128.87611,35.96674],[128.87605,35.96011],[128.8651,35.9545],[128.86346,35.94978],[128.86649,35.946],[128.86489,35.93931],[128.86125,35.93728],[128.86221,35.92854],[128.85741,35.92672],[128.8525,35.9203],[128.85657,35.91605],[128.85673,35.91161],[128.85316,35.908],[128.85543,35.90567],[128.85532,35.89978],[128.8697,35.89406],[128.87515,35.88819],[128.88165,35.89392],[128.88121,35.89941],[128.89307,35.89692],[128.90111,35.90026],[128.90505,35.89331],[128.91055,35.89436],[128.91467,35.88789],[128.92195,35.88118],[128.92582,35.87974],[128.93446,35.88367],[128.94019,35.88958],[128.94338,35.89046],[128.94681,35.89918],[128.94377,35.90868],[128.94565,35.9184],[128.94039,35.92406],[128.93102,35.92626],[128.92323,35.93524],[128.92185,35.94478],[128.91739,35.95079]]]},"properties":{"key":"경상북도|영천시|금호읍","code":"4723025000"}},{"type":"Feature","geometry":{"type":"Polygon","coordinates":[[[128.81412,36.02296],[128.80831,36.02064],[128.79738,36.02147],[128.79071,36.02513],[128.77472,36.02765],[128.77354,36.02188],[128.76464,36.02355],[128.75817,36.02668],[128.75176,36.0243],[128.74463,36.01791],[128.73663,36.01579],[128.73371,36.01193],[128.72328,36.00595],[128.72895,36.0016],[128.73516,35.9929],[128.74004,35.99322],[128.75204,35.99075],[128.76083,35.98719],[128.7652,35.98386],[128.77245,35.98302],[128.78607,35.988],[128.79076,35.98371],[128.79861,35.9817],[128.80726,35.97505],[128.81184,35.97322],[128.81322,35.9654],[128.82781,35.96403],[128.83654,35.96814],[128.84153,35.96234],[128.84598,35.96286],[128.85217,35.95951],[128.86032,35.94307],[128.86125,35.93728],[128.86489,35.93931],[128.86649,35.946],[128.86346,35.94978],[128.8651,35.9545],[128.87605,35.96011],[128.87611,35.96674],[128.8696,35.96971],[128.86918,35.97548],[128.87436,35.97637],[128.87607,35.98503],[128.88443,35.98643],[128.89342,35.9835],[128.9003,35.99059],[128.90917,35.99486],[128.91771,35.99257],[128.91682,35.99522],[128.90904,35.9965],[128.90625,36.00024],[128.90386,36.00087],[128.89732,35.99603],[128.8938,35.99928],[128.89303,36.00522],[128.88431,36.0052],[128.88635,35.99956],[128.88127,35.99907],[128.87275,36.00126],[128.86913,35.99503],[128.86443,35.99901],[128.85435,36.00316],[128.85131,36.00731],[128.84082,36.01531],[128.8347,36.01753],[128.83205,36.02211],[128.82762,36.0241],[128.81412,36.02296]]]},"properties":{"key":"경상북도|영천시|청통면","code":"4723031000"}},{"type":"Feature","geometry":{"type":"Polygon","coordinates":[[[128.81636,36.09228],[128.81048,36.0888],[128.79847,36.08497],[128.79102,36.08673],[128.77681,36.09483],[128.77064,36.09524],[128.76844,36.09953],[128.76448,36.10051],[128.75206,36.09289],[128.75159,36.10363],[128.74509,36.10915],[128.74394,36.10284],[128.73373,36.09462],[128.7252,36.09038],[128.72941,36.08104],[128.72375,36.07353],[128.71402,36.07559],[128.71139,36.07365],[128.70921,36.0641],[128.70256,36.05562],[128.7047,36.04566],[128.69684,36.03537],[128.70037,36.03132],[128.6993,36.02203],[128.69525,36.0163],[128.70052,36.01121],[128.72328,36.00595],[128.73371,36.01193],[128.73663,36.01579],[128.74463,36.01791],[128.75176,36.0243],[128.75817,36.02668],[128.76464,36.02355],[128.77354,36.02188],[128.77472,36.02765],[128.79071,36.02513],[128.79738,36.02147],[128.80831,36.02064],[128.81412,36.02296],[128.80794,36.02978],[128.80943,36.04089],[128.81311,36.04752],[128.8169,36.04908],[128.81712,36.05527],[128.82054,36.05782],[128.82389,36.06726],[128.81982,36.07774],[128.82075,36.08641],[128.81636,36.09228]]]},"properties":{"key":"경상북도|영천시|신녕면","code":"4723032000"}},{"type":"Feature","geometry":{"type":"Polygon","coordinates":[[[128.83085,36.10262],[128.82226,36.10054],[128.81807,36.09719],[128.81636,36.09228],[128.82075,36.08641],[128.81982,36.07774],[128.82389,36.06726],[128.82054,36.05782],[128.81712,36.05527],[128.8169,36.04908],[128.81311,36.04752],[128.80943,36.04089],[128.80794,36.02978],[128.81412,36.02296],[128.82762,36.0241],[128.83205,36.02211],[128.8347,36.01753],[128.84082,36.01531],[128.85131,36.00731],[128.85435,36.00316],[128.86443,35.99901],[128.86913,35.99503],[128.87275,36.00126],[128.88127,35.99907],[128.88635,35.99956],[128.88431,36.0052],[128.89303,36.00522],[128.8938,35.99928],[128.89732,35.99603],[128.90386,36.00087],[128.90625,36.00024],[128.90937,36.00475],[128.91071,36.01449],[128.90837,36.01819],[128.90301,36.03666],[128.88607,36.04277],[128.87779,36.04225],[128.86625,36.05575],[128.86527,36.06053],[128.85773,36.06582],[128.85483,36.06574],[128.84547,36.07347],[128.84683,36.07944],[128.8416,36.09133],[128.84163,36.09788],[128.83085,36.10262]]]},"properties":{"key":"경상북도|영천시|화산면","code":"4723033000"}},{"type":"Feature","geometry":{"type":"Polygon","coordinates":[[[128.98749,36.16796],[128.97833,36.16594],[128.97388,36.16086],[128.96818,36.16149],[128.96228,36.16634],[128.94969,36.16897],[128.94086,36.17721],[128.92807,36.17979],[128.91945,36.18544],[128.91451,36.18096],[128.90909,36.18071],[128.90416,36.17752],[128.89685,36.17642],[128.89605,36.17344],[128.89418,36.16953],[128.90009,36.16255],[128.8925,36.15554],[128.89019,36.14724],[128.89151,36.14339],[128.89785,36.13843],[128.89022,36.12803],[128.89557,36.12033],[128.89953,36.11144],[128.9074,36.1055],[128.9073,36.08966],[128.91584,36.07441],[128.92285,36.07092],[128.92771,36.07421],[128.93407,36.07239],[128.94212,36.07616],[128.94769,36.07472],[128.954,36.07794],[128.95944,36.08492],[128.96505,36.0861],[128.97076,36.08727],[128.97709,36.09994],[128.97282,36.11096],[128.97715,36.11515],[128.98347,36.11516],[128.99729,36.1222],[129.0026,36.12047],[129.00797,36.12368],[129.00654,36.12752],[129.00034,36.13186],[128.9983,36.13857],[129.00549,36.14463],[129.00787,36.1503],[129.00613,36.1563],[129.00676,36.16259],[128.99791,36.16417],[128.99509,36.16646],[128.98749,36.16796]]]},"properties":{"key":"경상북도|영천시|화북면","code":"4723034000"}},{"type":"Feature","geometry":{"type":"Polygon","coordinates":[[[128.89151,36.14339],[128.87633,36.14235],[128.86839,36.14515],[128.8591,36.14531],[128.85099,36.13843],[128.85297,36.12775],[128.85017,36.11887],[128.83758,36.11245],[128.83568,36.10583],[128.83085,36.10262],[128.84163,36.09788],[128.8416,36.09133],[128.84683,36.07944],[128.84547,36.07347],[128.85483,36.06574],[128.85773,36.06582],[128.86527,36.06053],[128.86625,36.05575],[128.87779,36.04225],[128.88607,36.04277],[128.90301,36.03666],[128.91045,36.03592],[128.92,36.03707],[128.92445,36.03225],[128.92461,36.02677],[128.92944,36.0216],[128.93535,36.02262],[128.93483,36.02631],[128.93937,36.033],[128.94411,36.03356],[128.94525,36.03729],[128.95611,36.03821],[128.95952,36.04352],[128.95848,36.04859],[128.96708,36.05205],[128.97197,36.05622],[128.97103,36.06125],[128.97277,36.0699],[128.96723,36.07549],[128.96505,36.0861],[128.95944,36.08492],[128.954,36.07794],[128.94769,36.07472],[128.94212,36.07616],[128.93407,36.07239],[128.92771,36.07421],[128.92285,36.07092],[128.91584,36.07441],[128.9073,36.08966],[128.9074,36.1055],[128.89953,36.11144],[128.89557,36.12033],[128.89022,36.12803],[128.89785,36.13843],[128.89151,36.14339]]]},"properties":{"key":"경상북도|영천시|화남면","code":"4723035000"}},{"type":"Feature","geometry":{"type":"Polygon","coordinates":[[[129.10444,36.11665],[129.09773,36.12185],[129.08191,36.11724],[129.07872,36.11159],[129.07131,36.11474],[129.06654,36.12411],[129.05663,36.13166],[129.05926,36.13537],[129.06411,36.13641],[129.06174,36.14352],[129.05916,36.144],[129.05062,36.15063],[129.04544,36.15118],[129.04492,36.15669],[129.03162,36.16064],[129.02562,36.15901],[129.01224,36.16302],[129.00676,36.16259],[129.00613,36.1563],[129.00787,36.1503],[129.00549,36.14463],[128.9983,36.13857],[129.00034,36.13186],[129.00654,36.12752],[129.00797,36.12368],[129.0026,36.12047],[128.99729,36.1222],[128.98347,36.11516],[128.97715,36.11515],[128.97282,36.11096],[128.97709,36.09994],[128.98357,36.09983],[128.98635,36.09436],[128.98019,36.08595],[128.98187,36.08121],[128.98579,36.07813],[128.99174,36.07789],[128.99531,36.07211],[129.01099,36.06338],[129.02166,36.06495],[129.02883,36.05938],[129.03831,36.06034],[129.04301,36.05883],[129.05358,36.0586],[129.06236,36.05694],[129.06905,36.0573],[129.08107,36.0553],[129.08859,36.06612],[129.0978,36.06863],[129.10254,36.07339],[129.10682,36.07439],[129.112,36.07984],[129.11076,36.08367],[129.1009,36.08908],[129.09255,36.0998],[129.09324,36.10466],[129.09902,36.10708],[129.10503,36.11422],[129.10444,36.11665]]]},"properties":{"key":"경상북도|영천시|자양면","code":"4723036000"}},{"type":"Feature","geometry":{"type":"Polygon","coordinates":[[[129.112,36.07984],[129.10682,36.07439],[129.10254,36.07339],[129.0978,36.06863],[129.08859,36.06612],[129.08107,36.0553],[129.06905,36.0573],[129.06236,36.05694],[129.05358,36.0586],[129.04301,36.05883],[129.03831,36.06034],[129.02883,36.05938],[129.02166,36.06495],[129.01099,36.06338],[128.99531,36.07211],[128.99174,36.07789],[128.98579,36.07813],[128.98187,36.08121],[128.98019,36.08595],[128.98635,36.09436],[128.98357,36.09983],[128.97709,36.09994],[128.97076,36.08727],[128.96505,36.0861],[128.96723,36.07549],[128.97277,36.0699],[128.97103,36.06125],[128.97197,36.05622],[128.96708,36.05205],[128.95848,36.04859],[128.95952,36.04352],[128.95611,36.03821],[128.9563,36.0236],[128.95457,36.01803],[128.96179,36.0015],[128.96015,35.99799],[128.96554,35.98886],[128.97699,35.99208],[128.97899,35.99821],[128.97742,36.00605],[128.9835,36.00574],[128.98487,35.99837],[128.99157,35.99952],[128.9952,36.00525],[128.99907,36.00339],[129.00647,36.00507],[129.01197,36.00944],[129.01958,36.01232],[129.0201,36.02051],[129.03437,36.02703],[129.03714,36.02971],[129.04472,36.02782],[129.05161,36.03287],[129.05914,36.03263],[129.06146,36.02879],[129.06775,36.02852],[129.07146,36.0261],[129.09161,36.02083],[129.09812,36.0256],[129.09639,36.03074],[129.10221,36.03529],[129.11343,36.03538],[129.11718,36.04021],[129.12532,36.0362],[129.13421,36.03424],[129.13969,36.04319],[129.14633,36.04552],[129.15134,36.04963],[129.15157,36.05484],[129.14926,36.05742],[129.14133,36.05802],[129.13339,36.06884],[129.13336,36.07489],[129.12883,36.08086],[129.11994,36.07892],[129.112,36.07984]]]},"properties":{"key":"경상북도|영천시|임고면","code":"4723037000"}},{"type":"Feature","geometry":{"type":"Polygon","coordinates":[[[129.13421,36.03424],[129.12532,36.0362],[129.11718,36.04021],[129.11343,36.03538],[129.10221,36.03529],[129.09639,36.03074],[129.09812,36.0256],[129.09161,36.02083],[129.07146,36.0261],[129.06775,36.02852],[129.06146,36.02879],[129.05914,36.03263],[129.05161,36.03287],[129.04472,36.02782],[129.03714,36.02971],[129.03437,36.02703],[129.0201,36.02051],[129.01958,36.01232],[129.01197,36.00944],[129.00647,36.00507],[128.99907,36.00339],[128.9952,36.00525],[128.99157,35.99952],[128.98487,35.99837],[128.9835,36.00574],[128.97742,36.00605],[128.97899,35.99821],[128.97699,35.99208],[128.97473,35.98555],[128.96927,35.9823],[128.96681,35.9771],[128.97045,35.96952],[128.9787,35.96439],[128.98189,35.95908],[128.98758,35.95612],[128.99228,35.95617],[129.00147,35.94663],[129.0043,35.94181],[129.01694,35.95127],[129.03001,35.94763],[129.03195,35.94826],[129.04236,35.94207],[129.04942,35.94644],[129.05278,35.94614],[129.0583,35.94002],[129.06291,35.93801],[129.0671,35.94227],[129.07852,35.9418],[129.08201,35.93745],[129.09457,35.94069],[129.10066,35.93767],[129.10987,35.92984],[129.11387,35.92321],[129.11525,35.917],[129.12116,35.92223],[129.12737,35.9218],[129.13094,35.92403],[129.13484,35.93166],[129.13175,35.93767],[129.12839,35.93868],[129.12739,35.94987],[129.12491,35.95075],[129.11778,35.96006],[129.11809,35.97412],[129.11714,35.98553],[129.11264,35.99131],[129.11057,35.99674],[129.11301,36.00139],[129.11046,36.00479],[129.11436,36.0121],[129.1168,36.01255],[129.12272,36.00684],[129.13252,36.00576],[129.14429,36.01152],[129.14037,36.02468],[129.13421,36.03424]]]},"properties":{"key":"경상북도|영천시|고경면","code":"4723038000"}},{"type":"Feature","geometry":{"type":"Polygon","coordinates":[[[129.06291,35.93801],[129.0583,35.94002],[129.05278,35.94614],[129.04942,35.94644],[129.04236,35.94207],[129.03195,35.94826],[129.03001,35.94763],[129.01694,35.95127],[129.0043,35.94181],[129.00147,35.94663],[128.99228,35.95617],[128.98758,35.95612],[128.9808,35.94674],[128.97743,35.94748],[128.96397,35.9411],[128.9605,35.93769],[128.96831,35.93441],[128.97267,35.92654],[128.97098,35.91369],[128.96831,35.90881],[128.96787,35.90313],[128.97442,35.89664],[128.97617,35.88911],[128.96974,35.88392],[128.96874,35.87935],[128.96963,35.86887],[128.97281,35.86468],[128.97278,35.84847],[128.96926,35.84092],[128.97076,35.83544],[128.97774,35.83289],[128.98656,35.8344],[128.98929,35.83776],[129.00029,35.84217],[129.01413,35.8462],[129.0161,35.8498],[129.01871,35.85641],[129.02421,35.86279],[129.027,35.86317],[129.03292,35.87071],[129.02605,35.89057],[129.02897,35.89823],[129.02853,35.90467],[129.03786,35.91208],[129.04556,35.91267],[129.04854,35.91923],[129.05487,35.92013],[129.05745,35.926],[129.06051,35.92615],[129.06067,35.93428],[129.06291,35.93801]]]},"properties":{"key":"경상북도|영천시|북안면","code":"4723039000"}},{"type":"Feature","geometry":{"type":"Polygon","coordinates":[[[128.94338,35.89046],[128.94019,35.88958],[128.93446,35.88367],[128.92582,35.87974],[128.92195,35.88118],[128.91467,35.88789],[128.91055,35.89436],[128.90505,35.89331],[128.90111,35.90026],[128.89307,35.89692],[128.88121,35.89941],[128.88165,35.89392],[128.87515,35.88819],[128.86955,35.88336],[128.86604,35.88361],[128.85922,35.87884],[128.85983,35.87366],[128.87298,35.86596],[128.87515,35.86047],[128.87518,35.85102],[128.87847,35.84934],[128.88223,35.84315],[128.89209,35.84464],[128.89454,35.83742],[128.90225,35.83713],[128.91011,35.8316],[128.91488,35.8374],[128.92396,35.83357],[128.93359,35.83712],[128.93872,35.8356],[128.94403,35.82986],[128.94955,35.83295],[128.9592,35.8417],[128.96926,35.84092],[128.97278,35.84847],[128.97281,35.86468],[128.96963,35.86887],[128.96874,35.87935],[128.96974,35.88392],[128.96402,35.88471],[128.95541,35.88309],[128.9494,35.88833],[128.94338,35.89046]]]},"properties":{"key":"경상북도|영천시|대창면","code":"4723040000"}},{"type":"Feature","geometry":{"type":"Polygon","coordinates":[[[128.97699,35.99208],[128.96554,35.98886],[128.96015,35.99799],[128.96179,36.0015],[128.95457,36.01803],[128.94828,36.01379],[128.95124,36.00447],[128.94717,35.99768],[128.93939,35.99383],[128.9389,35.98867],[128.9415,35.98497],[128.93791,35.97814],[128.94405,35.97001],[128.95005,35.96995],[128.95693,35.96623],[128.96586,35.96617],[128.97045,35.96952],[128.96681,35.9771],[128.96927,35.9823],[128.97473,35.98555],[128.97699,35.99208]]]},"properties":{"key":"경상북도|영천시|동부동","code":"4723051000"}},{"type":"Feature","geometry":{"type":"Polygon","coordinates":[[[128.95611,36.03821],[128.94525,36.03729],[128.94411,36.03356],[128.93937,36.033],[128.93483,36.02631],[128.93535,36.02262],[128.92944,36.0216],[128.92461,36.02677],[128.92445,36.03225],[128.92,36.03707],[128.91045,36.03592],[128.90301,36.03666],[128.90837,36.01819],[128.91071,36.01449],[128.90937,36.00475],[128.90625,36.00024],[128.90904,35.9965],[128.91682,35.99522],[128.91771,35.99257],[128.92323,35.99142],[128.92293,35.98317],[128.92837,35.98265],[128.93083,35.97917],[128.9254,35.97359],[128.92876,35.97143],[128.93059,35.96425],[128.93263,35.96519],[128.93639,35.96825],[128.94405,35.97001],[128.93791,35.97814],[128.9415,35.98497],[128.9389,35.98867],[128.93939,35.99383],[128.94717,35.99768],[128.95124,36.00447],[128.94828,36.01379],[128.95457,36.01803],[128.9563,36.0236],[128.95611,36.03821]]]},"properties":{"key":"경상북도|영천시|중앙동","code":"4723052000"}},{"type":"Feature","geometry":{"type":"Polygon","coordinates":[[[128.91771,35.99257],[128.90917,35.99486],[128.9003,35.99059],[128.89342,35.9835],[128.88443,35.98643],[128.87607,35.98503],[128.87436,35.97637],[128.86918,35.97548],[128.8696,35.96971],[128.87611,35.96674],[128.88109,35.96786],[128.8875,35.96559],[128.89075,35.9673],[128.89958,35.96327],[128.90337,35.95556],[128.90716,35.95267],[128.91739,35.95079],[128.92243,35.95112],[128.92194,35.95634],[128.92567,35.96213],[128.93059,35.96425],[128.92876,35.97143],[128.9254,35.97359],[128.93083,35.97917],[128.92837,35.98265],[128.92293,35.98317],[128.92323,35.99142],[128.91771,35.99257]]]},"properties":{"key":"경상북도|영천시|서부동","code":"4723053500"}},{"type":"Feature","geometry":{"type":"Polygon","coordinates":[[[128.97045,35.96952],[128.96586,35.96617],[128.95693,35.96623],[128.95005,35.96995],[128.94405,35.97001],[128.93639,35.96825],[128.93263,35.96519],[128.93258,35.95938],[128.93815,35.95356],[128.94367,35.95588],[128.95347,35.95672],[128.95441,35.95216],[128.97148,35.95919],[128.9787,35.96439],[128.97045,35.96952]]]},"properties":{"key":"경상북도|영천시|완산동","code":"4723054000"}},{"type":"Feature","geometry":{"type":"Polygon","coordinates":[[[128.9787,35.96439],[128.97148,35.95919],[128.95441,35.95216],[128.95347,35.95672],[128.94367,35.95588],[128.93815,35.95356],[128.93258,35.95938],[128.93263,35.96519],[128.93059,35.96425],[128.92567,35.96213],[128.92194,35.95634],[128.92243,35.95112],[128.91739,35.95079],[128.92185,35.94478],[128.92323,35.93524],[128.93102,35.92626],[128.94039,35.92406],[128.94565,35.9184],[128.94377,35.90868],[128.94681,35.89918],[128.94338,35.89046],[128.9494,35.88833],[128.95541,35.88309],[128.96402,35.88471],[128.96974,35.88392],[128.97617,35.88911],[128.97442,35.89664],[128.96787,35.90313],[128.96831,35.90881],[128.97098,35.91369],[128.97267,35.92654],[128.96831,35.93441],[128.9605,35.93769],[128.96397,35.9411],[128.97743,35.94748],[128.9808,35.94674],[128.98758,35.95612],[128.98189,35.95908],[128.9787,35.96439]]]},"properties":{"key":"경상북도|영천시|남부동","code":"4723055500"}},{"type":"Feature","geometry":{"type":"Polygon","coordinates":[[[128.17752,36.59537],[128.17575,36.597],[128.16476,36.59757],[128.15557,36.60113],[128.1512,36.59968],[128.14674,36.59238],[128.15562,36.58412],[128.1563,36.58154],[128.14865,36.57653],[128.15611,36.57337],[128.1623,36.56615],[128.16659,36.5564],[128.16705,36.54412],[128.17179,36.54423],[128.17437,36.54072],[128.18143,36.53792],[128.1829,36.53485],[128.17881,36.52393],[128.18418,36.51781],[128.18857,36.51529],[128.1972,36.51558],[128.20037,36.51861],[128.20818,36.51432],[128.2189,36.51755],[128.22111,36.51284],[128.23041,36.50791],[128.23251,36.50224],[128.23991,36.50251],[128.25034,36.50873],[128.25224,36.5181],[128.25438,36.52176],[128.24997,36.52657],[128.25481,36.531],[128.24818,36.53284],[128.23655,36.52861],[128.22951,36.52971],[128.22209,36.53334],[128.21869,36.54083],[128.21594,36.55656],[128.21608,36.56387],[128.22152,36.56946],[128.2173,36.5737],[128.20594,36.57322],[128.20498,36.5785],[128.1943,36.58286],[128.18943,36.58357],[128.18354,36.58157],[128.17846,36.58358],[128.18003,36.58998],[128.17752,36.59537]]]},"properties":{"key":"경상북도|상주시|함창읍","code":"4725025000"}},{"type":"Feature","geometry":{"type":"Polygon","coordinates":[[[128.26865,36.53302],[128.25907,36.53232],[128.25516,36.53398],[128.24818,36.53284],[128.25481,36.531],[128.24997,36.52657],[128.25438,36.52176],[128.25224,36.5181],[128.25034,36.50873],[128.23991,36.50251],[128.23251,36.50224],[128.23041,36.50791],[128.22111,36.51284],[128.2189,36.51755],[128.20818,36.51432],[128.20037,36.51861],[128.1972,36.51558],[128.18857,36.51529],[128.18418,36.51781],[128.17814,36.51141],[128.18242,36.50456],[128.177,36.50023],[128.17758,36.49629],[128.17395,36.48019],[128.16765,36.4666],[128.17837,36.46576],[128.1812,36.46088],[128.18795,36.46056],[128.2037,36.45793],[128.2041,36.45128],[128.20642,36.4465],[128.20634,36.44092],[128.21091,36.43612],[128.22119,36.4354],[128.22846,36.43791],[128.23436,36.43558],[128.24726,36.44304],[128.24494,36.44569],[128.24852,36.45449],[128.25187,36.45773],[128.24506,36.46082],[128.24636,36.46622],[128.25509,36.47274],[128.26026,36.47828],[128.26991,36.48271],[128.27064,36.49271],[128.26895,36.50008],[128.26441,36.50754],[128.26612,36.5135],[128.26526,36.52387],[128.26865,36.53302]]]},"properties":{"key":"경상북도|상주시|사벌국면","code":"4725032500"}},{"type":"Feature","geometry":{"type":"Polygon","coordinates":[[[128.31289,36.4564],[128.30485,36.45735],[128.29902,36.46341],[128.2947,36.46495],[128.28917,36.46233],[128.28053,36.46372],[128.27806,36.47249],[128.27033,36.47696],[128.26531,36.47613],[128.26026,36.47828],[128.25509,36.47274],[128.24636,36.46622],[128.24506,36.46082],[128.25187,36.45773],[128.25746,36.45618],[128.26201,36.44762],[128.25568,36.43545],[128.25222,36.43299],[128.24331,36.43433],[128.23777,36.43323],[128.23452,36.42431],[128.2359,36.41683],[128.24415,36.41067],[128.26481,36.40966],[128.26921,36.40718],[128.27461,36.39821],[128.27737,36.39688],[128.28681,36.39823],[128.29626,36.40435],[128.3016,36.40587],[128.30889,36.40294],[128.316,36.39547],[128.31774,36.38678],[128.32656,36.38608],[128.33241,36.39545],[128.33267,36.39923],[128.33794,36.40289],[128.33914,36.40646],[128.33329,36.41186],[128.33208,36.42125],[128.32301,36.42762],[128.32219,36.43256],[128.32622,36.43799],[128.32306,36.44554],[128.31845,36.4476],[128.31289,36.4564]]]},"properties":{"key":"경상북도|상주시|중동면","code":"4725031000"}},{"type":"Feature","geometry":{"type":"Polygon","coordinates":[[[128.23777,36.43323],[128.22878,36.42889],[128.22718,36.42352],[128.22114,36.42222],[128.21774,36.40935],[128.22016,36.40585],[128.21471,36.40228],[128.20916,36.40198],[128.2033,36.39618],[128.20332,36.39235],[128.1978,36.39],[128.18891,36.37056],[128.19032,36.3624],[128.18309,36.36069],[128.18254,36.35465],[128.18873,36.34619],[128.18555,36.33845],[128.17752,36.33784],[128.17429,36.33298],[128.17769,36.32533],[128.18125,36.32198],[128.18004,36.31076],[128.17239,36.29976],[128.17679,36.29751],[128.18487,36.29738],[128.18954,36.30065],[128.19919,36.2982],[128.20676,36.29886],[128.21264,36.30506],[128.21851,36.30711],[128.22918,36.30439],[128.22863,36.30858],[128.23094,36.3146],[128.23199,36.32421],[128.23005,36.32979],[128.23792,36.34214],[128.2478,36.35094],[128.25142,36.35175],[128.25098,36.35702],[128.25329,36.36037],[128.25883,36.3619],[128.27187,36.36185],[128.27848,36.35496],[128.27745,36.35012],[128.28405,36.34725],[128.297,36.35549],[128.3099,36.36103],[128.3117,36.36391],[128.31137,36.37576],[128.31774,36.38678],[128.316,36.39547],[128.30889,36.40294],[128.3016,36.40587],[128.29626,36.40435],[128.28681,36.39823],[128.27737,36.39688],[128.27461,36.39821],[128.26921,36.40718],[128.26481,36.40966],[128.24415,36.41067],[128.2359,36.41683],[128.23452,36.42431],[128.23777,36.43323]]]},"properties":{"key":"경상북도|상주시|낙동면","code":"4725033000"}},{"type":"Feature","geometry":{"type":"Polygon","coordinates":[[[128.17429,36.33298],[128.16959,36.33647],[128.16396,36.33431],[128.15514,36.34172],[128.1458,36.34758],[128.14285,36.35602],[128.13296,36.35976],[128.13456,36.36431],[128.11979,36.37062],[128.11554,36.36448],[128.1082,36.36219],[128.10254,36.35574],[128.10398,36.35251],[128.10166,36.34796],[128.10423,36.34578],[128.09973,36.33354],[128.09065,36.326],[128.09509,36.309],[128.10314,36.30673],[128.10891,36.31121],[128.11809,36.31367],[128.12082,36.3097],[128.1266,36.30956],[128.13063,36.30432],[128.13593,36.30396],[128.13978,36.30065],[128.15443,36.29429],[128.16241,36.29743],[128.17239,36.29976],[128.18004,36.31076],[128.18125,36.32198],[128.17769,36.32533],[128.17429,36.33298]]]},"properties":{"key":"경상북도|상주시|청리면","code":"4725034000"}},{"type":"Feature","geometry":{"type":"Polygon","coordinates":[[[128.04597,36.34176],[128.04393,36.3466],[128.03434,36.35035],[128.03177,36.34652],[128.02758,36.34473],[128.02521,36.33907],[128.02594,36.33343],[128.02221,36.32512],[128.0147,36.32246],[128.01209,36.31871],[128.01379,36.30952],[128.0215,36.31046],[128.02233,36.30699],[128.01814,36.30206],[128.02181,36.29242],[128.02098,36.28699],[128.01297,36.2822],[128.01028,36.274],[128.01187,36.27144],[128.01561,36.26804],[128.02623,36.26787],[128.03283,36.26188],[128.04803,36.25714],[128.04466,36.25268],[128.05097,36.24419],[128.06031,36.2454],[128.06646,36.24292],[128.07659,36.24163],[128.08714,36.24884],[128.08794,36.25322],[128.09646,36.2523],[128.10222,36.24333],[128.10869,36.23715],[128.11899,36.2432],[128.12089,36.24607],[128.12005,36.25281],[128.13115,36.25143],[128.13705,36.25715],[128.1372,36.26095],[128.13276,36.26794],[128.13577,36.27999],[128.14015,36.28625],[128.14841,36.288],[128.15443,36.29429],[128.13978,36.30065],[128.13593,36.30396],[128.13063,36.30432],[128.1266,36.30956],[128.12082,36.3097],[128.11809,36.31367],[128.10891,36.31121],[128.10314,36.30673],[128.09509,36.309],[128.09065,36.326],[128.07379,36.32804],[128.05842,36.32364],[128.05283,36.32571],[128.04963,36.33533],[128.04368,36.33849],[128.04597,36.34176]]]},"properties":{"key":"경상북도|상주시|공성면","code":"4725035000"}},{"type":"Feature","geometry":{"type":"Polygon","coordinates":[[[128.11114,36.39021],[128.10674,36.39076],[128.0984,36.3853],[128.08275,36.38962],[128.07323,36.38882],[128.05995,36.38321],[128.05664,36.37609],[128.05688,36.37151],[128.05392,36.36476],[128.05657,36.35329],[128.05625,36.34945],[128.04849,36.34221],[128.04597,36.34176],[128.04368,36.33849],[128.04963,36.33533],[128.05283,36.32571],[128.05842,36.32364],[128.07379,36.32804],[128.09065,36.326],[128.09973,36.33354],[128.10423,36.34578],[128.10166,36.34796],[128.10398,36.35251],[128.10254,36.35574],[128.1082,36.36219],[128.11554,36.36448],[128.11979,36.37062],[128.11989,36.37167],[128.11748,36.37846],[128.12045,36.38633],[128.11834,36.38874],[128.11114,36.39021]]]},"properties":{"key":"경상북도|상주시|외남면","code":"4725036000"}},{"type":"Feature","geometry":{"type":"Polygon","coordinates":[[[128.09664,36.44007],[128.08913,36.44582],[128.08577,36.45197],[128.07953,36.45262],[128.07596,36.45741],[128.06247,36.46025],[128.0532,36.45911],[128.04597,36.46157],[128.03368,36.46082],[128.02857,36.46394],[128.02504,36.46921],[128.01318,36.46052],[128.00597,36.4593],[128.00783,36.45482],[128.00602,36.44739],[127.99615,36.4411],[127.99359,36.43509],[127.99616,36.43068],[128.00332,36.43415],[128.00608,36.43283],[128.01229,36.42417],[128.01293,36.42059],[128.01767,36.41568],[128.02151,36.40478],[128.01696,36.396],[128.0078,36.39733],[128.00187,36.38636],[128.00565,36.38093],[128.01635,36.37879],[128.01934,36.37364],[128.01906,36.36667],[128.02328,36.36189],[128.02899,36.36196],[128.03323,36.35862],[128.03434,36.35035],[128.04393,36.3466],[128.04597,36.34176],[128.04849,36.34221],[128.05625,36.34945],[128.05657,36.35329],[128.05392,36.36476],[128.05688,36.37151],[128.05664,36.37609],[128.05995,36.38321],[128.07323,36.38882],[128.08275,36.38962],[128.0984,36.3853],[128.10674,36.39076],[128.11114,36.39021],[128.1155,36.39849],[128.11124,36.40328],[128.10064,36.4084],[128.10535,36.41786],[128.10012,36.42418],[128.09325,36.42961],[128.09397,36.43582],[128.09664,36.44007]]]},"properties":{"key":"경상북도|상주시|내서면","code":"4725037000"}},{"type":"Feature","geometry":{"type":"Polygon","coordinates":[[[128.03177,36.34652],[128.0185,36.34629],[128.00985,36.33916],[128.00399,36.33781],[127.99564,36.3307],[127.98952,36.32891],[127.98306,36.33119],[127.97302,36.32922],[127.97101,36.32698],[127.96348,36.32999],[127.95821,36.32933],[127.95473,36.33284],[127.95056,36.33054],[127.93746,36.32997],[127.92897,36.32388],[127.92016,36.3271],[127.91427,36.32327],[127.91464,36.31981],[127.90736,36.31141],[127.90509,36.30238],[127.90705,36.28608],[127.91338,36.28089],[127.93091,36.27822],[127.93795,36.26913],[127.9473,36.26723],[127.94825,36.25745],[127.95447,36.25719],[127.96023,36.25243],[127.96861,36.25039],[127.97896,36.25405],[127.97689,36.25889],[127.98217,36.2642],[127.99145,36.26542],[127.99441,36.26744],[128.00056,36.26637],[128.00813,36.27161],[128.01187,36.27144],[128.01028,36.274],[128.01297,36.2822],[128.02098,36.28699],[128.02181,36.29242],[128.01814,36.30206],[128.02233,36.30699],[128.0215,36.31046],[128.01379,36.30952],[128.01209,36.31871],[128.0147,36.32246],[128.02221,36.32512],[128.02594,36.33343],[128.02521,36.33907],[128.02758,36.34473],[128.03177,36.34652]]]},"properties":{"key":"경상북도|상주시|모동면","code":"4725038000"}},{"type":"Feature","geometry":{"type":"Polygon","coordinates":[[[128.03434,36.35035],[128.03323,36.35862],[128.02899,36.36196],[128.02328,36.36189],[128.01906,36.36667],[128.01934,36.37364],[128.01635,36.37879],[128.00565,36.38093],[128.00187,36.38636],[127.99417,36.38549],[127.9813,36.37485],[127.97686,36.37278],[127.97006,36.37749],[127.96278,36.37258],[127.95758,36.36144],[127.93964,36.36169],[127.92765,36.36012],[127.92307,36.3607],[127.9169,36.35682],[127.90071,36.36233],[127.89133,36.35955],[127.88612,36.35475],[127.88145,36.34486],[127.87502,36.3455],[127.86747,36.33641],[127.86366,36.33656],[127.8563,36.33107],[127.85209,36.3304],[127.85066,36.32061],[127.84495,36.31626],[127.84107,36.30962],[127.8472,36.30065],[127.84568,36.29644],[127.8494,36.28891],[127.85232,36.27389],[127.85522,36.27624],[127.86265,36.27754],[127.88429,36.27367],[127.88798,36.2801],[127.89204,36.29217],[127.90509,36.30238],[127.90736,36.31141],[127.91464,36.31981],[127.91427,36.32327],[127.92016,36.3271],[127.92897,36.32388],[127.93746,36.32997],[127.95056,36.33054],[127.95473,36.33284],[127.95821,36.32933],[127.96348,36.32999],[127.97101,36.32698],[127.97302,36.32922],[127.98306,36.33119],[127.98952,36.32891],[127.99564,36.3307],[128.00399,36.33781],[128.00985,36.33916],[128.0185,36.34629],[128.03177,36.34652],[128.03434,36.35035]]]},"properties":{"key":"경상북도|상주시|모서면","code":"4725039000"}},{"type":"Feature","geometry":{"type":"Polygon","coordinates":[[[127.99359,36.43509],[127.98054,36.43588],[127.97784,36.43876],[127.97052,36.43841],[127.96222,36.43308],[127.96036,36.42598],[127.96327,36.41899],[127.95738,36.41784],[127.94908,36.40952],[127.94308,36.40729],[127.93557,36.4019],[127.93243,36.39292],[127.91271,36.39636],[127.90152,36.38963],[127.89491,36.38868],[127.89005,36.38097],[127.88423,36.37934],[127.8829,36.37384],[127.87963,36.37151],[127.88505,36.36895],[127.88629,36.36393],[127.89133,36.35955],[127.90071,36.36233],[127.9169,36.35682],[127.92307,36.3607],[127.92765,36.36012],[127.93964,36.36169],[127.95758,36.36144],[127.96278,36.37258],[127.97006,36.37749],[127.97686,36.37278],[127.9813,36.37485],[127.99417,36.38549],[128.00187,36.38636],[128.0078,36.39733],[128.01696,36.396],[128.02151,36.40478],[128.01767,36.41568],[128.01293,36.42059],[128.01229,36.42417],[128.00608,36.43283],[128.00332,36.43415],[127.99616,36.43068],[127.99359,36.43509]]]},"properties":{"key":"경상북도|상주시|화동면","code":"4725040000"}},{"type":"Feature","geometry":{"type":"Polygon","coordinates":[[[128.00597,36.4593],[127.99143,36.46765],[127.98887,36.47275],[127.98807,36.47971],[127.97931,36.48924],[127.976,36.4989],[127.97693,36.50398],[127.97354,36.50894],[127.96469,36.50908],[127.95717,36.51227],[127.94985,36.5108],[127.9428,36.50748],[127.93725,36.50713],[127.93952,36.50293],[127.9393,36.49665],[127.94378,36.48813],[127.94939,36.48392],[127.95284,36.47601],[127.94701,36.47139],[127.94611,36.46532],[127.94009,36.46354],[127.93535,36.46703],[127.92749,36.46741],[127.92179,36.46504],[127.9199,36.46096],[127.91331,36.45751],[127.91025,36.452],[127.9138,36.449],[127.90745,36.44118],[127.90067,36.43883],[127.8934,36.42956],[127.89735,36.4224],[127.89458,36.41527],[127.89844,36.41257],[127.91123,36.41303],[127.91759,36.41137],[127.92902,36.41341],[127.93557,36.4019],[127.94308,36.40729],[127.94908,36.40952],[127.95738,36.41784],[127.96327,36.41899],[127.96036,36.42598],[127.96222,36.43308],[127.97052,36.43841],[127.97784,36.43876],[127.98054,36.43588],[127.99359,36.43509],[127.99615,36.4411],[128.00602,36.44739],[128.00783,36.45482],[128.00597,36.4593]]]},"properties":{"key":"경상북도|상주시|화서면","code":"4725041000"}},{"type":"Feature","geometry":{"type":"Polygon","coordinates":[[[127.92044,36.60365],[127.91553,36.60625],[127.91643,36.61121],[127.90973,36.62573],[127.90384,36.62772],[127.89626,36.6265],[127.88941,36.62946],[127.88915,36.64028],[127.88235,36.64622],[127.87978,36.65756],[127.87407,36.65539],[127.87055,36.64394],[127.86158,36.63423],[127.84801,36.63336],[127.84747,36.62489],[127.85108,36.61892],[127.85673,36.61796],[127.85906,36.61324],[127.84961,36.61277],[127.84206,36.60864],[127.83221,36.6123],[127.82379,36.61255],[127.81945,36.60817],[127.81483,36.60876],[127.80651,36.60315],[127.79841,36.60228],[127.79741,36.59197],[127.8002,36.58551],[127.80465,36.58166],[127.81592,36.57804],[127.82388,36.5708],[127.83013,36.5744],[127.83569,36.57142],[127.8432,36.56969],[127.84814,36.57158],[127.86214,36.56741],[127.87213,36.55868],[127.87336,36.55526],[127.87068,36.5431],[127.87412,36.53731],[127.88148,36.53595],[127.89241,36.53043],[127.90193,36.52817],[127.90064,36.52472],[127.90224,36.51271],[127.90676,36.50753],[127.9116,36.50615],[127.92753,36.51429],[127.93354,36.51142],[127.93725,36.50713],[127.9428,36.50748],[127.94985,36.5108],[127.9494,36.5208],[127.95287,36.52688],[127.94424,36.52588],[127.93617,36.52823],[127.93097,36.53472],[127.93772,36.53788],[127.93579,36.54353],[127.94039,36.54641],[127.94127,36.55112],[127.93298,36.55827],[127.93723,36.56427],[127.93421,36.5739],[127.93068,36.5776],[127.93342,36.58395],[127.93306,36.59057],[127.92783,36.59435],[127.92044,36.60365]]]},"properties":{"key":"경상북도|상주시|화북면","code":"4725042000"}},{"type":"Feature","geometry":{"type":"Polygon","coordinates":[[[127.97947,36.51407],[127.97699,36.51356],[127.96102,36.52021],[127.95816,36.52692],[127.95287,36.52688],[127.9494,36.5208],[127.94985,36.5108],[127.95717,36.51227],[127.96469,36.50908],[127.97354,36.50894],[127.97693,36.50398],[127.976,36.4989],[127.97931,36.48924],[127.98807,36.47971],[127.98887,36.47275],[127.99143,36.46765],[128.00597,36.4593],[128.01318,36.46052],[128.02504,36.46921],[128.02857,36.46394],[128.03368,36.46082],[128.04597,36.46157],[128.0532,36.45911],[128.06247,36.46025],[128.07596,36.45741],[128.07953,36.45262],[128.08577,36.45197],[128.08913,36.44582],[128.09664,36.44007],[128.10086,36.44265],[128.10388,36.44942],[128.11157,36.44752],[128.11823,36.44373],[128.12335,36.44726],[128.13045,36.44506],[128.14082,36.44753],[128.14232,36.45394],[128.13937,36.45967],[128.13817,36.46941],[128.14511,36.47239],[128.164,36.46866],[128.16765,36.4666],[128.17395,36.48019],[128.17758,36.49629],[128.177,36.50023],[128.18242,36.50456],[128.17814,36.51141],[128.16835,36.51151],[128.16402,36.50995],[128.16217,36.50482],[128.15167,36.49546],[128.15193,36.49033],[128.14288,36.48561],[128.13628,36.48686],[128.12865,36.47929],[128.1243,36.48153],[128.11145,36.48267],[128.10808,36.49565],[128.10797,36.50384],[128.10229,36.50776],[128.09449,36.51004],[128.09398,36.50582],[128.08492,36.5004],[128.08014,36.49504],[128.07292,36.50125],[128.06596,36.50417],[128.06069,36.5115],[128.05431,36.51269],[128.04682,36.50988],[128.03217,36.51449],[128.02199,36.5122],[128.01656,36.51516],[127.99922,36.51191],[127.98928,36.51094],[127.97947,36.51407]]]},"properties":{"key":"경상북도|상주시|외서면","code":"4725043000"}},{"type":"Feature","geometry":{"type":"Polygon","coordinates":[[[128.07588,36.60542],[128.06852,36.5961],[128.06534,36.58955],[128.06138,36.58862],[128.05639,36.58283],[128.06568,36.56241],[128.05887,36.55535],[128.05225,36.54614],[128.04062,36.54827],[128.02943,36.5475],[128.01663,36.54402],[128.00489,36.55072],[127.99782,36.54968],[127.99137,36.5444],[127.98262,36.54532],[127.97865,36.54241],[127.98104,36.53542],[127.97777,36.53243],[127.98154,36.52833],[127.97946,36.52139],[127.97947,36.51407],[127.98928,36.51094],[127.99922,36.51191],[128.01656,36.51516],[128.02199,36.5122],[128.03217,36.51449],[128.04682,36.50988],[128.05431,36.51269],[128.06069,36.5115],[128.06596,36.50417],[128.07292,36.50125],[128.08014,36.49504],[128.08492,36.5004],[128.09398,36.50582],[128.09449,36.51004],[128.09376,36.51299],[128.10293,36.5185],[128.1037,36.52413],[128.09986,36.52519],[128.09275,36.5324],[128.09255,36.53613],[128.08445,36.53736],[128.08145,36.54169],[128.08297,36.54601],[128.07627,36.55489],[128.07441,36.56003],[128.07552,36.56557],[128.08448,36.57031],[128.09267,36.56715],[128.0953,36.57219],[128.08952,36.5739],[128.09004,36.57866],[128.08608,36.58958],[128.07565,36.59714],[128.07588,36.60542]]]},"properties":{"key":"경상북도|상주시|은척면","code":"4725044000"}},{"type":"Feature","geometry":{"type":"Polygon","coordinates":[[[128.17437,36.54072],[128.15883,36.53385],[128.15071,36.53354],[128.14162,36.53671],[128.13382,36.54309],[128.12917,36.54199],[128.12711,36.54884],[128.11988,36.55488],[128.11114,36.54841],[128.09935,36.54662],[128.09526,36.53698],[128.09255,36.53613],[128.09275,36.5324],[128.09986,36.52519],[128.1037,36.52413],[128.10293,36.5185],[128.09376,36.51299],[128.09449,36.51004],[128.10229,36.50776],[128.10797,36.50384],[128.10808,36.49565],[128.11145,36.48267],[128.1243,36.48153],[128.12865,36.47929],[128.13628,36.48686],[128.14288,36.48561],[128.15193,36.49033],[128.15167,36.49546],[128.16217,36.50482],[128.16402,36.50995],[128.16835,36.51151],[128.17814,36.51141],[128.18418,36.51781],[128.17881,36.52393],[128.1829,36.53485],[128.18143,36.53792],[128.17437,36.54072]]]},"properties":{"key":"경상북도|상주시|공검면","code":"4725045000"}},{"type":"Feature","geometry":{"type":"Polygon","coordinates":[[[128.1512,36.59968],[128.14596,36.60608],[128.13448,36.61335],[128.12972,36.61417],[128.12325,36.61932],[128.1156,36.62095],[128.11187,36.61611],[128.11208,36.61095],[128.10561,36.6068],[128.10183,36.60857],[128.0923,36.60785],[128.08677,36.60924],[128.07588,36.60542],[128.07565,36.59714],[128.08608,36.58958],[128.09004,36.57866],[128.08952,36.5739],[128.0953,36.57219],[128.09267,36.56715],[128.08448,36.57031],[128.07552,36.56557],[128.07441,36.56003],[128.07627,36.55489],[128.08297,36.54601],[128.08145,36.54169],[128.08445,36.53736],[128.09255,36.53613],[128.09526,36.53698],[128.09935,36.54662],[128.11114,36.54841],[128.11988,36.55488],[128.12711,36.54884],[128.12917,36.54199],[128.13382,36.54309],[128.14162,36.53671],[128.15071,36.53354],[128.15883,36.53385],[128.17437,36.54072],[128.17179,36.54423],[128.16705,36.54412],[128.16659,36.5564],[128.1623,36.56615],[128.15611,36.57337],[128.14865,36.57653],[128.1563,36.58154],[128.15562,36.58412],[128.14674,36.59238],[128.1512,36.59968]]]},"properties":{"key":"경상북도|상주시|이안면","code":"4725046000"}},{"type":"Feature","geometry":{"type":"Polygon","coordinates":[[[127.93725,36.50713],[127.93354,36.51142],[127.92753,36.51429],[127.9116,36.50615],[127.90676,36.50753],[127.89701,36.49874],[127.88848,36.4931],[127.88047,36.49327],[127.87609,36.48837],[127.87523,36.48319],[127.88068,36.48072],[127.87838,36.46709],[127.8824,36.461],[127.87778,36.44999],[127.87489,36.44857],[127.87303,36.44171],[127.87534,36.42846],[127.88041,36.42764],[127.88284,36.4235],[127.87924,36.41687],[127.87324,36.41004],[127.87312,36.40587],[127.86363,36.40308],[127.86565,36.39484],[127.86847,36.39123],[127.87509,36.39121],[127.87923,36.38325],[127.88423,36.37934],[127.89005,36.38097],[127.89491,36.38868],[127.90152,36.38963],[127.91271,36.39636],[127.93243,36.39292],[127.93557,36.4019],[127.92902,36.41341],[127.91759,36.41137],[127.91123,36.41303],[127.89844,36.41257],[127.89458,36.41527],[127.89735,36.4224],[127.8934,36.42956],[127.90067,36.43883],[127.90745,36.44118],[127.9138,36.449],[127.91025,36.452],[127.91331,36.45751],[127.9199,36.46096],[127.92179,36.46504],[127.92749,36.46741],[127.93535,36.46703],[127.94009,36.46354],[127.94611,36.46532],[127.94701,36.47139],[127.95284,36.47601],[127.94939,36.48392],[127.94378,36.48813],[127.9393,36.49665],[127.93952,36.50293],[127.93725,36.50713]]]},"properties":{"key":"경상북도|상주시|화남면","code":"4725047000"}},{"type":"Feature","geometry":{"type":"Polygon","coordinates":[[[128.14082,36.44753],[128.13045,36.44506],[128.12335,36.44726],[128.11823,36.44373],[128.11157,36.44752],[128.10388,36.44942],[128.10086,36.44265],[128.09664,36.44007],[128.09397,36.43582],[128.09325,36.42961],[128.10012,36.42418],[128.10535,36.41786],[128.10064,36.4084],[128.11124,36.40328],[128.1155,36.39849],[128.11114,36.39021],[128.11834,36.38874],[128.12045,36.38633],[128.11748,36.37846],[128.11989,36.37167],[128.12497,36.37536],[128.13258,36.3756],[128.14473,36.38947],[128.14744,36.39834],[128.15436,36.4004],[128.15564,36.40691],[128.16353,36.40749],[128.16281,36.41533],[128.14941,36.4157],[128.14376,36.42123],[128.14251,36.42745],[128.14512,36.43208],[128.14153,36.43609],[128.14412,36.44234],[128.14082,36.44753]]]},"properties":{"key":"경상북도|상주시|남원동","code":"4725052000"}},{"type":"Feature","geometry":{"type":"Polygon","coordinates":[[[128.16765,36.4666],[128.164,36.46866],[128.14511,36.47239],[128.13817,36.46941],[128.13937,36.45967],[128.14232,36.45394],[128.14082,36.44753],[128.14412,36.44234],[128.14153,36.43609],[128.14512,36.43208],[128.14251,36.42745],[128.14376,36.42123],[128.14941,36.4157],[128.15911,36.4198],[128.15748,36.42449],[128.15881,36.43617],[128.16256,36.4398],[128.17817,36.44333],[128.18355,36.45379],[128.17814,36.45853],[128.1812,36.46088],[128.17837,36.46576],[128.16765,36.4666]]]},"properties":{"key":"경상북도|상주시|북문동","code":"4725053000"}},{"type":"Feature","geometry":{"type":"Polygon","coordinates":[[[128.1812,36.46088],[128.17814,36.45853],[128.18355,36.45379],[128.17817,36.44333],[128.16256,36.4398],[128.15881,36.43617],[128.15748,36.42449],[128.15911,36.4198],[128.17509,36.42048],[128.18773,36.43127],[128.19418,36.42915],[128.20153,36.43898],[128.20634,36.44092],[128.20642,36.4465],[128.2041,36.45128],[128.2037,36.45793],[128.18795,36.46056],[128.1812,36.46088]]]},"properties":{"key":"경상북도|상주시|계림동","code":"4725054000"}},{"type":"Feature","geometry":{"type":"Polygon","coordinates":[[[128.23777,36.43323],[128.24331,36.43433],[128.25222,36.43299],[128.25568,36.43545],[128.26201,36.44762],[128.25746,36.45618],[128.25187,36.45773],[128.24852,36.45449],[128.24494,36.44569],[128.24726,36.44304],[128.23436,36.43558],[128.22846,36.43791],[128.22119,36.4354],[128.21091,36.43612],[128.20634,36.44092],[128.20153,36.43898],[128.19418,36.42915],[128.18773,36.43127],[128.17509,36.42048],[128.15911,36.4198],[128.14941,36.4157],[128.16281,36.41533],[128.18059,36.41818],[128.17807,36.41202],[128.1713,36.40307],[128.1729,36.40149],[128.18147,36.41117],[128.18573,36.41087],[128.19689,36.40429],[128.20172,36.4067],[128.20521,36.40247],[128.20916,36.40198],[128.21471,36.40228],[128.22016,36.40585],[128.21774,36.40935],[128.22114,36.42222],[128.22718,36.42352],[128.22878,36.42889],[128.23777,36.43323]]]},"properties":{"key":"경상북도|상주시|동문동","code":"4725055000"}},{"type":"Feature","geometry":{"type":"Polygon","coordinates":[[[128.20916,36.40198],[128.20521,36.40247],[128.20172,36.4067],[128.19689,36.40429],[128.18573,36.41087],[128.18147,36.41117],[128.1729,36.40149],[128.1713,36.40307],[128.17807,36.41202],[128.18059,36.41818],[128.16281,36.41533],[128.16353,36.40749],[128.17068,36.40171],[128.16546,36.39486],[128.1703,36.39192],[128.17867,36.37884],[128.17459,36.3707],[128.1802,36.36698],[128.18309,36.36069],[128.19032,36.3624],[128.18891,36.37056],[128.1978,36.39],[128.20332,36.39235],[128.2033,36.39618],[128.20916,36.40198]]]},"properties":{"key":"경상북도|상주시|동성동","code":"4725056000"}},{"type":"Feature","geometry":{"type":"Polygon","coordinates":[[[128.18309,36.36069],[128.1802,36.36698],[128.17459,36.3707],[128.17867,36.37884],[128.1703,36.39192],[128.16546,36.39486],[128.17068,36.40171],[128.16353,36.40749],[128.15564,36.40691],[128.15436,36.4004],[128.14744,36.39834],[128.14473,36.38947],[128.13258,36.3756],[128.12497,36.37536],[128.11989,36.37167],[128.11979,36.37062],[128.13456,36.36431],[128.13296,36.35976],[128.14285,36.35602],[128.1458,36.34758],[128.15514,36.34172],[128.16396,36.33431],[128.16959,36.33647],[128.17429,36.33298],[128.17752,36.33784],[128.18555,36.33845],[128.18873,36.34619],[128.18254,36.35465],[128.18309,36.36069]]]},"properties":{"key":"경상북도|상주시|신흥동","code":"4725057000"}},{"type":"Feature","geometry":{"type":"Polygon","coordinates":[[[128.21699,36.81305],[128.20876,36.81353],[128.1922,36.81793],[128.1827,36.8181],[128.17587,36.82119],[128.16521,36.82002],[128.15602,36.82331],[128.13959,36.83424],[128.13366,36.83222],[128.13393,36.82922],[128.12873,36.82426],[128.11815,36.82232],[128.11223,36.81889],[128.10678,36.80579],[128.10082,36.80583],[128.09257,36.80285],[128.0924,36.79649],[128.084,36.79945],[128.08151,36.80677],[128.06747,36.81584],[128.05956,36.8168],[128.05756,36.80705],[128.05423,36.8049],[128.05635,36.79897],[128.05512,36.79318],[128.0508,36.78823],[128.04456,36.78457],[128.04648,36.77999],[128.04442,36.77125],[128.04078,36.76736],[128.03215,36.75464],[128.03248,36.74752],[128.04376,36.73807],[128.05156,36.7361],[128.05564,36.72871],[128.06895,36.72167],[128.07396,36.71165],[128.07224,36.70809],[128.07896,36.70663],[128.08698,36.70895],[128.09853,36.71055],[128.10456,36.70845],[128.11348,36.71177],[128.12095,36.72135],[128.12421,36.71885],[128.13706,36.71834],[128.14164,36.71988],[128.14941,36.71793],[128.15753,36.71875],[128.16298,36.72215],[128.17518,36.72313],[128.17459,36.72817],[128.17784,36.73539],[128.18193,36.73809],[128.20125,36.74543],[128.1983,36.75283],[128.19894,36.75677],[128.20898,36.76487],[128.20677,36.7676],[128.20778,36.7761],[128.21042,36.7847],[128.21336,36.7875],[128.22201,36.78845],[128.22419,36.79032],[128.23198,36.79023],[128.2328,36.80373],[128.22384,36.80709],[128.21699,36.81305]]]},"properties":{"key":"경상북도|문경시|문경읍","code":"4728025000"}},{"type":"Feature","geometry":{"type":"Polygon","coordinates":[[[128.04877,36.70755],[128.03983,36.71453],[128.03171,36.71905],[128.02611,36.7191],[128.02222,36.72587],[128.01435,36.72827],[128.00841,36.72777],[128.00262,36.71663],[127.99845,36.71805],[127.9868,36.7175],[127.98044,36.71996],[127.97334,36.72564],[127.97092,36.73058],[127.96077,36.73678],[127.95682,36.73313],[127.95223,36.7199],[127.94798,36.71745],[127.94912,36.70596],[127.93167,36.70632],[127.93157,36.69336],[127.92769,36.68979],[127.91537,36.694],[127.91294,36.69258],[127.89463,36.6929],[127.88735,36.69131],[127.88551,36.6878],[127.8773,36.68224],[127.87924,36.67843],[127.88771,36.67888],[127.89204,36.68231],[127.90671,36.68021],[127.91293,36.67775],[127.91848,36.66799],[127.92564,36.6692],[127.93232,36.66515],[127.93151,36.65362],[127.93919,36.64963],[127.94344,36.65197],[127.95363,36.64959],[127.96083,36.64654],[127.96543,36.64154],[127.97573,36.63607],[127.97955,36.63715],[127.98537,36.63502],[127.99782,36.63361],[128.00108,36.63657],[128.00878,36.63581],[128.01128,36.62634],[128.00922,36.62048],[128.00911,36.60702],[128.01284,36.6012],[128.01152,36.59726],[128.01814,36.58761],[128.02256,36.58386],[128.02811,36.58246],[128.03617,36.58568],[128.04463,36.58201],[128.05227,36.58444],[128.05639,36.58283],[128.06138,36.58862],[128.06534,36.58955],[128.06852,36.5961],[128.07588,36.60542],[128.08677,36.60924],[128.0923,36.60785],[128.10183,36.60857],[128.10561,36.6068],[128.11208,36.61095],[128.11187,36.61611],[128.1156,36.62095],[128.10669,36.62583],[128.10645,36.63009],[128.11582,36.63459],[128.11321,36.63947],[128.11483,36.64406],[128.10939,36.64721],[128.09054,36.64388],[128.08284,36.64465],[128.07384,36.651],[128.06898,36.65855],[128.06442,36.65779],[128.06275,36.66902],[128.05383,36.67264],[128.0548,36.67993],[128.04938,36.68734],[128.04077,36.69068],[128.04173,36.70124],[128.04877,36.70755]]]},"properties":{"key":"경상북도|문경시|가은읍","code":"4728025300"}},{"type":"Feature","geometry":{"type":"Polygon","coordinates":[[[128.27164,36.59998],[128.25922,36.59482],[128.26229,36.59048],[128.2584,36.58685],[128.25047,36.59306],[128.23536,36.591],[128.23479,36.58647],[128.22816,36.5876],[128.22732,36.59608],[128.2181,36.59793],[128.21709,36.60289],[128.21131,36.60159],[128.20902,36.59829],[128.21125,36.59305],[128.2199,36.58446],[128.22049,36.57834],[128.2173,36.5737],[128.22152,36.56946],[128.21608,36.56387],[128.21594,36.55656],[128.21869,36.54083],[128.22209,36.53334],[128.22951,36.52971],[128.23655,36.52861],[128.24818,36.53284],[128.25516,36.53398],[128.25907,36.53232],[128.26865,36.53302],[128.26327,36.54242],[128.26514,36.55026],[128.27021,36.55212],[128.279,36.55167],[128.29771,36.55314],[128.29494,36.55881],[128.29598,36.56386],[128.2961,36.57478],[128.29498,36.57866],[128.28547,36.5781],[128.28014,36.59088],[128.27164,36.59998]]]},"properties":{"key":"경상북도|문경시|영순면","code":"4728031000"}},{"type":"Feature","geometry":{"type":"Polygon","coordinates":[[[128.30957,36.65633],[128.28909,36.65579],[128.28413,36.65063],[128.27801,36.65024],[128.26375,36.645],[128.25908,36.64727],[128.25213,36.64547],[128.25214,36.64169],[128.25568,36.63408],[128.25154,36.63213],[128.24749,36.63413],[128.23825,36.64537],[128.24011,36.65],[128.23565,36.64896],[128.22933,36.64195],[128.23296,36.64092],[128.23347,36.63509],[128.22885,36.63232],[128.23347,36.62804],[128.22731,36.62307],[128.23023,36.61925],[128.22751,36.61548],[128.22314,36.62139],[128.2167,36.62127],[128.20985,36.61624],[128.21791,36.60544],[128.21709,36.60289],[128.2181,36.59793],[128.22732,36.59608],[128.22816,36.5876],[128.23479,36.58647],[128.23536,36.591],[128.25047,36.59306],[128.2584,36.58685],[128.26229,36.59048],[128.25922,36.59482],[128.27164,36.59998],[128.26665,36.60277],[128.26191,36.61101],[128.27178,36.60986],[128.27579,36.61542],[128.2836,36.6172],[128.28963,36.62953],[128.2935,36.63244],[128.30627,36.63607],[128.30958,36.64107],[128.3074,36.65391],[128.30957,36.65633]]]},"properties":{"key":"경상북도|문경시|산양면","code":"4728032000"}},{"type":"Feature","geometry":{"type":"Polygon","coordinates":[[[128.24011,36.65],[128.24209,36.65672],[128.24715,36.66017],[128.24609,36.66699],[128.24761,36.67336],[128.24156,36.67885],[128.23403,36.6795],[128.23484,36.68664],[128.22313,36.69694],[128.22167,36.70036],[128.22342,36.70879],[128.21961,36.71297],[128.21538,36.712],[128.20185,36.71262],[128.19929,36.71012],[128.19342,36.70302],[128.18913,36.70122],[128.18507,36.69606],[128.16883,36.68424],[128.1673,36.67634],[128.15799,36.66603],[128.14347,36.66395],[128.13957,36.65862],[128.14358,36.65166],[128.15275,36.64183],[128.15841,36.64158],[128.17761,36.64569],[128.18889,36.64338],[128.19731,36.64298],[128.20095,36.63863],[128.20201,36.63048],[128.20985,36.61624],[128.2167,36.62127],[128.22314,36.62139],[128.22751,36.61548],[128.23023,36.61925],[128.22731,36.62307],[128.23347,36.62804],[128.22885,36.63232],[128.23347,36.63509],[128.23296,36.64092],[128.22933,36.64195],[128.23565,36.64896],[128.24011,36.65]]]},"properties":{"key":"경상북도|문경시|호계면","code":"4728033000"}},{"type":"Feature","geometry":{"type":"Polygon","coordinates":[[[128.23198,36.79023],[128.22419,36.79032],[128.22201,36.78845],[128.21336,36.7875],[128.21042,36.7847],[128.20778,36.7761],[128.20677,36.7676],[128.20898,36.76487],[128.19894,36.75677],[128.1983,36.75283],[128.20125,36.74543],[128.18193,36.73809],[128.17784,36.73539],[128.17459,36.72817],[128.17518,36.72313],[128.18126,36.7196],[128.1818,36.71661],[128.19929,36.71012],[128.20185,36.71262],[128.21538,36.712],[128.21961,36.71297],[128.22342,36.70879],[128.22167,36.70036],[128.22313,36.69694],[128.23484,36.68664],[128.23403,36.6795],[128.24156,36.67885],[128.24761,36.67336],[128.24609,36.66699],[128.24715,36.66017],[128.24209,36.65672],[128.24011,36.65],[128.23825,36.64537],[128.24749,36.63413],[128.25154,36.63213],[128.25568,36.63408],[128.25214,36.64169],[128.25213,36.64547],[128.25908,36.64727],[128.26375,36.645],[128.27801,36.65024],[128.28413,36.65063],[128.28909,36.65579],[128.30957,36.65633],[128.31904,36.65523],[128.32033,36.6445],[128.32559,36.6441],[128.33334,36.64073],[128.34354,36.64696],[128.34787,36.64721],[128.34912,36.65485],[128.34154,36.65625],[128.33427,36.66156],[128.33237,36.66733],[128.32642,36.6688],[128.32036,36.67829],[128.31062,36.67668],[128.29519,36.68473],[128.29523,36.68903],[128.29992,36.69572],[128.30116,36.70066],[128.2901,36.70392],[128.2926,36.71222],[128.28219,36.71544],[128.28684,36.72383],[128.28809,36.73079],[128.2848,36.73837],[128.27615,36.74269],[128.28301,36.75523],[128.27171,36.76141],[128.26737,36.77042],[128.26937,36.77795],[128.26593,36.7788],[128.25861,36.78462],[128.24779,36.78734],[128.2377,36.78754],[128.23198,36.79023]]]},"properties":{"key":"경상북도|문경시|산북면","code":"4728034000"}},{"type":"Feature","geometry":{"type":"Polygon","coordinates":[[[128.30857,36.82874],[128.29663,36.83444],[128.29001,36.84303],[128.28694,36.84463],[128.28453,36.85315],[128.28201,36.85663],[128.26898,36.86013],[128.26405,36.86423],[128.25195,36.86727],[128.24192,36.87279],[128.23903,36.8652],[128.23526,36.8609],[128.23396,36.8557],[128.23783,36.85091],[128.23682,36.84812],[128.22275,36.84728],[128.21546,36.84899],[128.21283,36.8394],[128.21545,36.83389],[128.21607,36.82285],[128.2185,36.81538],[128.21699,36.81305],[128.22384,36.80709],[128.2328,36.80373],[128.23198,36.79023],[128.2377,36.78754],[128.24779,36.78734],[128.25861,36.78462],[128.26593,36.7788],[128.26937,36.77795],[128.26737,36.77042],[128.27171,36.76141],[128.28301,36.75523],[128.27615,36.74269],[128.2848,36.73837],[128.28809,36.73079],[128.28684,36.72383],[128.28219,36.71544],[128.2926,36.71222],[128.2901,36.70392],[128.30116,36.70066],[128.29992,36.69572],[128.29523,36.68903],[128.29519,36.68473],[128.31062,36.67668],[128.32036,36.67829],[128.33075,36.6851],[128.33619,36.69362],[128.33105,36.69946],[128.33521,36.70365],[128.33727,36.70942],[128.33142,36.72045],[128.33306,36.73207],[128.33856,36.74082],[128.35962,36.74019],[128.36973,36.75073],[128.36278,36.76081],[128.36771,36.76755],[128.36422,36.77499],[128.36601,36.77829],[128.36745,36.79173],[128.36956,36.7947],[128.36659,36.80064],[128.36264,36.80051],[128.35639,36.8041],[128.35442,36.80917],[128.33423,36.81697],[128.32348,36.81541],[128.31663,36.81661],[128.31568,36.82311],[128.30857,36.82874]]]},"properties":{"key":"경상북도|문경시|동로면","code":"4728035000"}},{"type":"Feature","geometry":{"type":"Polygon","coordinates":[[[128.19929,36.71012],[128.1818,36.71661],[128.18126,36.7196],[128.17518,36.72313],[128.16298,36.72215],[128.15753,36.71875],[128.14941,36.71793],[128.14164,36.71988],[128.13706,36.71834],[128.12421,36.71885],[128.12095,36.72135],[128.11348,36.71177],[128.10456,36.70845],[128.09853,36.71055],[128.08698,36.70895],[128.07896,36.70663],[128.07224,36.70809],[128.05594,36.70859],[128.04877,36.70755],[128.04173,36.70124],[128.04077,36.69068],[128.04938,36.68734],[128.0548,36.67993],[128.05383,36.67264],[128.06275,36.66902],[128.06442,36.65779],[128.06898,36.65855],[128.07384,36.651],[128.08284,36.64465],[128.09054,36.64388],[128.10939,36.64721],[128.11483,36.64406],[128.12112,36.64731],[128.12933,36.64607],[128.13764,36.64913],[128.13588,36.65812],[128.13957,36.65862],[128.14347,36.66395],[128.15799,36.66603],[128.1673,36.67634],[128.16883,36.68424],[128.18507,36.69606],[128.18913,36.70122],[128.19342,36.70302],[128.19929,36.71012]]]},"properties":{"key":"경상북도|문경시|마성면","code":"4728036000"}},{"type":"Feature","geometry":{"type":"Polygon","coordinates":[[[128.05639,36.58283],[128.05227,36.58444],[128.04463,36.58201],[128.03617,36.58568],[128.02811,36.58246],[128.02256,36.58386],[128.01814,36.58761],[128.01152,36.59726],[128.01284,36.6012],[128.00911,36.60702],[128.00922,36.62048],[128.01128,36.62634],[128.00878,36.63581],[128.00108,36.63657],[127.99782,36.63361],[127.98537,36.63502],[127.97955,36.63715],[127.97573,36.63607],[127.96543,36.64154],[127.96083,36.64654],[127.95363,36.64959],[127.94344,36.65197],[127.93919,36.64963],[127.93581,36.64338],[127.93597,36.63363],[127.93217,36.62457],[127.93164,36.61794],[127.92491,36.61548],[127.92511,36.6081],[127.92044,36.60365],[127.92783,36.59435],[127.93306,36.59057],[127.93342,36.58395],[127.93068,36.5776],[127.93421,36.5739],[127.93723,36.56427],[127.93298,36.55827],[127.94127,36.55112],[127.94039,36.54641],[127.93579,36.54353],[127.93772,36.53788],[127.93097,36.53472],[127.93617,36.52823],[127.94424,36.52588],[127.95287,36.52688],[127.95816,36.52692],[127.96102,36.52021],[127.97699,36.51356],[127.97947,36.51407],[127.97946,36.52139],[127.98154,36.52833],[127.97777,36.53243],[127.98104,36.53542],[127.97865,36.54241],[127.98262,36.54532],[127.99137,36.5444],[127.99782,36.54968],[128.00489,36.55072],[128.01663,36.54402],[128.02943,36.5475],[128.04062,36.54827],[128.05225,36.54614],[128.05887,36.55535],[128.06568,36.56241],[128.05639,36.58283]]]},"properties":{"key":"경상북도|문경시|농암면","code":"4728037000"}},{"type":"Feature","geometry":{"type":"Polygon","coordinates":[[[128.20507,36.59687],[128.19992,36.60176],[128.1959,36.60261],[128.18843,36.60165],[128.1869,36.59924],[128.1899,36.59845],[128.19195,36.59259],[128.1943,36.59574],[128.20507,36.59687]]]},"properties":{"key":"경상북도|문경시|점촌1동","code":"4728057000"}},{"type":"Feature","geometry":{"type":"Polygon","coordinates":[[[128.21125,36.59305],[128.20507,36.59687],[128.1943,36.59574],[128.19195,36.59259],[128.1943,36.58286],[128.20498,36.5785],[128.20594,36.57322],[128.2173,36.5737],[128.22049,36.57834],[128.2199,36.58446],[128.21125,36.59305]]]},"properties":{"key":"경상북도|문경시|점촌2동","code":"4728058000"}},{"type":"Feature","geometry":{"type":"Polygon","coordinates":[[[128.20985,36.61624],[128.20201,36.63048],[128.20095,36.63863],[128.19731,36.64298],[128.18889,36.64338],[128.18784,36.63778],[128.18016,36.63216],[128.18013,36.62944],[128.1959,36.60261],[128.19992,36.60176],[128.20507,36.59687],[128.21125,36.59305],[128.20902,36.59829],[128.21131,36.60159],[128.21709,36.60289],[128.21791,36.60544],[128.20985,36.61624]]]},"properties":{"key":"경상북도|문경시|점촌3동","code":"4728059000"}},{"type":"Feature","geometry":{"type":"Polygon","coordinates":[[[128.13957,36.65862],[128.13588,36.65812],[128.13764,36.64913],[128.12933,36.64607],[128.12112,36.64731],[128.11483,36.64406],[128.11321,36.63947],[128.11582,36.63459],[128.10645,36.63009],[128.10669,36.62583],[128.1156,36.62095],[128.12325,36.61932],[128.12972,36.61417],[128.13448,36.61335],[128.14596,36.60608],[128.1512,36.59968],[128.15557,36.60113],[128.16476,36.59757],[128.17575,36.597],[128.17752,36.59537],[128.1869,36.59924],[128.18843,36.60165],[128.1959,36.60261],[128.18013,36.62944],[128.18016,36.63216],[128.18784,36.63778],[128.18889,36.64338],[128.17761,36.64569],[128.15841,36.64158],[128.15275,36.64183],[128.14358,36.65166],[128.13957,36.65862]]]},"properties":{"key":"경상북도|문경시|점촌4동","code":"4728060000"}},{"type":"Feature","geometry":{"type":"Polygon","coordinates":[[[128.19195,36.59259],[128.1899,36.59845],[128.1869,36.59924],[128.17752,36.59537],[128.18003,36.58998],[128.17846,36.58358],[128.18354,36.58157],[128.18943,36.58357],[128.1943,36.58286],[128.19195,36.59259]]]},"properties":{"key":"경상북도|문경시|점촌5동","code":"4728061000"}},{"type":"Feature","geometry":{"type":"Polygon","coordinates":[[[128.84321,35.90834],[128.83756,35.91197],[128.84149,35.91809],[128.83924,35.92594],[128.84221,35.9327],[128.84069,35.93468],[128.83009,35.93674],[128.82589,35.94229],[128.81767,35.94537],[128.81148,35.94101],[128.80415,35.94043],[128.79439,35.9438],[128.78842,35.94401],[128.78165,35.94051],[128.77519,35.93914],[128.77178,35.9424],[128.76443,35.94131],[128.74557,35.94437],[128.74108,35.93769],[128.73788,35.92983],[128.74446,35.92192],[128.75661,35.91485],[128.76045,35.90698],[128.75717,35.90458],[128.75763,35.89589],[128.76194,35.88322],[128.75822,35.8782],[128.75998,35.87472],[128.75858,35.87055],[128.76004,35.86546],[128.76814,35.86643],[128.78222,35.87311],[128.7907,35.87902],[128.80084,35.88068],[128.80979,35.89273],[128.80977,35.89747],[128.81467,35.89829],[128.81474,35.90546],[128.82945,35.90929],[128.84321,35.90834]]]},"properties":{"key":"경상북도|경산시|하양읍","code":"4729025000"}},{"type":"Feature","geometry":{"type":"Polygon","coordinates":[[[128.84321,35.90834],[128.82945,35.90929],[128.81474,35.90546],[128.81467,35.89829],[128.80977,35.89747],[128.80979,35.89273],[128.80084,35.88068],[128.7907,35.87902],[128.78222,35.87311],[128.79051,35.86617],[128.79126,35.86035],[128.79567,35.86149],[128.80459,35.85757],[128.80309,35.85245],[128.79775,35.85372],[128.79403,35.8508],[128.79473,35.84687],[128.79842,35.84231],[128.80563,35.84733],[128.81894,35.84622],[128.82154,35.84249],[128.83385,35.83829],[128.83841,35.84026],[128.84286,35.83403],[128.84911,35.8312],[128.85587,35.83015],[128.8632,35.84017],[128.86907,35.84027],[128.87339,35.84385],[128.87518,35.85102],[128.87515,35.86047],[128.87298,35.86596],[128.85983,35.87366],[128.85922,35.87884],[128.86604,35.88361],[128.86955,35.88336],[128.87515,35.88819],[128.8697,35.89406],[128.85532,35.89978],[128.85543,35.90567],[128.85316,35.908],[128.84321,35.90834]]]},"properties":{"key":"경상북도|경산시|진량읍","code":"4729025300"}},{"type":"Feature","geometry":{"type":"Polygon","coordinates":[[[128.86125,35.93728],[128.86032,35.94307],[128.85217,35.95951],[128.84598,35.96286],[128.84153,35.96234],[128.83654,35.96814],[128.82781,35.96403],[128.81322,35.9654],[128.81184,35.97322],[128.80726,35.97505],[128.79861,35.9817],[128.79076,35.98371],[128.78607,35.988],[128.77245,35.98302],[128.7652,35.98386],[128.76083,35.98719],[128.75204,35.99075],[128.74004,35.99322],[128.73516,35.9929],[128.73139,35.98713],[128.73884,35.97631],[128.74495,35.97398],[128.74606,35.97081],[128.74213,35.95979],[128.73903,35.95532],[128.74179,35.94797],[128.74557,35.94437],[128.76443,35.94131],[128.77178,35.9424],[128.77519,35.93914],[128.78165,35.94051],[128.78842,35.94401],[128.79439,35.9438],[128.80415,35.94043],[128.81148,35.94101],[128.81767,35.94537],[128.82589,35.94229],[128.83009,35.93674],[128.84069,35.93468],[128.84221,35.9327],[128.83924,35.92594],[128.84149,35.91809],[128.83756,35.91197],[128.84321,35.90834],[128.85316,35.908],[128.85673,35.91161],[128.85657,35.91605],[128.8525,35.9203],[128.85741,35.92672],[128.86221,35.92854],[128.86125,35.93728]]]},"properties":{"key":"경상북도|경산시|와촌면","code":"4729031000"}},{"type":"Feature","geometry":{"type":"Polygon","coordinates":[[[128.85587,35.83015],[128.84911,35.8312],[128.84286,35.83403],[128.83841,35.84026],[128.83385,35.83829],[128.82154,35.84249],[128.81894,35.84622],[128.80563,35.84733],[128.79842,35.84231],[128.79473,35.84687],[128.79005,35.84795],[128.7888,35.84006],[128.79579,35.83646],[128.79577,35.83258],[128.80428,35.82409],[128.80119,35.81797],[128.80344,35.81524],[128.80578,35.81279],[128.80296,35.80866],[128.80977,35.80618],[128.80709,35.80017],[128.81243,35.79652],[128.8216,35.79797],[128.82501,35.79657],[128.83072,35.7987],[128.83758,35.79446],[128.84152,35.79489],[128.84185,35.80196],[128.8438,35.80549],[128.85252,35.8106],[128.85728,35.81999],[128.85587,35.83015]]]},"properties":{"key":"경상북도|경산시|자인면","code":"4729033000"}},{"type":"Feature","geometry":{"type":"Polygon","coordinates":[[[128.96926,35.84092],[128.9592,35.8417],[128.94955,35.83295],[128.94403,35.82986],[128.93872,35.8356],[128.93359,35.83712],[128.92396,35.83357],[128.91488,35.8374],[128.91011,35.8316],[128.90225,35.83713],[128.89454,35.83742],[128.89209,35.84464],[128.88223,35.84315],[128.87847,35.84934],[128.87518,35.85102],[128.87339,35.84385],[128.86907,35.84027],[128.8632,35.84017],[128.85587,35.83015],[128.85728,35.81999],[128.85252,35.8106],[128.8438,35.80549],[128.84185,35.80196],[128.84152,35.79489],[128.84885,35.79191],[128.85593,35.79473],[128.8585,35.78375],[128.85623,35.7778],[128.86284,35.77036],[128.85671,35.75732],[128.86039,35.75523],[128.86655,35.75803],[128.87619,35.74803],[128.8865,35.75124],[128.89159,35.75482],[128.89476,35.7638],[128.89865,35.76165],[128.90347,35.74686],[128.9141,35.75806],[128.92614,35.75547],[128.9345,35.7613],[128.94043,35.77111],[128.94191,35.77714],[128.94635,35.7815],[128.94468,35.78678],[128.94966,35.79326],[128.95089,35.79822],[128.95556,35.80282],[128.95444,35.81118],[128.9599,35.82334],[128.96594,35.83449],[128.97076,35.83544],[128.96926,35.84092]]]},"properties":{"key":"경상북도|경산시|용성면","code":"4729034000"}},{"type":"Feature","geometry":{"type":"Polygon","coordinates":[[[128.84152,35.79489],[128.83758,35.79446],[128.83072,35.7987],[128.82501,35.79657],[128.8216,35.79797],[128.81243,35.79652],[128.80709,35.80017],[128.80977,35.80618],[128.80296,35.80866],[128.80578,35.81279],[128.80344,35.81524],[128.79824,35.81125],[128.79867,35.80789],[128.79461,35.80396],[128.79576,35.79233],[128.78983,35.78848],[128.78985,35.78534],[128.78111,35.77659],[128.77685,35.77535],[128.7778,35.76921],[128.78489,35.76819],[128.79205,35.76443],[128.79306,35.75801],[128.80091,35.74498],[128.8104,35.74006],[128.81547,35.74316],[128.82709,35.73841],[128.83702,35.7452],[128.84898,35.7412],[128.85501,35.74376],[128.85835,35.74743],[128.85456,35.75388],[128.85671,35.75732],[128.86284,35.77036],[128.85623,35.7778],[128.8585,35.78375],[128.85593,35.79473],[128.84885,35.79191],[128.84152,35.79489]]]},"properties":{"key":"경상북도|경산시|남산면","code":"4729035000"}},{"type":"Feature","geometry":{"type":"Polygon","coordinates":[[[128.79473,35.84687],[128.79403,35.8508],[128.79775,35.85372],[128.80309,35.85245],[128.80459,35.85757],[128.79567,35.86149],[128.79126,35.86035],[128.79051,35.86617],[128.78222,35.87311],[128.76814,35.86643],[128.76004,35.86546],[128.75394,35.86402],[128.75162,35.85755],[128.74657,35.85655],[128.74073,35.85173],[128.75155,35.85276],[128.75587,35.84149],[128.76177,35.83753],[128.77037,35.83387],[128.77353,35.83494],[128.78002,35.83186],[128.7818,35.82849],[128.77849,35.8199],[128.78684,35.81381],[128.79824,35.81125],[128.80344,35.81524],[128.80119,35.81797],[128.80428,35.82409],[128.79577,35.83258],[128.79579,35.83646],[128.7888,35.84006],[128.79005,35.84795],[128.79473,35.84687]]]},"properties":{"key":"경상북도|경산시|압량읍","code":"4729025600"}},{"type":"Feature","geometry":{"type":"Polygon","coordinates":[[[128.73492,35.79917],[128.729,35.79844],[128.72276,35.80091],[128.71769,35.80671],[128.71126,35.8051],[128.69737,35.79415],[128.69428,35.79662],[128.68913,35.79241],[128.68258,35.7899],[128.68127,35.7856],[128.68656,35.77839],[128.68871,35.7694],[128.69187,35.76521],[128.69247,35.75993],[128.69619,35.75659],[128.69262,35.74802],[128.69438,35.74388],[128.70187,35.74371],[128.70476,35.73533],[128.71082,35.73106],[128.71529,35.7208],[128.72224,35.71916],[128.73113,35.72015],[128.73611,35.71632],[128.73764,35.70901],[128.74359,35.70387],[128.7539,35.70064],[128.76559,35.70041],[128.76616,35.70678],[128.76282,35.70853],[128.76439,35.71614],[128.77404,35.72132],[128.77465,35.72943],[128.78435,35.7315],[128.78428,35.73484],[128.7893,35.74235],[128.79877,35.74312],[128.80091,35.74498],[128.79306,35.75801],[128.79205,35.76443],[128.78489,35.76819],[128.7778,35.76921],[128.77685,35.77535],[128.77113,35.7806],[128.76261,35.78023],[128.75852,35.78538],[128.74779,35.78731],[128.73829,35.79291],[128.73492,35.79917]]]},"properties":{"key":"경상북도|경산시|남천면","code":"4729037000"}},{"type":"Feature","geometry":{"type":"Polygon","coordinates":[[[128.74334,35.8193],[128.74248,35.83071],[128.73627,35.82811],[128.73481,35.82127],[128.73629,35.81717],[128.74334,35.8193]]]},"properties":{"key":"경상북도|경산시|중앙동","code":"4729052000"}},{"type":"Feature","geometry":{"type":"Polygon","coordinates":[[[128.77849,35.8199],[128.77304,35.81408],[128.7647,35.81626],[128.76089,35.82244],[128.75818,35.83067],[128.75376,35.83155],[128.75006,35.82882],[128.74248,35.83071],[128.74334,35.8193],[128.74763,35.81233],[128.74442,35.80901],[128.75018,35.80353],[128.75347,35.79636],[128.74779,35.78731],[128.75852,35.78538],[128.76261,35.78023],[128.77113,35.7806],[128.77685,35.77535],[128.78111,35.77659],[128.78985,35.78534],[128.78983,35.78848],[128.79576,35.79233],[128.79461,35.80396],[128.79867,35.80789],[128.79824,35.81125],[128.78684,35.81381],[128.77849,35.8199]]]},"properties":{"key":"경상북도|경산시|동부동","code":"4729056000"}},{"type":"Feature","geometry":{"type":"Polygon","coordinates":[[[128.73132,35.82835],[128.72594,35.8295],[128.7192,35.82644],[128.71252,35.83053],[128.70883,35.82668],[128.70973,35.82069],[128.71317,35.81787],[128.71769,35.80671],[128.72276,35.80091],[128.729,35.79844],[128.73492,35.79917],[128.73696,35.81309],[128.73284,35.81924],[128.73078,35.82141],[128.73132,35.82835]]]},"properties":{"key":"경상북도|경산시|서부1동","code":"4729054100"}},{"type":"Feature","geometry":{"type":"Polygon","coordinates":[[[128.74779,35.78731],[128.75347,35.79636],[128.75018,35.80353],[128.74442,35.80901],[128.74763,35.81233],[128.74334,35.8193],[128.73629,35.81717],[128.73481,35.82127],[128.73284,35.81924],[128.73696,35.81309],[128.73492,35.79917],[128.73829,35.79291],[128.74779,35.78731]]]},"properties":{"key":"경상북도|경산시|남부동","code":"4729053000"}},{"type":"Feature","geometry":{"type":"Polygon","coordinates":[[[128.72613,35.85712],[128.72618,35.84423],[128.7323,35.83405],[128.74091,35.83769],[128.74248,35.83071],[128.75006,35.82882],[128.75376,35.83155],[128.75818,35.83067],[128.76089,35.82244],[128.7647,35.81626],[128.77304,35.81408],[128.77849,35.8199],[128.7818,35.82849],[128.78002,35.83186],[128.77353,35.83494],[128.77037,35.83387],[128.76177,35.83753],[128.75587,35.84149],[128.75155,35.85276],[128.74073,35.85173],[128.73577,35.85091],[128.72613,35.85712]]]},"properties":{"key":"경상북도|경산시|북부동","code":"4729055000"}},{"type":"Feature","geometry":{"type":"Polygon","coordinates":[[[128.74248,35.83071],[128.74091,35.83769],[128.7323,35.83405],[128.73132,35.82835],[128.73078,35.82141],[128.73284,35.81924],[128.73481,35.82127],[128.73627,35.82811],[128.74248,35.83071]]]},"properties":{"key":"경상북도|경산시|중방동","code":"4729051000"}},{"type":"Feature","geometry":{"type":"Polygon","coordinates":[[[128.7323,35.83405],[128.72618,35.84423],[128.7233,35.83529],[128.71888,35.83565],[128.71252,35.83053],[128.7192,35.82644],[128.72594,35.8295],[128.73132,35.82835],[128.7323,35.83405]]]},"properties":{"key":"경상북도|경산시|서부2동","code":"4729054200"}},{"type":"Feature","geometry":{"type":"Polygon","coordinates":[[[128.73718,36.3855],[128.73178,36.38231],[128.72615,36.386],[128.71858,36.38501],[128.71597,36.38222],[128.70961,36.38207],[128.70627,36.39749],[128.6959,36.40368],[128.68879,36.40239],[128.68588,36.39922],[128.68605,36.3947],[128.68301,36.39001],[128.67626,36.39164],[128.66837,36.3909],[128.66517,36.3786],[128.65718,36.37892],[128.66069,36.37175],[128.65896,36.36491],[128.65608,36.36205],[128.6573,36.35795],[128.65452,36.3462],[128.65837,36.33974],[128.65815,36.33506],[128.66085,36.33059],[128.65847,36.32707],[128.65804,36.32107],[128.65423,36.31544],[128.66677,36.31394],[128.66966,36.30745],[128.67938,36.3055],[128.68741,36.29927],[128.69536,36.29698],[128.69664,36.30047],[128.70604,36.30566],[128.71614,36.30471],[128.7215,36.31375],[128.72488,36.31512],[128.72893,36.32156],[128.73065,36.32788],[128.73624,36.32525],[128.74217,36.32798],[128.74331,36.33275],[128.74863,36.33518],[128.75473,36.33244],[128.75684,36.33688],[128.76166,36.34006],[128.75224,36.34149],[128.74508,36.35027],[128.74732,36.35477],[128.74213,36.3612],[128.74044,36.36664],[128.74086,36.37633],[128.73718,36.3855]]]},"properties":{"key":"경상북도|의성군|의성읍","code":"4773025000"}},{"type":"Feature","geometry":{"type":"Polygon","coordinates":[[[128.78246,36.46483],[128.776,36.4688],[128.77297,36.47561],[128.76739,36.48089],[128.75925,36.48459],[128.75394,36.48512],[128.74714,36.48918],[128.73418,36.47838],[128.72783,36.47636],[128.71788,36.48194],[128.70977,36.47704],[128.70744,36.46423],[128.70426,36.45447],[128.70664,36.44802],[128.69959,36.4474],[128.69003,36.44385],[128.68091,36.44472],[128.67806,36.43842],[128.6736,36.43649],[128.66854,36.43885],[128.66288,36.43755],[128.6536,36.42953],[128.64584,36.42847],[128.6282,36.42389],[128.62358,36.41909],[128.61545,36.4195],[128.60927,36.4148],[128.61499,36.41039],[128.62769,36.4079],[128.62717,36.40268],[128.63827,36.39996],[128.64512,36.38456],[128.64903,36.38407],[128.65718,36.37892],[128.66517,36.3786],[128.66837,36.3909],[128.67626,36.39164],[128.68301,36.39001],[128.68605,36.3947],[128.68588,36.39922],[128.68879,36.40239],[128.6959,36.40368],[128.70627,36.39749],[128.70961,36.38207],[128.71597,36.38222],[128.71858,36.38501],[128.72615,36.386],[128.73178,36.38231],[128.73718,36.3855],[128.7371,36.38903],[128.72794,36.39841],[128.72995,36.40387],[128.73939,36.40668],[128.73707,36.41476],[128.74295,36.41992],[128.74126,36.42379],[128.73272,36.43167],[128.71952,36.43412],[128.72683,36.43905],[128.7252,36.4415],[128.72904,36.44832],[128.74301,36.44934],[128.74505,36.45334],[128.75534,36.45324],[128.75844,36.4573],[128.7586,36.46494],[128.76218,36.46839],[128.77066,36.46607],[128.77732,36.45976],[128.78192,36.45988],[128.78246,36.46483]]]},"properties":{"key":"경상북도|의성군|단촌면","code":"4773031000"}},{"type":"Feature","geometry":{"type":"Polygon","coordinates":[[[128.78246,36.46483],[128.78192,36.45988],[128.77732,36.45976],[128.77066,36.46607],[128.76218,36.46839],[128.7586,36.46494],[128.75844,36.4573],[128.75534,36.45324],[128.74505,36.45334],[128.74301,36.44934],[128.72904,36.44832],[128.7252,36.4415],[128.72683,36.43905],[128.71952,36.43412],[128.73272,36.43167],[128.74126,36.42379],[128.74295,36.41992],[128.73707,36.41476],[128.73939,36.40668],[128.72995,36.40387],[128.72794,36.39841],[128.7371,36.38903],[128.73718,36.3855],[128.74086,36.37633],[128.74044,36.36664],[128.74213,36.3612],[128.74732,36.35477],[128.74508,36.35027],[128.75224,36.34149],[128.76166,36.34006],[128.76877,36.34354],[128.7711,36.34721],[128.7774,36.34731],[128.77982,36.36063],[128.78371,36.36701],[128.78039,36.37394],[128.78708,36.38271],[128.78539,36.38776],[128.78789,36.39237],[128.78561,36.39786],[128.78701,36.40279],[128.79331,36.40211],[128.79603,36.40829],[128.80156,36.41372],[128.79872,36.41934],[128.80319,36.42465],[128.80583,36.43555],[128.8132,36.44208],[128.8111,36.44535],[128.81254,36.45505],[128.80953,36.45915],[128.79994,36.45879],[128.79262,36.46577],[128.78246,36.46483]]]},"properties":{"key":"경상북도|의성군|점곡면","code":"4773032000"}},{"type":"Feature","geometry":{"type":"Polygon","coordinates":[[[128.83021,36.45185],[128.82305,36.45209],[128.81254,36.45505],[128.8111,36.44535],[128.8132,36.44208],[128.80583,36.43555],[128.80319,36.42465],[128.79872,36.41934],[128.80156,36.41372],[128.79603,36.40829],[128.79331,36.40211],[128.78701,36.40279],[128.78561,36.39786],[128.78789,36.39237],[128.78539,36.38776],[128.78708,36.38271],[128.78039,36.37394],[128.78371,36.36701],[128.77982,36.36063],[128.7774,36.34731],[128.78121,36.34459],[128.77965,36.34044],[128.78821,36.33301],[128.79142,36.32654],[128.79786,36.31962],[128.8021,36.31802],[128.80827,36.31087],[128.81644,36.31308],[128.82143,36.31705],[128.82909,36.31466],[128.82919,36.30713],[128.83254,36.30568],[128.83955,36.30814],[128.84956,36.30663],[128.86732,36.29537],[128.8761,36.2996],[128.88027,36.29697],[128.88931,36.29742],[128.89137,36.30552],[128.88744,36.31191],[128.88747,36.31639],[128.89284,36.32087],[128.89287,36.32579],[128.88855,36.33069],[128.88971,36.33381],[128.88558,36.34337],[128.87662,36.34476],[128.88081,36.35623],[128.87624,36.36469],[128.87214,36.36611],[128.87758,36.37508],[128.87117,36.37824],[128.8596,36.38775],[128.85041,36.38829],[128.85134,36.39928],[128.84427,36.40789],[128.84531,36.41213],[128.84113,36.42237],[128.83432,36.42763],[128.83453,36.43578],[128.82983,36.44366],[128.83021,36.45185]]]},"properties":{"key":"경상북도|의성군|옥산면","code":"4773033000"}},{"type":"Feature","geometry":{"type":"Polygon","coordinates":[[[128.7774,36.34731],[128.7711,36.34721],[128.76877,36.34354],[128.76166,36.34006],[128.75684,36.33688],[128.75473,36.33244],[128.74863,36.33518],[128.74331,36.33275],[128.74217,36.32798],[128.73624,36.32525],[128.73065,36.32788],[128.72893,36.32156],[128.72488,36.31512],[128.7215,36.31375],[128.72324,36.30822],[128.72704,36.30546],[128.72909,36.29021],[128.73225,36.28793],[128.74253,36.28565],[128.74723,36.28231],[128.74686,36.27779],[128.76074,36.27177],[128.76661,36.27489],[128.79882,36.27302],[128.81,36.26974],[128.81198,36.26319],[128.8219,36.26389],[128.82458,36.26013],[128.83661,36.2642],[128.84661,36.26166],[128.852,36.2665],[128.8627,36.26811],[128.86312,36.27383],[128.87769,36.27579],[128.87863,36.29237],[128.88027,36.29697],[128.8761,36.2996],[128.86732,36.29537],[128.84956,36.30663],[128.83955,36.30814],[128.83254,36.30568],[128.82919,36.30713],[128.82909,36.31466],[128.82143,36.31705],[128.81644,36.31308],[128.80827,36.31087],[128.8021,36.31802],[128.79786,36.31962],[128.79142,36.32654],[128.78821,36.33301],[128.77965,36.34044],[128.78121,36.34459],[128.7774,36.34731]]]},"properties":{"key":"경상북도|의성군|사곡면","code":"4773034000"}},{"type":"Feature","geometry":{"type":"Polygon","coordinates":[[[128.84661,36.26166],[128.83661,36.2642],[128.82458,36.26013],[128.8219,36.26389],[128.81198,36.26319],[128.81,36.26974],[128.79882,36.27302],[128.76661,36.27489],[128.76074,36.27177],[128.74686,36.27779],[128.74243,36.26698],[128.75497,36.24651],[128.76194,36.24044],[128.75654,36.23824],[128.75229,36.23023],[128.75305,36.22613],[128.7659,36.22401],[128.76923,36.2211],[128.78323,36.22385],[128.79878,36.22398],[128.8038,36.21692],[128.80392,36.20996],[128.8141,36.21097],[128.82259,36.21583],[128.83004,36.21764],[128.83469,36.21537],[128.84122,36.21751],[128.85186,36.21488],[128.85856,36.20801],[128.87071,36.20367],[128.87315,36.19975],[128.88246,36.199],[128.89369,36.20338],[128.89659,36.20687],[128.89553,36.21357],[128.88732,36.2169],[128.88169,36.22078],[128.8805,36.22584],[128.86974,36.23152],[128.87917,36.23609],[128.88576,36.24326],[128.88131,36.2525],[128.87532,36.25506],[128.857,36.25512],[128.84661,36.26166]]]},"properties":{"key":"경상북도|의성군|춘산면","code":"4773035000"}},{"type":"Feature","geometry":{"type":"Polygon","coordinates":[[[128.80392,36.20996],[128.8038,36.21692],[128.79878,36.22398],[128.78323,36.22385],[128.76923,36.2211],[128.7659,36.22401],[128.75305,36.22613],[128.75229,36.23023],[128.75654,36.23824],[128.76194,36.24044],[128.75497,36.24651],[128.74243,36.26698],[128.73673,36.26161],[128.7295,36.25937],[128.72474,36.25577],[128.7204,36.24716],[128.71313,36.23941],[128.70365,36.23682],[128.70202,36.2324],[128.71109,36.21977],[128.69985,36.20876],[128.69668,36.20239],[128.70872,36.19857],[128.71895,36.20006],[128.72139,36.19805],[128.7277,36.20077],[128.74056,36.19917],[128.74568,36.19461],[128.74944,36.19591],[128.7527,36.20267],[128.75891,36.20044],[128.77004,36.19347],[128.77427,36.19498],[128.78363,36.19392],[128.79049,36.19486],[128.79597,36.1938],[128.80308,36.20077],[128.80392,36.20996]]]},"properties":{"key":"경상북도|의성군|가음면","code":"4773036000"}},{"type":"Feature","geometry":{"type":"Polygon","coordinates":[[[128.74686,36.27779],[128.74723,36.28231],[128.74253,36.28565],[128.73225,36.28793],[128.72909,36.29021],[128.72704,36.30546],[128.72324,36.30822],[128.7215,36.31375],[128.71614,36.30471],[128.70604,36.30566],[128.69664,36.30047],[128.69536,36.29698],[128.68741,36.29927],[128.67938,36.3055],[128.66966,36.30745],[128.66552,36.29882],[128.66127,36.29667],[128.66204,36.29211],[128.65165,36.28011],[128.64037,36.27778],[128.63681,36.27164],[128.63783,36.26313],[128.63637,36.26118],[128.64067,36.25757],[128.63821,36.24708],[128.63267,36.24382],[128.63105,36.23878],[128.63667,36.23308],[128.63589,36.2242],[128.63175,36.21623],[128.63387,36.20936],[128.63992,36.20809],[128.6424,36.21206],[128.64936,36.21769],[128.66339,36.22144],[128.66936,36.20918],[128.68276,36.21508],[128.69439,36.2141],[128.69985,36.20876],[128.71109,36.21977],[128.70202,36.2324],[128.70365,36.23682],[128.71313,36.23941],[128.7204,36.24716],[128.72474,36.25577],[128.7295,36.25937],[128.73673,36.26161],[128.74243,36.26698],[128.74686,36.27779]]]},"properties":{"key":"경상북도|의성군|금성면","code":"4773037000"}},{"type":"Feature","geometry":{"type":"Polygon","coordinates":[[[128.65452,36.3462],[128.65021,36.34981],[128.64192,36.35042],[128.63418,36.3407],[128.62842,36.34033],[128.62671,36.33491],[128.62114,36.33326],[128.60441,36.33563],[128.59803,36.3298],[128.5916,36.32738],[128.58422,36.33177],[128.57404,36.33056],[128.56694,36.333],[128.56653,36.32467],[128.5587,36.32473],[128.55002,36.31717],[128.55507,36.31353],[128.55254,36.30523],[128.55467,36.29877],[128.54791,36.29607],[128.54553,36.29162],[128.54909,36.2857],[128.5519,36.27491],[128.55681,36.27363],[128.56265,36.27682],[128.56691,36.27421],[128.57147,36.27501],[128.57636,36.27964],[128.59552,36.27707],[128.59848,36.27077],[128.60695,36.27124],[128.61683,36.26767],[128.62402,36.26677],[128.63637,36.26118],[128.63783,36.26313],[128.63681,36.27164],[128.64037,36.27778],[128.65165,36.28011],[128.66204,36.29211],[128.66127,36.29667],[128.66552,36.29882],[128.66966,36.30745],[128.66677,36.31394],[128.65423,36.31544],[128.65804,36.32107],[128.65847,36.32707],[128.66085,36.33059],[128.65815,36.33506],[128.65837,36.33974],[128.65452,36.3462]]]},"properties":{"key":"경상북도|의성군|봉양면","code":"4773038000"}},{"type":"Feature","geometry":{"type":"Polygon","coordinates":[[[128.56694,36.333],[128.56836,36.33593],[128.56314,36.3419],[128.56028,36.35382],[128.55492,36.35923],[128.54958,36.37094],[128.54919,36.37444],[128.54219,36.38424],[128.52743,36.38411],[128.51838,36.38733],[128.51279,36.38344],[128.50924,36.38421],[128.50621,36.38103],[128.50511,36.37467],[128.50178,36.37202],[128.50053,36.36503],[128.49759,36.35962],[128.4879,36.35653],[128.47433,36.35851],[128.46654,36.36484],[128.46434,36.36405],[128.46592,36.35886],[128.46277,36.34428],[128.46402,36.33135],[128.45555,36.32673],[128.45602,36.3251],[128.46688,36.32197],[128.47288,36.31835],[128.47321,36.31212],[128.48759,36.30821],[128.49788,36.30337],[128.5062,36.30342],[128.51068,36.30073],[128.51515,36.30203],[128.52482,36.29997],[128.52926,36.29387],[128.53871,36.29441],[128.54553,36.29162],[128.54791,36.29607],[128.55467,36.29877],[128.55254,36.30523],[128.55507,36.31353],[128.55002,36.31717],[128.5587,36.32473],[128.56653,36.32467],[128.56694,36.333]]]},"properties":{"key":"경상북도|의성군|비안면","code":"4773039000"}},{"type":"Feature","geometry":{"type":"Polygon","coordinates":[[[128.46434,36.36405],[128.45905,36.36676],[128.44944,36.36793],[128.43447,36.36685],[128.43141,36.36897],[128.4273,36.36678],[128.41999,36.3665],[128.41165,36.36318],[128.40169,36.3531],[128.40689,36.34878],[128.40376,36.34661],[128.3917,36.34411],[128.38189,36.32494],[128.37917,36.32266],[128.381,36.31235],[128.38975,36.30786],[128.38793,36.3035],[128.39557,36.29753],[128.39663,36.29349],[128.40165,36.28949],[128.41125,36.28751],[128.41307,36.29386],[128.41704,36.29901],[128.42776,36.29913],[128.43448,36.30573],[128.43886,36.30591],[128.43922,36.31225],[128.45164,36.32702],[128.45555,36.32673],[128.46402,36.33135],[128.46277,36.34428],[128.46592,36.35886],[128.46434,36.36405]]]},"properties":{"key":"경상북도|의성군|구천면","code":"4773040000"}},{"type":"Feature","geometry":{"type":"Polygon","coordinates":[[[128.35382,36.41319],[128.34832,36.41439],[128.34273,36.4066],[128.33914,36.40646],[128.33794,36.40289],[128.33267,36.39923],[128.33241,36.39545],[128.32656,36.38608],[128.31774,36.38678],[128.31137,36.37576],[128.3117,36.36391],[128.3099,36.36103],[128.297,36.35549],[128.28405,36.34725],[128.29084,36.34508],[128.29342,36.348],[128.30165,36.3436],[128.30464,36.33808],[128.30488,36.33258],[128.30832,36.33033],[128.31406,36.33061],[128.31617,36.33542],[128.32563,36.34256],[128.33089,36.34318],[128.33451,36.34882],[128.3411,36.34851],[128.3508,36.35112],[128.35484,36.34386],[128.36613,36.33893],[128.36666,36.33346],[128.37279,36.32484],[128.37917,36.32266],[128.38189,36.32494],[128.3917,36.34411],[128.40376,36.34661],[128.40689,36.34878],[128.40169,36.3531],[128.41165,36.36318],[128.41999,36.3665],[128.40745,36.37098],[128.39683,36.37881],[128.39024,36.38127],[128.37846,36.38912],[128.37492,36.39307],[128.36231,36.39382],[128.35866,36.39624],[128.35536,36.41043],[128.35382,36.41319]]]},"properties":{"key":"경상북도|의성군|단밀면","code":"4773041000"}},{"type":"Feature","geometry":{"type":"Polygon","coordinates":[[[128.41686,36.41383],[128.40755,36.40835],[128.39748,36.41317],[128.38975,36.41916],[128.38386,36.41722],[128.37915,36.4129],[128.37148,36.41321],[128.36449,36.41576],[128.36236,36.41885],[128.35681,36.42044],[128.35382,36.41319],[128.35536,36.41043],[128.35866,36.39624],[128.36231,36.39382],[128.37492,36.39307],[128.37846,36.38912],[128.39024,36.38127],[128.39683,36.37881],[128.40745,36.37098],[128.41999,36.3665],[128.4273,36.36678],[128.43141,36.36897],[128.43151,36.37996],[128.42699,36.3806],[128.42485,36.38552],[128.43099,36.39021],[128.42454,36.39834],[128.41854,36.40796],[128.41686,36.41383]]]},"properties":{"key":"경상북도|의성군|단북면","code":"4773042000"}},{"type":"Feature","geometry":{"type":"Polygon","coordinates":[[[128.50924,36.38421],[128.50836,36.39187],[128.50232,36.39618],[128.48911,36.39752],[128.4858,36.40594],[128.48891,36.40996],[128.48454,36.41437],[128.47743,36.41234],[128.4713,36.41421],[128.4713,36.42237],[128.46177,36.43035],[128.45536,36.43022],[128.45184,36.42702],[128.44537,36.42891],[128.43828,36.43409],[128.42934,36.43594],[128.42723,36.41992],[128.41686,36.41383],[128.41854,36.40796],[128.42454,36.39834],[128.43099,36.39021],[128.42485,36.38552],[128.42699,36.3806],[128.43151,36.37996],[128.43141,36.36897],[128.43447,36.36685],[128.44944,36.36793],[128.45905,36.36676],[128.46434,36.36405],[128.46654,36.36484],[128.47433,36.35851],[128.4879,36.35653],[128.49759,36.35962],[128.50053,36.36503],[128.50178,36.37202],[128.50511,36.37467],[128.50621,36.38103],[128.50924,36.38421]]]},"properties":{"key":"경상북도|의성군|안계면","code":"4773043000"}},{"type":"Feature","geometry":{"type":"Polygon","coordinates":[[[128.38185,36.50464],[128.37078,36.50546],[128.36844,36.50948],[128.3701,36.5146],[128.36611,36.52744],[128.36179,36.53165],[128.35287,36.52724],[128.34743,36.52715],[128.34077,36.52462],[128.3453,36.51423],[128.33984,36.50307],[128.3365,36.50065],[128.33738,36.4892],[128.33045,36.48352],[128.31996,36.47137],[128.3144,36.47057],[128.30875,36.46418],[128.31289,36.4564],[128.31845,36.4476],[128.32306,36.44554],[128.32622,36.43799],[128.32219,36.43256],[128.32301,36.42762],[128.33208,36.42125],[128.33329,36.41186],[128.33914,36.40646],[128.34273,36.4066],[128.34832,36.41439],[128.35382,36.41319],[128.35681,36.42044],[128.36236,36.41885],[128.36449,36.41576],[128.37148,36.41321],[128.37915,36.4129],[128.38386,36.41722],[128.38975,36.41916],[128.39748,36.41317],[128.40755,36.40835],[128.41686,36.41383],[128.42723,36.41992],[128.42934,36.43594],[128.41851,36.44845],[128.42364,36.45382],[128.42664,36.46152],[128.42012,36.46747],[128.4193,36.47429],[128.41184,36.48699],[128.40415,36.49081],[128.39749,36.49237],[128.39549,36.49749],[128.38433,36.50176],[128.38185,36.50464]]]},"properties":{"key":"경상북도|의성군|다인면","code":"4773044000"}},{"type":"Feature","geometry":{"type":"Polygon","coordinates":[[[128.56677,36.45208],[128.56616,36.459],[128.56122,36.46289],[128.55858,36.46921],[128.55942,36.47219],[128.55265,36.47573],[128.552,36.48823],[128.54385,36.4904],[128.5393,36.4953],[128.53182,36.49808],[128.51431,36.49759],[128.50353,36.50108],[128.49887,36.51358],[128.491,36.51782],[128.48309,36.51376],[128.47628,36.51394],[128.47479,36.49872],[128.46436,36.49876],[128.46155,36.49573],[128.46456,36.49197],[128.45989,36.48835],[128.4531,36.49102],[128.45154,36.48737],[128.45436,36.48314],[128.46102,36.48199],[128.4763,36.47318],[128.47726,36.46559],[128.48312,36.46365],[128.48434,36.45529],[128.49075,36.45322],[128.49378,36.44541],[128.5013,36.44141],[128.49838,36.43253],[128.50666,36.42777],[128.5099,36.42311],[128.5147,36.42166],[128.52831,36.42271],[128.53196,36.42548],[128.53241,36.43089],[128.52997,36.43707],[128.53283,36.43992],[128.54209,36.43902],[128.54604,36.44124],[128.55153,36.43879],[128.55562,36.44126],[128.56034,36.44807],[128.56677,36.45208]]]},"properties":{"key":"경상북도|의성군|신평면","code":"4773045000"}},{"type":"Feature","geometry":{"type":"Polygon","coordinates":[[[128.57033,36.45105],[128.56677,36.45208],[128.56034,36.44807],[128.55562,36.44126],[128.55153,36.43879],[128.54604,36.44124],[128.54209,36.43902],[128.53283,36.43992],[128.52997,36.43707],[128.53241,36.43089],[128.53196,36.42548],[128.52831,36.42271],[128.5147,36.42166],[128.51587,36.41499],[128.51438,36.40831],[128.5167,36.40156],[128.51838,36.38733],[128.52743,36.38411],[128.54219,36.38424],[128.54919,36.37444],[128.54958,36.37094],[128.55492,36.35923],[128.56028,36.35382],[128.56314,36.3419],[128.56836,36.33593],[128.56694,36.333],[128.57404,36.33056],[128.58422,36.33177],[128.5916,36.32738],[128.59803,36.3298],[128.60441,36.33563],[128.62114,36.33326],[128.62671,36.33491],[128.62842,36.34033],[128.63418,36.3407],[128.64192,36.35042],[128.65021,36.34981],[128.65452,36.3462],[128.6573,36.35795],[128.65608,36.36205],[128.65896,36.36491],[128.66069,36.37175],[128.65718,36.37892],[128.64903,36.38407],[128.64512,36.38456],[128.63827,36.39996],[128.62717,36.40268],[128.62769,36.4079],[128.61499,36.41039],[128.60927,36.4148],[128.6069,36.41004],[128.59897,36.40946],[128.59678,36.41152],[128.59415,36.43611],[128.58867,36.43933],[128.57727,36.44],[128.57033,36.45105]]]},"properties":{"key":"경상북도|의성군|안평면","code":"4773046000"}},{"type":"Feature","geometry":{"type":"Polygon","coordinates":[[[128.42922,36.52197],[128.41876,36.52241],[128.41364,36.52041],[128.40524,36.51287],[128.39865,36.50895],[128.38185,36.50464],[128.38433,36.50176],[128.39549,36.49749],[128.39749,36.49237],[128.40415,36.49081],[128.41184,36.48699],[128.4193,36.47429],[128.42012,36.46747],[128.42664,36.46152],[128.42364,36.45382],[128.41851,36.44845],[128.42934,36.43594],[128.43828,36.43409],[128.44537,36.42891],[128.45184,36.42702],[128.45536,36.43022],[128.46177,36.43035],[128.4713,36.42237],[128.4713,36.41421],[128.47743,36.41234],[128.48454,36.41437],[128.48891,36.40996],[128.4858,36.40594],[128.48911,36.39752],[128.50232,36.39618],[128.50836,36.39187],[128.50924,36.38421],[128.51279,36.38344],[128.51838,36.38733],[128.5167,36.40156],[128.51438,36.40831],[128.51587,36.41499],[128.5147,36.42166],[128.5099,36.42311],[128.50666,36.42777],[128.49838,36.43253],[128.5013,36.44141],[128.49378,36.44541],[128.49075,36.45322],[128.48434,36.45529],[128.48312,36.46365],[128.47726,36.46559],[128.4763,36.47318],[128.46102,36.48199],[128.45436,36.48314],[128.45154,36.48737],[128.4531,36.49102],[128.44417,36.49724],[128.4334,36.50305],[128.4325,36.51108],[128.43693,36.51624],[128.42922,36.52197]]]},"properties":{"key":"경상북도|의성군|안사면","code":"4773047000"}},{"type":"Feature","geometry":{"type":"Polygon","coordinates":[[[129.12593,36.45618],[129.11262,36.45786],[129.10534,36.46239],[129.09739,36.46427],[129.09118,36.46379],[129.08932,36.4607],[129.08356,36.46224],[129.07637,36.46739],[129.0692,36.46659],[129.06403,36.46264],[129.06156,36.45254],[129.06482,36.44876],[129.05877,36.44468],[129.04938,36.445],[129.04597,36.4425],[129.03569,36.44206],[129.03172,36.43828],[129.0411,36.4222],[129.03945,36.42021],[129.04247,36.41189],[129.0477,36.40814],[129.04971,36.39833],[129.05572,36.38509],[129.05323,36.37961],[129.05271,36.37296],[129.06025,36.37183],[129.06729,36.37512],[129.07526,36.37195],[129.0816,36.37549],[129.1044,36.38285],[129.10492,36.38711],[129.10971,36.38871],[129.11434,36.39404],[129.12328,36.39964],[129.13368,36.40153],[129.13787,36.40689],[129.14635,36.40982],[129.15222,36.40948],[129.15923,36.41402],[129.16243,36.41888],[129.17772,36.42684],[129.18673,36.42693],[129.17151,36.43444],[129.1686,36.44153],[129.16908,36.4464],[129.16119,36.4537],[129.15419,36.44982],[129.13851,36.45125],[129.13531,36.45462],[129.12593,36.45618]]]},"properties":{"key":"경상북도|청송군|청송읍","code":"4775025000"}},{"type":"Feature","geometry":{"type":"Polygon","coordinates":[[[129.2266,36.39881],[129.21199,36.40772],[129.21186,36.41334],[129.20892,36.42116],[129.1981,36.43031],[129.18673,36.42693],[129.17772,36.42684],[129.16243,36.41888],[129.15923,36.41402],[129.15222,36.40948],[129.14635,36.40982],[129.13787,36.40689],[129.13368,36.40153],[129.12328,36.39964],[129.11434,36.39404],[129.10971,36.38871],[129.10492,36.38711],[129.1044,36.38285],[129.0816,36.37549],[129.07526,36.37195],[129.06729,36.37512],[129.06025,36.37183],[129.05271,36.37296],[129.04867,36.36695],[129.05589,36.36435],[129.06765,36.36587],[129.07355,36.36488],[129.07321,36.35842],[129.06342,36.35835],[129.06822,36.35353],[129.07452,36.35044],[129.08068,36.33829],[129.08763,36.33414],[129.09462,36.33428],[129.11067,36.32613],[129.11393,36.32917],[129.11809,36.32742],[129.12797,36.3326],[129.13502,36.32669],[129.14372,36.33046],[129.15066,36.32875],[129.16413,36.33407],[129.16901,36.33695],[129.17409,36.33565],[129.17481,36.33216],[129.1714,36.32703],[129.17337,36.32187],[129.18074,36.31721],[129.17604,36.30995],[129.18541,36.29934],[129.19731,36.30017],[129.20303,36.30262],[129.20825,36.30128],[129.21496,36.30395],[129.21973,36.30348],[129.22531,36.30856],[129.23641,36.31422],[129.23883,36.31734],[129.2493,36.31905],[129.25195,36.32091],[129.25527,36.32374],[129.25986,36.33352],[129.25139,36.3389],[129.24305,36.34597],[129.23591,36.34403],[129.22811,36.34387],[129.22405,36.34649],[129.22008,36.35911],[129.21625,36.36097],[129.21879,36.37314],[129.22791,36.37987],[129.22628,36.38356],[129.2207,36.38657],[129.22248,36.39186],[129.22809,36.39593],[129.2266,36.39881]]]},"properties":{"key":"경상북도|청송군|주왕산면","code":"4775031500"}},{"type":"Feature","geometry":{"type":"Polygon","coordinates":[[[129.21973,36.30348],[129.21496,36.30395],[129.20825,36.30128],[129.20303,36.30262],[129.19731,36.30017],[129.18541,36.29934],[129.17604,36.30995],[129.18074,36.31721],[129.17337,36.32187],[129.1714,36.32703],[129.17481,36.33216],[129.17409,36.33565],[129.16901,36.33695],[129.16413,36.33407],[129.15066,36.32875],[129.14372,36.33046],[129.13502,36.32669],[129.12797,36.3326],[129.11809,36.32742],[129.11393,36.32917],[129.11067,36.32613],[129.09462,36.33428],[129.08763,36.33414],[129.08068,36.33829],[129.07452,36.35044],[129.06822,36.35353],[129.06342,36.35835],[129.07321,36.35842],[129.07355,36.36488],[129.06765,36.36587],[129.05589,36.36435],[129.04867,36.36695],[129.04561,36.36638],[129.0431,36.36254],[129.03694,36.3598],[129.03262,36.35354],[129.03131,36.34324],[129.03393,36.33371],[129.04073,36.32795],[129.04492,36.31347],[129.05521,36.30875],[129.06162,36.30756],[129.0695,36.29999],[129.07023,36.29276],[129.07327,36.29019],[129.0763,36.28146],[129.08066,36.27742],[129.09029,36.27255],[129.0935,36.27389],[129.09896,36.27102],[129.10275,36.26478],[129.10588,36.26692],[129.11265,36.26445],[129.11719,36.26609],[129.12387,36.26215],[129.12653,36.26417],[129.13237,36.26215],[129.13795,36.25507],[129.13886,36.24953],[129.14493,36.24392],[129.14712,36.23926],[129.16335,36.23181],[129.17103,36.22464],[129.17888,36.2272],[129.19042,36.23653],[129.19471,36.24336],[129.19802,36.24449],[129.19899,36.25008],[129.20412,36.25621],[129.20572,36.26456],[129.21396,36.27173],[129.22073,36.27318],[129.22144,36.27759],[129.22571,36.28241],[129.221,36.28777],[129.22406,36.29092],[129.22387,36.29911],[129.21973,36.30348]]]},"properties":{"key":"경상북도|청송군|부남면","code":"4775032000"}},{"type":"Feature","geometry":{"type":"Polygon","coordinates":[[[129.04492,36.31347],[129.04071,36.31404],[129.02937,36.32042],[129.02003,36.31668],[129.00795,36.31464],[129.00022,36.31641],[128.99581,36.31552],[128.99212,36.31849],[128.98697,36.31465],[128.99124,36.30667],[128.99538,36.30188],[129.0048,36.29471],[129.01334,36.27845],[129.01197,36.27286],[129.00656,36.26917],[129.00443,36.25985],[129.00214,36.25798],[128.99343,36.25767],[128.98821,36.25013],[128.98856,36.2459],[128.99815,36.23968],[128.9951,36.23424],[128.99021,36.23272],[128.98867,36.22796],[128.99114,36.22202],[128.99062,36.2178],[128.99355,36.21344],[128.995,36.20682],[129.00149,36.20202],[129.00012,36.1901],[129.0034,36.18676],[129.00066,36.17972],[129.00974,36.17894],[129.02526,36.18254],[129.02838,36.18753],[129.02759,36.19285],[129.03588,36.20524],[129.03547,36.20811],[129.03925,36.21904],[129.04376,36.2221],[129.0513,36.22213],[129.05664,36.22396],[129.0626,36.22021],[129.06608,36.22149],[129.0669,36.22682],[129.0809,36.23396],[129.07254,36.25217],[129.06539,36.25374],[129.06199,36.25204],[129.05668,36.25501],[129.05312,36.25961],[129.05299,36.26369],[129.05967,36.26472],[129.05988,36.26803],[129.06565,36.27378],[129.08066,36.27742],[129.0763,36.28146],[129.07327,36.29019],[129.07023,36.29276],[129.0695,36.29999],[129.06162,36.30756],[129.05521,36.30875],[129.04492,36.31347]]]},"properties":{"key":"경상북도|청송군|현동면","code":"4775033000"}},{"type":"Feature","geometry":{"type":"Polygon","coordinates":[[[128.93078,36.30569],[128.92667,36.30659],[128.91947,36.30487],[128.91284,36.29849],[128.89829,36.29589],[128.88931,36.29742],[128.88027,36.29697],[128.87863,36.29237],[128.87769,36.27579],[128.86312,36.27383],[128.8627,36.26811],[128.852,36.2665],[128.84661,36.26166],[128.857,36.25512],[128.87532,36.25506],[128.88131,36.2525],[128.88576,36.24326],[128.87917,36.23609],[128.86974,36.23152],[128.8805,36.22584],[128.88169,36.22078],[128.88732,36.2169],[128.89553,36.21357],[128.89659,36.20687],[128.89369,36.20338],[128.88246,36.199],[128.88121,36.19013],[128.88524,36.18395],[128.89021,36.18217],[128.89125,36.17654],[128.89605,36.17344],[128.89685,36.17642],[128.90416,36.17752],[128.90909,36.18071],[128.91451,36.18096],[128.91945,36.18544],[128.92807,36.17979],[128.94086,36.17721],[128.94969,36.16897],[128.96228,36.16634],[128.96818,36.16149],[128.97388,36.16086],[128.97833,36.16594],[128.98749,36.16796],[128.99154,36.17067],[128.9923,36.17589],[129.00066,36.17972],[129.0034,36.18676],[129.00012,36.1901],[129.00149,36.20202],[128.995,36.20682],[128.99355,36.21344],[128.99062,36.2178],[128.99114,36.22202],[128.98867,36.22796],[128.99021,36.23272],[128.97615,36.23814],[128.97215,36.2416],[128.95837,36.23754],[128.95483,36.23918],[128.9515,36.24509],[128.94175,36.24812],[128.93577,36.24765],[128.94272,36.26772],[128.93736,36.27004],[128.93433,36.2824],[128.93715,36.29471],[128.93571,36.30003],[128.93078,36.30569]]]},"properties":{"key":"경상북도|청송군|현서면","code":"4775034000"}},{"type":"Feature","geometry":{"type":"Polygon","coordinates":[[[129.04561,36.36638],[129.03327,36.37347],[129.03236,36.38007],[129.02678,36.38445],[129.02617,36.3896],[129.0225,36.39436],[129.0162,36.39314],[129.00625,36.39704],[128.99151,36.39841],[128.98386,36.40456],[128.97576,36.39263],[128.97474,36.38672],[128.96743,36.37779],[128.96467,36.36917],[128.96162,36.36668],[128.96622,36.36114],[128.9628,36.35149],[128.96609,36.34647],[128.96213,36.33839],[128.95066,36.33582],[128.94468,36.32592],[128.94034,36.32538],[128.93305,36.31802],[128.93078,36.30569],[128.93571,36.30003],[128.93715,36.29471],[128.93433,36.2824],[128.93736,36.27004],[128.94272,36.26772],[128.93577,36.24765],[128.94175,36.24812],[128.9515,36.24509],[128.95483,36.23918],[128.95837,36.23754],[128.97215,36.2416],[128.97615,36.23814],[128.99021,36.23272],[128.9951,36.23424],[128.99815,36.23968],[128.98856,36.2459],[128.98821,36.25013],[128.99343,36.25767],[129.00214,36.25798],[129.00443,36.25985],[129.00656,36.26917],[129.01197,36.27286],[129.01334,36.27845],[129.0048,36.29471],[128.99538,36.30188],[128.99124,36.30667],[128.98697,36.31465],[128.99212,36.31849],[128.99581,36.31552],[129.00022,36.31641],[129.00795,36.31464],[129.02003,36.31668],[129.02937,36.32042],[129.04071,36.31404],[129.04492,36.31347],[129.04073,36.32795],[129.03393,36.33371],[129.03131,36.34324],[129.03262,36.35354],[129.03694,36.3598],[129.0431,36.36254],[129.04561,36.36638]]]},"properties":{"key":"경상북도|청송군|안덕면","code":"4775035000"}},{"type":"Feature","geometry":{"type":"Polygon","coordinates":[[[129.12593,36.45618],[129.12341,36.46244],[129.117,36.46464],[129.11424,36.47205],[129.10965,36.4757],[129.10165,36.4748],[129.10128,36.48047],[129.09323,36.48771],[129.07897,36.48551],[129.07437,36.49132],[129.06853,36.49073],[129.06651,36.49345],[129.06961,36.5031],[129.06276,36.51489],[129.05942,36.51113],[129.04991,36.51435],[129.04918,36.50757],[129.04234,36.50696],[129.03557,36.50413],[129.02386,36.50973],[129.01375,36.50987],[129.01507,36.50328],[129.00433,36.50161],[128.99714,36.51009],[128.99564,36.50025],[128.98972,36.49545],[128.98833,36.49091],[128.9828,36.48623],[128.97554,36.48417],[128.97494,36.47973],[128.98061,36.47587],[128.97956,36.46866],[128.97341,36.46688],[128.96883,36.46315],[128.97026,36.45226],[128.97598,36.44302],[128.97321,36.43913],[128.97307,36.43149],[128.98166,36.42397],[128.98376,36.41362],[128.98386,36.40456],[128.99151,36.39841],[129.00625,36.39704],[129.0162,36.39314],[129.0225,36.39436],[129.02617,36.3896],[129.02678,36.38445],[129.03236,36.38007],[129.03327,36.37347],[129.04561,36.36638],[129.04867,36.36695],[129.05271,36.37296],[129.05323,36.37961],[129.05572,36.38509],[129.04971,36.39833],[129.0477,36.40814],[129.04247,36.41189],[129.03945,36.42021],[129.0411,36.4222],[129.03172,36.43828],[129.03569,36.44206],[129.04597,36.4425],[129.04938,36.445],[129.05877,36.44468],[129.06482,36.44876],[129.06156,36.45254],[129.06403,36.46264],[129.0692,36.46659],[129.07637,36.46739],[129.08356,36.46224],[129.08932,36.4607],[129.09118,36.46379],[129.09739,36.46427],[129.10534,36.46239],[129.11262,36.45786],[129.12593,36.45618]]]},"properties":{"key":"경상북도|청송군|파천면","code":"4775036000"}},{"type":"Feature","geometry":{"type":"Polygon","coordinates":[[[129.10815,36.54614],[129.10006,36.54284],[129.09666,36.54411],[129.08625,36.54355],[129.07533,36.54636],[129.06988,36.543],[129.06502,36.54628],[129.06538,36.55002],[129.05977,36.55528],[129.05208,36.55883],[129.04588,36.57358],[129.04617,36.58001],[129.03683,36.58218],[129.03196,36.58808],[129.02457,36.58967],[129.02243,36.58789],[129.00867,36.58968],[129.00366,36.59462],[128.99903,36.59347],[128.99945,36.58686],[128.99208,36.58141],[128.99059,36.57705],[128.98406,36.5732],[128.98389,36.56783],[128.97968,36.56492],[128.98951,36.55533],[128.99173,36.54934],[128.97914,36.54569],[128.97554,36.54044],[128.97192,36.53117],[128.97536,36.52727],[128.9822,36.52488],[128.98569,36.51567],[128.99199,36.51724],[128.99714,36.51009],[129.00433,36.50161],[129.01507,36.50328],[129.01375,36.50987],[129.02386,36.50973],[129.03557,36.50413],[129.04234,36.50696],[129.04918,36.50757],[129.04991,36.51435],[129.05942,36.51113],[129.06276,36.51489],[129.06961,36.5031],[129.06651,36.49345],[129.06853,36.49073],[129.07437,36.49132],[129.07897,36.48551],[129.09323,36.48771],[129.10128,36.48047],[129.10165,36.4748],[129.10965,36.4757],[129.11424,36.47205],[129.117,36.46464],[129.12341,36.46244],[129.12593,36.45618],[129.13531,36.45462],[129.13851,36.45125],[129.15419,36.44982],[129.16119,36.4537],[129.16193,36.4582],[129.15284,36.46692],[129.14793,36.47781],[129.15403,36.49289],[129.15212,36.50033],[129.14434,36.49903],[129.13277,36.50091],[129.13161,36.50706],[129.12778,36.51308],[129.13048,36.5185],[129.12682,36.52212],[129.13107,36.5267],[129.12869,36.53376],[129.12239,36.53506],[129.11827,36.53852],[129.1118,36.53981],[129.10815,36.54614]]]},"properties":{"key":"경상북도|청송군|진보면","code":"4775037000"}},{"type":"Feature","geometry":{"type":"Polygon","coordinates":[[[129.18066,36.69776],[129.17483,36.70045],[129.1589,36.70278],[129.14958,36.69975],[129.14668,36.69719],[129.13565,36.69579],[129.12679,36.6777],[129.12189,36.68026],[129.11529,36.69066],[129.11102,36.69386],[129.10821,36.69911],[129.09606,36.70319],[129.08932,36.69938],[129.09752,36.68604],[129.09442,36.67887],[129.08718,36.67552],[129.08725,36.66856],[129.08946,36.66107],[129.08472,36.65828],[129.08569,36.6501],[129.08276,36.64038],[129.07899,36.63626],[129.0804,36.63051],[129.07853,36.62649],[129.08363,36.6198],[129.08749,36.61795],[129.09038,36.61252],[129.0891,36.60897],[129.09635,36.60806],[129.10443,36.61425],[129.11112,36.62192],[129.11699,36.62369],[129.12736,36.62212],[129.13336,36.62367],[129.13805,36.62177],[129.14222,36.62544],[129.14795,36.62637],[129.15498,36.6249],[129.16458,36.61537],[129.17062,36.61794],[129.17957,36.61934],[129.18333,36.61599],[129.19309,36.61284],[129.19561,36.61016],[129.19071,36.59929],[129.19969,36.59547],[129.20374,36.58592],[129.20763,36.584],[129.20929,36.57793],[129.21321,36.57157],[129.22209,36.57293],[129.22778,36.57851],[129.23253,36.57738],[129.23075,36.58413],[129.22117,36.58562],[129.21659,36.5902],[129.22168,36.59985],[129.23114,36.60517],[129.22879,36.62347],[129.24015,36.62961],[129.23866,36.63607],[129.23491,36.64227],[129.23071,36.64425],[129.23068,36.65352],[129.2347,36.66282],[129.23975,36.66372],[129.25402,36.67123],[129.26064,36.66898],[129.26894,36.67371],[129.27151,36.67731],[129.27882,36.68106],[129.27686,36.69159],[129.26889,36.69536],[129.25921,36.69722],[129.25579,36.70019],[129.24377,36.7002],[129.23119,36.69586],[129.22371,36.6904],[129.21557,36.68814],[129.21169,36.68159],[129.20353,36.67545],[129.19721,36.67744],[129.19233,36.68426],[129.19176,36.68835],[129.1839,36.68952],[129.18074,36.69178],[129.18066,36.69776]]]},"properties":{"key":"경상북도|영양군|영양읍","code":"4776025000"}},{"type":"Feature","geometry":{"type":"Polygon","coordinates":[[[129.07853,36.62649],[129.06737,36.62605],[129.06306,36.62346],[129.05142,36.62376],[129.04029,36.63314],[129.03983,36.63711],[129.03406,36.64281],[129.02928,36.64526],[129.0254,36.64306],[129.01055,36.64832],[129.00596,36.65548],[128.99639,36.65523],[128.98994,36.64803],[128.99467,36.64186],[128.99158,36.63638],[128.99107,36.62335],[128.99661,36.61853],[128.99785,36.61188],[128.99608,36.60877],[128.99966,36.60075],[128.99903,36.59347],[129.00366,36.59462],[129.00867,36.58968],[129.02243,36.58789],[129.02457,36.58967],[129.03196,36.58808],[129.03683,36.58218],[129.04617,36.58001],[129.04588,36.57358],[129.05208,36.55883],[129.05977,36.55528],[129.06538,36.55002],[129.06502,36.54628],[129.06988,36.543],[129.07533,36.54636],[129.08625,36.54355],[129.09666,36.54411],[129.10006,36.54284],[129.10815,36.54614],[129.09319,36.55269],[129.09862,36.55989],[129.10028,36.56696],[129.10462,36.57122],[129.11032,36.57364],[129.11223,36.58275],[129.12069,36.5942],[129.12198,36.59879],[129.12886,36.60088],[129.13315,36.60986],[129.13724,36.61207],[129.13976,36.6187],[129.13805,36.62177],[129.13336,36.62367],[129.12736,36.62212],[129.11699,36.62369],[129.11112,36.62192],[129.10443,36.61425],[129.09635,36.60806],[129.0891,36.60897],[129.09038,36.61252],[129.08749,36.61795],[129.08363,36.6198],[129.07853,36.62649]]]},"properties":{"key":"경상북도|영양군|입암면","code":"4776031000"}},{"type":"Feature","geometry":{"type":"Polygon","coordinates":[[[129.08024,36.81889],[129.07719,36.82053],[129.06867,36.82064],[129.06396,36.81827],[129.06215,36.81304],[129.0527,36.80619],[129.04788,36.79999],[129.03743,36.7943],[129.03686,36.79087],[129.02739,36.78532],[129.02154,36.78365],[129.01661,36.78454],[129.0074,36.7799],[129.00069,36.78053],[128.9901,36.77695],[128.98407,36.7729],[128.98357,36.76552],[128.99224,36.75473],[128.98928,36.7507],[128.99016,36.74707],[128.98956,36.73829],[128.98741,36.73562],[128.99718,36.72737],[128.99607,36.72259],[128.99953,36.71901],[128.99948,36.71441],[128.99639,36.70615],[128.99744,36.69539],[128.99269,36.6928],[128.9918,36.68891],[128.9945,36.68151],[128.99017,36.67423],[128.99374,36.66946],[128.99051,36.66402],[128.99516,36.6618],[128.99639,36.65523],[129.00596,36.65548],[129.01055,36.64832],[129.0254,36.64306],[129.02928,36.64526],[129.03406,36.64281],[129.03983,36.63711],[129.04029,36.63314],[129.05142,36.62376],[129.06306,36.62346],[129.06737,36.62605],[129.07853,36.62649],[129.0804,36.63051],[129.07899,36.63626],[129.08276,36.64038],[129.08569,36.6501],[129.08472,36.65828],[129.08946,36.66107],[129.08725,36.66856],[129.08718,36.67552],[129.09442,36.67887],[129.09752,36.68604],[129.08932,36.69938],[129.08631,36.70391],[129.09361,36.70807],[129.09107,36.71467],[129.08423,36.72447],[129.07649,36.722],[129.06852,36.72482],[129.06557,36.73241],[129.06476,36.74176],[129.0687,36.75567],[129.07083,36.75854],[129.07114,36.76596],[129.06715,36.7757],[129.07556,36.78588],[129.07862,36.78582],[129.08521,36.79308],[129.09069,36.79474],[129.09871,36.8031],[129.08699,36.80909],[129.08024,36.81889]]]},"properties":{"key":"경상북도|영양군|청기면","code":"4776032000"}},{"type":"Feature","geometry":{"type":"Polygon","coordinates":[[[129.18066,36.69776],[129.18521,36.70304],[129.1849,36.71104],[129.18837,36.71487],[129.18945,36.72168],[129.17904,36.73574],[129.17694,36.74883],[129.18366,36.75399],[129.17647,36.75892],[129.17294,36.75815],[129.16579,36.76561],[129.16041,36.76338],[129.16125,36.77102],[129.15777,36.77611],[129.15841,36.78014],[129.15608,36.78799],[129.16362,36.79042],[129.16688,36.79881],[129.16726,36.80777],[129.17425,36.81685],[129.17157,36.82317],[129.17211,36.82873],[129.16769,36.83566],[129.16788,36.84035],[129.16016,36.8407],[129.15565,36.83859],[129.15699,36.83463],[129.1432,36.83664],[129.1321,36.83404],[129.12849,36.835],[129.12032,36.83329],[129.11548,36.83513],[129.10558,36.83121],[129.09575,36.82385],[129.08876,36.82493],[129.08024,36.81889],[129.08699,36.80909],[129.09871,36.8031],[129.09069,36.79474],[129.08521,36.79308],[129.07862,36.78582],[129.07556,36.78588],[129.06715,36.7757],[129.07114,36.76596],[129.07083,36.75854],[129.0687,36.75567],[129.06476,36.74176],[129.06557,36.73241],[129.06852,36.72482],[129.07649,36.722],[129.08423,36.72447],[129.09107,36.71467],[129.09361,36.70807],[129.08631,36.70391],[129.08932,36.69938],[129.09606,36.70319],[129.10821,36.69911],[129.11102,36.69386],[129.11529,36.69066],[129.12189,36.68026],[129.12679,36.6777],[129.13565,36.69579],[129.14668,36.69719],[129.14958,36.69975],[129.1589,36.70278],[129.17483,36.70045],[129.18066,36.69776]]]},"properties":{"key":"경상북도|영양군|일월면","code":"4776033000"}},{"type":"Feature","geometry":{"type":"Polygon","coordinates":[[[129.29488,36.82488],[129.28747,36.83165],[129.28319,36.83341],[129.27292,36.83357],[129.27066,36.84065],[129.27674,36.84645],[129.27472,36.85008],[129.27557,36.85912],[129.28555,36.86453],[129.27872,36.87433],[129.27186,36.87147],[129.26729,36.87265],[129.26098,36.87007],[129.25688,36.87302],[129.25524,36.8604],[129.2477,36.85279],[129.23978,36.85193],[129.23102,36.85394],[129.23806,36.86294],[129.23364,36.86698],[129.22755,36.86786],[129.21737,36.86398],[129.21045,36.86341],[129.20138,36.86543],[129.19593,36.86997],[129.19557,36.87519],[129.19023,36.87982],[129.17694,36.87894],[129.17005,36.88142],[129.16566,36.87938],[129.16572,36.87531],[129.15854,36.87505],[129.15513,36.87821],[129.15406,36.87512],[129.1383,36.87288],[129.12936,36.86501],[129.12834,36.85854],[129.12488,36.85721],[129.12198,36.84803],[129.11624,36.84452],[129.10322,36.83587],[129.10077,36.82974],[129.09635,36.82676],[129.08876,36.82493],[129.09575,36.82385],[129.10558,36.83121],[129.11548,36.83513],[129.12032,36.83329],[129.12849,36.835],[129.1321,36.83404],[129.1432,36.83664],[129.15699,36.83463],[129.15565,36.83859],[129.16016,36.8407],[129.16788,36.84035],[129.16769,36.83566],[129.17211,36.82873],[129.17157,36.82317],[129.17425,36.81685],[129.16726,36.80777],[129.16688,36.79881],[129.16362,36.79042],[129.15608,36.78799],[129.15841,36.78014],[129.15777,36.77611],[129.16125,36.77102],[129.16041,36.76338],[129.16579,36.76561],[129.17294,36.75815],[129.17647,36.75892],[129.18366,36.75399],[129.17694,36.74883],[129.17904,36.73574],[129.18945,36.72168],[129.18837,36.71487],[129.1849,36.71104],[129.18521,36.70304],[129.18066,36.69776],[129.18074,36.69178],[129.1839,36.68952],[129.19176,36.68835],[129.19233,36.68426],[129.19721,36.67744],[129.20353,36.67545],[129.21169,36.68159],[129.21557,36.68814],[129.22371,36.6904],[129.23119,36.69586],[129.24377,36.7002],[129.25579,36.70019],[129.25921,36.69722],[129.26889,36.69536],[129.27686,36.69159],[129.28143,36.69357],[129.28215,36.69813],[129.28664,36.70239],[129.28626,36.70838],[129.29382,36.71764],[129.28714,36.71947],[129.28095,36.7236],[129.27142,36.72536],[129.26999,36.73228],[129.27312,36.7378],[129.27303,36.74514],[129.28471,36.75203],[129.2952,36.75402],[129.29816,36.7575],[129.29579,36.76571],[129.29836,36.77161],[129.3029,36.77641],[129.31174,36.77556],[129.3135,36.78089],[129.31171,36.78633],[129.3067,36.7923],[129.30063,36.79359],[129.28916,36.80819],[129.29187,36.82107],[129.29488,36.82488]]]},"properties":{"key":"경상북도|영양군|수비면","code":"4776034000"}},{"type":"Feature","geometry":{"type":"Polygon","coordinates":[[[129.23253,36.57738],[129.22778,36.57851],[129.22209,36.57293],[129.21321,36.57157],[129.20929,36.57793],[129.20763,36.584],[129.20374,36.58592],[129.19969,36.59547],[129.19071,36.59929],[129.19561,36.61016],[129.19309,36.61284],[129.18333,36.61599],[129.17957,36.61934],[129.17062,36.61794],[129.16458,36.61537],[129.15498,36.6249],[129.14795,36.62637],[129.14222,36.62544],[129.13805,36.62177],[129.13976,36.6187],[129.13724,36.61207],[129.13315,36.60986],[129.12886,36.60088],[129.12198,36.59879],[129.12069,36.5942],[129.11223,36.58275],[129.11032,36.57364],[129.10462,36.57122],[129.10028,36.56696],[129.09862,36.55989],[129.09319,36.55269],[129.10815,36.54614],[129.1118,36.53981],[129.11827,36.53852],[129.12239,36.53506],[129.12869,36.53376],[129.13107,36.5267],[129.12682,36.52212],[129.13048,36.5185],[129.12778,36.51308],[129.13161,36.50706],[129.13277,36.50091],[129.14434,36.49903],[129.15212,36.50033],[129.16129,36.50411],[129.16958,36.50548],[129.17335,36.50771],[129.18201,36.50745],[129.18838,36.4997],[129.19287,36.50333],[129.19761,36.50111],[129.20488,36.50253],[129.21584,36.49888],[129.21814,36.49049],[129.22237,36.49009],[129.22661,36.4944],[129.2228,36.50364],[129.22586,36.51371],[129.24399,36.50867],[129.24767,36.51018],[129.24615,36.51575],[129.2385,36.52312],[129.23568,36.52958],[129.2377,36.5421],[129.23983,36.5457],[129.2393,36.55364],[129.24215,36.55991],[129.24744,36.55981],[129.24339,36.56702],[129.2369,36.56948],[129.23253,36.57738]]]},"properties":{"key":"경상북도|영양군|석보면","code":"4776035000"}},{"type":"Feature","geometry":{"type":"Polygon","coordinates":[[[129.43617,36.47103],[129.43138,36.4711],[129.42729,36.47804],[129.42206,36.48295],[129.41748,36.48351],[129.41623,36.47521],[129.42134,36.47002],[129.41217,36.46497],[129.40816,36.4598],[129.40374,36.45927],[129.40215,36.45334],[129.39884,36.45102],[129.38652,36.45516],[129.38696,36.46483],[129.37904,36.46654],[129.37391,36.47246],[129.37434,36.47649],[129.36566,36.47637],[129.36643,36.47183],[129.35107,36.47582],[129.34553,36.47943],[129.33844,36.4787],[129.32937,36.48235],[129.32352,36.48143],[129.32755,36.46688],[129.33206,36.4641],[129.33584,36.45268],[129.34173,36.45042],[129.34512,36.44273],[129.34481,36.4376],[129.34204,36.43433],[129.3512,36.43057],[129.34854,36.42568],[129.35023,36.41852],[129.34553,36.415],[129.33683,36.41156],[129.34867,36.40354],[129.34704,36.39533],[129.35285,36.39476],[129.35664,36.3898],[129.36814,36.38281],[129.37492,36.38463],[129.37156,36.38932],[129.3727,36.39263],[129.3804,36.3968],[129.38335,36.40186],[129.38724,36.41576],[129.3917,36.41867],[129.39924,36.41758],[129.40456,36.4196],[129.41063,36.41917],[129.41562,36.41222],[129.41337,36.40622],[129.42075,36.39856],[129.42517,36.40563],[129.43059,36.40959],[129.43136,36.41608],[129.43552,36.42348],[129.43637,36.4289],[129.43393,36.43704],[129.43695,36.44702],[129.43554,36.45327],[129.43802,36.46292],[129.43617,36.47103]]]},"properties":{"key":"경상북도|영덕군|영덕읍","code":"4777025000"}},{"type":"Feature","geometry":{"type":"Polygon","coordinates":[[[129.42075,36.39856],[129.41337,36.40622],[129.41562,36.41222],[129.41063,36.41917],[129.40456,36.4196],[129.39924,36.41758],[129.3917,36.41867],[129.38724,36.41576],[129.38335,36.40186],[129.3804,36.3968],[129.3727,36.39263],[129.37156,36.38932],[129.37492,36.38463],[129.36814,36.38281],[129.35664,36.3898],[129.35285,36.39476],[129.34704,36.39533],[129.34867,36.40354],[129.33683,36.41156],[129.31954,36.41399],[129.3157,36.40717],[129.31954,36.39707],[129.3191,36.3928],[129.32477,36.39111],[129.32126,36.37876],[129.32158,36.37532],[129.33769,36.37373],[129.34931,36.36416],[129.35177,36.35939],[129.35879,36.35567],[129.36812,36.34715],[129.37502,36.33689],[129.38047,36.3345],[129.38351,36.33624],[129.38438,36.34169],[129.38976,36.34759],[129.38936,36.35676],[129.39373,36.35779],[129.39588,36.36584],[129.40798,36.38152],[129.40845,36.38801],[129.41366,36.38996],[129.42075,36.39856]]]},"properties":{"key":"경상북도|영덕군|강구면","code":"4777031000"}},{"type":"Feature","geometry":{"type":"Polygon","coordinates":[[[129.38047,36.3345],[129.37502,36.33689],[129.36812,36.34715],[129.35879,36.35567],[129.35177,36.35939],[129.34931,36.36416],[129.33769,36.37373],[129.32158,36.37532],[129.31961,36.37182],[129.31538,36.3466],[129.30854,36.34763],[129.302,36.33957],[129.2906,36.33509],[129.28726,36.3325],[129.29167,36.32472],[129.30166,36.3181],[129.30021,36.30731],[129.28649,36.2984],[129.28789,36.28888],[129.28661,36.2861],[129.29222,36.27906],[129.29338,36.27637],[129.3001,36.27358],[129.30436,36.26773],[129.31422,36.2709],[129.32843,36.26746],[129.33936,36.26665],[129.34427,36.27035],[129.3477,36.2698],[129.3535,36.27306],[129.36286,36.27099],[129.3661,36.26856],[129.37627,36.2683],[129.38159,36.27487],[129.37823,36.2784],[129.37496,36.28867],[129.3796,36.29063],[129.38009,36.2996],[129.37782,36.30532],[129.38038,36.30887],[129.37979,36.31809],[129.38267,36.32213],[129.37953,36.33302],[129.38047,36.3345]]]},"properties":{"key":"경상북도|영덕군|남정면","code":"4777032000"}},{"type":"Feature","geometry":{"type":"Polygon","coordinates":[[[129.31954,36.41399],[129.30621,36.41432],[129.30356,36.41627],[129.29567,36.41614],[129.29015,36.41958],[129.28493,36.4176],[129.27643,36.42121],[129.26934,36.41821],[129.26104,36.40882],[129.24345,36.40568],[129.23814,36.40647],[129.22836,36.40354],[129.2266,36.39881],[129.22809,36.39593],[129.22248,36.39186],[129.2207,36.38657],[129.22628,36.38356],[129.22791,36.37987],[129.21879,36.37314],[129.21625,36.36097],[129.22008,36.35911],[129.22405,36.34649],[129.22811,36.34387],[129.23591,36.34403],[129.24305,36.34597],[129.25139,36.3389],[129.25986,36.33352],[129.25527,36.32374],[129.25195,36.32091],[129.26667,36.3208],[129.26745,36.33004],[129.27577,36.32777],[129.28726,36.3325],[129.2906,36.33509],[129.302,36.33957],[129.30854,36.34763],[129.31538,36.3466],[129.31961,36.37182],[129.32158,36.37532],[129.32126,36.37876],[129.32477,36.39111],[129.3191,36.3928],[129.31954,36.39707],[129.3157,36.40717],[129.31954,36.41399]]]},"properties":{"key":"경상북도|영덕군|달산면","code":"4777033000"}},{"type":"Feature","geometry":{"type":"Polygon","coordinates":[[[129.24767,36.51018],[129.24399,36.50867],[129.22586,36.51371],[129.2228,36.50364],[129.22661,36.4944],[129.22237,36.49009],[129.21814,36.49049],[129.21584,36.49888],[129.20488,36.50253],[129.19761,36.50111],[129.19287,36.50333],[129.18838,36.4997],[129.18201,36.50745],[129.17335,36.50771],[129.16958,36.50548],[129.16129,36.50411],[129.15212,36.50033],[129.15403,36.49289],[129.14793,36.47781],[129.15284,36.46692],[129.16193,36.4582],[129.16119,36.4537],[129.16908,36.4464],[129.1686,36.44153],[129.17151,36.43444],[129.18673,36.42693],[129.1981,36.43031],[129.20892,36.42116],[129.21186,36.41334],[129.21199,36.40772],[129.2266,36.39881],[129.22836,36.40354],[129.23814,36.40647],[129.24345,36.40568],[129.26104,36.40882],[129.26934,36.41821],[129.27643,36.42121],[129.28493,36.4176],[129.29015,36.41958],[129.29567,36.41614],[129.30356,36.41627],[129.30621,36.41432],[129.31954,36.41399],[129.33683,36.41156],[129.34553,36.415],[129.35023,36.41852],[129.34854,36.42568],[129.3512,36.43057],[129.34204,36.43433],[129.34481,36.4376],[129.34512,36.44273],[129.34173,36.45042],[129.33584,36.45268],[129.33206,36.4641],[129.32755,36.46688],[129.32352,36.48143],[129.31773,36.48232],[129.30543,36.49151],[129.30406,36.49448],[129.29662,36.50017],[129.28227,36.51026],[129.27125,36.50643],[129.26193,36.50853],[129.25692,36.50476],[129.24767,36.51018]]]},"properties":{"key":"경상북도|영덕군|지품면","code":"4777034000"}},{"type":"Feature","geometry":{"type":"Polygon","coordinates":[[[129.44419,36.51226],[129.43168,36.5177],[129.42892,36.52689],[129.41501,36.52049],[129.408,36.51947],[129.40522,36.52295],[129.39834,36.52371],[129.39444,36.52016],[129.38484,36.52108],[129.37874,36.52034],[129.36632,36.52651],[129.36093,36.52386],[129.35987,36.5169],[129.35562,36.50819],[129.34829,36.51013],[129.34692,36.50539],[129.34157,36.50421],[129.33019,36.50818],[129.31494,36.5086],[129.3058,36.50357],[129.29662,36.50017],[129.30406,36.49448],[129.30543,36.49151],[129.31773,36.48232],[129.32352,36.48143],[129.32937,36.48235],[129.33844,36.4787],[129.34553,36.47943],[129.35107,36.47582],[129.36643,36.47183],[129.36566,36.47637],[129.37434,36.47649],[129.37391,36.47246],[129.37904,36.46654],[129.38696,36.46483],[129.38652,36.45516],[129.39884,36.45102],[129.40215,36.45334],[129.40374,36.45927],[129.40816,36.4598],[129.41217,36.46497],[129.42134,36.47002],[129.41623,36.47521],[129.41748,36.48351],[129.42206,36.48295],[129.42729,36.47804],[129.43138,36.4711],[129.43617,36.47103],[129.43315,36.47613],[129.43434,36.4832],[129.44524,36.48871],[129.44815,36.50544],[129.45257,36.50614],[129.45014,36.51268],[129.44419,36.51226]]]},"properties":{"key":"경상북도|영덕군|축산면","code":"4777035000"}},{"type":"Feature","geometry":{"type":"Polygon","coordinates":[[[129.44419,36.51226],[129.44483,36.51903],[129.44072,36.53023],[129.44006,36.54021],[129.4407,36.55182],[129.43705,36.55677],[129.4264,36.56609],[129.42094,36.56415],[129.42028,36.5551],[129.41853,36.55344],[129.40813,36.55632],[129.40489,36.55396],[129.3994,36.54569],[129.39295,36.54269],[129.3841,36.54428],[129.38013,36.54832],[129.37478,36.54908],[129.36125,36.54512],[129.35349,36.5376],[129.33982,36.53616],[129.33023,36.54035],[129.3241,36.5404],[129.31904,36.53725],[129.30945,36.54052],[129.30517,36.53615],[129.30503,36.53253],[129.30091,36.5283],[129.29613,36.52654],[129.2894,36.52881],[129.28291,36.52909],[129.27291,36.53585],[129.27616,36.5458],[129.28054,36.55264],[129.2599,36.5591],[129.24744,36.55981],[129.24215,36.55991],[129.2393,36.55364],[129.23983,36.5457],[129.2377,36.5421],[129.23568,36.52958],[129.2385,36.52312],[129.24615,36.51575],[129.24767,36.51018],[129.25692,36.50476],[129.26193,36.50853],[129.27125,36.50643],[129.28227,36.51026],[129.29662,36.50017],[129.3058,36.50357],[129.31494,36.5086],[129.33019,36.50818],[129.34157,36.50421],[129.34692,36.50539],[129.34829,36.51013],[129.35562,36.50819],[129.35987,36.5169],[129.36093,36.52386],[129.36632,36.52651],[129.37874,36.52034],[129.38484,36.52108],[129.39444,36.52016],[129.39834,36.52371],[129.40522,36.52295],[129.408,36.51947],[129.41501,36.52049],[129.42892,36.52689],[129.43168,36.5177],[129.44419,36.51226]]]},"properties":{"key":"경상북도|영덕군|영해면","code":"4777036000"}},{"type":"Feature","geometry":{"type":"Polygon","coordinates":[[[129.39688,36.66545],[129.39176,36.66633],[129.38457,36.67016],[129.37074,36.66273],[129.36696,36.66298],[129.36105,36.65874],[129.35458,36.65103],[129.35391,36.63997],[129.35714,36.63412],[129.35043,36.62628],[129.35301,36.62241],[129.35094,36.61143],[129.34735,36.60922],[129.35131,36.59307],[129.34945,36.58405],[129.35367,36.57465],[129.36374,36.57414],[129.36797,36.5705],[129.3775,36.55362],[129.38435,36.54713],[129.3841,36.54428],[129.39295,36.54269],[129.3994,36.54569],[129.40489,36.55396],[129.40813,36.55632],[129.41853,36.55344],[129.42028,36.5551],[129.42094,36.56415],[129.4264,36.56609],[129.41747,36.57659],[129.41316,36.58454],[129.41058,36.59473],[129.41466,36.59969],[129.41611,36.60496],[129.4126,36.61633],[129.4122,36.62243],[129.41726,36.63057],[129.41833,36.63993],[129.42375,36.64326],[129.41969,36.64462],[129.41943,36.65028],[129.41098,36.65469],[129.40673,36.6592],[129.39677,36.66135],[129.39688,36.66545]]]},"properties":{"key":"경상북도|영덕군|병곡면","code":"4777037000"}},{"type":"Feature","geometry":{"type":"Polygon","coordinates":[[[129.35458,36.65103],[129.34862,36.65701],[129.33738,36.66058],[129.33072,36.66119],[129.3268,36.66664],[129.31751,36.66546],[129.30679,36.66834],[129.29769,36.66854],[129.29476,36.67024],[129.28507,36.6675],[129.27404,36.67063],[129.26894,36.67371],[129.26064,36.66898],[129.25402,36.67123],[129.23975,36.66372],[129.2347,36.66282],[129.23068,36.65352],[129.23071,36.64425],[129.23491,36.64227],[129.23866,36.63607],[129.24015,36.62961],[129.22879,36.62347],[129.23114,36.60517],[129.22168,36.59985],[129.21659,36.5902],[129.22117,36.58562],[129.23075,36.58413],[129.23253,36.57738],[129.2369,36.56948],[129.24339,36.56702],[129.24744,36.55981],[129.2599,36.5591],[129.28054,36.55264],[129.27616,36.5458],[129.27291,36.53585],[129.28291,36.52909],[129.2894,36.52881],[129.29613,36.52654],[129.30091,36.5283],[129.30503,36.53253],[129.30517,36.53615],[129.30945,36.54052],[129.31904,36.53725],[129.3241,36.5404],[129.33023,36.54035],[129.33982,36.53616],[129.35349,36.5376],[129.36125,36.54512],[129.37478,36.54908],[129.38013,36.54832],[129.3841,36.54428],[129.38435,36.54713],[129.3775,36.55362],[129.36797,36.5705],[129.36374,36.57414],[129.35367,36.57465],[129.34945,36.58405],[129.35131,36.59307],[129.34735,36.60922],[129.35094,36.61143],[129.35301,36.62241],[129.35043,36.62628],[129.35714,36.63412],[129.35391,36.63997],[129.35458,36.65103]]]},"properties":{"key":"경상북도|영덕군|창수면","code":"4777038000"}},{"type":"Feature","geometry":{"type":"Polygon","coordinates":[[[128.74359,35.70387],[128.73764,35.70901],[128.73611,35.71632],[128.73113,35.72015],[128.72224,35.71916],[128.71529,35.7208],[128.70947,35.71376],[128.70755,35.70745],[128.70707,35.69717],[128.69679,35.69286],[128.69203,35.68444],[128.68702,35.68256],[128.68791,35.67313],[128.6853,35.67246],[128.67942,35.66243],[128.67889,35.65756],[128.68543,35.6575],[128.68914,35.6603],[128.69766,35.65993],[128.69188,35.65368],[128.69379,35.64373],[128.69948,35.63722],[128.69937,35.62764],[128.70457,35.61316],[128.71581,35.61324],[128.73079,35.61871],[128.73519,35.62548],[128.73753,35.63528],[128.73289,35.64615],[128.74072,35.64958],[128.74356,35.6527],[128.73644,35.66393],[128.74466,35.66562],[128.74617,35.67158],[128.74122,35.67641],[128.73334,35.68806],[128.7337,35.69594],[128.73935,35.70205],[128.74359,35.70387]]]},"properties":{"key":"경상북도|청도군|화양읍","code":"4782025000"}},{"type":"Feature","geometry":{"type":"Polygon","coordinates":[[[128.76559,35.70041],[128.7539,35.70064],[128.74359,35.70387],[128.73935,35.70205],[128.7337,35.69594],[128.73334,35.68806],[128.74122,35.67641],[128.74617,35.67158],[128.74466,35.66562],[128.73644,35.66393],[128.74356,35.6527],[128.74072,35.64958],[128.73289,35.64615],[128.73753,35.63528],[128.73519,35.62548],[128.73079,35.61871],[128.71581,35.61324],[128.70457,35.61316],[128.69494,35.60782],[128.69128,35.59442],[128.69741,35.58212],[128.70327,35.57853],[128.71245,35.57955],[128.71521,35.57825],[128.72511,35.58057],[128.73108,35.57621],[128.73588,35.57662],[128.75394,35.57018],[128.75593,35.56819],[128.76635,35.56824],[128.76809,35.57051],[128.78675,35.56609],[128.79613,35.57353],[128.80047,35.5854],[128.79256,35.59405],[128.7864,35.5965],[128.78555,35.60524],[128.79146,35.60767],[128.78046,35.62502],[128.77987,35.63553],[128.78267,35.6431],[128.78128,35.64596],[128.79062,35.64957],[128.79671,35.6489],[128.7974,35.65548],[128.80104,35.66057],[128.80713,35.66168],[128.80739,35.66707],[128.80412,35.67799],[128.79075,35.6808],[128.78816,35.69086],[128.78479,35.69571],[128.76559,35.70041]]]},"properties":{"key":"경상북도|청도군|청도읍","code":"4782025300"}},{"type":"Feature","geometry":{"type":"Polygon","coordinates":[[[128.70457,35.61316],[128.69937,35.62764],[128.69948,35.63722],[128.69379,35.64373],[128.69188,35.65368],[128.69766,35.65993],[128.68914,35.6603],[128.68543,35.6575],[128.67964,35.65236],[128.66958,35.64977],[128.65794,35.64859],[128.65332,35.64338],[128.6483,35.64302],[128.63816,35.64493],[128.6332,35.64064],[128.62808,35.63614],[128.62574,35.63142],[128.62869,35.62519],[128.6203,35.62359],[128.62257,35.61944],[128.62229,35.61186],[128.61975,35.60726],[128.61216,35.60239],[128.60131,35.59781],[128.59685,35.59294],[128.59351,35.59273],[128.5937,35.5845],[128.60116,35.58083],[128.60685,35.58042],[128.61759,35.58437],[128.62662,35.58484],[128.63109,35.58666],[128.63589,35.58407],[128.64363,35.59235],[128.65803,35.59774],[128.66351,35.59459],[128.67246,35.59585],[128.69128,35.59442],[128.69494,35.60782],[128.70457,35.61316]]]},"properties":{"key":"경상북도|청도군|각남면","code":"4782031000"}},{"type":"Feature","geometry":{"type":"Polygon","coordinates":[[[128.6297,35.64283],[128.62647,35.64235],[128.6172,35.64753],[128.60976,35.64947],[128.60333,35.65697],[128.5975,35.66146],[128.59248,35.66134],[128.588,35.66441],[128.58642,35.6718],[128.58672,35.67823],[128.58225,35.68043],[128.57645,35.68658],[128.56878,35.68714],[128.56462,35.6821],[128.55174,35.67894],[128.53916,35.6786],[128.53349,35.68208],[128.52641,35.68238],[128.52846,35.67954],[128.52638,35.6742],[128.53146,35.66217],[128.53688,35.66096],[128.53834,35.65489],[128.53472,35.6438],[128.53822,35.63197],[128.5365,35.62365],[128.55048,35.61701],[128.55805,35.61494],[128.55969,35.60325],[128.56455,35.6025],[128.57228,35.59749],[128.57426,35.59221],[128.58482,35.5862],[128.59344,35.58433],[128.5937,35.5845],[128.59351,35.59273],[128.59685,35.59294],[128.60131,35.59781],[128.61216,35.60239],[128.61975,35.60726],[128.62229,35.61186],[128.62257,35.61944],[128.6203,35.62359],[128.62869,35.62519],[128.62574,35.63142],[128.62808,35.63614],[128.6332,35.64064],[128.6297,35.64283]]]},"properties":{"key":"경상북도|청도군|풍각면","code":"4782032000"}},{"type":"Feature","geometry":{"type":"Polygon","coordinates":[[[128.62068,35.70428],[128.61397,35.7106],[128.61643,35.71976],[128.61029,35.72535],[128.6154,35.73044],[128.61666,35.73712],[128.60658,35.73895],[128.59618,35.73708],[128.58931,35.73187],[128.58191,35.7388],[128.57166,35.7346],[128.56615,35.73647],[128.55946,35.72865],[128.55239,35.7262],[128.54408,35.71928],[128.52714,35.71361],[128.53241,35.70549],[128.53152,35.69683],[128.53514,35.69402],[128.53152,35.68815],[128.53349,35.68208],[128.53916,35.6786],[128.55174,35.67894],[128.56462,35.6821],[128.56878,35.68714],[128.57645,35.68658],[128.58225,35.68043],[128.58672,35.67823],[128.58642,35.6718],[128.588,35.66441],[128.59248,35.66134],[128.5975,35.66146],[128.60333,35.65697],[128.60976,35.64947],[128.6172,35.64753],[128.62647,35.64235],[128.6297,35.64283],[128.6316,35.64673],[128.62797,35.65202],[128.62148,35.65542],[128.62585,35.66269],[128.62469,35.66773],[128.61937,35.66897],[128.61396,35.67418],[128.61529,35.6851],[128.61116,35.69135],[128.61156,35.69736],[128.62068,35.70428]]]},"properties":{"key":"경상북도|청도군|각북면","code":"4782033000"}},{"type":"Feature","geometry":{"type":"Polygon","coordinates":[[[128.71529,35.7208],[128.71082,35.73106],[128.70476,35.73533],[128.70187,35.74371],[128.69438,35.74388],[128.68952,35.73987],[128.69179,35.73233],[128.68302,35.72551],[128.68339,35.72176],[128.66375,35.72055],[128.65817,35.71852],[128.64623,35.70843],[128.63769,35.70585],[128.63084,35.707],[128.62307,35.7034],[128.62068,35.70428],[128.61156,35.69736],[128.61116,35.69135],[128.61529,35.6851],[128.61396,35.67418],[128.61937,35.66897],[128.62469,35.66773],[128.62585,35.66269],[128.62148,35.65542],[128.62797,35.65202],[128.6316,35.64673],[128.6297,35.64283],[128.6332,35.64064],[128.63816,35.64493],[128.6483,35.64302],[128.65332,35.64338],[128.65794,35.64859],[128.66958,35.64977],[128.67964,35.65236],[128.68543,35.6575],[128.67889,35.65756],[128.67942,35.66243],[128.6853,35.67246],[128.68791,35.67313],[128.68702,35.68256],[128.69203,35.68444],[128.69679,35.69286],[128.70707,35.69717],[128.70755,35.70745],[128.70947,35.71376],[128.71529,35.7208]]]},"properties":{"key":"경상북도|청도군|이서면","code":"4782034000"}},{"type":"Feature","geometry":{"type":"Polygon","coordinates":[[[129.04731,35.65015],[129.04035,35.6582],[129.03972,35.66661],[129.0344,35.67623],[129.03606,35.67775],[129.03794,35.68748],[129.03245,35.69047],[129.01954,35.68822],[129.00388,35.69769],[129.00498,35.70485],[128.99669,35.71256],[128.99703,35.71739],[128.99129,35.71931],[128.98978,35.72347],[128.97796,35.73421],[128.97274,35.73695],[128.97417,35.74781],[128.96988,35.75277],[128.97459,35.76009],[128.97418,35.77011],[128.98757,35.77243],[128.98762,35.78547],[128.99298,35.79545],[128.99051,35.80045],[128.99724,35.80638],[129.00336,35.81636],[129.00434,35.82331],[129.00833,35.8319],[129.0138,35.83561],[129.01639,35.84061],[129.01413,35.8462],[129.00029,35.84217],[128.98929,35.83776],[128.98656,35.8344],[128.97774,35.83289],[128.97076,35.83544],[128.96594,35.83449],[128.9599,35.82334],[128.95444,35.81118],[128.95556,35.80282],[128.95089,35.79822],[128.94966,35.79326],[128.94468,35.78678],[128.94635,35.7815],[128.94191,35.77714],[128.94043,35.77111],[128.9345,35.7613],[128.92614,35.75547],[128.92724,35.74916],[128.91734,35.74483],[128.91363,35.74138],[128.91161,35.73177],[128.90604,35.72158],[128.90685,35.7153],[128.91005,35.71433],[128.91749,35.70764],[128.92629,35.70669],[128.93669,35.70938],[128.93583,35.70253],[128.93815,35.69544],[128.93919,35.68523],[128.93703,35.68133],[128.93771,35.67593],[128.94436,35.6712],[128.94975,35.6642],[128.94968,35.65708],[128.94031,35.63856],[128.94095,35.63307],[128.94907,35.62868],[128.95527,35.62211],[128.96029,35.61928],[128.96002,35.61527],[128.97209,35.61384],[128.98176,35.60757],[128.98565,35.60786],[128.99966,35.61661],[129.00335,35.62014],[129.00773,35.62681],[129.01757,35.63091],[129.02098,35.63556],[129.02714,35.63635],[129.03497,35.632],[129.04392,35.64145],[129.04731,35.65015]]]},"properties":{"key":"경상북도|청도군|운문면","code":"4782035000"}},{"type":"Feature","geometry":{"type":"Polygon","coordinates":[[[128.92614,35.75547],[128.9141,35.75806],[128.90347,35.74686],[128.89865,35.76165],[128.89476,35.7638],[128.89159,35.75482],[128.8865,35.75124],[128.87619,35.74803],[128.86655,35.75803],[128.86039,35.75523],[128.85671,35.75732],[128.85456,35.75388],[128.85835,35.74743],[128.85501,35.74376],[128.84898,35.7412],[128.83702,35.7452],[128.82709,35.73841],[128.82746,35.73554],[128.83481,35.72906],[128.83718,35.72204],[128.84325,35.71609],[128.84888,35.71348],[128.85514,35.71749],[128.86404,35.71659],[128.86983,35.70152],[128.86992,35.69493],[128.87951,35.68574],[128.88072,35.67366],[128.88388,35.67185],[128.88857,35.66284],[128.88937,35.65757],[128.90118,35.65182],[128.90651,35.65309],[128.91494,35.64541],[128.9231,35.64685],[128.92308,35.63785],[128.93098,35.63432],[128.94095,35.63307],[128.94031,35.63856],[128.94968,35.65708],[128.94975,35.6642],[128.94436,35.6712],[128.93771,35.67593],[128.93703,35.68133],[128.93919,35.68523],[128.93815,35.69544],[128.93583,35.70253],[128.93669,35.70938],[128.92629,35.70669],[128.91749,35.70764],[128.91005,35.71433],[128.90685,35.7153],[128.90604,35.72158],[128.91161,35.73177],[128.91363,35.74138],[128.91734,35.74483],[128.92724,35.74916],[128.92614,35.75547]]]},"properties":{"key":"경상북도|청도군|금천면","code":"4782036000"}},{"type":"Feature","geometry":{"type":"Polygon","coordinates":[[[128.82709,35.73841],[128.81547,35.74316],[128.8104,35.74006],[128.80091,35.74498],[128.79877,35.74312],[128.7893,35.74235],[128.78428,35.73484],[128.78435,35.7315],[128.77465,35.72943],[128.77404,35.72132],[128.76439,35.71614],[128.76282,35.70853],[128.76616,35.70678],[128.76559,35.70041],[128.78479,35.69571],[128.78816,35.69086],[128.79075,35.6808],[128.80412,35.67799],[128.80739,35.66707],[128.80713,35.66168],[128.80104,35.66057],[128.7974,35.65548],[128.79671,35.6489],[128.79062,35.64957],[128.78128,35.64596],[128.78267,35.6431],[128.77987,35.63553],[128.78046,35.62502],[128.79146,35.60767],[128.78555,35.60524],[128.7864,35.5965],[128.79256,35.59405],[128.80047,35.5854],[128.80216,35.58845],[128.81099,35.58934],[128.82135,35.59359],[128.82357,35.59632],[128.83347,35.59739],[128.84301,35.58908],[128.85345,35.59639],[128.85911,35.60667],[128.86557,35.61079],[128.86765,35.61596],[128.87236,35.62108],[128.87472,35.6349],[128.88257,35.63472],[128.88555,35.62984],[128.89175,35.63026],[128.90741,35.63508],[128.91176,35.63791],[128.91494,35.64541],[128.90651,35.65309],[128.90118,35.65182],[128.88937,35.65757],[128.88857,35.66284],[128.88388,35.67185],[128.88072,35.67366],[128.87951,35.68574],[128.86992,35.69493],[128.86983,35.70152],[128.86404,35.71659],[128.85514,35.71749],[128.84888,35.71348],[128.84325,35.71609],[128.83718,35.72204],[128.83481,35.72906],[128.82746,35.73554],[128.82709,35.73841]]]},"properties":{"key":"경상북도|청도군|매전면","code":"4782037000"}},{"type":"Feature","geometry":{"type":"Polygon","coordinates":[[[128.26942,35.75912],[128.26025,35.75827],[128.25533,35.75206],[128.25108,35.7566],[128.24114,35.75898],[128.23084,35.76406],[128.22935,35.76761],[128.22074,35.76722],[128.20525,35.76289],[128.1991,35.75947],[128.19872,35.75505],[128.18926,35.75234],[128.19433,35.73821],[128.19789,35.73667],[128.20374,35.73767],[128.20919,35.73622],[128.21903,35.73602],[128.22467,35.73839],[128.22768,35.73618],[128.23166,35.72363],[128.23708,35.71919],[128.24611,35.71817],[128.25101,35.71275],[128.25693,35.71204],[128.25739,35.70319],[128.2659,35.70133],[128.2711,35.69302],[128.27561,35.68905],[128.28148,35.68674],[128.29122,35.67635],[128.30154,35.67891],[128.30509,35.69169],[128.30337,35.69856],[128.31509,35.70462],[128.30142,35.70601],[128.29613,35.70898],[128.29305,35.71622],[128.2903,35.71851],[128.29136,35.73304],[128.29045,35.73851],[128.28595,35.74411],[128.28755,35.74976],[128.28634,35.7543],[128.28201,35.75791],[128.27192,35.75691],[128.26942,35.75912]]]},"properties":{"key":"경상북도|고령군|대가야읍","code":"4783025300"}},{"type":"Feature","geometry":{"type":"Polygon","coordinates":[[[128.25319,35.78042],[128.23973,35.78217],[128.2329,35.7877],[128.2249,35.78801],[128.21829,35.79195],[128.21456,35.79948],[128.21681,35.80249],[128.21295,35.80741],[128.21374,35.81022],[128.20861,35.81546],[128.19991,35.81544],[128.18842,35.81983],[128.17712,35.81868],[128.16881,35.81528],[128.1601,35.80845],[128.1657,35.80101],[128.17106,35.79825],[128.17347,35.79309],[128.17912,35.7883],[128.17555,35.78651],[128.16406,35.77703],[128.16142,35.76974],[128.165,35.76349],[128.18926,35.75234],[128.19872,35.75505],[128.1991,35.75947],[128.20525,35.76289],[128.22074,35.76722],[128.22935,35.76761],[128.23084,35.76406],[128.24114,35.75898],[128.25108,35.7566],[128.25533,35.75206],[128.26025,35.75827],[128.26942,35.75912],[128.25887,35.76544],[128.26036,35.77287],[128.25929,35.77675],[128.25319,35.78042]]]},"properties":{"key":"경상북도|고령군|덕곡면","code":"4783031000"}},{"type":"Feature","geometry":{"type":"Polygon","coordinates":[[[128.33792,35.79689],[128.33618,35.79988],[128.32681,35.80747],[128.32096,35.81022],[128.31924,35.81384],[128.30639,35.81226],[128.30028,35.81544],[128.29251,35.82366],[128.28034,35.82717],[128.27545,35.82571],[128.27376,35.82205],[128.27487,35.80901],[128.27292,35.80568],[128.27583,35.79138],[128.27264,35.79001],[128.26472,35.79478],[128.25985,35.79454],[128.25167,35.78809],[128.25319,35.78042],[128.25929,35.77675],[128.26036,35.77287],[128.25887,35.76544],[128.26942,35.75912],[128.27192,35.75691],[128.28201,35.75791],[128.28634,35.7543],[128.28755,35.74976],[128.28595,35.74411],[128.29045,35.73851],[128.29805,35.74047],[128.29963,35.74555],[128.30612,35.75312],[128.31446,35.75364],[128.32274,35.74974],[128.33215,35.75229],[128.33589,35.75965],[128.33288,35.76836],[128.33571,35.77166],[128.33046,35.77776],[128.3296,35.78309],[128.33283,35.79123],[128.33792,35.79689]]]},"properties":{"key":"경상북도|고령군|운수면","code":"4783032000"}},{"type":"Feature","geometry":{"type":"Polygon","coordinates":[[[128.36757,35.79252],[128.36437,35.79232],[128.3505,35.79912],[128.34354,35.79614],[128.33792,35.79689],[128.33283,35.79123],[128.3296,35.78309],[128.33046,35.77776],[128.33571,35.77166],[128.33288,35.76836],[128.33589,35.75965],[128.33215,35.75229],[128.32274,35.74974],[128.31446,35.75364],[128.30612,35.75312],[128.29963,35.74555],[128.29805,35.74047],[128.29045,35.73851],[128.29136,35.73304],[128.30005,35.73126],[128.30303,35.73413],[128.31787,35.72778],[128.3299,35.72888],[128.33667,35.72525],[128.34182,35.7254],[128.34351,35.73055],[128.35522,35.73287],[128.35922,35.72988],[128.36806,35.73048],[128.37203,35.73442],[128.37787,35.72937],[128.38756,35.72639],[128.39199,35.72245],[128.39724,35.72183],[128.40184,35.71826],[128.40753,35.72072],[128.4082,35.73005],[128.41229,35.73064],[128.41656,35.73663],[128.4062,35.73895],[128.39264,35.74553],[128.38603,35.75503],[128.38644,35.76335],[128.39403,35.77148],[128.40229,35.78437],[128.39799,35.78684],[128.39125,35.78355],[128.38661,35.78427],[128.38074,35.78109],[128.36757,35.79252]]]},"properties":{"key":"경상북도|고령군|성산면","code":"4783033000"}},{"type":"Feature","geometry":{"type":"Polygon","coordinates":[[[128.42132,35.85139],[128.39819,35.84944],[128.39009,35.85037],[128.38973,35.84298],[128.39169,35.83837],[128.38262,35.83814],[128.37651,35.83608],[128.38074,35.82221],[128.37085,35.81318],[128.3694,35.81035],[128.36893,35.79346],[128.36757,35.79252],[128.38074,35.78109],[128.38661,35.78427],[128.39125,35.78355],[128.39799,35.78684],[128.40229,35.78437],[128.40742,35.79653],[128.41094,35.80028],[128.42028,35.80936],[128.43987,35.80848],[128.4527,35.80936],[128.46913,35.80844],[128.47226,35.80953],[128.47818,35.81376],[128.48043,35.81775],[128.48074,35.82224],[128.47719,35.82751],[128.47064,35.833],[128.46012,35.84126],[128.45631,35.843],[128.42132,35.85139]]]},"properties":{"key":"경상북도|고령군|다산면","code":"4783034000"}},{"type":"Feature","geometry":{"type":"Polygon","coordinates":[[[128.4341,35.71881],[128.4325,35.72538],[128.42875,35.72925],[128.41656,35.73663],[128.41229,35.73064],[128.4082,35.73005],[128.40753,35.72072],[128.40184,35.71826],[128.39724,35.72183],[128.39199,35.72245],[128.38756,35.72639],[128.37787,35.72937],[128.37203,35.73442],[128.36806,35.73048],[128.35922,35.72988],[128.35522,35.73287],[128.34351,35.73055],[128.34182,35.7254],[128.33667,35.72525],[128.3299,35.72888],[128.31787,35.72778],[128.30303,35.73413],[128.30005,35.73126],[128.29136,35.73304],[128.2903,35.71851],[128.29305,35.71622],[128.29613,35.70898],[128.30142,35.70601],[128.31509,35.70462],[128.3214,35.70382],[128.33082,35.70619],[128.33797,35.70026],[128.34314,35.69223],[128.34985,35.67661],[128.35877,35.67691],[128.35407,35.68378],[128.35069,35.69416],[128.35104,35.70288],[128.35965,35.7075],[128.37517,35.70249],[128.3878,35.70107],[128.39492,35.69792],[128.40993,35.69417],[128.41784,35.69312],[128.42241,35.695],[128.43317,35.70302],[128.43482,35.70666],[128.4341,35.71881]]]},"properties":{"key":"경상북도|고령군|개진면","code":"4783035000"}},{"type":"Feature","geometry":{"type":"Polygon","coordinates":[[[128.35877,35.67691],[128.34985,35.67661],[128.34314,35.69223],[128.33797,35.70026],[128.33082,35.70619],[128.3214,35.70382],[128.31509,35.70462],[128.30337,35.69856],[128.30509,35.69169],[128.30154,35.67891],[128.29122,35.67635],[128.29234,35.66941],[128.29836,35.66375],[128.29726,35.65619],[128.30605,35.65514],[128.31822,35.65092],[128.32371,35.64602],[128.32926,35.64816],[128.34095,35.64415],[128.34917,35.64645],[128.35492,35.64247],[128.36305,35.62858],[128.36382,35.62139],[128.36235,35.61189],[128.37077,35.61116],[128.38102,35.61099],[128.3861,35.61241],[128.39635,35.62803],[128.40168,35.63207],[128.40294,35.64192],[128.39631,35.64811],[128.38161,35.65529],[128.36348,35.67104],[128.35877,35.67691]]]},"properties":{"key":"경상북도|고령군|우곡면","code":"4783036000"}},{"type":"Feature","geometry":{"type":"Polygon","coordinates":[[[128.29122,35.67635],[128.28148,35.68674],[128.27561,35.68905],[128.2711,35.69302],[128.2659,35.70133],[128.25739,35.70319],[128.25693,35.71204],[128.25101,35.71275],[128.24611,35.71817],[128.23708,35.71919],[128.23166,35.72363],[128.22768,35.73618],[128.22467,35.73839],[128.21903,35.73602],[128.20919,35.73622],[128.20374,35.73767],[128.19789,35.73667],[128.19665,35.73046],[128.20157,35.72281],[128.20082,35.71782],[128.20301,35.71206],[128.20105,35.70615],[128.20446,35.69736],[128.20204,35.69135],[128.20415,35.68865],[128.20157,35.68411],[128.1944,35.68436],[128.1842,35.6783],[128.1793,35.67302],[128.16677,35.67391],[128.16262,35.67182],[128.16002,35.66713],[128.16137,35.66102],[128.15777,35.65795],[128.16373,35.65349],[128.18406,35.65847],[128.19136,35.65517],[128.19886,35.64916],[128.2011,35.64376],[128.21027,35.64438],[128.2115,35.64154],[128.22967,35.63945],[128.23572,35.64073],[128.23749,35.64425],[128.2359,35.65136],[128.24392,35.65552],[128.24893,35.6511],[128.25825,35.64759],[128.2611,35.64269],[128.26713,35.64531],[128.27669,35.64673],[128.2784,35.65175],[128.28859,35.65239],[128.2962,35.65053],[128.29726,35.65619],[128.29836,35.66375],[128.29234,35.66941],[128.29122,35.67635]]]},"properties":{"key":"경상북도|고령군|쌍림면","code":"4783037000"}},{"type":"Feature","geometry":{"type":"Polygon","coordinates":[[[128.31333,35.92802],[128.31099,35.93125],[128.30766,35.9413],[128.30237,35.95254],[128.29767,35.95533],[128.28453,35.95599],[128.27504,35.95299],[128.26752,35.94227],[128.25959,35.94342],[128.25707,35.94025],[128.25212,35.94441],[128.24535,35.9371],[128.24376,35.93054],[128.2624,35.92799],[128.25296,35.91827],[128.25189,35.91547],[128.25674,35.91067],[128.2498,35.90774],[128.24613,35.8968],[128.24246,35.89233],[128.24553,35.88903],[128.2429,35.88338],[128.25091,35.88686],[128.26064,35.88403],[128.26923,35.88699],[128.2885,35.88964],[128.29412,35.89238],[128.29795,35.89016],[128.30815,35.89341],[128.31322,35.89631],[128.31106,35.90174],[128.31343,35.90586],[128.31002,35.9127],[128.31,35.92131],[128.31333,35.92802]]]},"properties":{"key":"경상북도|성주군|성주읍","code":"4784025000"}},{"type":"Feature","geometry":{"type":"Polygon","coordinates":[[[128.39771,35.93908],[128.38296,35.93988],[128.37959,35.93904],[128.37373,35.9423],[128.36952,35.94232],[128.36417,35.94738],[128.36465,35.9518],[128.35978,35.95621],[128.34779,35.95473],[128.34135,35.94962],[128.3355,35.94696],[128.33322,35.93883],[128.33414,35.92861],[128.33105,35.92199],[128.32572,35.91804],[128.32416,35.9244],[128.31646,35.92873],[128.31333,35.92802],[128.31,35.92131],[128.31002,35.9127],[128.31343,35.90586],[128.31106,35.90174],[128.31322,35.89631],[128.30815,35.89341],[128.29795,35.89016],[128.29412,35.89238],[128.2885,35.88964],[128.29058,35.88099],[128.29614,35.87727],[128.29325,35.87239],[128.29673,35.86391],[128.30199,35.86366],[128.30457,35.85976],[128.31184,35.85838],[128.32199,35.86058],[128.32256,35.86791],[128.32942,35.86657],[128.33535,35.86771],[128.33998,35.87568],[128.34514,35.87619],[128.35178,35.87986],[128.3635,35.878],[128.36778,35.87063],[128.37244,35.86877],[128.37504,35.86305],[128.37879,35.86094],[128.3872,35.84995],[128.39009,35.85037],[128.38662,35.85852],[128.38548,35.86524],[128.38727,35.87147],[128.39371,35.88304],[128.40395,35.91005],[128.40381,35.91921],[128.40009,35.9289],[128.39771,35.93908]]]},"properties":{"key":"경상북도|성주군|선남면","code":"4784031000"}},{"type":"Feature","geometry":{"type":"Polygon","coordinates":[[[128.2885,35.88964],[128.26923,35.88699],[128.26064,35.88403],[128.25091,35.88686],[128.2429,35.88338],[128.23749,35.88089],[128.23383,35.88189],[128.23171,35.86807],[128.23593,35.8679],[128.24224,35.86171],[128.24177,35.85477],[128.24548,35.84968],[128.2437,35.84307],[128.24492,35.83794],[128.25607,35.83253],[128.2633,35.83382],[128.27473,35.8295],[128.27545,35.82571],[128.28034,35.82717],[128.29251,35.82366],[128.30028,35.81544],[128.30639,35.81226],[128.31924,35.81384],[128.32096,35.81022],[128.32681,35.80747],[128.33618,35.79988],[128.33792,35.79689],[128.34354,35.79614],[128.3505,35.79912],[128.36437,35.79232],[128.36757,35.79252],[128.36893,35.79346],[128.3694,35.81035],[128.37085,35.81318],[128.38074,35.82221],[128.37651,35.83608],[128.38262,35.83814],[128.39169,35.83837],[128.38973,35.84298],[128.39009,35.85037],[128.3872,35.84995],[128.37879,35.86094],[128.37504,35.86305],[128.37244,35.86877],[128.36778,35.87063],[128.3635,35.878],[128.35178,35.87986],[128.34514,35.87619],[128.33998,35.87568],[128.33535,35.86771],[128.32942,35.86657],[128.32256,35.86791],[128.32199,35.86058],[128.31184,35.85838],[128.30457,35.85976],[128.30199,35.86366],[128.29673,35.86391],[128.29325,35.87239],[128.29614,35.87727],[128.29058,35.88099],[128.2885,35.88964]]]},"properties":{"key":"경상북도|성주군|용암면","code":"4784032000"}},{"type":"Feature","geometry":{"type":"Polygon","coordinates":[[[128.23383,35.88189],[128.21621,35.88858],[128.20913,35.88504],[128.20267,35.88421],[128.19457,35.87724],[128.19185,35.8709],[128.1852,35.875],[128.17958,35.87426],[128.17464,35.8635],[128.1767,35.85301],[128.16764,35.8532],[128.16174,35.84965],[128.16124,35.84473],[128.14987,35.83853],[128.14292,35.83002],[128.13968,35.82268],[128.13298,35.8242],[128.12527,35.82276],[128.12187,35.81103],[128.12169,35.80357],[128.1285,35.79431],[128.12881,35.78937],[128.13975,35.78405],[128.15477,35.78649],[128.15983,35.77957],[128.16406,35.77703],[128.17555,35.78651],[128.17912,35.7883],[128.17347,35.79309],[128.17106,35.79825],[128.1657,35.80101],[128.1601,35.80845],[128.16881,35.81528],[128.17712,35.81868],[128.18842,35.81983],[128.19991,35.81544],[128.20861,35.81546],[128.21374,35.81022],[128.21295,35.80741],[128.21681,35.80249],[128.21456,35.79948],[128.21829,35.79195],[128.2249,35.78801],[128.2329,35.7877],[128.23973,35.78217],[128.25319,35.78042],[128.25167,35.78809],[128.25985,35.79454],[128.26472,35.79478],[128.27264,35.79001],[128.27583,35.79138],[128.27292,35.80568],[128.27487,35.80901],[128.27376,35.82205],[128.27545,35.82571],[128.27473,35.8295],[128.2633,35.83382],[128.25607,35.83253],[128.24492,35.83794],[128.2437,35.84307],[128.24548,35.84968],[128.24177,35.85477],[128.24224,35.86171],[128.23593,35.8679],[128.23171,35.86807],[128.23383,35.88189]]]},"properties":{"key":"경상북도|성주군|수륜면","code":"4784033000"}},{"type":"Feature","geometry":{"type":"Polygon","coordinates":[[[128.16731,35.903],[128.1627,35.91223],[128.15542,35.91578],[128.14378,35.90625],[128.13693,35.89914],[128.13159,35.89928],[128.12603,35.90271],[128.11739,35.90478],[128.10417,35.90259],[128.10166,35.89629],[128.09262,35.88754],[128.09188,35.88107],[128.0873,35.8726],[128.07709,35.86117],[128.07603,35.85452],[128.07294,35.85013],[128.07844,35.84311],[128.07871,35.83893],[128.08484,35.83658],[128.09068,35.83081],[128.09574,35.83257],[128.10345,35.82895],[128.10871,35.8239],[128.11718,35.82582],[128.12527,35.82276],[128.13298,35.8242],[128.13968,35.82268],[128.14292,35.83002],[128.14987,35.83853],[128.16124,35.84473],[128.16174,35.84965],[128.16764,35.8532],[128.1767,35.85301],[128.17464,35.8635],[128.17958,35.87426],[128.17293,35.88142],[128.17579,35.88691],[128.1756,35.89337],[128.1715,35.89517],[128.16731,35.903]]]},"properties":{"key":"경상북도|성주군|가천면","code":"4784034000"}},{"type":"Feature","geometry":{"type":"Polygon","coordinates":[[[128.20764,35.92903],[128.19605,35.9305],[128.19094,35.92948],[128.18592,35.93133],[128.1866,35.93537],[128.1825,35.94483],[128.16873,35.94432],[128.16566,35.95299],[128.15082,35.96641],[128.13188,35.95904],[128.1232,35.96227],[128.1191,35.95961],[128.11169,35.96422],[128.10903,35.96294],[128.10399,35.95753],[128.09628,35.95479],[128.09082,35.95001],[128.08852,35.94569],[128.09103,35.93719],[128.09129,35.93094],[128.08809,35.92236],[128.08403,35.92188],[128.07911,35.92656],[128.07338,35.92847],[128.07138,35.93623],[128.06641,35.93693],[128.05666,35.94172],[128.05157,35.93818],[128.04675,35.93223],[128.04938,35.91864],[128.05397,35.91567],[128.05544,35.91083],[128.0604,35.90741],[128.05678,35.90377],[128.06389,35.89914],[128.06767,35.88698],[128.0709,35.88063],[128.0811,35.87294],[128.0873,35.8726],[128.09188,35.88107],[128.09262,35.88754],[128.10166,35.89629],[128.10417,35.90259],[128.11739,35.90478],[128.12603,35.90271],[128.13159,35.89928],[128.13693,35.89914],[128.14378,35.90625],[128.15542,35.91578],[128.1627,35.91223],[128.16731,35.903],[128.17857,35.90341],[128.1803,35.90836],[128.19022,35.90747],[128.19339,35.9038],[128.20146,35.90346],[128.20962,35.91234],[128.21283,35.91956],[128.20764,35.92903]]]},"properties":{"key":"경상북도|성주군|금수강산면","code":"4784035500"}},{"type":"Feature","geometry":{"type":"Polygon","coordinates":[[[128.24376,35.93054],[128.238,35.9277],[128.23121,35.91636],[128.22566,35.92213],[128.22677,35.92614],[128.22021,35.93453],[128.21387,35.93482],[128.20764,35.92903],[128.21283,35.91956],[128.20962,35.91234],[128.20146,35.90346],[128.19339,35.9038],[128.19022,35.90747],[128.1803,35.90836],[128.17857,35.90341],[128.16731,35.903],[128.1715,35.89517],[128.1756,35.89337],[128.17579,35.88691],[128.17293,35.88142],[128.17958,35.87426],[128.1852,35.875],[128.19185,35.8709],[128.19457,35.87724],[128.20267,35.88421],[128.20913,35.88504],[128.21621,35.88858],[128.23383,35.88189],[128.23749,35.88089],[128.2429,35.88338],[128.24553,35.88903],[128.24246,35.89233],[128.24613,35.8968],[128.2498,35.90774],[128.25674,35.91067],[128.25189,35.91547],[128.25296,35.91827],[128.2624,35.92799],[128.24376,35.93054]]]},"properties":{"key":"경상북도|성주군|대가면","code":"4784036000"}},{"type":"Feature","geometry":{"type":"Polygon","coordinates":[[[128.19419,36.03195],[128.18263,36.03292],[128.17851,36.03138],[128.16952,36.03563],[128.16463,36.03258],[128.16741,36.02967],[128.16916,36.01843],[128.17307,36.01406],[128.16879,36.01092],[128.16565,36.00139],[128.16979,35.9969],[128.16754,35.98928],[128.15774,35.98732],[128.15582,35.97892],[128.15171,35.97683],[128.15082,35.96641],[128.16566,35.95299],[128.16873,35.94432],[128.1825,35.94483],[128.1866,35.93537],[128.18592,35.93133],[128.19094,35.92948],[128.19605,35.9305],[128.20764,35.92903],[128.21387,35.93482],[128.22021,35.93453],[128.22677,35.92614],[128.22566,35.92213],[128.23121,35.91636],[128.238,35.9277],[128.24376,35.93054],[128.24535,35.9371],[128.25212,35.94441],[128.2492,35.95159],[128.24077,35.95274],[128.23806,35.96055],[128.23355,35.9631],[128.22789,35.97291],[128.22896,35.98298],[128.22073,35.98855],[128.21737,35.99797],[128.21118,35.99948],[128.21727,36.01617],[128.20745,36.02253],[128.20166,36.02119],[128.19612,36.02378],[128.19419,36.03195]]]},"properties":{"key":"경상북도|성주군|벽진면","code":"4784037000"}},{"type":"Feature","geometry":{"type":"Polygon","coordinates":[[[128.28911,36.04299],[128.28414,36.04661],[128.26934,36.04873],[128.26062,36.04854],[128.25685,36.05135],[128.25108,36.04917],[128.24226,36.04817],[128.23082,36.05412],[128.224,36.05557],[128.22213,36.05224],[128.20884,36.04492],[128.20178,36.04554],[128.19712,36.04388],[128.19601,36.03349],[128.19419,36.03195],[128.19612,36.02378],[128.20166,36.02119],[128.20745,36.02253],[128.21727,36.01617],[128.21118,35.99948],[128.21737,35.99797],[128.22073,35.98855],[128.22896,35.98298],[128.22789,35.97291],[128.23355,35.9631],[128.23806,35.96055],[128.24077,35.95274],[128.2492,35.95159],[128.25212,35.94441],[128.25707,35.94025],[128.25959,35.94342],[128.26752,35.94227],[128.27504,35.95299],[128.28453,35.95599],[128.28445,35.95989],[128.27647,35.96341],[128.27337,35.96645],[128.26602,35.9693],[128.26573,35.98067],[128.27194,35.98376],[128.27535,35.9818],[128.27918,35.99097],[128.28462,35.99325],[128.28275,35.99793],[128.28159,36.0077],[128.28514,36.01584],[128.28493,36.02011],[128.29174,36.02476],[128.29645,36.03049],[128.29025,36.03917],[128.28911,36.04299]]]},"properties":{"key":"경상북도|성주군|초전면","code":"4784038000"}},{"type":"Feature","geometry":{"type":"Polygon","coordinates":[[[128.29645,36.03049],[128.29174,36.02476],[128.28493,36.02011],[128.28514,36.01584],[128.28159,36.0077],[128.28275,35.99793],[128.28462,35.99325],[128.27918,35.99097],[128.27535,35.9818],[128.27194,35.98376],[128.26573,35.98067],[128.26602,35.9693],[128.27337,35.96645],[128.27647,35.96341],[128.28445,35.95989],[128.28453,35.95599],[128.29767,35.95533],[128.30237,35.95254],[128.30766,35.9413],[128.31099,35.93125],[128.31333,35.92802],[128.31646,35.92873],[128.32416,35.9244],[128.32572,35.91804],[128.33105,35.92199],[128.33414,35.92861],[128.33322,35.93883],[128.3355,35.94696],[128.34135,35.94962],[128.34779,35.95473],[128.34053,35.9637],[128.34268,35.96762],[128.33928,35.96995],[128.33912,35.97578],[128.3299,35.97774],[128.31933,35.98264],[128.31446,35.98927],[128.31132,36.00628],[128.31195,36.01408],[128.31766,36.01859],[128.31194,36.02274],[128.31071,36.02815],[128.30464,36.03054],[128.29645,36.03049]]]},"properties":{"key":"경상북도|성주군|월항면","code":"4784039000"}},{"type":"Feature","geometry":{"type":"Polygon","coordinates":[[[128.46953,36.02615],[128.46026,36.02807],[128.45393,36.02733],[128.45478,36.02102],[128.44336,36.02087],[128.43339,36.0195],[128.43187,36.02183],[128.42142,36.02072],[128.41507,36.0171],[128.40686,36.00867],[128.40192,36.00756],[128.39604,36.00892],[128.39344,35.99537],[128.39056,35.97923],[128.39355,35.9604],[128.39771,35.93908],[128.40009,35.9289],[128.40381,35.91921],[128.40395,35.91005],[128.39371,35.88304],[128.39826,35.8843],[128.40334,35.8891],[128.41048,35.90674],[128.41771,35.91617],[128.4181,35.92125],[128.42347,35.92275],[128.42492,35.92791],[128.42682,35.93131],[128.42237,35.93522],[128.42423,35.94105],[128.43287,35.95226],[128.42967,35.95556],[128.42841,35.96096],[128.43528,35.96544],[128.43859,35.97062],[128.43794,35.97545],[128.44329,35.97989],[128.44918,35.97913],[128.45917,35.98007],[128.46735,35.98431],[128.46576,35.99252],[128.46614,35.99895],[128.46965,36.00063],[128.47208,36.0069],[128.47203,36.01647],[128.47431,36.0195],[128.46953,36.02615]]]},"properties":{"key":"경상북도|칠곡군|왜관읍","code":"4785025000"}},{"type":"Feature","geometry":{"type":"Polygon","coordinates":[[[128.33056,36.09145],[128.32136,36.0918],[128.30603,36.086],[128.29771,36.08759],[128.29323,36.09103],[128.28495,36.08109],[128.28988,36.07631],[128.30084,36.06257],[128.29862,36.05158],[128.29306,36.05013],[128.28911,36.04299],[128.29025,36.03917],[128.29645,36.03049],[128.30464,36.03054],[128.31071,36.02815],[128.31489,36.0302],[128.32735,36.03169],[128.33363,36.03574],[128.33647,36.04244],[128.34165,36.04526],[128.34487,36.04962],[128.35446,36.05374],[128.3585,36.05691],[128.37328,36.04723],[128.38254,36.04557],[128.3921,36.04795],[128.40082,36.04643],[128.40555,36.04913],[128.3885,36.06487],[128.39,36.06951],[128.38498,36.07024],[128.37858,36.06545],[128.3711,36.06608],[128.36146,36.06071],[128.34703,36.07175],[128.34528,36.07695],[128.34095,36.08167],[128.33608,36.08225],[128.33056,36.09145]]]},"properties":{"key":"경상북도|칠곡군|북삼읍","code":"4785025300"}},{"type":"Feature","geometry":{"type":"Polygon","coordinates":[[[128.42348,36.08692],[128.41567,36.08259],[128.40853,36.08328],[128.40374,36.09194],[128.39816,36.09222],[128.39845,36.0904],[128.38259,36.074],[128.38498,36.07024],[128.39,36.06951],[128.3885,36.06487],[128.40555,36.04913],[128.40082,36.04643],[128.40643,36.03574],[128.40625,36.03189],[128.39956,36.02179],[128.3966,36.01484],[128.39604,36.00892],[128.40192,36.00756],[128.40686,36.00867],[128.41507,36.0171],[128.42142,36.02072],[128.43187,36.02183],[128.43339,36.0195],[128.44336,36.02087],[128.45478,36.02102],[128.45393,36.02733],[128.46026,36.02807],[128.46953,36.02615],[128.4749,36.03158],[128.4749,36.03487],[128.48243,36.03843],[128.48994,36.0442],[128.48569,36.05055],[128.48249,36.0601],[128.48382,36.06982],[128.46881,36.07271],[128.46273,36.06967],[128.45349,36.07242],[128.44348,36.07877],[128.4293,36.08032],[128.42348,36.08692]]]},"properties":{"key":"경상북도|칠곡군|석적읍","code":"4785025600"}},{"type":"Feature","geometry":{"type":"Polygon","coordinates":[[[128.50825,36.02657],[128.50521,36.02482],[128.49806,36.03317],[128.50231,36.0369],[128.50451,36.04667],[128.49409,36.04595],[128.48994,36.0442],[128.48243,36.03843],[128.4749,36.03487],[128.4749,36.03158],[128.46953,36.02615],[128.47431,36.0195],[128.47203,36.01647],[128.47208,36.0069],[128.46965,36.00063],[128.46614,35.99895],[128.46576,35.99252],[128.46735,35.98431],[128.45917,35.98007],[128.44918,35.97913],[128.44329,35.97989],[128.43794,35.97545],[128.43859,35.97062],[128.43528,35.96544],[128.42841,35.96096],[128.42967,35.95556],[128.43287,35.95226],[128.42423,35.94105],[128.42237,35.93522],[128.42682,35.93131],[128.42492,35.92791],[128.43145,35.93097],[128.43702,35.93161],[128.44117,35.93482],[128.45276,35.93631],[128.45377,35.94313],[128.46255,35.9378],[128.46875,35.93845],[128.47568,35.936],[128.47656,35.93192],[128.47322,35.92285],[128.47398,35.91714],[128.46686,35.90716],[128.46795,35.89982],[128.47539,35.89522],[128.47821,35.89776],[128.4842,35.89476],[128.48787,35.89796],[128.49264,35.89627],[128.4946,35.8913],[128.49975,35.88848],[128.50415,35.89059],[128.50517,35.903],[128.51128,35.91065],[128.51789,35.91324],[128.5233,35.91775],[128.52586,35.92235],[128.52966,35.92358],[128.52952,35.92841],[128.5338,35.93466],[128.53506,35.93875],[128.53268,35.95215],[128.53463,35.95844],[128.53045,35.96249],[128.52701,35.97583],[128.52879,35.98045],[128.52389,35.98787],[128.52047,35.98815],[128.51562,35.99903],[128.50459,36.00817],[128.50459,36.0176],[128.50825,36.02657]]]},"properties":{"key":"경상북도|칠곡군|지천면","code":"4785031000"}},{"type":"Feature","geometry":{"type":"Polygon","coordinates":[[[128.62129,36.02582],[128.60154,36.02617],[128.59353,36.03204],[128.57878,36.03594],[128.57042,36.04496],[128.56536,36.04638],[128.54995,36.04414],[128.54159,36.04776],[128.52803,36.0483],[128.52749,36.0428],[128.52174,36.0319],[128.50825,36.02657],[128.50459,36.0176],[128.50459,36.00817],[128.51562,35.99903],[128.52047,35.98815],[128.52389,35.98787],[128.52879,35.98045],[128.53688,35.97799],[128.54235,35.97475],[128.54615,35.96599],[128.55285,35.96074],[128.55603,35.96571],[128.55624,35.97059],[128.56417,35.97287],[128.57196,35.97771],[128.58318,35.97735],[128.59092,35.97911],[128.59364,35.98276],[128.60302,35.98616],[128.60384,35.98853],[128.61724,36.00511],[128.62466,36.0077],[128.63883,36.00922],[128.64061,36.01055],[128.63715,36.01715],[128.62575,36.022],[128.62129,36.02582]]]},"properties":{"key":"경상북도|칠곡군|동명면","code":"4785032000"}},{"type":"Feature","geometry":{"type":"Polygon","coordinates":[[[128.5631,36.11168],[128.55979,36.10919],[128.55217,36.11023],[128.54807,36.10891],[128.54305,36.1122],[128.5396,36.11014],[128.53478,36.1124],[128.52638,36.1115],[128.5197,36.11473],[128.5083,36.11066],[128.49674,36.11583],[128.49441,36.12421],[128.49114,36.12168],[128.48915,36.11531],[128.4827,36.11026],[128.47882,36.10498],[128.47951,36.10147],[128.4754,36.09867],[128.47689,36.09277],[128.47464,36.08984],[128.46496,36.08327],[128.46336,36.07919],[128.46881,36.07271],[128.48382,36.06982],[128.48249,36.0601],[128.48569,36.05055],[128.48994,36.0442],[128.49409,36.04595],[128.50451,36.04667],[128.50231,36.0369],[128.49806,36.03317],[128.50521,36.02482],[128.50825,36.02657],[128.52174,36.0319],[128.52749,36.0428],[128.52803,36.0483],[128.54159,36.04776],[128.54995,36.04414],[128.56536,36.04638],[128.57042,36.04496],[128.57878,36.03594],[128.59353,36.03204],[128.60154,36.02617],[128.62129,36.02582],[128.62305,36.03708],[128.62636,36.04224],[128.62935,36.05124],[128.62778,36.06819],[128.63035,36.07736],[128.62411,36.08163],[128.62267,36.07951],[128.61437,36.07901],[128.60985,36.07615],[128.59785,36.07577],[128.59471,36.07309],[128.57995,36.06782],[128.57648,36.06381],[128.56918,36.06068],[128.56345,36.07261],[128.56874,36.08978],[128.56702,36.0968],[128.56353,36.10221],[128.56484,36.10986],[128.5631,36.11168]]]},"properties":{"key":"경상북도|칠곡군|가산면","code":"4785033000"}},{"type":"Feature","geometry":{"type":"Polygon","coordinates":[[[128.40082,36.04643],[128.3921,36.04795],[128.38254,36.04557],[128.37328,36.04723],[128.3585,36.05691],[128.35446,36.05374],[128.34487,36.04962],[128.34165,36.04526],[128.33647,36.04244],[128.33363,36.03574],[128.32735,36.03169],[128.31489,36.0302],[128.31071,36.02815],[128.31194,36.02274],[128.31766,36.01859],[128.32837,36.01877],[128.33252,36.01598],[128.34475,36.01519],[128.34817,36.01044],[128.35795,36.01293],[128.37079,36.00634],[128.37527,36.00534],[128.38006,36.00084],[128.38509,36],[128.39344,35.99537],[128.39604,36.00892],[128.3966,36.01484],[128.39956,36.02179],[128.40625,36.03189],[128.40643,36.03574],[128.40082,36.04643]]]},"properties":{"key":"경상북도|칠곡군|약목면","code":"4785036000"}},{"type":"Feature","geometry":{"type":"Polygon","coordinates":[[[128.39344,35.99537],[128.38509,36],[128.38006,36.00084],[128.37527,36.00534],[128.37079,36.00634],[128.35795,36.01293],[128.34817,36.01044],[128.34475,36.01519],[128.33252,36.01598],[128.32837,36.01877],[128.31766,36.01859],[128.31195,36.01408],[128.31132,36.00628],[128.31446,35.98927],[128.31933,35.98264],[128.3299,35.97774],[128.33912,35.97578],[128.33928,35.96995],[128.34268,35.96762],[128.34053,35.9637],[128.34779,35.95473],[128.35978,35.95621],[128.36465,35.9518],[128.36417,35.94738],[128.36952,35.94232],[128.37373,35.9423],[128.37959,35.93904],[128.38296,35.93988],[128.39771,35.93908],[128.39355,35.9604],[128.39056,35.97923],[128.39344,35.99537]]]},"properties":{"key":"경상북도|칠곡군|기산면","code":"4785037000"}},{"type":"Feature","geometry":{"type":"Polygon","coordinates":[[[128.49063,36.68935],[128.49212,36.69299],[128.48567,36.69385],[128.48023,36.7009],[128.47322,36.70069],[128.47138,36.69446],[128.45935,36.69089],[128.45312,36.68595],[128.44151,36.68742],[128.43853,36.69241],[128.43427,36.69239],[128.43199,36.68798],[128.42756,36.67157],[128.41249,36.66538],[128.41395,36.66094],[128.40427,36.65689],[128.40654,36.63671],[128.40914,36.63282],[128.41477,36.62999],[128.42433,36.6299],[128.4257,36.62665],[128.43024,36.62779],[128.44018,36.62649],[128.44635,36.62889],[128.45511,36.62827],[128.46439,36.62966],[128.46567,36.62312],[128.48647,36.62297],[128.48881,36.63283],[128.49105,36.63567],[128.49475,36.6514],[128.48315,36.65949],[128.48809,36.66988],[128.48456,36.67251],[128.48364,36.67757],[128.48614,36.68474],[128.49063,36.68935]]]},"properties":{"key":"경상북도|예천군|예천읍","code":"4790025000"}},{"type":"Feature","geometry":{"type":"Polygon","coordinates":[[[128.39666,36.74631],[128.388,36.74444],[128.38302,36.74749],[128.37559,36.74692],[128.36973,36.75073],[128.35962,36.74019],[128.33856,36.74082],[128.33306,36.73207],[128.33142,36.72045],[128.33727,36.70942],[128.33521,36.70365],[128.33105,36.69946],[128.33619,36.69362],[128.34709,36.69298],[128.35373,36.68903],[128.35539,36.68488],[128.36195,36.67891],[128.36926,36.67799],[128.38109,36.67245],[128.38553,36.66539],[128.39555,36.66384],[128.40529,36.66557],[128.41249,36.66538],[128.42756,36.67157],[128.43199,36.68798],[128.43427,36.69239],[128.43853,36.69241],[128.44151,36.68742],[128.45312,36.68595],[128.45935,36.69089],[128.47138,36.69446],[128.47322,36.70069],[128.47471,36.70632],[128.47325,36.71381],[128.47438,36.71937],[128.46902,36.72568],[128.46368,36.72658],[128.4624,36.72251],[128.45287,36.7126],[128.44484,36.70954],[128.44093,36.71546],[128.43477,36.71184],[128.42782,36.71029],[128.41796,36.71652],[128.41836,36.72461],[128.40801,36.73344],[128.40406,36.73997],[128.39666,36.74631]]]},"properties":{"key":"경상북도|예천군|용문면","code":"4790031000"}},{"type":"Feature","geometry":{"type":"Polygon","coordinates":[[[128.47429,36.78166],[128.47648,36.78655],[128.47414,36.79979],[128.47099,36.80345],[128.47427,36.81689],[128.47712,36.81821],[128.47826,36.82398],[128.48249,36.82986],[128.48126,36.83492],[128.4621,36.84683],[128.45932,36.84555],[128.44911,36.84891],[128.44677,36.84357],[128.44146,36.83773],[128.43432,36.83402],[128.43167,36.82413],[128.42571,36.81896],[128.42516,36.81512],[128.42065,36.81142],[128.41307,36.81114],[128.40028,36.81272],[128.39411,36.81538],[128.38182,36.81398],[128.37353,36.80759],[128.36659,36.80064],[128.36956,36.7947],[128.36745,36.79173],[128.36601,36.77829],[128.36422,36.77499],[128.36771,36.76755],[128.36278,36.76081],[128.36973,36.75073],[128.37559,36.74692],[128.38302,36.74749],[128.388,36.74444],[128.39666,36.74631],[128.40372,36.74636],[128.41021,36.74889],[128.41163,36.76022],[128.4347,36.77014],[128.45062,36.76556],[128.44965,36.77426],[128.45129,36.77878],[128.4595,36.78218],[128.47429,36.78166]]]},"properties":{"key":"경상북도|예천군|효자면","code":"4790042000"}},{"type":"Feature","geometry":{"type":"Polygon","coordinates":[[[128.47429,36.78166],[128.4595,36.78218],[128.45129,36.77878],[128.44965,36.77426],[128.45062,36.76556],[128.4347,36.77014],[128.41163,36.76022],[128.41021,36.74889],[128.40372,36.74636],[128.39666,36.74631],[128.40406,36.73997],[128.40801,36.73344],[128.41836,36.72461],[128.41796,36.71652],[128.42782,36.71029],[128.43477,36.71184],[128.44093,36.71546],[128.44484,36.70954],[128.45287,36.7126],[128.4624,36.72251],[128.46368,36.72658],[128.46771,36.73541],[128.47813,36.74791],[128.47295,36.75345],[128.4734,36.76111],[128.47586,36.76847],[128.47195,36.7723],[128.47484,36.77666],[128.47429,36.78166]]]},"properties":{"key":"경상북도|예천군|은풍면","code":"4790043000"}},{"type":"Feature","geometry":{"type":"Polygon","coordinates":[[[128.51528,36.76957],[128.50637,36.7638],[128.49912,36.76492],[128.49568,36.76959],[128.48225,36.77675],[128.47484,36.77666],[128.47195,36.7723],[128.47586,36.76847],[128.4734,36.76111],[128.47295,36.75345],[128.47813,36.74791],[128.46771,36.73541],[128.46368,36.72658],[128.46902,36.72568],[128.47438,36.71937],[128.47325,36.71381],[128.47471,36.70632],[128.47322,36.70069],[128.48023,36.7009],[128.48567,36.69385],[128.49212,36.69299],[128.49063,36.68935],[128.49863,36.69029],[128.50033,36.69301],[128.50888,36.69667],[128.5124,36.69293],[128.52091,36.69796],[128.52245,36.69485],[128.52037,36.68881],[128.52195,36.68536],[128.53011,36.68445],[128.53427,36.69136],[128.54576,36.69971],[128.55388,36.70103],[128.55119,36.70999],[128.54508,36.71696],[128.55154,36.72405],[128.56392,36.72819],[128.56938,36.72599],[128.57705,36.72993],[128.57852,36.73214],[128.56899,36.73868],[128.57068,36.74298],[128.56711,36.74728],[128.56601,36.75256],[128.56145,36.76012],[128.55577,36.76097],[128.55168,36.76537],[128.54191,36.76763],[128.53657,36.77336],[128.53014,36.77091],[128.51528,36.76957]]]},"properties":{"key":"경상북도|예천군|감천면","code":"4790034000"}},{"type":"Feature","geometry":{"type":"Polygon","coordinates":[[[128.57705,36.72993],[128.56938,36.72599],[128.56392,36.72819],[128.55154,36.72405],[128.54508,36.71696],[128.55119,36.70999],[128.55388,36.70103],[128.54576,36.69971],[128.53427,36.69136],[128.53011,36.68445],[128.52195,36.68536],[128.52037,36.68881],[128.52245,36.69485],[128.52091,36.69796],[128.5124,36.69293],[128.50888,36.69667],[128.50033,36.69301],[128.49863,36.69029],[128.49063,36.68935],[128.48614,36.68474],[128.48364,36.67757],[128.48456,36.67251],[128.48809,36.66988],[128.48315,36.65949],[128.49475,36.6514],[128.50281,36.65599],[128.50624,36.65146],[128.51337,36.65408],[128.51241,36.66018],[128.51674,36.66293],[128.52092,36.6528],[128.53737,36.64489],[128.54017,36.63697],[128.53973,36.63362],[128.54708,36.63241],[128.55222,36.63722],[128.55533,36.63538],[128.56501,36.64064],[128.56624,36.64602],[128.57696,36.64988],[128.58189,36.64701],[128.58667,36.65034],[128.59641,36.65253],[128.60455,36.65247],[128.6057,36.66253],[128.60324,36.66895],[128.60502,36.67231],[128.6019,36.67896],[128.60976,36.6858],[128.60916,36.69246],[128.60482,36.69257],[128.59975,36.70179],[128.59763,36.70277],[128.58975,36.70088],[128.58902,36.70546],[128.5853,36.70908],[128.58036,36.71993],[128.57618,36.72486],[128.57705,36.72993]]]},"properties":{"key":"경상북도|예천군|보문면","code":"4790035000"}},{"type":"Feature","geometry":{"type":"Polygon","coordinates":[[[128.53973,36.63362],[128.54017,36.63697],[128.53737,36.64489],[128.52092,36.6528],[128.51674,36.66293],[128.51241,36.66018],[128.51337,36.65408],[128.50624,36.65146],[128.50281,36.65599],[128.49475,36.6514],[128.49105,36.63567],[128.48881,36.63283],[128.48647,36.62297],[128.46567,36.62312],[128.46439,36.62966],[128.45511,36.62827],[128.44635,36.62889],[128.44018,36.62649],[128.43024,36.62779],[128.4257,36.62665],[128.42559,36.62316],[128.41999,36.61141],[128.41856,36.6006],[128.41289,36.59602],[128.40374,36.5931],[128.3959,36.59371],[128.40109,36.59112],[128.41839,36.58907],[128.42269,36.58362],[128.42866,36.58456],[128.43156,36.57738],[128.43952,36.57021],[128.44097,36.56665],[128.45421,36.56555],[128.45919,36.55595],[128.46536,36.56039],[128.48148,36.56795],[128.49252,36.56978],[128.49578,36.58243],[128.49917,36.58436],[128.49094,36.58868],[128.49386,36.59971],[128.50184,36.6059],[128.50664,36.60209],[128.51322,36.60068],[128.52953,36.60186],[128.53486,36.61419],[128.52939,36.61798],[128.52197,36.6196],[128.52441,36.62832],[128.53241,36.62981],[128.53973,36.63362]]]},"properties":{"key":"경상북도|예천군|호명읍","code":"4790025300"}},{"type":"Feature","geometry":{"type":"Polygon","coordinates":[[[128.41249,36.66538],[128.40529,36.66557],[128.39555,36.66384],[128.38553,36.66539],[128.38109,36.67245],[128.36926,36.67799],[128.36195,36.67891],[128.35539,36.68488],[128.35373,36.68903],[128.34709,36.69298],[128.33619,36.69362],[128.33075,36.6851],[128.32036,36.67829],[128.32642,36.6688],[128.33237,36.66733],[128.33427,36.66156],[128.34154,36.65625],[128.34912,36.65485],[128.34787,36.64721],[128.34354,36.64696],[128.33334,36.64073],[128.33545,36.63476],[128.34117,36.63109],[128.34797,36.63105],[128.35021,36.62429],[128.35638,36.61248],[128.3676,36.61593],[128.36839,36.62179],[128.3738,36.62092],[128.38332,36.62273],[128.38911,36.62593],[128.39676,36.62538],[128.40283,36.62883],[128.40494,36.63434],[128.40914,36.63282],[128.40654,36.63671],[128.40427,36.65689],[128.41395,36.66094],[128.41249,36.66538]]]},"properties":{"key":"경상북도|예천군|유천면","code":"4790037000"}},{"type":"Feature","geometry":{"type":"Polygon","coordinates":[[[128.32559,36.6441],[128.32033,36.6445],[128.31904,36.65523],[128.30957,36.65633],[128.3074,36.65391],[128.30958,36.64107],[128.30627,36.63607],[128.2935,36.63244],[128.28963,36.62953],[128.2836,36.6172],[128.27579,36.61542],[128.27178,36.60986],[128.26191,36.61101],[128.26665,36.60277],[128.27164,36.59998],[128.28014,36.59088],[128.28547,36.5781],[128.29498,36.57866],[128.2961,36.57478],[128.29598,36.56386],[128.30273,36.56585],[128.30315,36.56861],[128.30929,36.57556],[128.31684,36.58047],[128.31747,36.57446],[128.32801,36.57354],[128.33296,36.57682],[128.34279,36.57999],[128.34261,36.58595],[128.33659,36.59226],[128.3366,36.59715],[128.33116,36.60076],[128.32482,36.59857],[128.31893,36.59878],[128.31744,36.61276],[128.32147,36.62415],[128.32853,36.62771],[128.32559,36.6441]]]},"properties":{"key":"경상북도|예천군|용궁면","code":"4790038000"}},{"type":"Feature","geometry":{"type":"Polygon","coordinates":[[[128.33334,36.64073],[128.32559,36.6441],[128.32853,36.62771],[128.32147,36.62415],[128.31744,36.61276],[128.31893,36.59878],[128.32482,36.59857],[128.33116,36.60076],[128.3366,36.59715],[128.33659,36.59226],[128.34261,36.58595],[128.34279,36.57999],[128.35009,36.5821],[128.35904,36.58668],[128.36863,36.58708],[128.38075,36.59316],[128.38675,36.59465],[128.3959,36.59371],[128.40374,36.5931],[128.41289,36.59602],[128.41856,36.6006],[128.41999,36.61141],[128.42559,36.62316],[128.4257,36.62665],[128.42433,36.6299],[128.41477,36.62999],[128.40914,36.63282],[128.40494,36.63434],[128.40283,36.62883],[128.39676,36.62538],[128.38911,36.62593],[128.38332,36.62273],[128.3738,36.62092],[128.36839,36.62179],[128.3676,36.61593],[128.35638,36.61248],[128.35021,36.62429],[128.34797,36.63105],[128.34117,36.63109],[128.33545,36.63476],[128.33334,36.64073]]]},"properties":{"key":"경상북도|예천군|개포면","code":"4790039000"}},{"type":"Feature","geometry":{"type":"Polygon","coordinates":[[[128.3959,36.59371],[128.38675,36.59465],[128.38075,36.59316],[128.36863,36.58708],[128.35904,36.58668],[128.35009,36.5821],[128.34279,36.57999],[128.33296,36.57682],[128.32801,36.57354],[128.31747,36.57446],[128.31684,36.58047],[128.30929,36.57556],[128.30315,36.56861],[128.30273,36.56585],[128.31602,36.56122],[128.31861,36.55146],[128.32277,36.54664],[128.32728,36.54758],[128.34097,36.54619],[128.35017,36.53728],[128.36179,36.53165],[128.36611,36.52744],[128.3701,36.5146],[128.36844,36.50948],[128.37078,36.50546],[128.38185,36.50464],[128.39865,36.50895],[128.40524,36.51287],[128.41364,36.52041],[128.41876,36.52241],[128.42922,36.52197],[128.44001,36.52806],[128.44612,36.53016],[128.45345,36.53773],[128.46454,36.53991],[128.46038,36.54652],[128.45607,36.54921],[128.45919,36.55595],[128.45421,36.56555],[128.44097,36.56665],[128.43952,36.57021],[128.43156,36.57738],[128.42866,36.58456],[128.42269,36.58362],[128.41839,36.58907],[128.40109,36.59112],[128.3959,36.59371]]]},"properties":{"key":"경상북도|예천군|지보면","code":"4790040000"}},{"type":"Feature","geometry":{"type":"Polygon","coordinates":[[[128.36179,36.53165],[128.35017,36.53728],[128.34097,36.54619],[128.32728,36.54758],[128.32277,36.54664],[128.31861,36.55146],[128.31602,36.56122],[128.30273,36.56585],[128.29598,36.56386],[128.29494,36.55881],[128.29771,36.55314],[128.279,36.55167],[128.27021,36.55212],[128.26514,36.55026],[128.26327,36.54242],[128.26865,36.53302],[128.26526,36.52387],[128.26612,36.5135],[128.26441,36.50754],[128.26895,36.50008],[128.27064,36.49271],[128.26991,36.48271],[128.26026,36.47828],[128.26531,36.47613],[128.27033,36.47696],[128.27806,36.47249],[128.28053,36.46372],[128.28917,36.46233],[128.2947,36.46495],[128.29902,36.46341],[128.30485,36.45735],[128.31289,36.4564],[128.30875,36.46418],[128.3144,36.47057],[128.31996,36.47137],[128.33045,36.48352],[128.33738,36.4892],[128.3365,36.50065],[128.33984,36.50307],[128.3453,36.51423],[128.34077,36.52462],[128.34743,36.52715],[128.35287,36.52724],[128.36179,36.53165]]]},"properties":{"key":"경상북도|예천군|풍양면","code":"4790041000"}},{"type":"Feature","geometry":{"type":"Polygon","coordinates":[[[128.77426,36.93651],[128.76713,36.93587],[128.76302,36.92446],[128.75828,36.92199],[128.75272,36.92575],[128.74507,36.91794],[128.7367,36.91395],[128.7334,36.90675],[128.7284,36.91388],[128.7235,36.91405],[128.71883,36.90962],[128.71481,36.91238],[128.71511,36.91605],[128.70646,36.92667],[128.70559,36.93177],[128.69764,36.93444],[128.69383,36.93065],[128.69619,36.92614],[128.69459,36.92071],[128.6849,36.91744],[128.67697,36.92037],[128.66843,36.91983],[128.65917,36.91018],[128.65446,36.91152],[128.64913,36.90952],[128.6428,36.89609],[128.63736,36.88768],[128.64442,36.8801],[128.65007,36.87793],[128.65532,36.87263],[128.65577,36.86924],[128.64432,36.8634],[128.64333,36.85564],[128.65517,36.85263],[128.65987,36.84951],[128.66409,36.84159],[128.66941,36.84342],[128.67793,36.85029],[128.67718,36.85555],[128.68146,36.8575],[128.68617,36.86332],[128.70139,36.86075],[128.70543,36.86706],[128.71473,36.86454],[128.7199,36.86769],[128.72858,36.86271],[128.72557,36.86041],[128.73242,36.84689],[128.73664,36.84422],[128.73918,36.8479],[128.73359,36.85525],[128.73751,36.85861],[128.74731,36.86225],[128.7528,36.86247],[128.75797,36.87895],[128.7701,36.87862],[128.77634,36.88533],[128.76947,36.89061],[128.76845,36.89805],[128.77126,36.90199],[128.7721,36.90804],[128.77832,36.91158],[128.77578,36.9191],[128.77699,36.92267],[128.77426,36.93651]]]},"properties":{"key":"경상북도|봉화군|봉화읍","code":"4792025000"}},{"type":"Feature","geometry":{"type":"Polygon","coordinates":[[[128.75137,37.02832],[128.73474,37.04014],[128.7186,37.04396],[128.71248,37.04252],[128.70894,37.03923],[128.70227,37.03223],[128.70008,37.02485],[128.70141,37.01293],[128.69285,37.00388],[128.6942,36.99845],[128.69204,36.99161],[128.69018,36.97934],[128.69302,36.97385],[128.68687,36.96889],[128.68626,36.95977],[128.68145,36.9534],[128.67816,36.95375],[128.67515,36.9457],[128.66658,36.94245],[128.66173,36.93801],[128.66011,36.9284],[128.66843,36.91983],[128.67697,36.92037],[128.6849,36.91744],[128.69459,36.92071],[128.69619,36.92614],[128.69383,36.93065],[128.69764,36.93444],[128.70559,36.93177],[128.70646,36.92667],[128.71511,36.91605],[128.71481,36.91238],[128.71883,36.90962],[128.7235,36.91405],[128.7284,36.91388],[128.7334,36.90675],[128.7367,36.91395],[128.74507,36.91794],[128.75272,36.92575],[128.75828,36.92199],[128.76302,36.92446],[128.76713,36.93587],[128.77426,36.93651],[128.78406,36.94522],[128.78188,36.94807],[128.78624,36.95991],[128.7839,36.96496],[128.78909,36.96982],[128.79586,36.97037],[128.79984,36.97425],[128.80902,36.9774],[128.81107,36.981],[128.80142,36.9899],[128.79064,36.99576],[128.7811,36.99507],[128.77253,37.00288],[128.7773,37.01056],[128.77725,37.01625],[128.77973,37.02143],[128.77499,37.02344],[128.76638,37.02392],[128.75647,37.02814],[128.75137,37.02832]]]},"properties":{"key":"경상북도|봉화군|물야면","code":"4792031000"}},{"type":"Feature","geometry":{"type":"Polygon","coordinates":[[[128.85116,36.94331],[128.84962,36.94763],[128.84442,36.95067],[128.84428,36.95831],[128.84596,36.96257],[128.84104,36.96557],[128.82536,36.97077],[128.8204,36.97626],[128.81107,36.981],[128.80902,36.9774],[128.79984,36.97425],[128.79586,36.97037],[128.78909,36.96982],[128.7839,36.96496],[128.78624,36.95991],[128.78188,36.94807],[128.78406,36.94522],[128.77426,36.93651],[128.77699,36.92267],[128.77578,36.9191],[128.77832,36.91158],[128.7721,36.90804],[128.77126,36.90199],[128.76845,36.89805],[128.76947,36.89061],[128.77634,36.88533],[128.7819,36.88265],[128.78367,36.88759],[128.79002,36.89017],[128.79356,36.8835],[128.78949,36.87264],[128.78142,36.87032],[128.77938,36.86644],[128.78618,36.86158],[128.7916,36.86604],[128.79771,36.86516],[128.79906,36.86203],[128.79725,36.85456],[128.80345,36.85351],[128.80612,36.84777],[128.81306,36.84265],[128.81904,36.84674],[128.82582,36.84722],[128.82093,36.85761],[128.81264,36.86042],[128.81623,36.86697],[128.82259,36.87214],[128.82817,36.86832],[128.83261,36.8728],[128.83005,36.88157],[128.83104,36.88987],[128.83536,36.89374],[128.83468,36.89959],[128.83654,36.91017],[128.84193,36.91421],[128.83652,36.91785],[128.84101,36.92549],[128.83823,36.92868],[128.84831,36.93405],[128.85116,36.94331]]]},"properties":{"key":"경상북도|봉화군|봉성면","code":"4792032000"}},{"type":"Feature","geometry":{"type":"Polygon","coordinates":[[[128.98047,36.8735],[128.9925,36.87906],[128.99032,36.88219],[128.99041,36.89298],[128.98247,36.8983],[128.97921,36.90579],[128.98271,36.91189],[128.98972,36.91585],[128.99061,36.91942],[128.98754,36.92691],[128.97835,36.93282],[128.96924,36.94167],[128.95613,36.94752],[128.95079,36.93828],[128.93983,36.93644],[128.93745,36.93062],[128.9247,36.91821],[128.92148,36.91247],[128.9142,36.91952],[128.91255,36.925],[128.90359,36.93004],[128.90044,36.92763],[128.89551,36.92962],[128.88966,36.93811],[128.87573,36.93991],[128.86751,36.93914],[128.86024,36.94015],[128.85116,36.94331],[128.84831,36.93405],[128.83823,36.92868],[128.84101,36.92549],[128.83652,36.91785],[128.84193,36.91421],[128.83654,36.91017],[128.83468,36.89959],[128.83536,36.89374],[128.85518,36.88876],[128.86053,36.89212],[128.86502,36.89144],[128.87202,36.88639],[128.87587,36.89111],[128.87451,36.89737],[128.88236,36.89755],[128.8861,36.88938],[128.89446,36.88561],[128.90226,36.89317],[128.90584,36.89011],[128.91918,36.8872],[128.91914,36.88223],[128.9256,36.8845],[128.93003,36.89598],[128.93984,36.89763],[128.94205,36.89152],[128.95738,36.87549],[128.96594,36.87093],[128.96668,36.87842],[128.97302,36.87668],[128.97318,36.87222],[128.97786,36.86941],[128.98047,36.8735]]]},"properties":{"key":"경상북도|봉화군|법전면","code":"4792033000"}},{"type":"Feature","geometry":{"type":"Polygon","coordinates":[[[128.89573,37.0449],[128.88873,37.04713],[128.88521,37.05099],[128.87757,37.05264],[128.8764,37.04622],[128.87273,37.04459],[128.86643,37.04834],[128.85721,37.04934],[128.84663,37.05216],[128.83618,37.06639],[128.8322,37.06778],[128.83253,37.07559],[128.82698,37.0781],[128.81334,37.07879],[128.80859,37.07753],[128.80287,37.08536],[128.79834,37.0869],[128.78506,37.08772],[128.77978,37.09232],[128.77322,37.08735],[128.77752,37.08304],[128.76866,37.07242],[128.76853,37.06847],[128.76501,37.06399],[128.75707,37.07006],[128.75202,37.05754],[128.75251,37.05451],[128.76084,37.04347],[128.76172,37.03523],[128.75453,37.03204],[128.75137,37.02832],[128.75647,37.02814],[128.76638,37.02392],[128.77499,37.02344],[128.77973,37.02143],[128.77725,37.01625],[128.7773,37.01056],[128.77253,37.00288],[128.7811,36.99507],[128.79064,36.99576],[128.80142,36.9899],[128.81107,36.981],[128.8204,36.97626],[128.82536,36.97077],[128.84104,36.96557],[128.84596,36.96257],[128.84428,36.95831],[128.84442,36.95067],[128.84962,36.94763],[128.85116,36.94331],[128.86024,36.94015],[128.86751,36.93914],[128.87573,36.93991],[128.88966,36.93811],[128.89551,36.92962],[128.90044,36.92763],[128.90359,36.93004],[128.91255,36.925],[128.9142,36.91952],[128.92148,36.91247],[128.9247,36.91821],[128.93745,36.93062],[128.93983,36.93644],[128.95079,36.93828],[128.95613,36.94752],[128.96228,36.95459],[128.96101,36.95972],[128.95718,36.96156],[128.95582,36.96593],[128.94928,36.97643],[128.94412,36.97769],[128.93559,36.98755],[128.9295,36.99095],[128.92223,36.98957],[128.915,36.99903],[128.9046,37.00289],[128.90429,37.00592],[128.89928,37.01246],[128.90177,37.03318],[128.89573,37.0449]]]},"properties":{"key":"경상북도|봉화군|춘양면","code":"4792034000"}},{"type":"Feature","geometry":{"type":"Polygon","coordinates":[[[129.09093,36.99757],[129.08631,36.99153],[129.07945,36.99137],[129.07236,36.9891],[129.05501,36.99586],[129.04373,36.99723],[129.03958,37.00596],[129.0343,37.00973],[129.0348,37.01364],[129.0276,37.01679],[129.02381,37.02366],[129.0151,37.02706],[129.00938,37.02672],[129.00066,37.01906],[128.99218,37.0267],[128.97944,37.02538],[128.97577,37.02821],[128.97312,37.03425],[128.96763,37.03819],[128.96819,37.04242],[128.94548,37.04403],[128.94052,37.04702],[128.93169,37.04829],[128.92628,37.05759],[128.91817,37.05991],[128.91314,37.06594],[128.90973,37.06687],[128.89737,37.05787],[128.896,37.05522],[128.89573,37.0449],[128.90177,37.03318],[128.89928,37.01246],[128.90429,37.00592],[128.9046,37.00289],[128.915,36.99903],[128.92223,36.98957],[128.9295,36.99095],[128.93559,36.98755],[128.94412,36.97769],[128.94928,36.97643],[128.95582,36.96593],[128.95718,36.96156],[128.96101,36.95972],[128.96228,36.95459],[128.95613,36.94752],[128.96924,36.94167],[128.97835,36.93282],[128.98754,36.92691],[128.99061,36.91942],[128.98972,36.91585],[128.98271,36.91189],[128.97921,36.90579],[128.98247,36.8983],[128.99041,36.89298],[128.99032,36.88219],[128.9925,36.87906],[128.98047,36.8735],[128.98421,36.87035],[128.99625,36.87036],[129.0156,36.8621],[129.02658,36.85674],[129.03548,36.85522],[129.04003,36.85126],[129.0491,36.85859],[129.05475,36.85968],[129.06339,36.85821],[129.06969,36.85457],[129.08753,36.85024],[129.10452,36.85451],[129.11207,36.85101],[129.11624,36.84452],[129.12198,36.84803],[129.12488,36.85721],[129.12834,36.85854],[129.12936,36.86501],[129.1383,36.87288],[129.15406,36.87512],[129.15513,36.87821],[129.15551,36.88772],[129.14881,36.89092],[129.14873,36.8965],[129.14478,36.89854],[129.1484,36.90517],[129.14734,36.912],[129.14312,36.92023],[129.1382,36.92195],[129.13662,36.92704],[129.12521,36.92998],[129.12316,36.9337],[129.11824,36.93559],[129.11188,36.93369],[129.10507,36.9375],[129.10809,36.94306],[129.09624,36.94612],[129.09107,36.94494],[129.08389,36.95493],[129.07789,36.95868],[129.08383,36.96336],[129.09153,36.9626],[129.09195,36.97012],[129.09466,36.97816],[129.09028,36.98403],[129.09291,36.98854],[129.09302,36.99478],[129.09093,36.99757]]]},"properties":{"key":"경상북도|봉화군|소천면","code":"4792035000"}},{"type":"Feature","geometry":{"type":"Polygon","coordinates":[[[129.18544,37.04209],[129.18538,37.0468],[129.1761,37.05762],[129.17097,37.06007],[129.16522,37.06975],[129.15523,37.07002],[129.14927,37.07594],[129.14446,37.07643],[129.14072,37.08167],[129.13459,37.08135],[129.12741,37.08483],[129.12744,37.08894],[129.11878,37.09292],[129.10859,37.09352],[129.10426,37.09829],[129.0958,37.10046],[129.08209,37.09398],[129.07294,37.09088],[129.07088,37.08411],[129.06575,37.07842],[129.06776,37.07429],[129.06169,37.06557],[129.05329,37.06964],[129.05029,37.06842],[129.03431,37.07576],[129.01441,37.07907],[129.00841,37.07867],[128.99522,37.08122],[128.99372,37.08355],[128.98352,37.08451],[128.97715,37.082],[128.96956,37.08213],[128.96031,37.07744],[128.95312,37.08165],[128.95329,37.08487],[128.94463,37.09506],[128.92054,37.09066],[128.91671,37.08487],[128.91678,37.07872],[128.9098,37.0705],[128.90973,37.06687],[128.91314,37.06594],[128.91817,37.05991],[128.92628,37.05759],[128.93169,37.04829],[128.94052,37.04702],[128.94548,37.04403],[128.96819,37.04242],[128.96763,37.03819],[128.97312,37.03425],[128.97577,37.02821],[128.97944,37.02538],[128.99218,37.0267],[129.00066,37.01906],[129.00938,37.02672],[129.0151,37.02706],[129.02381,37.02366],[129.0276,37.01679],[129.0348,37.01364],[129.0343,37.00973],[129.03958,37.00596],[129.04373,36.99723],[129.05501,36.99586],[129.07236,36.9891],[129.07945,36.99137],[129.08631,36.99153],[129.09093,36.99757],[129.09176,37.0029],[129.09496,37.00754],[129.08903,37.0109],[129.09749,37.0177],[129.1024,37.01895],[129.10835,37.02504],[129.1191,37.03035],[129.12624,37.03],[129.13341,37.03454],[129.13968,37.03289],[129.14982,37.0235],[129.15471,37.02316],[129.15973,37.01959],[129.16709,37.02179],[129.1764,37.02868],[129.18009,37.03593],[129.18544,37.04209]]]},"properties":{"key":"경상북도|봉화군|석포면","code":"4792039000"}},{"type":"Feature","geometry":{"type":"Polygon","coordinates":[[[128.98047,36.8735],[128.97786,36.86941],[128.97318,36.87222],[128.97302,36.87668],[128.96668,36.87842],[128.96594,36.87093],[128.95818,36.86985],[128.94656,36.86488],[128.93836,36.86763],[128.9326,36.86435],[128.93537,36.85251],[128.93015,36.8475],[128.9378,36.84407],[128.94005,36.83543],[128.93827,36.83266],[128.93141,36.83081],[128.92871,36.82698],[128.93132,36.82125],[128.93769,36.81724],[128.9401,36.81109],[128.93616,36.80304],[128.92894,36.80167],[128.92688,36.79396],[128.93106,36.78972],[128.94101,36.78265],[128.9424,36.77379],[128.95455,36.77031],[128.95876,36.76551],[128.96401,36.75216],[128.96979,36.74723],[128.98253,36.74606],[128.99016,36.74707],[128.98928,36.7507],[128.99224,36.75473],[128.98357,36.76552],[128.98407,36.7729],[128.9901,36.77695],[129.00069,36.78053],[129.0074,36.7799],[129.01661,36.78454],[129.02154,36.78365],[129.02739,36.78532],[129.03686,36.79087],[129.03743,36.7943],[129.04788,36.79999],[129.0527,36.80619],[129.06215,36.81304],[129.06396,36.81827],[129.06867,36.82064],[129.07719,36.82053],[129.08024,36.81889],[129.08876,36.82493],[129.09635,36.82676],[129.10077,36.82974],[129.10322,36.83587],[129.11624,36.84452],[129.11207,36.85101],[129.10452,36.85451],[129.08753,36.85024],[129.06969,36.85457],[129.06339,36.85821],[129.05475,36.85968],[129.0491,36.85859],[129.04003,36.85126],[129.03548,36.85522],[129.02658,36.85674],[129.0156,36.8621],[128.99625,36.87036],[128.98421,36.87035],[128.98047,36.8735]]]},"properties":{"key":"경상북도|봉화군|재산면","code":"4792036000"}},{"type":"Feature","geometry":{"type":"Polygon","coordinates":[[[128.96594,36.87093],[128.95738,36.87549],[128.94205,36.89152],[128.93984,36.89763],[128.93003,36.89598],[128.9256,36.8845],[128.91914,36.88223],[128.91918,36.8872],[128.90584,36.89011],[128.90226,36.89317],[128.89446,36.88561],[128.8861,36.88938],[128.88236,36.89755],[128.87451,36.89737],[128.87587,36.89111],[128.87202,36.88639],[128.86502,36.89144],[128.86053,36.89212],[128.85518,36.88876],[128.83536,36.89374],[128.83104,36.88987],[128.83005,36.88157],[128.83261,36.8728],[128.82817,36.86832],[128.82259,36.87214],[128.81623,36.86697],[128.81264,36.86042],[128.82093,36.85761],[128.82582,36.84722],[128.83041,36.83965],[128.83017,36.83421],[128.83495,36.82392],[128.83809,36.82361],[128.84274,36.81194],[128.84121,36.80924],[128.84338,36.8035],[128.85527,36.80192],[128.86393,36.79871],[128.86445,36.79442],[128.87479,36.78492],[128.88456,36.78399],[128.88604,36.77805],[128.89137,36.77353],[128.89947,36.77348],[128.9043,36.77531],[128.91263,36.77388],[128.92064,36.76725],[128.92605,36.76912],[128.93128,36.76795],[128.9424,36.77379],[128.94101,36.78265],[128.93106,36.78972],[128.92688,36.79396],[128.92894,36.80167],[128.93616,36.80304],[128.9401,36.81109],[128.93769,36.81724],[128.93132,36.82125],[128.92871,36.82698],[128.93141,36.83081],[128.93827,36.83266],[128.94005,36.83543],[128.9378,36.84407],[128.93015,36.8475],[128.93537,36.85251],[128.9326,36.86435],[128.93836,36.86763],[128.94656,36.86488],[128.95818,36.86985],[128.96594,36.87093]]]},"properties":{"key":"경상북도|봉화군|명호면","code":"4792037000"}},{"type":"Feature","geometry":{"type":"Polygon","coordinates":[[[128.82582,36.84722],[128.81904,36.84674],[128.81306,36.84265],[128.80612,36.84777],[128.80345,36.85351],[128.79725,36.85456],[128.79906,36.86203],[128.79771,36.86516],[128.7916,36.86604],[128.78618,36.86158],[128.77938,36.86644],[128.78142,36.87032],[128.78949,36.87264],[128.79356,36.8835],[128.79002,36.89017],[128.78367,36.88759],[128.7819,36.88265],[128.77634,36.88533],[128.7701,36.87862],[128.75797,36.87895],[128.7528,36.86247],[128.74731,36.86225],[128.73751,36.85861],[128.73359,36.85525],[128.73918,36.8479],[128.73664,36.84422],[128.73667,36.83933],[128.72592,36.83101],[128.71859,36.82934],[128.71834,36.82471],[128.7276,36.81883],[128.7273,36.81111],[128.72125,36.80084],[128.72563,36.79282],[128.73214,36.79155],[128.73597,36.80189],[128.74338,36.79613],[128.74652,36.80706],[128.75497,36.80755],[128.75869,36.81002],[128.76618,36.80277],[128.77047,36.80582],[128.77699,36.80506],[128.78214,36.80963],[128.79415,36.81491],[128.80143,36.82295],[128.80643,36.82056],[128.80311,36.81075],[128.80345,36.80621],[128.81236,36.7955],[128.81778,36.80034],[128.82064,36.80546],[128.81952,36.80968],[128.84121,36.80924],[128.84274,36.81194],[128.83809,36.82361],[128.83495,36.82392],[128.83017,36.83421],[128.83041,36.83965],[128.82582,36.84722]]]},"properties":{"key":"경상북도|봉화군|상운면","code":"4792038000"}},{"type":"Feature","geometry":{"type":"Polygon","coordinates":[[[129.41016,37.03063],[129.40006,37.03033],[129.39488,37.03327],[129.3812,37.03614],[129.37231,37.04057],[129.36051,37.05284],[129.35743,37.0514],[129.35686,37.04479],[129.3504,37.0398],[129.34123,37.04008],[129.33509,37.03799],[129.32946,37.03946],[129.32513,37.03101],[129.31998,37.03417],[129.29879,37.03201],[129.29737,37.02449],[129.29375,37.02111],[129.28835,37.0081],[129.29446,37.00292],[129.2935,37.00015],[129.2804,36.9925],[129.2786,36.98708],[129.27393,36.98208],[129.27089,36.97425],[129.28158,36.9664],[129.28404,36.96093],[129.29067,36.95897],[129.29168,36.9559],[129.30183,36.95217],[129.31594,36.95005],[129.32215,36.95451],[129.32933,36.96341],[129.33277,36.9653],[129.32992,36.97603],[129.35032,36.9836],[129.36169,36.98454],[129.36949,36.97739],[129.37603,36.97783],[129.38174,36.97324],[129.39751,36.97493],[129.40127,36.97815],[129.4094,36.97825],[129.40894,36.98009],[129.41469,36.98911],[129.42,36.99311],[129.41914,37.0062],[129.41719,37.00797],[129.41043,37.02408],[129.41016,37.03063]]]},"properties":{"key":"경상북도|울진군|울진읍","code":"4793025000"}},{"type":"Feature","geometry":{"type":"Polygon","coordinates":[[[129.46949,36.74801],[129.46191,36.74658],[129.45837,36.75204],[129.44816,36.7534],[129.44227,36.75792],[129.4368,36.75817],[129.42187,36.75616],[129.41088,36.7586],[129.40835,36.7572],[129.39841,36.76264],[129.39509,36.75909],[129.38712,36.75885],[129.37988,36.74978],[129.38978,36.74784],[129.40033,36.73407],[129.41717,36.72569],[129.4198,36.71586],[129.41381,36.71483],[129.41442,36.70664],[129.42518,36.70222],[129.4304,36.70321],[129.43907,36.69932],[129.45717,36.69776],[129.46771,36.68956],[129.46895,36.69417],[129.47673,36.69962],[129.47252,36.72375],[129.47804,36.72705],[129.47611,36.73504],[129.46949,36.74801]]]},"properties":{"key":"경상북도|울진군|평해읍","code":"4793025300"}},{"type":"Feature","geometry":{"type":"Polygon","coordinates":[[[129.40319,37.07886],[129.39609,37.08404],[129.39355,37.08814],[129.37956,37.10024],[129.37637,37.11026],[129.38152,37.12017],[129.3737,37.125],[129.37336,37.13521],[129.3641,37.14636],[129.36152,37.14484],[129.34801,37.14655],[129.33901,37.14482],[129.33359,37.14176],[129.32473,37.14171],[129.32072,37.13582],[129.312,37.13191],[129.30906,37.12823],[129.30475,37.12809],[129.29819,37.12454],[129.29518,37.12034],[129.29446,37.11441],[129.2883,37.11504],[129.27674,37.1187],[129.272,37.11702],[129.26971,37.10746],[129.26605,37.10231],[129.25968,37.1007],[129.24963,37.09588],[129.24126,37.08573],[129.23323,37.08002],[129.23113,37.07688],[129.22558,37.0734],[129.23101,37.06929],[129.23322,37.0642],[129.2294,37.05587],[129.23303,37.04985],[129.23316,37.04412],[129.23806,37.03882],[129.23475,37.03148],[129.23986,37.02641],[129.24519,37.02465],[129.25963,37.02415],[129.26173,37.01833],[129.24992,37.00733],[129.26214,36.99805],[129.27128,36.99799],[129.27331,36.99418],[129.2804,36.9925],[129.2935,37.00015],[129.29446,37.00292],[129.28835,37.0081],[129.29375,37.02111],[129.29737,37.02449],[129.29879,37.03201],[129.31998,37.03417],[129.32513,37.03101],[129.32946,37.03946],[129.33509,37.03799],[129.34123,37.04008],[129.3504,37.0398],[129.35686,37.04479],[129.35743,37.0514],[129.36051,37.05284],[129.36235,37.0559],[129.36289,37.06517],[129.37201,37.06506],[129.38953,37.06016],[129.39116,37.07095],[129.39943,37.07358],[129.40319,37.07886]]]},"properties":{"key":"경상북도|울진군|북면","code":"4793031000"}},{"type":"Feature","geometry":{"type":"Polygon","coordinates":[[[129.4094,36.97825],[129.40127,36.97815],[129.39751,36.97493],[129.38174,36.97324],[129.37603,36.97783],[129.36949,36.97739],[129.36169,36.98454],[129.35032,36.9836],[129.32992,36.97603],[129.33277,36.9653],[129.32933,36.96341],[129.32215,36.95451],[129.31594,36.95005],[129.30183,36.95217],[129.30422,36.94539],[129.31001,36.94335],[129.3063,36.93764],[129.30065,36.93377],[129.29957,36.93042],[129.30706,36.92551],[129.31007,36.91802],[129.32093,36.91241],[129.32647,36.89959],[129.32925,36.89856],[129.33981,36.90835],[129.34914,36.91094],[129.36296,36.91915],[129.36445,36.9216],[129.3672,36.93493],[129.37177,36.93722],[129.37632,36.94281],[129.3837,36.93872],[129.38945,36.94235],[129.39938,36.93749],[129.40106,36.9212],[129.40596,36.91677],[129.41262,36.91408],[129.41638,36.9101],[129.41625,36.91686],[129.42032,36.92312],[129.41788,36.93071],[129.42128,36.936],[129.41987,36.95126],[129.41545,36.96156],[129.41432,36.9683],[129.4094,36.97825]]]},"properties":{"key":"경상북도|울진군|근남면","code":"4793033000"}},{"type":"Feature","geometry":{"type":"Polygon","coordinates":[[[129.46949,36.74801],[129.46785,36.7572],[129.47699,36.76418],[129.47894,36.76808],[129.47113,36.77923],[129.4632,36.78827],[129.4632,36.79627],[129.45802,36.80325],[129.45744,36.81541],[129.45358,36.81781],[129.4458,36.82725],[129.44638,36.83237],[129.43415,36.84338],[129.42739,36.85245],[129.42018,36.868],[129.42059,36.8708],[129.41498,36.86593],[129.39164,36.86505],[129.37442,36.86357],[129.37269,36.8558],[129.36589,36.85318],[129.36132,36.84364],[129.36668,36.83873],[129.35912,36.83482],[129.35988,36.82565],[129.36321,36.82034],[129.35182,36.80682],[129.34658,36.80374],[129.33894,36.78603],[129.33227,36.78342],[129.33847,36.7796],[129.33864,36.77691],[129.34757,36.77223],[129.35198,36.77333],[129.35854,36.77028],[129.37689,36.77725],[129.38252,36.78104],[129.38664,36.7789],[129.38912,36.76777],[129.38427,36.76614],[129.38712,36.75885],[129.39509,36.75909],[129.39841,36.76264],[129.40835,36.7572],[129.41088,36.7586],[129.42187,36.75616],[129.4368,36.75817],[129.44227,36.75792],[129.44816,36.7534],[129.45837,36.75204],[129.46191,36.74658],[129.46949,36.74801]]]},"properties":{"key":"경상북도|울진군|기성면","code":"4793035000"}},{"type":"Feature","geometry":{"type":"Polygon","coordinates":[[[129.33227,36.78342],[129.32084,36.78462],[129.3135,36.78089],[129.31174,36.77556],[129.3029,36.77641],[129.29836,36.77161],[129.29579,36.76571],[129.29816,36.7575],[129.2952,36.75402],[129.28471,36.75203],[129.27303,36.74514],[129.27312,36.7378],[129.26999,36.73228],[129.27142,36.72536],[129.28095,36.7236],[129.28714,36.71947],[129.29382,36.71764],[129.28626,36.70838],[129.28664,36.70239],[129.28215,36.69813],[129.28143,36.69357],[129.27686,36.69159],[129.27882,36.68106],[129.27151,36.67731],[129.26894,36.67371],[129.27404,36.67063],[129.28507,36.6675],[129.29476,36.67024],[129.29769,36.66854],[129.30679,36.66834],[129.31751,36.66546],[129.3268,36.66664],[129.33072,36.66119],[129.33738,36.66058],[129.34862,36.65701],[129.35458,36.65103],[129.36105,36.65874],[129.36696,36.66298],[129.37074,36.66273],[129.38457,36.67016],[129.39176,36.66633],[129.39688,36.66545],[129.39952,36.67636],[129.40486,36.68442],[129.40326,36.68928],[129.41024,36.69222],[129.41139,36.6964],[129.40802,36.70258],[129.41442,36.70664],[129.41381,36.71483],[129.4198,36.71586],[129.41717,36.72569],[129.40033,36.73407],[129.38978,36.74784],[129.37988,36.74978],[129.38712,36.75885],[129.38427,36.76614],[129.38912,36.76777],[129.38664,36.7789],[129.38252,36.78104],[129.37689,36.77725],[129.35854,36.77028],[129.35198,36.77333],[129.34757,36.77223],[129.33864,36.77691],[129.33847,36.7796],[129.33227,36.78342]]]},"properties":{"key":"경상북도|울진군|온정면","code":"4793036000"}},{"type":"Feature","geometry":{"type":"Polygon","coordinates":[[[129.41016,37.03063],[129.41576,37.03546],[129.41333,37.04787],[129.41565,37.05448],[129.4186,37.05683],[129.43005,37.05849],[129.42719,37.06405],[129.40319,37.07886],[129.39943,37.07358],[129.39116,37.07095],[129.38953,37.06016],[129.37201,37.06506],[129.36289,37.06517],[129.36235,37.0559],[129.36051,37.05284],[129.37231,37.04057],[129.3812,37.03614],[129.39488,37.03327],[129.40006,37.03033],[129.41016,37.03063]]]},"properties":{"key":"경상북도|울진군|죽변면","code":"4793037000"}},{"type":"Feature","geometry":{"type":"Polygon","coordinates":[[[129.46771,36.68956],[129.45717,36.69776],[129.43907,36.69932],[129.4304,36.70321],[129.42518,36.70222],[129.41442,36.70664],[129.40802,36.70258],[129.41139,36.6964],[129.41024,36.69222],[129.40326,36.68928],[129.40486,36.68442],[129.39952,36.67636],[129.39688,36.66545],[129.39677,36.66135],[129.40673,36.6592],[129.41098,36.65469],[129.41943,36.65028],[129.41969,36.64462],[129.42375,36.64326],[129.42847,36.64832],[129.43143,36.65857],[129.43741,36.66976],[129.4455,36.67665],[129.45878,36.68147],[129.46562,36.68013],[129.46498,36.68612],[129.46771,36.68956]]]},"properties":{"key":"경상북도|울진군|후포면","code":"4793038000"}},{"type":"Feature","geometry":{"type":"Polygon","coordinates":[[[129.23806,37.03882],[129.22509,37.04454],[129.21355,37.04273],[129.20499,37.04486],[129.19458,37.04057],[129.18544,37.04209],[129.18009,37.03593],[129.1764,37.02868],[129.16709,37.02179],[129.15973,37.01959],[129.15471,37.02316],[129.14982,37.0235],[129.13968,37.03289],[129.13341,37.03454],[129.12624,37.03],[129.1191,37.03035],[129.10835,37.02504],[129.1024,37.01895],[129.09749,37.0177],[129.08903,37.0109],[129.09496,37.00754],[129.09176,37.0029],[129.09093,36.99757],[129.09302,36.99478],[129.09291,36.98854],[129.09028,36.98403],[129.09466,36.97816],[129.09195,36.97012],[129.09153,36.9626],[129.08383,36.96336],[129.07789,36.95868],[129.08389,36.95493],[129.09107,36.94494],[129.09624,36.94612],[129.10809,36.94306],[129.10507,36.9375],[129.11188,36.93369],[129.11824,36.93559],[129.12316,36.9337],[129.12521,36.92998],[129.13662,36.92704],[129.1382,36.92195],[129.14312,36.92023],[129.14734,36.912],[129.1484,36.90517],[129.14478,36.89854],[129.14873,36.8965],[129.14881,36.89092],[129.15551,36.88772],[129.15513,36.87821],[129.15854,36.87505],[129.16572,36.87531],[129.16566,36.87938],[129.17005,36.88142],[129.17694,36.87894],[129.19023,36.87982],[129.19557,36.87519],[129.19593,36.86997],[129.20138,36.86543],[129.21045,36.86341],[129.21737,36.86398],[129.22755,36.86786],[129.23364,36.86698],[129.23806,36.86294],[129.23102,36.85394],[129.23978,36.85193],[129.2477,36.85279],[129.25524,36.8604],[129.25688,36.87302],[129.26098,36.87007],[129.26729,36.87265],[129.27186,36.87147],[129.27872,36.87433],[129.28555,36.86453],[129.27557,36.85912],[129.27472,36.85008],[129.27674,36.84645],[129.27066,36.84065],[129.27292,36.83357],[129.28319,36.83341],[129.28747,36.83165],[129.29488,36.82488],[129.30154,36.82993],[129.30201,36.83574],[129.29867,36.83933],[129.29931,36.8436],[129.29407,36.8505],[129.30051,36.85401],[129.30731,36.86283],[129.31127,36.86352],[129.31321,36.87251],[129.32197,36.8769],[129.32348,36.88759],[129.32678,36.88869],[129.32925,36.89856],[129.32647,36.89959],[129.32093,36.91241],[129.31007,36.91802],[129.30706,36.92551],[129.29957,36.93042],[129.30065,36.93377],[129.3063,36.93764],[129.31001,36.94335],[129.30422,36.94539],[129.30183,36.95217],[129.29168,36.9559],[129.29067,36.95897],[129.28404,36.96093],[129.28158,36.9664],[129.27089,36.97425],[129.27393,36.98208],[129.2786,36.98708],[129.2804,36.9925],[129.27331,36.99418],[129.27128,36.99799],[129.26214,36.99805],[129.24992,37.00733],[129.26173,37.01833],[129.25963,37.02415],[129.24519,37.02465],[129.23986,37.02641],[129.23475,37.03148],[129.23806,37.03882]]]},"properties":{"key":"경상북도|울진군|금강송면","code":"4793039000"}},{"type":"Feature","geometry":{"type":"Polygon","coordinates":[[[129.41638,36.9101],[129.41262,36.91408],[129.40596,36.91677],[129.40106,36.9212],[129.39938,36.93749],[129.38945,36.94235],[129.3837,36.93872],[129.37632,36.94281],[129.37177,36.93722],[129.3672,36.93493],[129.36445,36.9216],[129.36296,36.91915],[129.34914,36.91094],[129.33981,36.90835],[129.32925,36.89856],[129.32678,36.88869],[129.32348,36.88759],[129.32197,36.8769],[129.31321,36.87251],[129.31127,36.86352],[129.30731,36.86283],[129.30051,36.85401],[129.29407,36.8505],[129.29931,36.8436],[129.29867,36.83933],[129.30201,36.83574],[129.30154,36.82993],[129.29488,36.82488],[129.29187,36.82107],[129.28916,36.80819],[129.30063,36.79359],[129.3067,36.7923],[129.31171,36.78633],[129.3135,36.78089],[129.32084,36.78462],[129.33227,36.78342],[129.33894,36.78603],[129.34658,36.80374],[129.35182,36.80682],[129.36321,36.82034],[129.35988,36.82565],[129.35912,36.83482],[129.36668,36.83873],[129.36132,36.84364],[129.36589,36.85318],[129.37269,36.8558],[129.37442,36.86357],[129.39164,36.86505],[129.41498,36.86593],[129.42059,36.8708],[129.42129,36.87587],[129.41544,36.89007],[129.42095,36.8984],[129.41638,36.9101]]]},"properties":{"key":"경상북도|울진군|매화면","code":"4793040000"}},{"type":"Feature","geometry":{"type":"Polygon","coordinates":[[[130.8745,37.4534],[130.8756,37.4605],[130.87815,37.46524],[130.88387,37.47086],[130.89621,37.47558],[130.90218,37.47477],[130.90694,37.47645],[130.91378,37.48711],[130.9143,37.49434],[130.91941,37.51348],[130.91764,37.5187],[130.9125,37.52068],[130.90909,37.52837],[130.90259,37.52569],[130.90382,37.51938],[130.88966,37.51875],[130.88473,37.51989],[130.88545,37.51317],[130.8796,37.50634],[130.87245,37.50473],[130.86762,37.49839],[130.86556,37.49561],[130.86478,37.48548],[130.86668,37.47848],[130.86359,37.47218],[130.86795,37.46907],[130.86675,37.4637],[130.8745,37.4534]]]},"properties":{"key":"경상북도|울릉군|울릉읍","code":"4794025000"}},{"type":"Feature","geometry":{"type":"Polygon","coordinates":[[[130.80199,37.52052],[130.80064,37.52487],[130.79608,37.5254],[130.79123,37.51925],[130.80013,37.50759],[130.80488,37.5044],[130.80114,37.49087],[130.80196,37.48531],[130.80785,37.48252],[130.80922,37.47748],[130.81341,37.47423],[130.82653,37.47265],[130.83112,37.46658],[130.83826,37.46563],[130.84158,37.46304],[130.85041,37.46378],[130.85482,37.46029],[130.86286,37.46091],[130.8688,37.45885],[130.8745,37.4534],[130.86675,37.4637],[130.86795,37.46907],[130.86359,37.47218],[130.86668,37.47848],[130.86478,37.48548],[130.86556,37.49561],[130.86762,37.49839],[130.8513,37.50037],[130.84922,37.51213],[130.83758,37.51619],[130.81888,37.51698],[130.80199,37.52052]]]},"properties":{"key":"경상북도|울릉군|서면","code":"4794031000"}},{"type":"Feature","geometry":{"type":"Polygon","coordinates":[[[130.90909,37.52837],[130.91394,37.53556],[130.91323,37.54111],[130.90936,37.54816],[130.89897,37.54681],[130.89636,37.54228],[130.89166,37.5406],[130.88146,37.54356],[130.87591,37.54292],[130.86882,37.53708],[130.85217,37.53501],[130.84668,37.53622],[130.83186,37.52963],[130.82409,37.52867],[130.81352,37.52321],[130.80199,37.52052],[130.81888,37.51698],[130.83758,37.51619],[130.84922,37.51213],[130.8513,37.50037],[130.86762,37.49839],[130.87245,37.50473],[130.8796,37.50634],[130.88545,37.51317],[130.88473,37.51989],[130.88966,37.51875],[130.90382,37.51938],[130.90259,37.52569],[130.90909,37.52837]]]},"properties":{"key":"경상북도|울릉군|북면","code":"4794032000"}},{"type":"Feature","geometry":{"type":"Polygon","coordinates":[[[128.3795,36.12626],[128.37368,36.12471],[128.37061,36.12644],[128.36597,36.1222],[128.36633,36.11204],[128.36639,36.11087],[128.39599,36.11099],[128.39541,36.11636],[128.39135,36.12078],[128.3795,36.12626]]]},"properties":{"key":"경상북도|구미시|비산동","code":"4719061000"}},{"type":"Feature","geometry":{"type":"Polygon","coordinates":[[[128.36264,36.12801],[128.35151,36.12571],[128.33757,36.13222],[128.33128,36.13515],[128.32275,36.13161],[128.33698,36.12576],[128.34279,36.12342],[128.35863,36.11964],[128.35789,36.12565],[128.36281,36.12747],[128.36264,36.12801]]]},"properties":{"key":"경상북도|구미시|원평동","code":"4719053500"}}]}