{"type":"FeatureCollection","features":[{"type":"Feature","geometry":{"type":"Polygon","coordinates":[[[128.24737,35.12847],[128.24452,35.13603],[128.23468,35.13889],[128.2286,35.14253],[128.2279,35.14683],[128.22331,35.1513],[128.22107,35.15721],[128.21433,35.16122],[128.21719,35.16645],[128.21548,35.17314],[128.20549,35.1756],[128.20232,35.17957],[128.19956,35.19036],[128.19147,35.19209],[128.18626,35.18708],[128.18146,35.18569],[128.176,35.18117],[128.17452,35.17694],[128.16696,35.17589],[128.15395,35.18058],[128.15873,35.17313],[128.15084,35.17224],[128.14913,35.1698],[128.13781,35.16584],[128.13062,35.15924],[128.1299,35.15601],[128.13331,35.1492],[128.12968,35.14409],[128.14319,35.13949],[128.14835,35.13905],[128.15954,35.13271],[128.16969,35.13558],[128.16935,35.13929],[128.17947,35.14604],[128.18438,35.13782],[128.19236,35.13302],[128.19609,35.13728],[128.21134,35.14355],[128.22928,35.1324],[128.23706,35.13082],[128.24118,35.12651],[128.24737,35.12847]]]},"properties":{"code":"4817025000","name":"문산읍","parent":"48170"}},{"type":"Feature","geometry":{"type":"Polygon","coordinates":[[[128.08905,35.16048],[128.08855,35.16242],[128.07563,35.16457],[128.07343,35.16711],[128.06541,35.16769],[128.06159,35.1653],[128.05428,35.16107],[128.04757,35.15896],[128.03675,35.16122],[128.03071,35.16632],[128.02286,35.16269],[128.01891,35.15591],[128.01322,35.15601],[128.00924,35.16226],[128.00551,35.15948],[127.99398,35.15612],[128.00164,35.14859],[128.00056,35.14126],[128.00313,35.13364],[128.0011,35.12458],[128.00124,35.11737],[128.00466,35.11377],[128.01088,35.1116],[128.01936,35.11231],[128.0222,35.11415],[128.02458,35.12122],[128.028,35.12283],[128.03673,35.12019],[128.04395,35.12085],[128.04898,35.12477],[128.05019,35.13131],[128.0545,35.13005],[128.05754,35.13334],[128.07249,35.13937],[128.08623,35.1386],[128.09207,35.14323],[128.09611,35.14878],[128.09009,35.15659],[128.08905,35.16048]]]},"properties":{"code":"4817031000","name":"내동면","parent":"48170"}},{"type":"Feature","geometry":{"type":"Polygon","coordinates":[[[128.12968,35.14409],[128.12522,35.14368],[128.11199,35.14656],[128.10643,35.14338],[128.09756,35.14496],[128.09611,35.14878],[128.09207,35.14323],[128.08623,35.1386],[128.07249,35.13937],[128.05754,35.13334],[128.0545,35.13005],[128.06057,35.12808],[128.07087,35.12837],[128.07577,35.1232],[128.08679,35.12019],[128.09116,35.11586],[128.09149,35.11004],[128.08951,35.10472],[128.09107,35.10105],[128.09787,35.10647],[128.10822,35.10532],[128.12155,35.11465],[128.12854,35.1148],[128.13391,35.11702],[128.13857,35.1153],[128.14623,35.11524],[128.15413,35.11044],[128.15931,35.11172],[128.16324,35.11792],[128.15954,35.13271],[128.14835,35.13905],[128.14319,35.13949],[128.12968,35.14409]]]},"properties":{"code":"4817032000","name":"정촌면","parent":"48170"}},{"type":"Feature","geometry":{"type":"Polygon","coordinates":[[[128.24118,35.12651],[128.23706,35.13082],[128.22928,35.1324],[128.21134,35.14355],[128.19609,35.13728],[128.19236,35.13302],[128.18438,35.13782],[128.17947,35.14604],[128.16935,35.13929],[128.16969,35.13558],[128.15954,35.13271],[128.16324,35.11792],[128.15931,35.11172],[128.15413,35.11044],[128.15791,35.10132],[128.16309,35.10155],[128.16658,35.09688],[128.17302,35.0948],[128.16856,35.08869],[128.16868,35.08363],[128.16208,35.07964],[128.15283,35.08064],[128.14892,35.07515],[128.15248,35.07406],[128.15674,35.06589],[128.16293,35.06609],[128.1727,35.05194],[128.17905,35.05356],[128.18456,35.0503],[128.18889,35.05311],[128.19452,35.06345],[128.20212,35.06942],[128.21129,35.07386],[128.20315,35.07666],[128.19056,35.07669],[128.18738,35.08835],[128.1916,35.09805],[128.19721,35.09605],[128.20087,35.10019],[128.19834,35.10374],[128.20056,35.10803],[128.21284,35.11408],[128.22414,35.1136],[128.22868,35.11699],[128.23435,35.11696],[128.2414,35.12087],[128.24118,35.12651]]]},"properties":{"code":"4817033000","name":"금곡면","parent":"48170"}},{"type":"Feature","geometry":{"type":"Polygon","coordinates":[[[128.22176,35.21144],[128.21551,35.21376],[128.20248,35.22247],[128.19052,35.22],[128.19053,35.21557],[128.19418,35.20569],[128.18847,35.20348],[128.18604,35.19576],[128.19147,35.19209],[128.19956,35.19036],[128.20232,35.17957],[128.20549,35.1756],[128.21548,35.17314],[128.21719,35.16645],[128.21433,35.16122],[128.22107,35.15721],[128.22331,35.1513],[128.2279,35.14683],[128.2286,35.14253],[128.23468,35.13889],[128.24452,35.13603],[128.24737,35.12847],[128.25618,35.12669],[128.26397,35.12708],[128.26957,35.13172],[128.26607,35.13857],[128.25421,35.14813],[128.27067,35.15128],[128.26913,35.15689],[128.26314,35.16393],[128.26404,35.16604],[128.25388,35.17356],[128.25139,35.18266],[128.25163,35.19232],[128.24202,35.19246],[128.23251,35.1967],[128.22471,35.20509],[128.22176,35.21144]]]},"properties":{"code":"4817035000","name":"진성면","parent":"48170"}},{"type":"Feature","geometry":{"type":"Polygon","coordinates":[[[128.31055,35.17786],[128.30732,35.18359],[128.30163,35.18263],[128.29422,35.18741],[128.28905,35.18066],[128.28306,35.1798],[128.27281,35.1733],[128.25632,35.1743],[128.25388,35.17356],[128.26404,35.16604],[128.26314,35.16393],[128.26913,35.15689],[128.27067,35.15128],[128.25421,35.14813],[128.26607,35.13857],[128.26957,35.13172],[128.27242,35.13179],[128.28892,35.13142],[128.29981,35.12553],[128.30405,35.1271],[128.30238,35.14102],[128.30394,35.14822],[128.29652,35.15691],[128.29009,35.16083],[128.29456,35.16405],[128.29877,35.16354],[128.31104,35.16844],[128.30862,35.17645],[128.31055,35.17786]]]},"properties":{"code":"4817036000","name":"일반성면","parent":"48170"}},{"type":"Feature","geometry":{"type":"Polygon","coordinates":[[[128.36754,35.19413],[128.36009,35.20117],[128.3559,35.20754],[128.34992,35.20983],[128.34258,35.20759],[128.33806,35.20864],[128.32978,35.2067],[128.32805,35.19868],[128.31841,35.19823],[128.31989,35.18223],[128.31603,35.17757],[128.31055,35.17786],[128.30862,35.17645],[128.31104,35.16844],[128.29877,35.16354],[128.29456,35.16405],[128.29009,35.16083],[128.29652,35.15691],[128.30394,35.14822],[128.30238,35.14102],[128.30405,35.1271],[128.30696,35.12521],[128.31594,35.12955],[128.32406,35.12848],[128.32808,35.12435],[128.33283,35.12449],[128.33833,35.12792],[128.34795,35.12684],[128.3522,35.13392],[128.35773,35.13497],[128.35699,35.13854],[128.36211,35.14194],[128.35864,35.14687],[128.36219,35.1522],[128.36131,35.16231],[128.36511,35.17179],[128.3645,35.17808],[128.36684,35.18312],[128.36754,35.19413]]]},"properties":{"code":"4817037000","name":"이반성면","parent":"48170"}},{"type":"Feature","geometry":{"type":"Polygon","coordinates":[[[128.30577,35.22392],[128.2976,35.21536],[128.30129,35.20902],[128.29653,35.20619],[128.29108,35.21045],[128.28745,35.21683],[128.28088,35.21867],[128.27277,35.21209],[128.26681,35.21468],[128.26393,35.21103],[128.26437,35.20517],[128.25801,35.2022],[128.25209,35.21217],[128.24148,35.21965],[128.24082,35.22342],[128.23646,35.2275],[128.22883,35.21794],[128.22176,35.21144],[128.22471,35.20509],[128.23251,35.1967],[128.24202,35.19246],[128.25163,35.19232],[128.25139,35.18266],[128.25388,35.17356],[128.25632,35.1743],[128.27281,35.1733],[128.28306,35.1798],[128.28905,35.18066],[128.29422,35.18741],[128.30163,35.18263],[128.30732,35.18359],[128.31055,35.17786],[128.31603,35.17757],[128.31989,35.18223],[128.31841,35.19823],[128.32805,35.19868],[128.32978,35.2067],[128.32244,35.21341],[128.31827,35.22173],[128.30734,35.22168],[128.30577,35.22392]]]},"properties":{"code":"4817038000","name":"사봉면","parent":"48170"}},{"type":"Feature","geometry":{"type":"Polygon","coordinates":[[[128.27424,35.25737],[128.27296,35.25614],[128.26001,35.25733],[128.24811,35.25375],[128.23351,35.25419],[128.21919,35.26473],[128.21481,35.26269],[128.21215,35.26061],[128.21147,35.25307],[128.21334,35.24797],[128.21853,35.24333],[128.23355,35.24251],[128.23614,35.23922],[128.2379,35.23044],[128.23646,35.2275],[128.24082,35.22342],[128.24148,35.21965],[128.25209,35.21217],[128.25801,35.2022],[128.26437,35.20517],[128.26393,35.21103],[128.26681,35.21468],[128.27277,35.21209],[128.28088,35.21867],[128.28745,35.21683],[128.29108,35.21045],[128.29653,35.20619],[128.30129,35.20902],[128.2976,35.21536],[128.30577,35.22392],[128.3078,35.22916],[128.3036,35.23745],[128.29437,35.24107],[128.29899,35.24821],[128.29351,35.25352],[128.28595,35.25173],[128.27424,35.25737]]]},"properties":{"code":"4817039000","name":"지수면","parent":"48170"}},{"type":"Feature","geometry":{"type":"Polygon","coordinates":[[[128.16423,35.33614],[128.15444,35.33635],[128.15078,35.32878],[128.14644,35.32742],[128.14769,35.31635],[128.15141,35.30741],[128.15802,35.30438],[128.15521,35.29839],[128.15542,35.28945],[128.15183,35.28469],[128.1411,35.28256],[128.13584,35.28355],[128.13555,35.27388],[128.13192,35.27066],[128.13164,35.26583],[128.12386,35.26069],[128.12831,35.25993],[128.12867,35.25502],[128.12565,35.25167],[128.14118,35.23757],[128.14964,35.23809],[128.16392,35.24417],[128.1706,35.24255],[128.17382,35.23481],[128.17636,35.22413],[128.18456,35.21913],[128.19052,35.22],[128.20248,35.22247],[128.21551,35.21376],[128.22176,35.21144],[128.22883,35.21794],[128.23646,35.2275],[128.2379,35.23044],[128.23614,35.23922],[128.23355,35.24251],[128.21853,35.24333],[128.21334,35.24797],[128.21147,35.25307],[128.21215,35.26061],[128.21481,35.26269],[128.20927,35.26469],[128.20552,35.26285],[128.2011,35.25359],[128.19408,35.25628],[128.19507,35.26606],[128.19079,35.26753],[128.18986,35.27232],[128.18471,35.27537],[128.17861,35.28166],[128.17996,35.28513],[128.17417,35.29432],[128.17734,35.29775],[128.17277,35.30807],[128.17419,35.31475],[128.17763,35.31715],[128.17837,35.32247],[128.17295,35.328],[128.16423,35.33614]]]},"properties":{"code":"4817040000","name":"대곡면","parent":"48170"}},{"type":"Feature","geometry":{"type":"Polygon","coordinates":[[[128.19052,35.22],[128.18456,35.21913],[128.17636,35.22413],[128.17382,35.23481],[128.1706,35.24255],[128.16392,35.24417],[128.14964,35.23809],[128.14118,35.23757],[128.13338,35.23488],[128.12793,35.22807],[128.1265,35.21536],[128.13032,35.19573],[128.13109,35.18719],[128.13998,35.18364],[128.15214,35.18445],[128.15395,35.18058],[128.16696,35.17589],[128.17452,35.17694],[128.176,35.18117],[128.18146,35.18569],[128.18626,35.18708],[128.19147,35.19209],[128.18604,35.19576],[128.18847,35.20348],[128.19418,35.20569],[128.19053,35.21557],[128.19052,35.22]]]},"properties":{"code":"4817041000","name":"금산면","parent":"48170"}},{"type":"Feature","geometry":{"type":"Polygon","coordinates":[[[128.12386,35.26069],[128.1188,35.25855],[128.11037,35.2642],[128.10689,35.26302],[128.10119,35.27132],[128.09096,35.27529],[128.08675,35.28652],[128.08674,35.29805],[128.08263,35.30391],[128.06451,35.30383],[128.05754,35.30644],[128.05246,35.31288],[128.04559,35.30612],[128.05329,35.29805],[128.06049,35.28544],[128.06153,35.28091],[128.05616,35.27539],[128.06318,35.26269],[128.06064,35.25906],[128.06359,35.25368],[128.06368,35.24856],[128.06038,35.24382],[128.0602,35.23608],[128.05321,35.23143],[128.04993,35.22324],[128.05249,35.21594],[128.05036,35.21264],[128.05444,35.20938],[128.06252,35.21177],[128.06609,35.20901],[128.07102,35.2098],[128.072,35.21383],[128.06976,35.22092],[128.07413,35.22639],[128.07786,35.22728],[128.08444,35.22498],[128.08545,35.23091],[128.09445,35.22908],[128.10257,35.22009],[128.10883,35.21973],[128.11122,35.21729],[128.11906,35.21486],[128.1265,35.21536],[128.12793,35.22807],[128.13338,35.23488],[128.14118,35.23757],[128.12565,35.25167],[128.12867,35.25502],[128.12831,35.25993],[128.12386,35.26069]]]},"properties":{"code":"4817042000","name":"집현면","parent":"48170"}},{"type":"Feature","geometry":{"type":"Polygon","coordinates":[[[128.16423,35.33614],[128.16388,35.34179],[128.15846,35.34573],[128.15448,35.35108],[128.14526,35.34795],[128.13309,35.33883],[128.12404,35.33308],[128.11469,35.33086],[128.10748,35.33184],[128.10174,35.33528],[128.09441,35.33511],[128.08012,35.33679],[128.07454,35.33597],[128.0699,35.33248],[128.05878,35.33357],[128.05703,35.32899],[128.05027,35.32092],[128.05246,35.31288],[128.05754,35.30644],[128.06451,35.30383],[128.08263,35.30391],[128.08674,35.29805],[128.08675,35.28652],[128.09096,35.27529],[128.10119,35.27132],[128.10689,35.26302],[128.11037,35.2642],[128.1188,35.25855],[128.12386,35.26069],[128.13164,35.26583],[128.13192,35.27066],[128.13555,35.27388],[128.13584,35.28355],[128.1411,35.28256],[128.15183,35.28469],[128.15542,35.28945],[128.15521,35.29839],[128.15802,35.30438],[128.15141,35.30741],[128.14769,35.31635],[128.14644,35.32742],[128.15078,35.32878],[128.15444,35.33635],[128.16423,35.33614]]]},"properties":{"code":"4817043000","name":"미천면","parent":"48170"}},{"type":"Feature","geometry":{"type":"Polygon","coordinates":[[[128.04559,35.30612],[128.04069,35.30392],[128.03451,35.30785],[128.01508,35.30338],[128.01285,35.29931],[128.00644,35.29788],[128.00198,35.29053],[127.99586,35.28652],[127.98617,35.28688],[127.98416,35.28165],[127.98628,35.27731],[127.98325,35.27081],[127.97347,35.26975],[127.97207,35.25445],[127.96997,35.25135],[127.98477,35.23677],[127.99034,35.23623],[127.99105,35.22105],[127.98878,35.21473],[128.00377,35.20681],[128.00705,35.20338],[128.01926,35.2003],[128.02253,35.20723],[128.0318,35.20526],[128.0347,35.20931],[128.04021,35.21053],[128.05036,35.21264],[128.05249,35.21594],[128.04993,35.22324],[128.05321,35.23143],[128.0602,35.23608],[128.06038,35.24382],[128.06368,35.24856],[128.06359,35.25368],[128.06064,35.25906],[128.06318,35.26269],[128.05616,35.27539],[128.06153,35.28091],[128.06049,35.28544],[128.05329,35.29805],[128.04559,35.30612]]]},"properties":{"code":"4817044000","name":"명석면","parent":"48170"}},{"type":"Feature","geometry":{"type":"Polygon","coordinates":[[[128.01926,35.2003],[128.00705,35.20338],[128.00377,35.20681],[127.98878,35.21473],[127.99105,35.22105],[127.99034,35.23623],[127.98477,35.23677],[127.96997,35.25135],[127.96628,35.24623],[127.94739,35.24145],[127.94553,35.23703],[127.94936,35.22305],[127.94605,35.21985],[127.94661,35.21468],[127.9511,35.21004],[127.95252,35.20066],[127.95924,35.1942],[127.96059,35.18628],[127.959,35.17525],[127.96522,35.16705],[127.96818,35.15933],[127.97262,35.15592],[127.97996,35.15888],[127.98373,35.15663],[127.99398,35.15612],[128.00551,35.15948],[128.00924,35.16226],[127.99916,35.17549],[128.00182,35.1799],[128.00714,35.18368],[128.01528,35.18331],[128.02524,35.17848],[128.02748,35.18176],[128.02566,35.19135],[128.02275,35.19289],[128.01926,35.2003]]]},"properties":{"code":"4817045000","name":"대평면","parent":"48170"}},{"type":"Feature","geometry":{"type":"Polygon","coordinates":[[[127.94739,35.24145],[127.94483,35.24529],[127.93805,35.24965],[127.93219,35.25071],[127.92475,35.24922],[127.91953,35.25137],[127.91306,35.24365],[127.90899,35.22406],[127.90509,35.2227],[127.89767,35.22746],[127.89032,35.22649],[127.88793,35.21679],[127.88855,35.21345],[127.8939,35.21062],[127.89503,35.20545],[127.89347,35.19689],[127.89749,35.19492],[127.90719,35.18492],[127.91958,35.18042],[127.93784,35.1697],[127.93989,35.16635],[127.93697,35.15821],[127.9424,35.15559],[127.95009,35.15444],[127.95696,35.15749],[127.96483,35.15719],[127.96608,35.15422],[127.97262,35.15592],[127.96818,35.15933],[127.96522,35.16705],[127.959,35.17525],[127.96059,35.18628],[127.95924,35.1942],[127.95252,35.20066],[127.9511,35.21004],[127.94661,35.21468],[127.94605,35.21985],[127.94936,35.22305],[127.94553,35.23703],[127.94739,35.24145]]]},"properties":{"code":"4817046000","name":"수곡면","parent":"48170"}},{"type":"Feature","geometry":{"type":"Polygon","coordinates":[[[128.13062,35.18489],[128.11973,35.18552],[128.11951,35.18875],[128.1105,35.18671],[128.1024,35.19083],[128.09746,35.19124],[128.09484,35.18671],[128.10011,35.17821],[128.11234,35.17759],[128.13169,35.17918],[128.13062,35.18489]]]},"properties":{"code":"4817067300","name":"상대동","parent":"48170"}},{"type":"Feature","geometry":{"type":"Polygon","coordinates":[[[128.13032,35.19573],[128.11504,35.19628],[128.10832,35.19829],[128.09896,35.19659],[128.09746,35.19124],[128.1024,35.19083],[128.1105,35.18671],[128.11951,35.18875],[128.11973,35.18552],[128.13062,35.18489],[128.13109,35.18719],[128.13032,35.19573]]]},"properties":{"code":"4817067800","name":"하대동","parent":"48170"}},{"type":"Feature","geometry":{"type":"Polygon","coordinates":[[[128.13078,35.17481],[128.13169,35.17918],[128.11234,35.17759],[128.10011,35.17821],[128.09851,35.17185],[128.1011,35.16955],[128.11872,35.16692],[128.12333,35.16828],[128.13078,35.17481]]]},"properties":{"code":"4817068000","name":"상평동","parent":"48170"}},{"type":"Feature","geometry":{"type":"Polygon","coordinates":[[[128.1265,35.21536],[128.11906,35.21486],[128.11122,35.21729],[128.10883,35.21973],[128.10257,35.22009],[128.09445,35.22908],[128.08545,35.23091],[128.08444,35.22498],[128.07786,35.22728],[128.07413,35.22639],[128.06976,35.22092],[128.072,35.21383],[128.07102,35.2098],[128.07639,35.21095],[128.08242,35.2093],[128.08178,35.20386],[128.08855,35.20132],[128.09831,35.20006],[128.09896,35.19659],[128.10832,35.19829],[128.11504,35.19628],[128.13032,35.19573],[128.1265,35.21536]]]},"properties":{"code":"4817069500","name":"초장동","parent":"48170"}},{"type":"Feature","geometry":{"type":"Polygon","coordinates":[[[128.07325,35.17652],[128.06553,35.18028],[128.06508,35.18545],[128.06429,35.18396],[128.05192,35.18142],[128.05073,35.17484],[128.06159,35.1653],[128.06541,35.16769],[128.06974,35.17076],[128.07325,35.17652]]]},"properties":{"code":"4817071000","name":"평거동","parent":"48170"}},{"type":"Feature","geometry":{"type":"Polygon","coordinates":[[[128.07827,35.18632],[128.07313,35.18723],[128.06929,35.19136],[128.06335,35.18962],[128.06508,35.18545],[128.06553,35.18028],[128.07325,35.17652],[128.07376,35.18008],[128.07827,35.18632]]]},"properties":{"code":"4817071500","name":"신안동","parent":"48170"}},{"type":"Feature","geometry":{"type":"Polygon","coordinates":[[[128.05036,35.21264],[128.04021,35.21053],[128.03772,35.20564],[128.04383,35.19397],[128.05407,35.18649],[128.05192,35.18142],[128.06429,35.18396],[128.06508,35.18545],[128.06335,35.18962],[128.06929,35.19136],[128.0681,35.1943],[128.06217,35.19895],[128.06187,35.2066],[128.06609,35.20901],[128.06252,35.21177],[128.05444,35.20938],[128.05036,35.21264]]]},"properties":{"code":"4817072000","name":"이현동","parent":"48170"}},{"type":"Feature","geometry":{"type":"Polygon","coordinates":[[[128.05192,35.18142],[128.05407,35.18649],[128.04383,35.19397],[128.03772,35.20564],[128.04021,35.21053],[128.0347,35.20931],[128.0318,35.20526],[128.02253,35.20723],[128.01926,35.2003],[128.02275,35.19289],[128.02566,35.19135],[128.02748,35.18176],[128.02524,35.17848],[128.01528,35.18331],[128.00714,35.18368],[128.00182,35.1799],[127.99916,35.17549],[128.00924,35.16226],[128.01322,35.15601],[128.01891,35.15591],[128.02286,35.16269],[128.03071,35.16632],[128.03675,35.16122],[128.04757,35.15896],[128.05428,35.16107],[128.06159,35.1653],[128.05073,35.17484],[128.05192,35.18142]]]},"properties":{"code":"4817073000","name":"판문동","parent":"48170"}},{"type":"Feature","geometry":{"type":"Polygon","coordinates":[[[128.13781,35.16584],[128.13428,35.1731],[128.13078,35.17481],[128.12333,35.16828],[128.11872,35.16692],[128.1011,35.16955],[128.09978,35.16699],[128.09223,35.16576],[128.08905,35.16048],[128.09009,35.15659],[128.09611,35.14878],[128.09756,35.14496],[128.10643,35.14338],[128.11199,35.14656],[128.12522,35.14368],[128.12968,35.14409],[128.13331,35.1492],[128.1299,35.15601],[128.13062,35.15924],[128.13781,35.16584]]]},"properties":{"code":"4817074000","name":"가호동","parent":"48170"}},{"type":"Feature","geometry":{"type":"Polygon","coordinates":[[[128.09484,35.18671],[128.08987,35.19042],[128.08551,35.19045],[128.07827,35.18632],[128.07376,35.18008],[128.07325,35.17652],[128.06974,35.17076],[128.06541,35.16769],[128.07343,35.16711],[128.07563,35.16457],[128.08855,35.16242],[128.08905,35.16048],[128.09223,35.16576],[128.09978,35.16699],[128.1011,35.16955],[128.09851,35.17185],[128.10011,35.17821],[128.09484,35.18671]]]},"properties":{"code":"4817051500","name":"천전동","parent":"48170"}},{"type":"Feature","geometry":{"type":"Polygon","coordinates":[[[128.08551,35.19045],[128.08125,35.1983],[128.0681,35.1943],[128.06929,35.19136],[128.07313,35.18723],[128.07827,35.18632],[128.08551,35.19045]]]},"properties":{"code":"4817055500","name":"성북동","parent":"48170"}},{"type":"Feature","geometry":{"type":"Polygon","coordinates":[[[128.09896,35.19659],[128.09831,35.20006],[128.08855,35.20132],[128.08178,35.20386],[128.08125,35.1983],[128.08551,35.19045],[128.08987,35.19042],[128.09484,35.18671],[128.09746,35.19124],[128.09896,35.19659]]]},"properties":{"code":"4817056500","name":"중앙동","parent":"48170"}},{"type":"Feature","geometry":{"type":"Polygon","coordinates":[[[128.08178,35.20386],[128.08242,35.2093],[128.07639,35.21095],[128.07102,35.2098],[128.06609,35.20901],[128.06187,35.2066],[128.06217,35.19895],[128.0681,35.1943],[128.08125,35.1983],[128.08178,35.20386]]]},"properties":{"code":"4817059500","name":"상봉동","parent":"48170"}},{"type":"Feature","geometry":{"type":"Polygon","coordinates":[[[128.15395,35.18058],[128.15214,35.18445],[128.13998,35.18364],[128.13109,35.18719],[128.13062,35.18489],[128.13169,35.17918],[128.13078,35.17481],[128.13428,35.1731],[128.13781,35.16584],[128.14913,35.1698],[128.15084,35.17224],[128.15873,35.17313],[128.15395,35.18058]]]},"properties":{"code":"4817075000","name":"충무공동","parent":"48170"}},{"type":"Feature","geometry":{"type":"MultiPolygon","coordinates":[[[[128.42824,34.71961],[128.4281,34.73237],[128.42444,34.73201],[128.4227,34.72662],[128.42382,34.72199],[128.42824,34.71961]]],[[[128.40473,34.73706],[128.3993,34.74055],[128.39254,34.73547],[128.39764,34.73009],[128.40655,34.7296],[128.40473,34.73706]]],[[[128.42432,34.74945],[128.42626,34.75445],[128.42144,34.75494],[128.42128,34.74894],[128.41068,34.7473],[128.40263,34.75021],[128.39949,34.7477],[128.40455,34.74163],[128.41027,34.74541],[128.41651,34.7441],[128.42261,34.74597],[128.42432,34.74945]]],[[[128.30629,34.75386],[128.29451,34.76307],[128.28672,34.75928],[128.28843,34.75317],[128.29205,34.74825],[128.29776,34.74981],[128.29984,34.75342],[128.30629,34.75386]]],[[[128.37432,34.78226],[128.36258,34.78475],[128.36191,34.77982],[128.3555,34.77761],[128.35991,34.77422],[128.36349,34.77684],[128.37054,34.77542],[128.37432,34.78226]]],[[[128.3535,34.81998],[128.34658,34.81943],[128.35644,34.81278],[128.35993,34.81423],[128.35973,34.81893],[128.3535,34.81998]]],[[[128.3842,34.82932],[128.38729,34.81521],[128.38198,34.82054],[128.3824,34.82384],[128.37856,34.82912],[128.37002,34.83428],[128.36382,34.83505],[128.35562,34.83361],[128.35859,34.83968],[128.35358,34.84271],[128.34687,34.83998],[128.34892,34.83523],[128.33565,34.8263],[128.33617,34.81728],[128.34549,34.82536],[128.35627,34.82414],[128.36724,34.81842],[128.37876,34.81536],[128.37598,34.80712],[128.3806,34.8059],[128.37605,34.79832],[128.36841,34.80022],[128.36485,34.79522],[128.37336,34.79401],[128.3824,34.79721],[128.38311,34.79443],[128.39121,34.7866],[128.38675,34.78242],[128.39032,34.77942],[128.39713,34.77854],[128.39468,34.77462],[128.39759,34.76945],[128.40662,34.76838],[128.40619,34.76249],[128.41451,34.76276],[128.42101,34.7653],[128.42374,34.76202],[128.42847,34.77334],[128.43565,34.78184],[128.42558,34.78832],[128.42144,34.78841],[128.42082,34.79355],[128.43432,34.78903],[128.44015,34.79449],[128.43698,34.79914],[128.44115,34.80206],[128.44196,34.80878],[128.43946,34.81345],[128.44026,34.82287],[128.43294,34.81983],[128.42758,34.82114],[128.41982,34.81704],[128.41711,34.81093],[128.40734,34.81731],[128.39764,34.81587],[128.38884,34.82027],[128.3842,34.82932]]]]},"properties":{"code":"4822025000","name":"산양읍","parent":"48220"}},{"type":"Feature","geometry":{"type":"MultiPolygon","coordinates":[[[[128.44858,34.84551],[128.45222,34.84657],[128.4513,34.85269],[128.453,34.85739],[128.44717,34.86286],[128.44692,34.86562],[128.45651,34.86512],[128.45607,34.88187],[128.46051,34.87979],[128.4602,34.8728],[128.46731,34.87194],[128.46778,34.88197],[128.47127,34.88457],[128.46417,34.89426],[128.46514,34.89888],[128.45924,34.89839],[128.45404,34.90062],[128.4608,34.90499],[128.45298,34.91015],[128.45361,34.91324],[128.44027,34.91339],[128.44586,34.90573],[128.45112,34.90295],[128.44405,34.9001],[128.44152,34.8905],[128.43182,34.88833],[128.43055,34.88449],[128.43426,34.88094],[128.42158,34.87396],[128.41654,34.86924],[128.42893,34.86638],[128.43192,34.86238],[128.4365,34.8615],[128.44123,34.85767],[128.44015,34.85407],[128.44412,34.85197],[128.44858,34.84551]]],[[[128.47479,34.91801],[128.47112,34.92053],[128.46575,34.91587],[128.46382,34.91079],[128.46614,34.90576],[128.47649,34.90463],[128.47958,34.90919],[128.47259,34.91489],[128.47479,34.91801]]],[[[128.48992,34.93522],[128.4842,34.93363],[128.48713,34.92894],[128.49168,34.93112],[128.48992,34.93522]]]]},"properties":{"code":"4822031000","name":"용남면","parent":"48220"}},{"type":"Feature","geometry":{"type":"Polygon","coordinates":[[[128.34224,34.9251],[128.34706,34.92414],[128.34862,34.91944],[128.35549,34.9093],[128.34627,34.90486],[128.33889,34.90852],[128.33248,34.90886],[128.32033,34.90687],[128.31757,34.90917],[128.30865,34.90881],[128.29844,34.90252],[128.29999,34.89809],[128.30533,34.89705],[128.30979,34.89256],[128.31085,34.887],[128.3163,34.88359],[128.3219,34.88319],[128.32838,34.87541],[128.33736,34.87722],[128.34132,34.87435],[128.34884,34.87309],[128.35486,34.87547],[128.35575,34.87075],[128.36352,34.86979],[128.3682,34.8722],[128.37253,34.86878],[128.37672,34.87127],[128.3724,34.87552],[128.37491,34.88141],[128.38029,34.88556],[128.37618,34.89104],[128.38021,34.89518],[128.38763,34.89551],[128.39174,34.89847],[128.39302,34.90276],[128.3978,34.90614],[128.39716,34.91165],[128.39052,34.91928],[128.38897,34.92516],[128.38172,34.92928],[128.38715,34.93901],[128.38272,34.94742],[128.37047,34.94618],[128.34754,34.93989],[128.34416,34.93735],[128.34653,34.93283],[128.34224,34.9251]]]},"properties":{"code":"4822033000","name":"도산면","parent":"48220"}},{"type":"Feature","geometry":{"type":"Polygon","coordinates":[[[128.42158,34.87396],[128.42353,34.8835],[128.42059,34.89474],[128.42626,34.90287],[128.42373,34.9087],[128.43074,34.91407],[128.431,34.92183],[128.42935,34.92815],[128.43404,34.93185],[128.42865,34.93629],[128.42613,34.94178],[128.43148,34.94421],[128.43145,34.95685],[128.44021,34.96232],[128.44294,34.97281],[128.43231,34.97648],[128.42346,34.97532],[128.41558,34.96667],[128.40521,34.96862],[128.40047,34.9643],[128.39264,34.96353],[128.38896,34.96084],[128.39114,34.95188],[128.38342,34.94846],[128.38272,34.94742],[128.38715,34.93901],[128.38172,34.92928],[128.38897,34.92516],[128.39052,34.91928],[128.39716,34.91165],[128.3978,34.90614],[128.39302,34.90276],[128.39174,34.89847],[128.38763,34.89551],[128.38021,34.89518],[128.37618,34.89104],[128.38071,34.88899],[128.38479,34.88177],[128.3815,34.87765],[128.38095,34.87289],[128.38478,34.86847],[128.40559,34.86559],[128.41578,34.86718],[128.41654,34.86924],[128.42158,34.87396]]]},"properties":{"code":"4822034000","name":"광도면","parent":"48220"}},{"type":"Feature","geometry":{"type":"MultiPolygon","coordinates":[[[[128.43608,34.53732],[128.44626,34.54386],[128.44504,34.54857],[128.4351,34.54009],[128.43608,34.53732]]],[[[128.18796,34.56515],[128.19008,34.57177],[128.18589,34.57232],[128.18796,34.56515]]],[[[128.30624,34.6245],[128.29782,34.62132],[128.29874,34.61827],[128.30912,34.61631],[128.30624,34.6245]]],[[[128.23564,34.65189],[128.2285,34.64749],[128.235,34.64374],[128.23004,34.63999],[128.22368,34.63815],[128.22515,34.63247],[128.23463,34.62863],[128.24224,34.62393],[128.24248,34.61969],[128.2366,34.61732],[128.23281,34.61348],[128.23913,34.61087],[128.24513,34.61289],[128.245,34.619],[128.25852,34.62092],[128.26185,34.62654],[128.26638,34.62694],[128.27715,34.61932],[128.2861,34.62164],[128.28738,34.62663],[128.2966,34.63138],[128.2938,34.63422],[128.29752,34.64028],[128.29037,34.64101],[128.28441,34.63857],[128.27886,34.6338],[128.27847,34.62821],[128.27466,34.62478],[128.2658,34.63208],[128.26608,34.63526],[128.27321,34.63532],[128.27411,34.64],[128.26621,34.64461],[128.25877,34.64492],[128.25172,34.64999],[128.24264,34.6526],[128.23564,34.65189]]],[[[128.35288,34.65192],[128.34408,34.64958],[128.34353,34.6452],[128.34909,34.63974],[128.35603,34.63883],[128.36216,34.64281],[128.36725,34.63867],[128.37339,34.63725],[128.38135,34.64028],[128.37885,34.64487],[128.3735,34.64139],[128.3677,34.64295],[128.36777,34.64624],[128.36042,34.64749],[128.35288,34.65192]]],[[[128.34146,34.6623],[128.34158,34.65786],[128.35073,34.65528],[128.3479,34.66234],[128.34146,34.6623]]],[[[128.25714,34.66568],[128.25474,34.6682],[128.24548,34.66293],[128.25373,34.66193],[128.25714,34.66568]]],[[[128.25244,34.6775],[128.23559,34.67688],[128.23322,34.6705],[128.24193,34.67113],[128.24653,34.66946],[128.25554,34.67099],[128.25244,34.6775]]],[[[128.18242,34.70914],[128.17621,34.71159],[128.1674,34.70512],[128.17211,34.69807],[128.18404,34.69038],[128.19298,34.69226],[128.19764,34.6885],[128.20225,34.69108],[128.20179,34.70125],[128.19923,34.70595],[128.19118,34.71127],[128.18242,34.70914]]]]},"properties":{"code":"4822035000","name":"욕지면","parent":"48220"}},{"type":"Feature","geometry":{"type":"MultiPolygon","coordinates":[[[[128.55175,34.62184],[128.55635,34.6283],[128.54925,34.63071],[128.54541,34.62789],[128.55175,34.62184]]],[[[128.58018,34.64507],[128.58026,34.65009],[128.5758,34.64984],[128.57048,34.641],[128.55988,34.63556],[128.56377,34.63229],[128.57161,34.63324],[128.57774,34.64012],[128.58018,34.64507]]],[[[128.58363,34.68068],[128.57901,34.68813],[128.57396,34.68252],[128.58363,34.68068]]],[[[128.55459,34.71852],[128.56039,34.70718],[128.56637,34.70728],[128.55978,34.71588],[128.55459,34.71852]]],[[[128.52963,34.7352],[128.5229,34.73303],[128.52159,34.72728],[128.52964,34.72705],[128.53543,34.72893],[128.53639,34.73335],[128.52963,34.7352]]],[[[128.47075,34.73067],[128.46533,34.7355],[128.45434,34.7273],[128.4587,34.722],[128.45782,34.71588],[128.45061,34.71383],[128.44767,34.70841],[128.4511,34.70417],[128.45688,34.70235],[128.46293,34.70421],[128.46793,34.70824],[128.46119,34.71639],[128.47159,34.72847],[128.47075,34.73067]]],[[[128.49865,34.74553],[128.49419,34.75038],[128.48512,34.74526],[128.47548,34.74673],[128.46627,34.74247],[128.46999,34.73968],[128.48081,34.73959],[128.48769,34.73429],[128.49545,34.73144],[128.50208,34.7381],[128.50442,34.73209],[128.51435,34.7343],[128.5146,34.73683],[128.50613,34.74027],[128.50184,34.74],[128.49865,34.74553]]],[[[128.51736,34.766],[128.50924,34.76487],[128.51095,34.75875],[128.51638,34.75859],[128.52466,34.75469],[128.53049,34.75583],[128.55216,34.74791],[128.56081,34.75121],[128.55871,34.75998],[128.54782,34.76147],[128.54189,34.76075],[128.53804,34.75688],[128.52999,34.75833],[128.52851,34.7647],[128.51736,34.766]]],[[[128.5203,34.79201],[128.51934,34.79822],[128.51334,34.79819],[128.51275,34.79356],[128.5203,34.79201]]],[[[128.50271,34.80199],[128.49806,34.8024],[128.49792,34.79672],[128.49476,34.79143],[128.50442,34.78954],[128.5077,34.79937],[128.50271,34.80199]]],[[[128.48377,34.81578],[128.46823,34.81766],[128.46413,34.81148],[128.4681,34.80572],[128.47289,34.80373],[128.47281,34.79692],[128.46252,34.8059],[128.46285,34.79102],[128.45978,34.78607],[128.46476,34.78167],[128.46879,34.78285],[128.4733,34.77103],[128.46949,34.7627],[128.47569,34.75931],[128.47856,34.76216],[128.48427,34.75791],[128.49173,34.7574],[128.50404,34.76636],[128.50862,34.76665],[128.51061,34.77056],[128.51094,34.77891],[128.49751,34.78183],[128.49333,34.7862],[128.4898,34.79574],[128.49156,34.80211],[128.48517,34.80737],[128.48955,34.8123],[128.48509,34.81362],[128.4824,34.8087],[128.4784,34.81258],[128.48377,34.81578]]]]},"properties":{"code":"4822036000","name":"한산면","parent":"48220"}},{"type":"Feature","geometry":{"type":"MultiPolygon","coordinates":[[[[128.13588,34.83426],[128.13288,34.8361],[128.12587,34.83492],[128.12511,34.82994],[128.12927,34.82559],[128.13573,34.82335],[128.14168,34.82459],[128.14366,34.83133],[128.13588,34.83426]]],[[[128.23775,34.83796],[128.23653,34.8415],[128.22846,34.84019],[128.2252,34.83797],[128.21749,34.83906],[128.2119,34.83072],[128.20672,34.82739],[128.2049,34.82219],[128.20023,34.82472],[128.19839,34.81795],[128.21357,34.81512],[128.20903,34.81093],[128.21332,34.80679],[128.22388,34.80777],[128.22258,34.80247],[128.22551,34.79976],[128.2377,34.80064],[128.24284,34.7952],[128.24606,34.79916],[128.24299,34.80841],[128.24579,34.80982],[128.25476,34.80806],[128.26033,34.80916],[128.26387,34.81842],[128.24991,34.82491],[128.24531,34.83272],[128.23775,34.83796]]],[[[128.20307,34.85902],[128.1971,34.85987],[128.17048,34.85377],[128.16732,34.85116],[128.16678,34.84353],[128.17208,34.83837],[128.18341,34.83641],[128.179,34.83152],[128.18171,34.82671],[128.18984,34.82585],[128.19911,34.83157],[128.20044,34.83948],[128.20647,34.84278],[128.22244,34.84405],[128.22848,34.84177],[128.23295,34.84523],[128.22309,34.8524],[128.21051,34.85224],[128.21047,34.85545],[128.20307,34.85902]]]]},"properties":{"code":"4822037000","name":"사량면","parent":"48220"}},{"type":"Feature","geometry":{"type":"Polygon","coordinates":[[[128.4175,34.86006],[128.41333,34.859],[128.40668,34.86168],[128.39397,34.86367],[128.39048,34.86321],[128.38964,34.85636],[128.39422,34.84914],[128.39882,34.84625],[128.40915,34.84891],[128.41652,34.84311],[128.41819,34.83774],[128.42248,34.83815],[128.41875,34.84815],[128.42064,34.85064],[128.416,34.85581],[128.41808,34.85926],[128.4175,34.86006]]]},"properties":{"code":"4822053000","name":"명정동","parent":"48220"}},{"type":"Feature","geometry":{"type":"Polygon","coordinates":[[[128.42064,34.85064],[128.41875,34.84815],[128.42248,34.83815],[128.42634,34.83876],[128.42559,34.84453],[128.42815,34.84946],[128.42064,34.85064]]]},"properties":{"code":"4822055000","name":"중앙동","parent":"48220"}},{"type":"Feature","geometry":{"type":"Polygon","coordinates":[[[128.44858,34.84551],[128.44412,34.85197],[128.44015,34.85407],[128.43163,34.85175],[128.42815,34.84946],[128.42559,34.84453],[128.42758,34.83948],[128.43497,34.84365],[128.44122,34.84252],[128.44858,34.84551]]]},"properties":{"code":"4822059000","name":"정량동","parent":"48220"}},{"type":"Feature","geometry":{"type":"Polygon","coordinates":[[[128.43163,34.85175],[128.42857,34.85752],[128.41808,34.85926],[128.416,34.85581],[128.42064,34.85064],[128.42815,34.84946],[128.43163,34.85175]]]},"properties":{"code":"4822060000","name":"북신동","parent":"48220"}},{"type":"Feature","geometry":{"type":"Polygon","coordinates":[[[128.44015,34.85407],[128.44123,34.85767],[128.4365,34.8615],[128.43192,34.86238],[128.42893,34.86638],[128.41654,34.86924],[128.41578,34.86718],[128.42049,34.86213],[128.4175,34.86006],[128.41808,34.85926],[128.42857,34.85752],[128.43163,34.85175],[128.44015,34.85407]]]},"properties":{"code":"4822070000","name":"무전동","parent":"48220"}},{"type":"Feature","geometry":{"type":"Polygon","coordinates":[[[128.41819,34.83774],[128.41652,34.84311],[128.40915,34.84891],[128.39882,34.84625],[128.39422,34.84914],[128.38964,34.85636],[128.39048,34.86321],[128.3774,34.85166],[128.37101,34.85281],[128.36956,34.8489],[128.38281,34.84376],[128.3881,34.83942],[128.37959,34.83773],[128.38583,34.83302],[128.40203,34.83601],[128.4046,34.83188],[128.41249,34.8343],[128.41819,34.83774]]]},"properties":{"code":"4822051000","name":"도천동","parent":"48220"}},{"type":"Feature","geometry":{"type":"Polygon","coordinates":[[[128.40734,34.81731],[128.41334,34.82559],[128.41249,34.8343],[128.4046,34.83188],[128.39422,34.82485],[128.3842,34.82932],[128.38884,34.82027],[128.39764,34.81587],[128.40734,34.81731]]]},"properties":{"code":"4822066500","name":"미수동","parent":"48220"}},{"type":"Feature","geometry":{"type":"Polygon","coordinates":[[[128.44026,34.82287],[128.43854,34.82982],[128.43051,34.82936],[128.42322,34.83319],[128.42248,34.83815],[128.41819,34.83774],[128.41249,34.8343],[128.41334,34.82559],[128.40734,34.81731],[128.41711,34.81093],[128.41982,34.81704],[128.42758,34.82114],[128.43294,34.81983],[128.44026,34.82287]]]},"properties":{"code":"4822067000","name":"봉평동","parent":"48220"}},{"type":"Feature","geometry":{"type":"Polygon","coordinates":[[[128.15413,35.11044],[128.14623,35.11524],[128.13857,35.1153],[128.13391,35.11702],[128.12854,35.1148],[128.12155,35.11465],[128.10822,35.10532],[128.108,35.09841],[128.09975,35.09404],[128.09367,35.09594],[128.07079,35.09958],[128.06697,35.09514],[128.06011,35.09291],[128.05647,35.08733],[128.05876,35.08443],[128.05599,35.08037],[128.05846,35.07678],[128.0731,35.07704],[128.07853,35.06728],[128.08655,35.07986],[128.09221,35.07465],[128.09756,35.07417],[128.09925,35.08079],[128.11017,35.08329],[128.11808,35.07643],[128.12783,35.07841],[128.13159,35.07514],[128.14892,35.07515],[128.15283,35.08064],[128.16208,35.07964],[128.16868,35.08363],[128.16856,35.08869],[128.17302,35.0948],[128.16658,35.09688],[128.16309,35.10155],[128.15791,35.10132],[128.15413,35.11044]]]},"properties":{"code":"4824025000","name":"사천읍","parent":"48240"}},{"type":"Feature","geometry":{"type":"Polygon","coordinates":[[[128.14892,35.07515],[128.13159,35.07514],[128.12783,35.07841],[128.11808,35.07643],[128.11017,35.08329],[128.09925,35.08079],[128.09756,35.07417],[128.09221,35.07465],[128.08655,35.07986],[128.07853,35.06728],[128.0811,35.06086],[128.09,35.05643],[128.09861,35.05679],[128.10511,35.05444],[128.10621,35.0518],[128.11598,35.04531],[128.13392,35.03611],[128.14064,35.02671],[128.14557,35.0176],[128.14487,35.01085],[128.15499,34.99994],[128.16007,34.99602],[128.16615,34.99427],[128.1578,35.00692],[128.16264,35.02739],[128.1651,35.02986],[128.17259,35.03111],[128.18128,35.0399],[128.18456,35.0503],[128.17905,35.05356],[128.1727,35.05194],[128.16293,35.06609],[128.15674,35.06589],[128.15248,35.07406],[128.14892,35.07515]]]},"properties":{"code":"4824031000","name":"정동면","parent":"48240"}},{"type":"Feature","geometry":{"type":"Polygon","coordinates":[[[128.07853,35.06728],[128.0731,35.07704],[128.05846,35.07678],[128.04541,35.06745],[128.03915,35.056],[128.0385,35.04871],[128.0415,35.04702],[128.04311,35.05028],[128.04899,35.04753],[128.05605,35.0491],[128.06349,35.04604],[128.07498,35.04757],[128.07955,35.04582],[128.08171,35.03939],[128.08515,35.03686],[128.08701,35.03148],[128.10786,35.01585],[128.11009,35.00971],[128.11084,35.00093],[128.11599,34.99437],[128.11398,34.98656],[128.11868,34.9798],[128.12239,34.97024],[128.13481,34.97061],[128.13352,34.97915],[128.13934,34.98367],[128.14374,34.98955],[128.14821,34.99131],[128.15608,34.98974],[128.16627,34.98326],[128.17053,34.98606],[128.16615,34.99427],[128.16007,34.99602],[128.15499,34.99994],[128.14487,35.01085],[128.14557,35.0176],[128.14064,35.02671],[128.13392,35.03611],[128.11598,35.04531],[128.10621,35.0518],[128.10511,35.05444],[128.09861,35.05679],[128.09,35.05643],[128.0811,35.06086],[128.07853,35.06728]]]},"properties":{"code":"4824032000","name":"사남면","parent":"48240"}},{"type":"Feature","geometry":{"type":"Polygon","coordinates":[[[128.11084,35.00093],[128.11009,35.00971],[128.10786,35.01585],[128.08701,35.03148],[128.08515,35.03686],[128.08171,35.03939],[128.07955,35.04582],[128.07498,35.04757],[128.06349,35.04604],[128.05605,35.0491],[128.04899,35.04753],[128.04311,35.05028],[128.0415,35.04702],[128.03837,35.03796],[128.04218,35.03181],[128.03452,35.02318],[128.03669,35.01872],[128.04339,35.02459],[128.04976,35.01613],[128.04894,35.0115],[128.03957,35.00301],[128.03867,34.99271],[128.06657,34.99294],[128.08064,34.9978],[128.08486,35.00125],[128.0962,35.00452],[128.11084,35.00093]]]},"properties":{"code":"4824033000","name":"용현면","parent":"48240"}},{"type":"Feature","geometry":{"type":"Polygon","coordinates":[[[128.0545,35.13005],[128.05019,35.13131],[128.04898,35.12477],[128.04395,35.12085],[128.03673,35.12019],[128.028,35.12283],[128.02458,35.12122],[128.0222,35.11415],[128.0288,35.10804],[128.03003,35.09921],[128.03735,35.09275],[128.0351,35.08827],[128.0374,35.0844],[128.03353,35.07976],[128.04233,35.07397],[128.05242,35.07954],[128.05647,35.08733],[128.06011,35.09291],[128.06697,35.09514],[128.07079,35.09958],[128.09367,35.09594],[128.09975,35.09404],[128.108,35.09841],[128.10822,35.10532],[128.09787,35.10647],[128.09107,35.10105],[128.08951,35.10472],[128.09149,35.11004],[128.09116,35.11586],[128.08679,35.12019],[128.07577,35.1232],[128.07087,35.12837],[128.06057,35.12808],[128.0545,35.13005]]]},"properties":{"code":"4824034000","name":"축동면","parent":"48240"}},{"type":"Feature","geometry":{"type":"Polygon","coordinates":[[[128.04233,35.07397],[128.03353,35.07976],[128.0374,35.0844],[128.0351,35.08827],[128.03735,35.09275],[128.03003,35.09921],[128.0288,35.10804],[128.0222,35.11415],[128.01936,35.11231],[128.01088,35.1116],[128.00466,35.11377],[127.98971,35.10756],[127.98211,35.10061],[127.98332,35.09703],[127.97781,35.09008],[127.9743,35.08194],[127.96564,35.09127],[127.95925,35.09568],[127.95135,35.0974],[127.94829,35.09511],[127.94771,35.09016],[127.95829,35.07913],[127.95482,35.07633],[127.95692,35.06946],[127.95174,35.06997],[127.94612,35.06375],[127.94338,35.06455],[127.93632,35.07653],[127.92661,35.07797],[127.92368,35.08066],[127.91738,35.08087],[127.91251,35.0885],[127.90174,35.08749],[127.89162,35.08642],[127.89553,35.07978],[127.90326,35.07973],[127.91196,35.07374],[127.91446,35.0647],[127.92225,35.06209],[127.92526,35.05354],[127.93083,35.04675],[127.9344,35.04287],[127.93898,35.04271],[127.94551,35.04741],[127.95825,35.04611],[127.96339,35.04874],[127.96987,35.0451],[127.97215,35.04649],[127.975,35.03462],[127.97708,35.03365],[127.98181,35.03582],[127.98531,35.04517],[127.99469,35.04565],[128.00222,35.04215],[128.00315,35.0349],[128.00874,35.03031],[128.01481,35.02812],[128.02285,35.02954],[128.02606,35.03341],[128.02768,35.04368],[128.03134,35.04962],[128.02643,35.05467],[128.02886,35.0592],[128.035,35.0623],[128.03271,35.06845],[128.04088,35.07117],[128.04233,35.07397]]]},"properties":{"code":"4824035000","name":"곤양면","parent":"48240"}},{"type":"Feature","geometry":{"type":"Polygon","coordinates":[[[127.99398,35.15612],[127.98373,35.15663],[127.97996,35.15888],[127.97262,35.15592],[127.96608,35.15422],[127.96483,35.15719],[127.95696,35.15749],[127.95009,35.15444],[127.9424,35.15559],[127.93165,35.14943],[127.92141,35.15015],[127.90965,35.14845],[127.89873,35.15668],[127.89657,35.15284],[127.88852,35.15105],[127.88568,35.14735],[127.87942,35.14489],[127.88598,35.13028],[127.88976,35.13068],[127.89604,35.12602],[127.90262,35.12511],[127.91034,35.11993],[127.90984,35.11524],[127.8998,35.10974],[127.90245,35.10319],[127.90957,35.09749],[127.90233,35.09439],[127.90174,35.08749],[127.91251,35.0885],[127.91738,35.08087],[127.92368,35.08066],[127.92661,35.07797],[127.93632,35.07653],[127.94338,35.06455],[127.94612,35.06375],[127.95174,35.06997],[127.95692,35.06946],[127.95482,35.07633],[127.95829,35.07913],[127.94771,35.09016],[127.94829,35.09511],[127.95135,35.0974],[127.95925,35.09568],[127.96564,35.09127],[127.9743,35.08194],[127.97781,35.09008],[127.98332,35.09703],[127.98211,35.10061],[127.98971,35.10756],[128.00466,35.11377],[128.00124,35.11737],[128.0011,35.12458],[128.00313,35.13364],[128.00056,35.14126],[128.00164,35.14859],[127.99398,35.15612]]]},"properties":{"code":"4824036000","name":"곤명면","parent":"48240"}},{"type":"Feature","geometry":{"type":"MultiPolygon","coordinates":[[[[127.965,34.98213],[127.96235,34.98037],[127.96412,34.97099],[127.97263,34.96602],[127.98193,34.96348],[127.98408,34.96584],[127.99058,34.96574],[127.99528,34.97044],[127.98034,34.97267],[127.97359,34.98032],[127.965,34.98213]]],[[[127.97708,35.03365],[127.975,35.03462],[127.97215,35.04649],[127.96987,35.0451],[127.96339,35.04874],[127.95825,35.04611],[127.94551,35.04741],[127.93898,35.04271],[127.9344,35.04287],[127.93083,35.04675],[127.92369,35.04188],[127.92301,35.03367],[127.92435,35.03017],[127.92255,35.01404],[127.92849,35.01273],[127.93239,35.00611],[127.94009,35.00422],[127.94275,34.99847],[127.9337,34.99605],[127.93172,34.99284],[127.93529,34.98594],[127.9348,34.98182],[127.94779,34.97667],[127.94898,34.98313],[127.95277,34.98603],[127.95718,34.98408],[127.96243,34.99263],[127.97203,34.99376],[127.97416,34.99019],[127.97378,34.98469],[127.98276,34.97771],[127.98831,34.97695],[127.99182,34.98229],[127.9878,34.98546],[127.98933,34.98919],[127.99739,34.99599],[128.00814,34.98233],[128.00963,34.98485],[128.00747,34.99493],[128.01538,34.99223],[128.02019,35.00391],[128.01893,35.01007],[128.00837,35.01342],[128.01015,35.01683],[128.00917,35.02251],[127.99597,35.03182],[127.99709,35.03728],[127.98752,35.03888],[127.9858,35.03245],[127.97708,35.03365]]]]},"properties":{"code":"4824037000","name":"서포면","parent":"48240"}},{"type":"Feature","geometry":{"type":"MultiPolygon","coordinates":[[[[128.08445,34.896],[128.07956,34.90105],[128.07516,34.91091],[128.07165,34.90891],[128.07323,34.89429],[128.07112,34.88802],[128.07509,34.88569],[128.07669,34.89449],[128.08445,34.896]]],[[[128.06639,34.95102],[128.05972,34.95594],[128.05319,34.95876],[128.04635,34.95798],[128.04216,34.95356],[128.03272,34.95843],[128.0297,34.95638],[128.03843,34.94664],[128.03954,34.94163],[128.05334,34.92963],[128.06891,34.92571],[128.07198,34.92716],[128.06991,34.94199],[128.06617,34.94588],[128.06639,34.95102]]]]},"properties":{"code":"4824051000","name":"동서동","parent":"48240"}},{"type":"Feature","geometry":{"type":"Polygon","coordinates":[[[128.08726,34.96283],[128.08573,34.96485],[128.07773,34.96429],[128.06639,34.95102],[128.06617,34.94588],[128.06991,34.94199],[128.07198,34.92716],[128.07185,34.92601],[128.07649,34.92847],[128.07711,34.93544],[128.07806,34.94656],[128.08178,34.95154],[128.08904,34.95552],[128.08726,34.96283]]]},"properties":{"code":"4824052000","name":"선구동","parent":"48240"}},{"type":"Feature","geometry":{"type":"Polygon","coordinates":[[[128.08551,34.93443],[128.07711,34.93544],[128.07649,34.92847],[128.07185,34.92601],[128.08613,34.92672],[128.08551,34.93443]]]},"properties":{"code":"4824053000","name":"동서금동","parent":"48240"}},{"type":"Feature","geometry":{"type":"Polygon","coordinates":[[[128.11398,34.98656],[128.10925,34.98666],[128.09873,34.98035],[128.0938,34.97353],[128.08384,34.97435],[128.08243,34.9695],[128.0914,34.96961],[128.09174,34.96596],[128.08726,34.96283],[128.08904,34.95552],[128.08178,34.95154],[128.07806,34.94656],[128.07711,34.93544],[128.08551,34.93443],[128.08629,34.93798],[128.0923,34.93918],[128.09201,34.94697],[128.10112,34.95394],[128.11097,34.95737],[128.12239,34.97024],[128.11868,34.9798],[128.11398,34.98656]]]},"properties":{"code":"4824055000","name":"벌용동","parent":"48240"}},{"type":"Feature","geometry":{"type":"Polygon","coordinates":[[[128.13481,34.97061],[128.12239,34.97024],[128.11097,34.95737],[128.10112,34.95394],[128.09201,34.94697],[128.0923,34.93918],[128.08629,34.93798],[128.08551,34.93443],[128.08613,34.92672],[128.08547,34.91807],[128.08931,34.91854],[128.09573,34.92633],[128.10788,34.92235],[128.1109,34.92417],[128.1194,34.92189],[128.11625,34.92631],[128.11433,34.93374],[128.12267,34.93887],[128.12317,34.94901],[128.13168,34.95815],[128.13429,34.96357],[128.13481,34.97061]]]},"properties":{"code":"4824057000","name":"향촌동","parent":"48240"}},{"type":"Feature","geometry":{"type":"Polygon","coordinates":[[[128.11084,35.00093],[128.0962,35.00452],[128.08486,35.00125],[128.08064,34.9978],[128.06657,34.99294],[128.03867,34.99271],[128.0443,34.98554],[128.04539,34.98028],[128.05226,34.97748],[128.04562,34.9672],[128.03272,34.95843],[128.04216,34.95356],[128.04635,34.95798],[128.05319,34.95876],[128.05972,34.95594],[128.06639,34.95102],[128.07773,34.96429],[128.08573,34.96485],[128.08726,34.96283],[128.09174,34.96596],[128.0914,34.96961],[128.08243,34.9695],[128.08384,34.97435],[128.0938,34.97353],[128.09873,34.98035],[128.10925,34.98666],[128.11398,34.98656],[128.11599,34.99437],[128.11084,35.00093]]]},"properties":{"code":"4824059500","name":"남양동","parent":"48240"}},{"type":"Feature","geometry":{"type":"Polygon","coordinates":[[[128.74934,35.33207],[128.74231,35.3317],[128.7423,35.3204],[128.73929,35.31734],[128.73302,35.31569],[128.72219,35.32149],[128.71774,35.32561],[128.71362,35.32269],[128.71149,35.31531],[128.71323,35.31179],[128.70938,35.30882],[128.69689,35.31042],[128.69437,35.30714],[128.69956,35.29441],[128.70574,35.28668],[128.70616,35.27827],[128.71157,35.26965],[128.71126,35.26327],[128.71706,35.25135],[128.7193,35.24343],[128.72165,35.24444],[128.72197,35.25646],[128.72495,35.26269],[128.7336,35.26964],[128.73826,35.27057],[128.74462,35.27646],[128.74835,35.27541],[128.75117,35.26813],[128.76031,35.26513],[128.76546,35.27354],[128.77743,35.29001],[128.77837,35.29546],[128.78169,35.30095],[128.78095,35.30711],[128.7891,35.31482],[128.78429,35.31916],[128.77121,35.31884],[128.76046,35.31544],[128.75812,35.31663],[128.75697,35.32435],[128.74945,35.32973],[128.74934,35.33207]]]},"properties":{"code":"4825025000","name":"진영읍","parent":"48250"}},{"type":"Feature","geometry":{"type":"Polygon","coordinates":[[[128.84811,35.26987],[128.84489,35.27147],[128.83867,35.26705],[128.82765,35.26695],[128.81416,35.27443],[128.80723,35.26956],[128.80171,35.26758],[128.80148,35.26329],[128.79559,35.26164],[128.79055,35.25521],[128.79449,35.2492],[128.79392,35.24382],[128.79042,35.23379],[128.77927,35.22766],[128.78417,35.22597],[128.7933,35.21972],[128.81063,35.22017],[128.81812,35.22309],[128.82019,35.22154],[128.82533,35.20995],[128.83385,35.20657],[128.8427,35.21512],[128.84083,35.21828],[128.84264,35.22297],[128.84901,35.22536],[128.84728,35.23276],[128.84945,35.24087],[128.85813,35.25111],[128.85549,35.25277],[128.85628,35.26036],[128.85199,35.26776],[128.84811,35.26987]]]},"properties":{"code":"4825032000","name":"주촌면","parent":"48250"}},{"type":"Feature","geometry":{"type":"Polygon","coordinates":[[[128.80171,35.26758],[128.80003,35.27003],[128.78682,35.27345],[128.78231,35.28617],[128.77743,35.29001],[128.76546,35.27354],[128.76031,35.26513],[128.75117,35.26813],[128.74835,35.27541],[128.74462,35.27646],[128.73826,35.27057],[128.7336,35.26964],[128.72495,35.26269],[128.72197,35.25646],[128.72165,35.24444],[128.7246,35.24062],[128.72353,35.23356],[128.72048,35.22608],[128.72286,35.21738],[128.72539,35.21065],[128.72975,35.206],[128.73653,35.20452],[128.74427,35.20589],[128.75145,35.20123],[128.75688,35.2064],[128.76169,35.20632],[128.76885,35.20971],[128.78009,35.2106],[128.78175,35.21388],[128.78126,35.22238],[128.77927,35.22766],[128.79042,35.23379],[128.79392,35.24382],[128.79449,35.2492],[128.79055,35.25521],[128.79559,35.26164],[128.80148,35.26329],[128.80171,35.26758]]]},"properties":{"code":"4825033000","name":"진례면","parent":"48250"}},{"type":"Feature","geometry":{"type":"Polygon","coordinates":[[[128.86056,35.29223],[128.85888,35.2995],[128.85997,35.30388],[128.84576,35.31018],[128.83159,35.31433],[128.82921,35.3204],[128.82241,35.3192],[128.82576,35.32534],[128.8325,35.33236],[128.83999,35.34243],[128.83894,35.34709],[128.83125,35.34865],[128.82682,35.35435],[128.80965,35.35421],[128.80612,35.35621],[128.80137,35.36305],[128.79783,35.36517],[128.79881,35.35749],[128.79462,35.35098],[128.7889,35.34622],[128.78332,35.34474],[128.7715,35.34796],[128.76218,35.34739],[128.75758,35.33827],[128.753,35.33725],[128.74934,35.33207],[128.74945,35.32973],[128.75697,35.32435],[128.75812,35.31663],[128.76046,35.31544],[128.77121,35.31884],[128.78429,35.31916],[128.7891,35.31482],[128.78095,35.30711],[128.78169,35.30095],[128.77837,35.29546],[128.77743,35.29001],[128.78231,35.28617],[128.78682,35.27345],[128.80003,35.27003],[128.80171,35.26758],[128.80723,35.26956],[128.81416,35.27443],[128.82765,35.26695],[128.83867,35.26705],[128.84489,35.27147],[128.84811,35.26987],[128.85012,35.27352],[128.84891,35.2814],[128.85729,35.2851],[128.86056,35.29223]]]},"properties":{"code":"4825034000","name":"한림면","parent":"48250"}},{"type":"Feature","geometry":{"type":"Polygon","coordinates":[[[128.87254,35.38052],[128.87158,35.38759],[128.86744,35.39349],[128.86141,35.39511],[128.85468,35.39384],[128.83385,35.38375],[128.8219,35.38104],[128.81367,35.38102],[128.79969,35.37255],[128.79783,35.36517],[128.80137,35.36305],[128.80612,35.35621],[128.80965,35.35421],[128.82682,35.35435],[128.83125,35.34865],[128.83894,35.34709],[128.83999,35.34243],[128.8325,35.33236],[128.82576,35.32534],[128.82241,35.3192],[128.82921,35.3204],[128.83159,35.31433],[128.84576,35.31018],[128.85997,35.30388],[128.85888,35.2995],[128.86056,35.29223],[128.86957,35.29028],[128.87482,35.28689],[128.88053,35.27221],[128.89751,35.27529],[128.89259,35.27888],[128.89009,35.28335],[128.89063,35.29004],[128.8929,35.29311],[128.88249,35.29616],[128.88143,35.30795],[128.88613,35.3172],[128.88018,35.31908],[128.86922,35.33531],[128.87051,35.34752],[128.86813,35.35196],[128.87058,35.36181],[128.87792,35.37048],[128.87254,35.38052]]]},"properties":{"code":"4825035000","name":"생림면","parent":"48250"}},{"type":"Feature","geometry":{"type":"Polygon","coordinates":[[[128.97266,35.31578],[128.9693,35.32774],[128.96617,35.33067],[128.94087,35.34025],[128.9335,35.34907],[128.91865,35.36112],[128.91245,35.36379],[128.90215,35.36546],[128.89201,35.36459],[128.88376,35.3667],[128.87792,35.37048],[128.87058,35.36181],[128.86813,35.35196],[128.87051,35.34752],[128.86922,35.33531],[128.88018,35.31908],[128.88613,35.3172],[128.88143,35.30795],[128.88249,35.29616],[128.8929,35.29311],[128.89063,35.29004],[128.89009,35.28335],[128.89259,35.27888],[128.89751,35.27529],[128.90058,35.27392],[128.90995,35.27508],[128.9129,35.27162],[128.92053,35.27013],[128.92261,35.26734],[128.92816,35.27116],[128.93492,35.27336],[128.93534,35.27731],[128.94218,35.27728],[128.95367,35.28157],[128.95762,35.27706],[128.96278,35.27998],[128.96796,35.29017],[128.96432,35.29272],[128.96637,35.30297],[128.96466,35.30529],[128.96948,35.31166],[128.97352,35.31234],[128.97266,35.31578]]]},"properties":{"code":"4825036000","name":"상동면","parent":"48250"}},{"type":"Feature","geometry":{"type":"Polygon","coordinates":[[[129.01002,35.27875],[128.99967,35.28815],[128.98835,35.29264],[128.98141,35.29869],[128.97352,35.31234],[128.96948,35.31166],[128.96466,35.30529],[128.96637,35.30297],[128.96432,35.29272],[128.96796,35.29017],[128.96278,35.27998],[128.95762,35.27706],[128.95367,35.28157],[128.94218,35.27728],[128.93534,35.27731],[128.93492,35.27336],[128.92816,35.27116],[128.92261,35.26734],[128.92029,35.26428],[128.92262,35.25834],[128.92366,35.24834],[128.93213,35.24319],[128.92781,35.23305],[128.93001,35.22503],[128.93286,35.22214],[128.94483,35.22792],[128.94712,35.22668],[128.95246,35.22432],[128.98074,35.22853],[128.99761,35.23439],[129.00146,35.24212],[129.00994,35.259],[129.01287,35.26963],[129.01261,35.27328],[129.01002,35.27875]]]},"properties":{"code":"4825037000","name":"대동면","parent":"48250"}},{"type":"Feature","geometry":{"type":"Polygon","coordinates":[[[128.89051,35.23194],[128.89377,35.23839],[128.89066,35.24655],[128.89128,35.25275],[128.88945,35.25668],[128.88774,35.25563],[128.8848,35.25054],[128.88156,35.23793],[128.88295,35.23238],[128.89051,35.23194]]]},"properties":{"code":"4825051000","name":"동상동","parent":"48250"}},{"type":"Feature","geometry":{"type":"Polygon","coordinates":[[[128.88295,35.23238],[128.88156,35.23793],[128.87192,35.2362],[128.87474,35.22705],[128.87511,35.22191],[128.88193,35.2229],[128.88068,35.22932],[128.88295,35.23238]]]},"properties":{"code":"4825052000","name":"회현동","parent":"48250"}},{"type":"Feature","geometry":{"type":"Polygon","coordinates":[[[128.89051,35.23194],[128.88295,35.23238],[128.88068,35.22932],[128.88193,35.2229],[128.88536,35.2232],[128.88642,35.21463],[128.8972,35.21326],[128.89294,35.2302],[128.89051,35.23194]]]},"properties":{"code":"4825053000","name":"부원동","parent":"48250"}},{"type":"Feature","geometry":{"type":"Polygon","coordinates":[[[128.87192,35.2362],[128.87177,35.2442],[128.86515,35.25093],[128.85813,35.25111],[128.84945,35.24087],[128.84728,35.23276],[128.84901,35.22536],[128.8572,35.22708],[128.86193,35.22438],[128.86995,35.22492],[128.87474,35.22705],[128.87192,35.2362]]]},"properties":{"code":"4825054000","name":"내외동","parent":"48250"}},{"type":"Feature","geometry":{"type":"Polygon","coordinates":[[[128.88053,35.27221],[128.87482,35.28689],[128.86957,35.29028],[128.86056,35.29223],[128.85729,35.2851],[128.84891,35.2814],[128.85012,35.27352],[128.84811,35.26987],[128.85199,35.26776],[128.85628,35.26036],[128.85549,35.25277],[128.85813,35.25111],[128.86515,35.25093],[128.87177,35.2442],[128.87192,35.2362],[128.88156,35.23793],[128.8848,35.25054],[128.88774,35.25563],[128.88053,35.27221]]]},"properties":{"code":"4825055000","name":"북부동","parent":"48250"}},{"type":"Feature","geometry":{"type":"Polygon","coordinates":[[[128.88193,35.2229],[128.87511,35.22191],[128.87474,35.22705],[128.86995,35.22492],[128.86193,35.22438],[128.8572,35.22708],[128.84901,35.22536],[128.84264,35.22297],[128.84083,35.21828],[128.8427,35.21512],[128.83385,35.20657],[128.82791,35.19689],[128.83041,35.19175],[128.83569,35.19132],[128.83893,35.18333],[128.84536,35.1813],[128.8579,35.18399],[128.8629,35.18011],[128.87362,35.17436],[128.8802,35.17203],[128.88156,35.18294],[128.8765,35.18741],[128.87619,35.19291],[128.87039,35.20171],[128.87964,35.21016],[128.88642,35.21463],[128.88536,35.2232],[128.88193,35.2229]]]},"properties":{"code":"4825056500","name":"칠산서부동","parent":"48250"}},{"type":"Feature","geometry":{"type":"Polygon","coordinates":[[[128.91225,35.22265],[128.90868,35.22767],[128.91005,35.23814],[128.90418,35.24783],[128.90159,35.25422],[128.88945,35.25668],[128.89128,35.25275],[128.89066,35.24655],[128.89377,35.23839],[128.89051,35.23194],[128.89294,35.2302],[128.8972,35.21326],[128.90494,35.21534],[128.90505,35.22007],[128.91239,35.22256],[128.91225,35.22265]]]},"properties":{"code":"4825058000","name":"활천동","parent":"48250"}},{"type":"Feature","geometry":{"type":"Polygon","coordinates":[[[128.89751,35.27529],[128.88053,35.27221],[128.88774,35.25563],[128.88945,35.25668],[128.90159,35.25422],[128.90418,35.24783],[128.91005,35.23814],[128.90868,35.22767],[128.91225,35.22265],[128.91929,35.22386],[128.91757,35.23509],[128.92721,35.24187],[128.93213,35.24319],[128.92366,35.24834],[128.92262,35.25834],[128.92029,35.26428],[128.92261,35.26734],[128.92053,35.27013],[128.9129,35.27162],[128.90995,35.27508],[128.90058,35.27392],[128.89751,35.27529]]]},"properties":{"code":"4825059000","name":"삼안동","parent":"48250"}},{"type":"Feature","geometry":{"type":"Polygon","coordinates":[[[128.93286,35.22214],[128.93001,35.22503],[128.92781,35.23305],[128.93213,35.24319],[128.92721,35.24187],[128.91757,35.23509],[128.91929,35.22386],[128.91225,35.22265],[128.91239,35.22256],[128.91663,35.21696],[128.92349,35.21605],[128.93286,35.22214]]]},"properties":{"code":"4825060000","name":"불암동","parent":"48250"}},{"type":"Feature","geometry":{"type":"Polygon","coordinates":[[[128.83385,35.20657],[128.82533,35.20995],[128.82019,35.22154],[128.81812,35.22309],[128.81063,35.22017],[128.7933,35.21972],[128.78417,35.22597],[128.77927,35.22766],[128.78126,35.22238],[128.78175,35.21388],[128.78009,35.2106],[128.78535,35.20625],[128.7946,35.20189],[128.80705,35.19805],[128.81939,35.18861],[128.82089,35.18137],[128.82409,35.17723],[128.8301,35.1782],[128.83407,35.18314],[128.83893,35.18333],[128.83569,35.19132],[128.83041,35.19175],[128.82791,35.19689],[128.83385,35.20657]]]},"properties":{"code":"4825061000","name":"장유1동","parent":"48250"}},{"type":"Feature","geometry":{"type":"Polygon","coordinates":[[[128.82089,35.18137],[128.81939,35.18861],[128.80705,35.19805],[128.7946,35.20189],[128.78535,35.20625],[128.78009,35.2106],[128.76885,35.20971],[128.76169,35.20632],[128.75688,35.2064],[128.75145,35.20123],[128.75203,35.19468],[128.74756,35.19211],[128.74453,35.18451],[128.74119,35.16701],[128.7489,35.16764],[128.75541,35.16613],[128.7628,35.16839],[128.7623,35.1731],[128.77724,35.1751],[128.78323,35.17969],[128.79524,35.18289],[128.796,35.1797],[128.80492,35.18361],[128.81696,35.18282],[128.82089,35.18137]]]},"properties":{"code":"4825062000","name":"장유2동","parent":"48250"}},{"type":"Feature","geometry":{"type":"Polygon","coordinates":[[[128.87362,35.17436],[128.8629,35.18011],[128.8579,35.18399],[128.84536,35.1813],[128.83893,35.18333],[128.83407,35.18314],[128.8301,35.1782],[128.82409,35.17723],[128.82089,35.18137],[128.81696,35.18282],[128.80492,35.18361],[128.796,35.1797],[128.79524,35.18289],[128.78323,35.17969],[128.77724,35.1751],[128.7623,35.1731],[128.7628,35.16839],[128.77678,35.15932],[128.79362,35.15705],[128.81586,35.16038],[128.82801,35.15576],[128.83616,35.15907],[128.84336,35.15799],[128.84666,35.16528],[128.86054,35.16741],[128.86611,35.16684],[128.86545,35.15792],[128.87045,35.1521],[128.87479,35.15173],[128.87448,35.1598],[128.87926,35.16199],[128.87602,35.16565],[128.87362,35.17436]]]},"properties":{"code":"4825063000","name":"장유3동","parent":"48250"}},{"type":"Feature","geometry":{"type":"Polygon","coordinates":[[[128.80156,35.47312],[128.79827,35.47345],[128.7936,35.46798],[128.79209,35.46005],[128.78521,35.46123],[128.77913,35.44776],[128.78181,35.44274],[128.79556,35.43426],[128.79776,35.43064],[128.79608,35.41295],[128.78797,35.40073],[128.78845,35.39514],[128.80726,35.38754],[128.81367,35.38102],[128.8219,35.38104],[128.83385,35.38375],[128.85468,35.39384],[128.86141,35.39511],[128.86744,35.39349],[128.87158,35.38759],[128.87254,35.38052],[128.87631,35.38543],[128.88066,35.38665],[128.87864,35.39704],[128.88735,35.40377],[128.89084,35.40447],[128.89249,35.41115],[128.89121,35.4141],[128.90342,35.42005],[128.91358,35.41558],[128.92366,35.42133],[128.92183,35.42612],[128.9138,35.43062],[128.90723,35.43609],[128.90672,35.43957],[128.89675,35.44711],[128.88949,35.44426],[128.87789,35.44385],[128.8772,35.44583],[128.86753,35.45246],[128.86336,35.4578],[128.84957,35.45624],[128.83905,35.46104],[128.83482,35.46622],[128.8263,35.46994],[128.81929,35.46887],[128.80156,35.47312]]]},"properties":{"code":"4827025000","name":"삼랑진읍","parent":"48270"}},{"type":"Feature","geometry":{"type":"Polygon","coordinates":[[[128.79462,35.35098],[128.78332,35.36276],[128.78619,35.36973],[128.77914,35.37181],[128.77503,35.3752],[128.76757,35.37459],[128.75867,35.37675],[128.75954,35.38268],[128.75678,35.38606],[128.75617,35.40105],[128.75086,35.40145],[128.74661,35.40617],[128.74247,35.40614],[128.74031,35.41007],[128.73308,35.41283],[128.73254,35.41648],[128.72587,35.42217],[128.71186,35.4269],[128.70968,35.41777],[128.70626,35.41149],[128.71118,35.40566],[128.71728,35.40305],[128.71385,35.39826],[128.70894,35.39629],[128.71071,35.38901],[128.70458,35.38118],[128.69883,35.38332],[128.69633,35.37588],[128.71136,35.36735],[128.73408,35.34891],[128.7385,35.34763],[128.76218,35.34739],[128.7715,35.34796],[128.78332,35.34474],[128.7889,35.34622],[128.79462,35.35098]]]},"properties":{"code":"4827025300","name":"하남읍","parent":"48270"}},{"type":"Feature","geometry":{"type":"Polygon","coordinates":[[[128.71521,35.57825],[128.71245,35.57955],[128.70327,35.57853],[128.69741,35.58212],[128.68813,35.57083],[128.6841,35.56916],[128.679,35.57133],[128.6749,35.5678],[128.67512,35.55734],[128.67368,35.55107],[128.67651,35.54366],[128.68293,35.53616],[128.67854,35.53262],[128.67661,35.52299],[128.68516,35.52086],[128.68898,35.51715],[128.69336,35.52261],[128.69973,35.52066],[128.69839,35.51167],[128.69342,35.50902],[128.69622,35.5026],[128.7015,35.49944],[128.7071,35.49857],[128.71159,35.49054],[128.7164,35.47285],[128.71133,35.46284],[128.71917,35.45809],[128.7234,35.45357],[128.72244,35.44851],[128.72757,35.45012],[128.74065,35.45785],[128.75127,35.4688],[128.75493,35.47596],[128.74595,35.47703],[128.74073,35.48003],[128.74103,35.48426],[128.73643,35.49193],[128.73764,35.49727],[128.73131,35.50449],[128.72934,35.51007],[128.73364,35.51241],[128.74376,35.50692],[128.74414,35.50525],[128.75234,35.51225],[128.75168,35.51969],[128.74801,35.52575],[128.74825,35.53084],[128.74261,35.53644],[128.74041,35.54124],[128.74085,35.54812],[128.7374,35.55292],[128.72813,35.55552],[128.72336,35.55979],[128.72276,35.56319],[128.7168,35.56622],[128.71521,35.57825]]]},"properties":{"code":"4827031000","name":"부북면","parent":"48270"}},{"type":"Feature","geometry":{"type":"Polygon","coordinates":[[[128.84301,35.58908],[128.83347,35.59739],[128.82357,35.59632],[128.82135,35.59359],[128.81099,35.58934],[128.80216,35.58845],[128.80047,35.5854],[128.79613,35.57353],[128.78675,35.56609],[128.76809,35.57051],[128.76635,35.56824],[128.75593,35.56819],[128.75394,35.57018],[128.73588,35.57662],[128.73108,35.57621],[128.72511,35.58057],[128.71521,35.57825],[128.7168,35.56622],[128.72276,35.56319],[128.72336,35.55979],[128.72813,35.55552],[128.7374,35.55292],[128.74085,35.54812],[128.74041,35.54124],[128.74261,35.53644],[128.74825,35.53084],[128.74801,35.52575],[128.75168,35.51969],[128.76671,35.51426],[128.76698,35.51996],[128.77283,35.51697],[128.77818,35.51943],[128.78458,35.51803],[128.78825,35.52286],[128.79512,35.53623],[128.79861,35.539],[128.80126,35.54697],[128.80675,35.55025],[128.81783,35.54906],[128.82453,35.54439],[128.83893,35.55148],[128.8419,35.5517],[128.84321,35.5625],[128.84168,35.56748],[128.84631,35.57543],[128.84612,35.58014],[128.84301,35.58908]]]},"properties":{"code":"4827032000","name":"상동면","parent":"48270"}},{"type":"Feature","geometry":{"type":"Polygon","coordinates":[[[128.87197,35.54471],[128.85967,35.54701],[128.85413,35.54674],[128.8419,35.5517],[128.83893,35.55148],[128.82453,35.54439],[128.81783,35.54906],[128.80675,35.55025],[128.80126,35.54697],[128.79861,35.539],[128.79512,35.53623],[128.78825,35.52286],[128.78458,35.51803],[128.77818,35.51943],[128.77283,35.51697],[128.77265,35.512],[128.78503,35.50304],[128.78473,35.50033],[128.7918,35.49603],[128.80539,35.49057],[128.81075,35.48935],[128.81901,35.49094],[128.82559,35.50009],[128.83784,35.50797],[128.84527,35.51148],[128.8472,35.51725],[128.861,35.52491],[128.86528,35.53488],[128.86535,35.53827],[128.87117,35.54144],[128.87197,35.54471]]]},"properties":{"code":"4827033000","name":"산외면","parent":"48270"}},{"type":"Feature","geometry":{"type":"Polygon","coordinates":[[[128.94095,35.63307],[128.93098,35.63432],[128.92308,35.63785],[128.9231,35.64685],[128.91494,35.64541],[128.91176,35.63791],[128.90741,35.63508],[128.89175,35.63026],[128.88555,35.62984],[128.88257,35.63472],[128.87472,35.6349],[128.87236,35.62108],[128.86765,35.61596],[128.86557,35.61079],[128.85911,35.60667],[128.85345,35.59639],[128.84301,35.58908],[128.84612,35.58014],[128.84631,35.57543],[128.84168,35.56748],[128.84321,35.5625],[128.8419,35.5517],[128.85413,35.54674],[128.85967,35.54701],[128.87197,35.54471],[128.88234,35.55059],[128.88923,35.55165],[128.89465,35.54665],[128.90138,35.54657],[128.90475,35.54962],[128.90454,35.55373],[128.91077,35.55938],[128.9104,35.56999],[128.9161,35.58339],[128.92452,35.58454],[128.9323,35.58143],[128.9341,35.5781],[128.93436,35.56971],[128.94461,35.55997],[128.94992,35.55664],[128.96032,35.56106],[128.9709,35.56064],[128.97781,35.56397],[128.98658,35.5657],[128.99545,35.56895],[129.00624,35.57804],[129.02018,35.58497],[129.02359,35.59171],[129.02603,35.60069],[129.02346,35.60354],[129.02186,35.61392],[129.01554,35.6165],[129.00752,35.61589],[129.00335,35.62014],[128.99966,35.61661],[128.98565,35.60786],[128.98176,35.60757],[128.97209,35.61384],[128.96002,35.61527],[128.96029,35.61928],[128.95527,35.62211],[128.94907,35.62868],[128.94095,35.63307]]]},"properties":{"code":"4827034000","name":"산내면","parent":"48270"}},{"type":"Feature","geometry":{"type":"Polygon","coordinates":[[[128.9709,35.56064],[128.96032,35.56106],[128.94992,35.55664],[128.94461,35.55997],[128.93436,35.56971],[128.9341,35.5781],[128.9323,35.58143],[128.92452,35.58454],[128.9161,35.58339],[128.9104,35.56999],[128.91077,35.55938],[128.90454,35.55373],[128.90475,35.54962],[128.90138,35.54657],[128.89465,35.54665],[128.88923,35.55165],[128.88234,35.55059],[128.87197,35.54471],[128.87117,35.54144],[128.86535,35.53827],[128.86528,35.53488],[128.861,35.52491],[128.8472,35.51725],[128.84527,35.51148],[128.83784,35.50797],[128.82559,35.50009],[128.81901,35.49094],[128.81075,35.48935],[128.80539,35.49057],[128.81348,35.48393],[128.82075,35.48132],[128.83252,35.47958],[128.83568,35.47157],[128.83482,35.46622],[128.83905,35.46104],[128.84957,35.45624],[128.86336,35.4578],[128.86753,35.45246],[128.8772,35.44583],[128.87789,35.44385],[128.88949,35.44426],[128.89675,35.44711],[128.90672,35.43957],[128.91005,35.44482],[128.91893,35.45179],[128.92803,35.45364],[128.93372,35.45289],[128.94318,35.45658],[128.95001,35.45457],[128.96272,35.45938],[128.96758,35.46281],[128.96833,35.47259],[128.96426,35.47805],[128.96281,35.48582],[128.9672,35.49069],[128.95317,35.50036],[128.9557,35.50543],[128.96137,35.50995],[128.97773,35.508],[128.9803,35.51125],[128.98912,35.51651],[128.98844,35.52081],[128.9945,35.52899],[128.99762,35.5422],[128.99304,35.54794],[128.98094,35.54661],[128.97365,35.55223],[128.9709,35.56064]]]},"properties":{"code":"4827035000","name":"단장면","parent":"48270"}},{"type":"Feature","geometry":{"type":"Polygon","coordinates":[[[128.78521,35.46123],[128.7825,35.46703],[128.7788,35.469],[128.76768,35.46874],[128.75824,35.47407],[128.75798,35.47727],[128.75493,35.47596],[128.75127,35.4688],[128.74065,35.45785],[128.72757,35.45012],[128.72244,35.44851],[128.71613,35.44244],[128.71043,35.44156],[128.70847,35.42913],[128.71186,35.4269],[128.72587,35.42217],[128.73254,35.41648],[128.73308,35.41283],[128.74031,35.41007],[128.74247,35.40614],[128.74661,35.40617],[128.75086,35.40145],[128.75617,35.40105],[128.75678,35.38606],[128.75954,35.38268],[128.75867,35.37675],[128.76757,35.37459],[128.77503,35.3752],[128.77914,35.37181],[128.78619,35.36973],[128.78332,35.36276],[128.79462,35.35098],[128.79881,35.35749],[128.79783,35.36517],[128.79969,35.37255],[128.81367,35.38102],[128.80726,35.38754],[128.78845,35.39514],[128.78797,35.40073],[128.79608,35.41295],[128.79776,35.43064],[128.79556,35.43426],[128.78181,35.44274],[128.77913,35.44776],[128.78521,35.46123]]]},"properties":{"code":"4827036000","name":"상남면","parent":"48270"}},{"type":"Feature","geometry":{"type":"Polygon","coordinates":[[[128.71133,35.46284],[128.70403,35.46408],[128.69994,35.47218],[128.69039,35.47511],[128.68208,35.47477],[128.68221,35.46267],[128.67447,35.44838],[128.67906,35.44615],[128.67486,35.44122],[128.67814,35.43854],[128.66411,35.43074],[128.65107,35.42552],[128.65033,35.42085],[128.64582,35.4127],[128.64814,35.4006],[128.6437,35.39175],[128.64462,35.38862],[128.65161,35.38257],[128.64758,35.37941],[128.65617,35.37263],[128.66872,35.37861],[128.67209,35.37986],[128.68289,35.37997],[128.69116,35.37853],[128.69633,35.37588],[128.69883,35.38332],[128.70458,35.38118],[128.71071,35.38901],[128.70894,35.39629],[128.71385,35.39826],[128.71728,35.40305],[128.71118,35.40566],[128.70626,35.41149],[128.70968,35.41777],[128.71186,35.4269],[128.70847,35.42913],[128.71043,35.44156],[128.71613,35.44244],[128.72244,35.44851],[128.7234,35.45357],[128.71917,35.45809],[128.71133,35.46284]]]},"properties":{"code":"4827037000","name":"초동면","parent":"48270"}},{"type":"Feature","geometry":{"type":"Polygon","coordinates":[[[128.67368,35.55107],[128.66939,35.55105],[128.66265,35.54446],[128.65908,35.54518],[128.65313,35.54059],[128.65024,35.53314],[128.64003,35.52697],[128.62573,35.52412],[128.62279,35.51826],[128.61788,35.51635],[128.61272,35.51762],[128.59351,35.51921],[128.59158,35.5169],[128.58916,35.50936],[128.58585,35.50506],[128.57756,35.50574],[128.57467,35.5019],[128.57107,35.49229],[128.57165,35.4857],[128.57276,35.47805],[128.5737,35.47231],[128.57935,35.46599],[128.5781,35.45911],[128.583,35.45382],[128.58899,35.45233],[128.59525,35.45303],[128.60613,35.4502],[128.61503,35.44593],[128.61757,35.44912],[128.62602,35.45171],[128.631,35.44909],[128.63354,35.44459],[128.63614,35.43477],[128.64467,35.43275],[128.65107,35.42552],[128.66411,35.43074],[128.67814,35.43854],[128.67486,35.44122],[128.67906,35.44615],[128.67447,35.44838],[128.68221,35.46267],[128.68208,35.47477],[128.69039,35.47511],[128.69994,35.47218],[128.70403,35.46408],[128.71133,35.46284],[128.7164,35.47285],[128.71159,35.49054],[128.7071,35.49857],[128.7015,35.49944],[128.69622,35.5026],[128.69342,35.50902],[128.69839,35.51167],[128.69973,35.52066],[128.69336,35.52261],[128.68898,35.51715],[128.68516,35.52086],[128.67661,35.52299],[128.67854,35.53262],[128.68293,35.53616],[128.67651,35.54366],[128.67368,35.55107]]]},"properties":{"code":"4827038000","name":"무안면","parent":"48270"}},{"type":"Feature","geometry":{"type":"Polygon","coordinates":[[[128.69128,35.59442],[128.67246,35.59585],[128.66351,35.59459],[128.65803,35.59774],[128.64363,35.59235],[128.63589,35.58407],[128.63109,35.58666],[128.62662,35.58484],[128.61759,35.58437],[128.60685,35.58042],[128.60116,35.58083],[128.5937,35.5845],[128.59344,35.58433],[128.5853,35.57978],[128.58639,35.57315],[128.584,35.56701],[128.58853,35.56386],[128.5888,35.55741],[128.58561,35.55386],[128.58753,35.54772],[128.59374,35.54049],[128.59123,35.53678],[128.58589,35.53891],[128.57714,35.53704],[128.58193,35.53492],[128.58373,35.52923],[128.58241,35.52427],[128.5849,35.52088],[128.59158,35.5169],[128.59351,35.51921],[128.61272,35.51762],[128.61788,35.51635],[128.62279,35.51826],[128.62573,35.52412],[128.64003,35.52697],[128.65024,35.53314],[128.65313,35.54059],[128.65908,35.54518],[128.66265,35.54446],[128.66939,35.55105],[128.67368,35.55107],[128.67512,35.55734],[128.6749,35.5678],[128.679,35.57133],[128.6841,35.56916],[128.68813,35.57083],[128.69741,35.58212],[128.69128,35.59442]]]},"properties":{"code":"4827039000","name":"청도면","parent":"48270"}},{"type":"Feature","geometry":{"type":"Polygon","coordinates":[[[128.78473,35.50033],[128.77645,35.49937],[128.77068,35.50273],[128.76213,35.50267],[128.7601,35.49888],[128.75209,35.49917],[128.7508,35.49015],[128.75945,35.49025],[128.76276,35.4845],[128.76864,35.48115],[128.77414,35.48067],[128.78102,35.48349],[128.78287,35.48648],[128.79315,35.48678],[128.7938,35.48382],[128.80315,35.47655],[128.80156,35.47312],[128.81929,35.46887],[128.8263,35.46994],[128.83482,35.46622],[128.83568,35.47157],[128.83252,35.47958],[128.82075,35.48132],[128.81348,35.48393],[128.80539,35.49057],[128.7918,35.49603],[128.78473,35.50033]]]},"properties":{"code":"4827051000","name":"내일동","parent":"48270"}},{"type":"Feature","geometry":{"type":"Polygon","coordinates":[[[128.74414,35.50525],[128.74376,35.50692],[128.73364,35.51241],[128.72934,35.51007],[128.73131,35.50449],[128.73764,35.49727],[128.73643,35.49193],[128.74103,35.48426],[128.7508,35.49015],[128.75209,35.49917],[128.75283,35.50362],[128.74545,35.50219],[128.74414,35.50525]]]},"properties":{"code":"4827052000","name":"내이동","parent":"48270"}},{"type":"Feature","geometry":{"type":"Polygon","coordinates":[[[128.77283,35.51697],[128.76698,35.51996],[128.76671,35.51426],[128.75168,35.51969],[128.75234,35.51225],[128.74414,35.50525],[128.74545,35.50219],[128.75283,35.50362],[128.75209,35.49917],[128.7601,35.49888],[128.76213,35.50267],[128.77068,35.50273],[128.77645,35.49937],[128.78473,35.50033],[128.78503,35.50304],[128.77265,35.512],[128.77283,35.51697]]]},"properties":{"code":"4827055000","name":"교동","parent":"48270"}},{"type":"Feature","geometry":{"type":"Polygon","coordinates":[[[128.76276,35.4845],[128.75945,35.49025],[128.7508,35.49015],[128.74103,35.48426],[128.74073,35.48003],[128.74595,35.47703],[128.75493,35.47596],[128.75798,35.47727],[128.76276,35.4845]]]},"properties":{"code":"4827053000","name":"삼문동","parent":"48270"}},{"type":"Feature","geometry":{"type":"Polygon","coordinates":[[[128.80156,35.47312],[128.80315,35.47655],[128.7938,35.48382],[128.79315,35.48678],[128.78287,35.48648],[128.78102,35.48349],[128.77414,35.48067],[128.76864,35.48115],[128.76276,35.4845],[128.75798,35.47727],[128.75824,35.47407],[128.76768,35.46874],[128.7788,35.469],[128.7825,35.46703],[128.78521,35.46123],[128.79209,35.46005],[128.7936,35.46798],[128.79827,35.47345],[128.80156,35.47312]]]},"properties":{"code":"4827054000","name":"가곡동","parent":"48270"}},{"type":"Feature","geometry":{"type":"MultiPolygon","coordinates":[[[[128.71794,34.78803],[128.71071,34.78738],[128.71228,34.7814],[128.71636,34.78074],[128.71794,34.78803]]],[[[128.75428,34.82663],[128.74876,34.82272],[128.74629,34.81431],[128.75198,34.81597],[128.75148,34.81944],[128.75428,34.82663]]],[[[128.73629,34.8452],[128.72188,34.8509],[128.71994,34.85526],[128.71336,34.85637],[128.70621,34.85567],[128.69807,34.85262],[128.686,34.85254],[128.67285,34.85099],[128.67168,34.84217],[128.66669,34.83804],[128.67119,34.83225],[128.68325,34.83125],[128.67618,34.82568],[128.6564,34.823],[128.65513,34.80103],[128.64966,34.79074],[128.65332,34.78682],[128.66072,34.78687],[128.66444,34.78502],[128.67435,34.78573],[128.66694,34.79293],[128.66941,34.79837],[128.66657,34.80124],[128.66988,34.80581],[128.66728,34.80982],[128.67346,34.81335],[128.69157,34.80754],[128.69134,34.79659],[128.69908,34.79736],[128.6995,34.80213],[128.69638,34.80694],[128.70902,34.81198],[128.71439,34.80201],[128.70931,34.79457],[128.72008,34.79177],[128.72792,34.79254],[128.73624,34.78562],[128.74076,34.7867],[128.74067,34.79253],[128.73737,34.79894],[128.73176,34.80194],[128.72768,34.81059],[128.72103,34.81563],[128.7194,34.82484],[128.72587,34.82643],[128.72484,34.83354],[128.71714,34.83702],[128.71032,34.82876],[128.70695,34.82958],[128.70185,34.83491],[128.70129,34.83926],[128.70403,34.84246],[128.71717,34.84946],[128.72036,34.84912],[128.72561,34.84097],[128.73498,34.84274],[128.73629,34.8452]]]]},"properties":{"code":"4831031000","name":"일운면","parent":"48310"}},{"type":"Feature","geometry":{"type":"Polygon","coordinates":[[[128.63037,34.83968],[128.6232,34.83679],[128.60382,34.83566],[128.59789,34.83418],[128.59078,34.82925],[128.59245,34.82581],[128.58545,34.82064],[128.58359,34.81718],[128.58496,34.80838],[128.5836,34.79743],[128.57907,34.79443],[128.56422,34.79284],[128.56252,34.79107],[128.55005,34.79375],[128.54948,34.7905],[128.54222,34.78501],[128.53991,34.77745],[128.54204,34.77522],[128.55524,34.78431],[128.55687,34.78924],[128.56565,34.78776],[128.5648,34.78335],[128.56075,34.77845],[128.55527,34.77894],[128.55188,34.7753],[128.55339,34.76717],[128.56396,34.76567],[128.56801,34.77078],[128.57799,34.77834],[128.58176,34.77513],[128.58893,34.77556],[128.59408,34.77802],[128.59724,34.77619],[128.59075,34.77048],[128.59907,34.7672],[128.6192,34.77598],[128.62389,34.77114],[128.62182,34.76267],[128.62306,34.75559],[128.63537,34.75556],[128.64349,34.7581],[128.63832,34.763],[128.64132,34.77351],[128.64895,34.77901],[128.65776,34.77402],[128.66482,34.77905],[128.67005,34.7801],[128.67435,34.78573],[128.66444,34.78502],[128.66072,34.78687],[128.65332,34.78682],[128.64966,34.79074],[128.65513,34.80103],[128.6564,34.823],[128.65479,34.82552],[128.64758,34.82812],[128.64155,34.83444],[128.63037,34.83968]]]},"properties":{"code":"4831032000","name":"동부면","parent":"48310"}},{"type":"Feature","geometry":{"type":"Polygon","coordinates":[[[128.64349,34.7581],[128.63537,34.75556],[128.62306,34.75559],[128.62182,34.76267],[128.62389,34.77114],[128.6192,34.77598],[128.59907,34.7672],[128.59928,34.76323],[128.59071,34.76469],[128.58727,34.7618],[128.58368,34.76509],[128.57867,34.76101],[128.58178,34.75652],[128.57752,34.75356],[128.57613,34.74792],[128.57682,34.74105],[128.58769,34.7367],[128.59545,34.73516],[128.60041,34.73668],[128.6056,34.73533],[128.60689,34.73135],[128.60333,34.72664],[128.59349,34.72353],[128.58408,34.72388],[128.58755,34.71901],[128.58658,34.71571],[128.58028,34.71609],[128.5788,34.71012],[128.57552,34.70625],[128.57663,34.70193],[128.58204,34.70284],[128.58531,34.70672],[128.59073,34.70854],[128.59747,34.70724],[128.59968,34.70359],[128.61023,34.70112],[128.61882,34.70553],[128.6213,34.71122],[128.62554,34.71305],[128.63308,34.70911],[128.63756,34.70905],[128.6421,34.71238],[128.63855,34.7177],[128.63138,34.72021],[128.6233,34.73232],[128.62731,34.73634],[128.63006,34.73169],[128.63889,34.73513],[128.65166,34.73378],[128.65601,34.73666],[128.66206,34.73718],[128.668,34.73506],[128.67147,34.73042],[128.67685,34.72966],[128.67579,34.73624],[128.68359,34.73775],[128.67751,34.74398],[128.66851,34.74579],[128.66211,34.74218],[128.65289,34.74274],[128.64744,34.74711],[128.64734,34.75201],[128.64349,34.7581]]]},"properties":{"code":"4831033000","name":"남부면","parent":"48310"}},{"type":"Feature","geometry":{"type":"MultiPolygon","coordinates":[[[[128.53031,34.802],[128.54079,34.80712],[128.54684,34.81649],[128.5469,34.8234],[128.54185,34.82522],[128.53408,34.82233],[128.53014,34.81339],[128.52635,34.81142],[128.5277,34.80306],[128.53031,34.802]]],[[[128.58759,34.88356],[128.56944,34.88026],[128.5626,34.88743],[128.5545,34.88177],[128.55654,34.87097],[128.55639,34.86523],[128.54495,34.85989],[128.54667,34.85076],[128.54156,34.84631],[128.53769,34.846],[128.53109,34.84042],[128.5243,34.83663],[128.51795,34.83768],[128.51564,34.83034],[128.51032,34.82352],[128.51532,34.81594],[128.51271,34.81183],[128.51652,34.80811],[128.52732,34.82108],[128.52934,34.83368],[128.53597,34.82924],[128.54144,34.83437],[128.55319,34.8326],[128.56444,34.83428],[128.56269,34.84185],[128.56735,34.84612],[128.57317,34.85421],[128.57792,34.85369],[128.58875,34.84636],[128.58722,34.84097],[128.58158,34.84427],[128.57871,34.84111],[128.58459,34.83892],[128.58623,34.83198],[128.59078,34.82925],[128.59789,34.83418],[128.60382,34.83566],[128.6232,34.83679],[128.63037,34.83968],[128.62958,34.84807],[128.61881,34.85634],[128.6184,34.86154],[128.61331,34.86726],[128.60823,34.87015],[128.60724,34.8751],[128.59512,34.88275],[128.58759,34.88356]]]]},"properties":{"code":"4831034000","name":"거제면","parent":"48310"}},{"type":"Feature","geometry":{"type":"MultiPolygon","coordinates":[[[[128.46941,34.83306],[128.46547,34.83502],[128.46274,34.82799],[128.46854,34.82559],[128.47282,34.82102],[128.47943,34.82342],[128.46941,34.83306]]],[[[128.5545,34.88177],[128.54245,34.88049],[128.53655,34.88451],[128.52806,34.88795],[128.52397,34.89168],[128.51646,34.88716],[128.51861,34.88211],[128.51556,34.87765],[128.50521,34.86999],[128.49829,34.8695],[128.49643,34.8752],[128.48749,34.87989],[128.48549,34.87753],[128.47327,34.87031],[128.47574,34.86846],[128.47577,34.85566],[128.4814,34.85446],[128.47834,34.84894],[128.48157,34.84064],[128.49322,34.83622],[128.49549,34.83315],[128.50141,34.83319],[128.50302,34.82818],[128.50081,34.82373],[128.5093,34.81734],[128.51029,34.80911],[128.51652,34.80811],[128.51271,34.81183],[128.51532,34.81594],[128.51032,34.82352],[128.51564,34.83034],[128.51795,34.83768],[128.5243,34.83663],[128.53109,34.84042],[128.53769,34.846],[128.54156,34.84631],[128.54667,34.85076],[128.54495,34.85989],[128.55639,34.86523],[128.55654,34.87097],[128.5545,34.88177]]]]},"properties":{"code":"4831035000","name":"둔덕면","parent":"48310"}},{"type":"Feature","geometry":{"type":"MultiPolygon","coordinates":[[[[128.5859,34.91391],[128.58322,34.91428],[128.5707,34.90863],[128.57577,34.90394],[128.57302,34.89919],[128.56787,34.89938],[128.55995,34.90235],[128.55795,34.90554],[128.54782,34.90839],[128.54093,34.91745],[128.52525,34.92304],[128.51407,34.90913],[128.50724,34.90783],[128.50286,34.91108],[128.50116,34.90224],[128.49829,34.89849],[128.49294,34.90183],[128.49048,34.89638],[128.4839,34.88814],[128.47944,34.88699],[128.47208,34.87686],[128.47327,34.87031],[128.48549,34.87753],[128.48749,34.87989],[128.49643,34.8752],[128.49829,34.8695],[128.50521,34.86999],[128.51556,34.87765],[128.51861,34.88211],[128.51646,34.88716],[128.52397,34.89168],[128.52806,34.88795],[128.53655,34.88451],[128.54245,34.88049],[128.5545,34.88177],[128.5626,34.88743],[128.56944,34.88026],[128.58759,34.88356],[128.5855,34.88927],[128.58723,34.89601],[128.58113,34.90165],[128.57926,34.90742],[128.5859,34.91391]]],[[[128.5348,34.9418],[128.52648,34.947],[128.5223,34.95603],[128.53237,34.96032],[128.53692,34.96601],[128.53251,34.97292],[128.51851,34.97606],[128.51153,34.96408],[128.51699,34.95884],[128.51741,34.94639],[128.51134,34.94372],[128.51229,34.93998],[128.5192,34.93358],[128.51842,34.93093],[128.52483,34.9275],[128.53021,34.92872],[128.52904,34.93513],[128.5348,34.9418]]]]},"properties":{"code":"4831036000","name":"사등면","parent":"48310"}},{"type":"Feature","geometry":{"type":"Polygon","coordinates":[[[128.69308,34.92795],[128.69172,34.93484],[128.68719,34.94187],[128.68855,34.94631],[128.69801,34.94991],[128.70101,34.95376],[128.6987,34.95706],[128.69125,34.9568],[128.68123,34.96437],[128.67882,34.97478],[128.672,34.97271],[128.67148,34.96857],[128.67379,34.95801],[128.66684,34.95436],[128.66522,34.94807],[128.65758,34.94653],[128.65053,34.94236],[128.6454,34.94306],[128.6437,34.93866],[128.63757,34.93428],[128.63265,34.93363],[128.61832,34.93708],[128.61403,34.94052],[128.60719,34.94273],[128.59221,34.94528],[128.5865,34.94252],[128.59721,34.9364],[128.60201,34.92661],[128.61121,34.92134],[128.60778,34.91517],[128.61159,34.91307],[128.61681,34.91393],[128.61648,34.90872],[128.62139,34.9048],[128.62562,34.89765],[128.63762,34.89821],[128.64227,34.89662],[128.6514,34.89835],[128.65554,34.90226],[128.66476,34.90165],[128.6752,34.89648],[128.6786,34.89715],[128.68123,34.90357],[128.68707,34.90607],[128.69056,34.91175],[128.68728,34.91773],[128.68918,34.92551],[128.69308,34.92795]]]},"properties":{"code":"4831037000","name":"연초면","parent":"48310"}},{"type":"Feature","geometry":{"type":"MultiPolygon","coordinates":[[[[128.62438,35.00961],[128.61863,35.01616],[128.61364,35.01137],[128.61898,35.00836],[128.62438,35.00961]]],[[[128.65795,34.98067],[128.65507,34.97882],[128.64731,34.98071],[128.64835,34.9859],[128.646,34.99439],[128.64653,35.00027],[128.65371,35.00487],[128.65548,35.01121],[128.6535,35.01755],[128.64705,35.01846],[128.64137,35.01309],[128.63588,35.01417],[128.6306,35.0079],[128.63459,35.00255],[128.63371,34.99952],[128.61995,35.00013],[128.6259,34.99277],[128.61789,34.98483],[128.61359,34.98669],[128.61253,34.98044],[128.60867,34.97471],[128.61591,34.97331],[128.62231,34.98296],[128.62681,34.97654],[128.63749,34.97732],[128.64547,34.98023],[128.65006,34.9769],[128.646,34.96749],[128.6467,34.96129],[128.64383,34.95871],[128.63609,34.96588],[128.62874,34.96279],[128.62536,34.96448],[128.6163,34.96431],[128.60891,34.95899],[128.61074,34.96835],[128.60607,34.97034],[128.59897,34.96821],[128.59739,34.96552],[128.59863,34.9569],[128.59653,34.95151],[128.59032,34.95265],[128.5855,34.94643],[128.5865,34.94252],[128.59221,34.94528],[128.60719,34.94273],[128.61403,34.94052],[128.61832,34.93708],[128.63265,34.93363],[128.63757,34.93428],[128.6437,34.93866],[128.6454,34.94306],[128.65053,34.94236],[128.65758,34.94653],[128.66522,34.94807],[128.66684,34.95436],[128.67379,34.95801],[128.67148,34.96857],[128.672,34.97271],[128.66475,34.97593],[128.6618,34.98051],[128.65795,34.98067]]]]},"properties":{"code":"4831038000","name":"하청면","parent":"48310"}},{"type":"Feature","geometry":{"type":"MultiPolygon","coordinates":[[[[128.72801,34.97034],[128.7295,34.96479],[128.73633,34.96809],[128.72801,34.97034]]],[[[128.72034,34.90944],[128.72338,34.91286],[128.71726,34.92479],[128.72223,34.93567],[128.72734,34.93841],[128.72733,34.94697],[128.72241,34.94988],[128.71576,34.95744],[128.71892,34.96177],[128.71658,34.96472],[128.70676,34.96674],[128.70369,34.97219],[128.69716,34.97312],[128.6953,34.97917],[128.70071,34.98793],[128.70014,34.99248],[128.69468,34.99271],[128.69436,34.9976],[128.70226,34.99875],[128.70247,35.00602],[128.70914,35.00876],[128.71285,35.00505],[128.71837,35.01016],[128.71757,35.01229],[128.72203,35.01857],[128.72149,35.02448],[128.71796,35.02522],[128.71293,35.03207],[128.69053,35.03234],[128.6883,35.03766],[128.68206,35.03288],[128.67475,35.03124],[128.67511,35.02224],[128.67149,35.02192],[128.67045,35.01215],[128.66751,35.00648],[128.67763,35.00412],[128.67329,35.00091],[128.68157,34.9914],[128.67521,34.98892],[128.6712,34.99861],[128.65866,34.9979],[128.65886,34.9941],[128.65302,34.9877],[128.65282,34.98413],[128.65795,34.98067],[128.6618,34.98051],[128.66475,34.97593],[128.672,34.97271],[128.67882,34.97478],[128.68123,34.96437],[128.69125,34.9568],[128.6987,34.95706],[128.70101,34.95376],[128.69801,34.94991],[128.68855,34.94631],[128.68719,34.94187],[128.69172,34.93484],[128.69308,34.92795],[128.69826,34.92303],[128.70193,34.92462],[128.71336,34.91911],[128.71993,34.91387],[128.72034,34.90944]]]]},"properties":{"code":"4831039000","name":"장목면","parent":"48310"}},{"type":"Feature","geometry":{"type":"Polygon","coordinates":[[[128.73629,34.8452],[128.73459,34.85186],[128.73004,34.85301],[128.72863,34.86258],[128.7343,34.86211],[128.74366,34.86887],[128.73136,34.8708],[128.72587,34.8737],[128.72016,34.88298],[128.71842,34.87722],[128.71842,34.86384],[128.71336,34.85637],[128.71994,34.85526],[128.72188,34.8509],[128.73629,34.8452]]]},"properties":{"code":"4831051000","name":"장승포동","parent":"48310"}},{"type":"Feature","geometry":{"type":"Polygon","coordinates":[[[128.74366,34.86887],[128.74085,34.87968],[128.74497,34.87941],[128.74455,34.88576],[128.74953,34.88923],[128.74764,34.89175],[128.73575,34.88556],[128.73443,34.89025],[128.72431,34.88711],[128.72016,34.88298],[128.72587,34.8737],[128.73136,34.8708],[128.74366,34.86887]]]},"properties":{"code":"4831053000","name":"능포동","parent":"48310"}},{"type":"Feature","geometry":{"type":"Polygon","coordinates":[[[128.67601,34.88419],[128.67233,34.88467],[128.66952,34.87641],[128.66501,34.87045],[128.66438,34.86528],[128.66707,34.86217],[128.6753,34.85906],[128.67653,34.85651],[128.67285,34.85099],[128.686,34.85254],[128.69807,34.85262],[128.70621,34.85567],[128.71336,34.85637],[128.71842,34.86384],[128.71842,34.87722],[128.71455,34.87484],[128.71105,34.87851],[128.69599,34.88135],[128.68692,34.88428],[128.68402,34.88195],[128.67601,34.88419]]]},"properties":{"code":"4831054000","name":"아주동","parent":"48310"}},{"type":"Feature","geometry":{"type":"Polygon","coordinates":[[[128.69672,34.89135],[128.69476,34.89422],[128.68714,34.89309],[128.67863,34.89481],[128.67601,34.88419],[128.68402,34.88195],[128.68692,34.88428],[128.69599,34.88135],[128.69812,34.88532],[128.69672,34.89135]]]},"properties":{"code":"4831055000","name":"옥포1동","parent":"48310"}},{"type":"Feature","geometry":{"type":"Polygon","coordinates":[[[128.72034,34.90944],[128.71993,34.91387],[128.71336,34.91911],[128.70193,34.92462],[128.69826,34.92303],[128.69308,34.92795],[128.68918,34.92551],[128.68728,34.91773],[128.69056,34.91175],[128.68707,34.90607],[128.68123,34.90357],[128.6786,34.89715],[128.67863,34.89481],[128.68714,34.89309],[128.69476,34.89422],[128.69672,34.89135],[128.70398,34.89131],[128.70739,34.89908],[128.71484,34.89951],[128.71759,34.90181],[128.71042,34.91044],[128.71375,34.91284],[128.72034,34.90944]]]},"properties":{"code":"4831056000","name":"옥포2동","parent":"48310"}},{"type":"Feature","geometry":{"type":"Polygon","coordinates":[[[128.61816,34.89123],[128.61422,34.89487],[128.61203,34.90131],[128.60656,34.90019],[128.60478,34.90357],[128.59826,34.90094],[128.58881,34.90724],[128.5859,34.91391],[128.57926,34.90742],[128.58113,34.90165],[128.58723,34.89601],[128.5855,34.88927],[128.58759,34.88356],[128.59512,34.88275],[128.60724,34.8751],[128.61003,34.8777],[128.61236,34.88572],[128.61816,34.89123]]]},"properties":{"code":"4831057000","name":"장평동","parent":"48310"}},{"type":"Feature","geometry":{"type":"Polygon","coordinates":[[[128.64227,34.89662],[128.63762,34.89821],[128.62562,34.89765],[128.62397,34.89204],[128.61816,34.89123],[128.61236,34.88572],[128.61003,34.8777],[128.60724,34.8751],[128.60823,34.87015],[128.61331,34.86726],[128.6189,34.87252],[128.62616,34.87502],[128.62799,34.87872],[128.63464,34.87976],[128.63759,34.88298],[128.63067,34.89022],[128.64059,34.89402],[128.64227,34.89662]]]},"properties":{"code":"4831058000","name":"고현동","parent":"48310"}},{"type":"Feature","geometry":{"type":"Polygon","coordinates":[[[128.66438,34.86528],[128.65732,34.86668],[128.64719,34.86528],[128.64229,34.87216],[128.64266,34.87847],[128.63759,34.88298],[128.63464,34.87976],[128.62799,34.87872],[128.62616,34.87502],[128.6189,34.87252],[128.61331,34.86726],[128.6184,34.86154],[128.61881,34.85634],[128.62958,34.84807],[128.63037,34.83968],[128.64155,34.83444],[128.64758,34.82812],[128.65479,34.82552],[128.6564,34.823],[128.67618,34.82568],[128.68325,34.83125],[128.67119,34.83225],[128.66669,34.83804],[128.67168,34.84217],[128.67285,34.85099],[128.67653,34.85651],[128.6753,34.85906],[128.66707,34.86217],[128.66438,34.86528]]]},"properties":{"code":"4831059000","name":"상문동","parent":"48310"}},{"type":"Feature","geometry":{"type":"Polygon","coordinates":[[[128.6786,34.89715],[128.6752,34.89648],[128.66476,34.90165],[128.65554,34.90226],[128.6514,34.89835],[128.64227,34.89662],[128.64059,34.89402],[128.63067,34.89022],[128.63759,34.88298],[128.64266,34.87847],[128.64229,34.87216],[128.64719,34.86528],[128.65732,34.86668],[128.66438,34.86528],[128.66501,34.87045],[128.66952,34.87641],[128.67233,34.88467],[128.67601,34.88419],[128.67863,34.89481],[128.6786,34.89715]]]},"properties":{"code":"4831060000","name":"수양동","parent":"48310"}},{"type":"Feature","geometry":{"type":"Polygon","coordinates":[[[129.02676,35.34183],[129.02274,35.34171],[129.0063,35.34554],[129.0049,35.34251],[128.99649,35.33943],[128.98409,35.32884],[128.98235,35.32207],[128.97652,35.32006],[128.97266,35.31578],[128.97352,35.31234],[128.98141,35.29869],[128.98835,35.29264],[128.99967,35.28815],[129.01002,35.27875],[129.01145,35.28663],[129.01846,35.31038],[129.0203,35.32526],[129.02149,35.33398],[129.02676,35.34183]]]},"properties":{"code":"4833025300","name":"물금읍","parent":"48330"}},{"type":"Feature","geometry":{"type":"Polygon","coordinates":[[[129.12956,35.35916],[129.12273,35.36352],[129.1184,35.3682],[129.11508,35.37655],[129.10532,35.3857],[129.10131,35.37713],[129.09132,35.36431],[129.0919,35.3622],[129.09577,35.35306],[129.09305,35.34766],[129.0942,35.34027],[129.09003,35.33562],[129.0855,35.33634],[129.08177,35.33291],[129.07385,35.33287],[129.07061,35.33457],[129.05717,35.33255],[129.05187,35.32547],[129.03902,35.33105],[129.0346,35.32899],[129.02669,35.32832],[129.0203,35.32526],[129.01846,35.31038],[129.01145,35.28663],[129.01002,35.27875],[129.01261,35.27328],[129.01722,35.27543],[129.03009,35.27852],[129.03923,35.27589],[129.0443,35.28033],[129.05057,35.28006],[129.05192,35.28804],[129.06,35.29548],[129.06525,35.29145],[129.07356,35.29007],[129.08621,35.30119],[129.09052,35.30354],[129.097,35.30354],[129.10348,35.30614],[129.10892,35.30507],[129.11165,35.30877],[129.11365,35.31985],[129.11848,35.32246],[129.12132,35.3294],[129.12626,35.33326],[129.12593,35.34104],[129.12824,35.3438],[129.12942,35.34852],[129.13471,35.35306],[129.12956,35.35916]]]},"properties":{"code":"4833031000","name":"동면","parent":"48330"}},{"type":"Feature","geometry":{"type":"Polygon","coordinates":[[[129.0567,35.53111],[129.05576,35.53214],[129.03834,35.52742],[129.01144,35.52317],[129.00955,35.52799],[128.9945,35.52899],[128.98844,35.52081],[128.98912,35.51651],[128.9803,35.51125],[128.97773,35.508],[128.96137,35.50995],[128.9557,35.50543],[128.95317,35.50036],[128.9672,35.49069],[128.96281,35.48582],[128.96426,35.47805],[128.96833,35.47259],[128.96758,35.46281],[128.96272,35.45938],[128.95001,35.45457],[128.94318,35.45658],[128.93372,35.45289],[128.92803,35.45364],[128.91893,35.45179],[128.91005,35.44482],[128.90672,35.43957],[128.90723,35.43609],[128.9138,35.43062],[128.92183,35.42612],[128.92366,35.42133],[128.91358,35.41558],[128.90342,35.42005],[128.89121,35.4141],[128.89249,35.41115],[128.89084,35.40447],[128.88735,35.40377],[128.87864,35.39704],[128.88066,35.38665],[128.87631,35.38543],[128.87254,35.38052],[128.87792,35.37048],[128.88376,35.3667],[128.89201,35.36459],[128.90215,35.36546],[128.91245,35.36379],[128.91865,35.36112],[128.9335,35.34907],[128.94087,35.34025],[128.96617,35.33067],[128.9693,35.32774],[128.97266,35.31578],[128.97652,35.32006],[128.98235,35.32207],[128.98409,35.32884],[128.99649,35.33943],[129.0049,35.34251],[129.0063,35.34554],[129.00309,35.35139],[129.00301,35.35788],[129.00818,35.36051],[129.00804,35.36445],[129.00019,35.3694],[129.00123,35.37849],[128.99793,35.38201],[128.99063,35.38473],[128.98502,35.38453],[128.98137,35.38859],[128.98214,35.39241],[128.9774,35.398],[128.97759,35.40165],[128.98331,35.4075],[128.98073,35.41396],[128.98373,35.41965],[128.99576,35.42363],[129.00193,35.42401],[128.99718,35.42999],[128.99446,35.43701],[128.98978,35.44348],[128.99102,35.45663],[128.99745,35.46092],[128.99886,35.4701],[129.00135,35.47487],[129.01373,35.47487],[129.01785,35.47954],[129.01586,35.48301],[129.02354,35.49705],[129.03134,35.49917],[129.03555,35.50768],[129.03906,35.51103],[129.052,35.51573],[129.05314,35.52536],[129.0567,35.53111]]]},"properties":{"code":"4833032000","name":"원동면","parent":"48330"}},{"type":"Feature","geometry":{"type":"Polygon","coordinates":[[[129.01785,35.47954],[129.01373,35.47487],[129.00135,35.47487],[128.99886,35.4701],[128.99745,35.46092],[128.99102,35.45663],[128.98978,35.44348],[128.99446,35.43701],[128.99718,35.42999],[129.00193,35.42401],[129.0098,35.42104],[129.01323,35.41214],[129.01794,35.4078],[129.02754,35.40356],[129.0267,35.39836],[129.0281,35.39136],[129.03479,35.37871],[129.03812,35.37545],[129.04558,35.37514],[129.05268,35.3771],[129.05709,35.37612],[129.07028,35.37881],[129.08032,35.38283],[129.08724,35.38416],[129.09272,35.3832],[129.10383,35.38737],[129.10541,35.4001],[129.1062,35.40344],[129.09702,35.40769],[129.09768,35.41122],[129.09525,35.4248],[129.08433,35.42828],[129.07281,35.42925],[129.06617,35.43096],[129.06539,35.44069],[129.05804,35.44331],[129.05491,35.45039],[129.054,35.46237],[129.04988,35.46326],[129.04699,35.47113],[129.04207,35.47209],[129.02977,35.47725],[129.01785,35.47954]]]},"properties":{"code":"4833033000","name":"상북면","parent":"48330"}},{"type":"Feature","geometry":{"type":"Polygon","coordinates":[[[129.0947,35.49774],[129.08644,35.50184],[129.07102,35.50573],[129.06165,35.50946],[129.052,35.51573],[129.03906,35.51103],[129.03555,35.50768],[129.03134,35.49917],[129.02354,35.49705],[129.01586,35.48301],[129.01785,35.47954],[129.02977,35.47725],[129.04207,35.47209],[129.04699,35.47113],[129.04988,35.46326],[129.054,35.46237],[129.05491,35.45039],[129.05804,35.44331],[129.06539,35.44069],[129.06617,35.43096],[129.07281,35.42925],[129.08433,35.42828],[129.09525,35.4248],[129.09768,35.41122],[129.09702,35.40769],[129.1062,35.40344],[129.10541,35.4001],[129.10776,35.39971],[129.11492,35.40671],[129.11917,35.4066],[129.13087,35.4258],[129.13654,35.42905],[129.13874,35.43534],[129.14566,35.44443],[129.13979,35.449],[129.13572,35.45645],[129.12876,35.45925],[129.11985,35.46855],[129.11712,35.47467],[129.10963,35.4797],[129.10664,35.48977],[129.10671,35.49496],[129.1026,35.49767],[129.0947,35.49774]]]},"properties":{"code":"4833034000","name":"하북면","parent":"48330"}},{"type":"Feature","geometry":{"type":"Polygon","coordinates":[[[129.10532,35.3857],[129.10383,35.38737],[129.09272,35.3832],[129.08724,35.38416],[129.08032,35.38283],[129.07028,35.37881],[129.05709,35.37612],[129.05268,35.3771],[129.04558,35.37514],[129.03821,35.36023],[129.03153,35.34868],[129.03692,35.35024],[129.04774,35.35034],[129.04931,35.34763],[129.05727,35.34336],[129.06024,35.34717],[129.06666,35.34867],[129.06912,35.35144],[129.0793,35.35426],[129.0919,35.3622],[129.09132,35.36431],[129.10131,35.37713],[129.10532,35.3857]]]},"properties":{"code":"4833052000","name":"삼성동","parent":"48330"}},{"type":"Feature","geometry":{"type":"Polygon","coordinates":[[[129.04558,35.37514],[129.03812,35.37545],[129.03479,35.37871],[129.0281,35.39136],[129.0267,35.39836],[129.02754,35.40356],[129.01794,35.4078],[129.01323,35.41214],[129.0098,35.42104],[129.00193,35.42401],[128.99576,35.42363],[128.98373,35.41965],[128.98073,35.41396],[128.98331,35.4075],[128.97759,35.40165],[128.9774,35.398],[128.98214,35.39241],[128.98137,35.38859],[128.98502,35.38453],[128.99063,35.38473],[128.99793,35.38201],[129.00123,35.37849],[129.00019,35.3694],[129.00804,35.36445],[129.00818,35.36051],[129.00301,35.35788],[129.00309,35.35139],[129.0063,35.34554],[129.02274,35.34171],[129.02676,35.34183],[129.03153,35.34868],[129.03821,35.36023],[129.04558,35.37514]]]},"properties":{"code":"4833053000","name":"강서동","parent":"48330"}},{"type":"Feature","geometry":{"type":"Polygon","coordinates":[[[129.2022,35.42999],[129.19636,35.43942],[129.18743,35.43487],[129.17895,35.43263],[129.17265,35.43357],[129.16549,35.43229],[129.16534,35.42706],[129.16877,35.42529],[129.16818,35.4163],[129.16052,35.4089],[129.15937,35.40505],[129.16182,35.39792],[129.15941,35.39074],[129.17036,35.38383],[129.1806,35.38153],[129.19451,35.38375],[129.20053,35.38867],[129.20297,35.38787],[129.21073,35.40012],[129.21986,35.40917],[129.21035,35.41972],[129.20313,35.42094],[129.20018,35.42413],[129.2022,35.42999]]]},"properties":{"code":"4833054000","name":"서창동","parent":"48330"}},{"type":"Feature","geometry":{"type":"Polygon","coordinates":[[[129.16549,35.43229],[129.15,35.44298],[129.14566,35.44443],[129.13874,35.43534],[129.13654,35.42905],[129.13087,35.4258],[129.11917,35.4066],[129.12332,35.40071],[129.12295,35.39144],[129.12723,35.38869],[129.14037,35.38967],[129.151,35.38837],[129.1557,35.38642],[129.15941,35.39074],[129.16182,35.39792],[129.15937,35.40505],[129.16052,35.4089],[129.16818,35.4163],[129.16877,35.42529],[129.16534,35.42706],[129.16549,35.43229]]]},"properties":{"code":"4833055000","name":"소주동","parent":"48330"}},{"type":"Feature","geometry":{"type":"Polygon","coordinates":[[[129.11917,35.4066],[129.11492,35.40671],[129.10776,35.39971],[129.10541,35.4001],[129.10383,35.38737],[129.10532,35.3857],[129.11508,35.37655],[129.1184,35.3682],[129.12273,35.36352],[129.12956,35.35916],[129.13059,35.3643],[129.13851,35.36608],[129.14978,35.37661],[129.15714,35.3801],[129.1557,35.38642],[129.151,35.38837],[129.14037,35.38967],[129.12723,35.38869],[129.12295,35.39144],[129.12332,35.40071],[129.11917,35.4066]]]},"properties":{"code":"4833056000","name":"평산동","parent":"48330"}},{"type":"Feature","geometry":{"type":"Polygon","coordinates":[[[129.19451,35.38375],[129.1806,35.38153],[129.17036,35.38383],[129.15941,35.39074],[129.1557,35.38642],[129.15714,35.3801],[129.14978,35.37661],[129.13851,35.36608],[129.15279,35.36272],[129.15725,35.359],[129.17453,35.35147],[129.1784,35.3516],[129.18558,35.35817],[129.19358,35.36101],[129.19809,35.36922],[129.19936,35.37575],[129.19451,35.38375]]]},"properties":{"code":"4833057000","name":"덕계동","parent":"48330"}},{"type":"Feature","geometry":{"type":"Polygon","coordinates":[[[129.0346,35.32899],[129.03902,35.33105],[129.05187,35.32547],[129.05717,35.33255],[129.07061,35.33457],[129.07385,35.33287],[129.08177,35.33291],[129.0855,35.33634],[129.09003,35.33562],[129.0942,35.34027],[129.09305,35.34766],[129.09577,35.35306],[129.0919,35.3622],[129.0793,35.35426],[129.06912,35.35144],[129.06666,35.34867],[129.06024,35.34717],[129.05727,35.34336],[129.04931,35.34763],[129.04774,35.35034],[129.03692,35.35024],[129.03365,35.34151],[129.03608,35.33695],[129.0346,35.32899]]]},"properties":{"code":"4833051000","name":"중앙동","parent":"48330"}},{"type":"Feature","geometry":{"type":"Polygon","coordinates":[[[129.0346,35.32899],[129.03608,35.33695],[129.03365,35.34151],[129.03692,35.35024],[129.03153,35.34868],[129.02676,35.34183],[129.02149,35.33398],[129.0203,35.32526],[129.02669,35.32832],[129.0346,35.32899]]]},"properties":{"code":"4833051500","name":"양주동","parent":"48330"}},{"type":"Feature","geometry":{"type":"Polygon","coordinates":[[[128.69689,35.31042],[128.69038,35.31535],[128.68526,35.31491],[128.67781,35.32115],[128.69209,35.33763],[128.68839,35.33912],[128.68873,35.34526],[128.69114,35.35006],[128.68476,35.3549],[128.67701,35.35732],[128.67104,35.36636],[128.66872,35.37861],[128.65617,35.37263],[128.65027,35.37139],[128.64311,35.37239],[128.63951,35.36894],[128.63875,35.36028],[128.64201,35.35846],[128.64571,35.34953],[128.64321,35.34425],[128.64367,35.33894],[128.64142,35.33565],[128.64271,35.33],[128.6473,35.32217],[128.64705,35.31649],[128.64285,35.31159],[128.64397,35.30756],[128.63867,35.30016],[128.64144,35.29284],[128.64154,35.2855],[128.63945,35.28327],[128.63006,35.28054],[128.6243,35.27493],[128.62923,35.2721],[128.63402,35.26666],[128.64392,35.26805],[128.65237,35.26746],[128.66407,35.26404],[128.68089,35.26076],[128.68331,35.2579],[128.69163,35.26342],[128.70456,35.25055],[128.7193,35.24343],[128.71706,35.25135],[128.71126,35.26327],[128.71157,35.26965],[128.70616,35.27827],[128.70574,35.28668],[128.69956,35.29441],[128.69437,35.30714],[128.69689,35.31042]]]},"properties":{"code":"4812125000","name":"동읍","parent":"48121"}},{"type":"Feature","geometry":{"type":"Polygon","coordinates":[[[128.64311,35.37239],[128.61781,35.38051],[128.61319,35.38322],[128.6024,35.39326],[128.59702,35.39353],[128.58547,35.38254],[128.57698,35.37916],[128.57622,35.37277],[128.57781,35.36802],[128.57166,35.36187],[128.57153,35.3587],[128.56253,35.35701],[128.55947,35.35275],[128.56395,35.35008],[128.56458,35.34116],[128.56986,35.33416],[128.56335,35.32586],[128.57241,35.31977],[128.57219,35.31553],[128.58267,35.30863],[128.5723,35.30069],[128.57355,35.29585],[128.58106,35.28751],[128.5832,35.27864],[128.5901,35.276],[128.59124,35.27159],[128.60042,35.2713],[128.60255,35.27505],[128.60985,35.27699],[128.62038,35.27668],[128.6243,35.27493],[128.63006,35.28054],[128.63945,35.28327],[128.64154,35.2855],[128.64144,35.29284],[128.63867,35.30016],[128.64397,35.30756],[128.64285,35.31159],[128.64705,35.31649],[128.6473,35.32217],[128.64271,35.33],[128.64142,35.33565],[128.64367,35.33894],[128.64321,35.34425],[128.64571,35.34953],[128.64201,35.35846],[128.63875,35.36028],[128.63951,35.36894],[128.64311,35.37239]]]},"properties":{"code":"4812131000","name":"북면","parent":"48121"}},{"type":"Feature","geometry":{"type":"Polygon","coordinates":[[[128.69633,35.37588],[128.69116,35.37853],[128.68289,35.37997],[128.67209,35.37986],[128.66872,35.37861],[128.67104,35.36636],[128.67701,35.35732],[128.68476,35.3549],[128.69114,35.35006],[128.68873,35.34526],[128.68839,35.33912],[128.69209,35.33763],[128.67781,35.32115],[128.68526,35.31491],[128.69038,35.31535],[128.69689,35.31042],[128.70938,35.30882],[128.71323,35.31179],[128.71149,35.31531],[128.71362,35.32269],[128.71774,35.32561],[128.72219,35.32149],[128.73302,35.31569],[128.73929,35.31734],[128.7423,35.3204],[128.74231,35.3317],[128.74934,35.33207],[128.753,35.33725],[128.75758,35.33827],[128.76218,35.34739],[128.7385,35.34763],[128.73408,35.34891],[128.71136,35.36735],[128.69633,35.37588]]]},"properties":{"code":"4812132000","name":"대산면","parent":"48121"}},{"type":"Feature","geometry":{"type":"Polygon","coordinates":[[[128.6243,35.27493],[128.62038,35.27668],[128.60985,35.27699],[128.60255,35.27505],[128.60042,35.2713],[128.59124,35.27159],[128.58791,35.26352],[128.58911,35.2612],[128.59645,35.259],[128.60016,35.2555],[128.6023,35.25334],[128.61094,35.26082],[128.62065,35.25111],[128.62767,35.25011],[128.62661,35.25306],[128.63402,35.26666],[128.62923,35.2721],[128.6243,35.27493]]]},"properties":{"code":"4812151000","name":"의창동","parent":"48121"}},{"type":"Feature","geometry":{"type":"Polygon","coordinates":[[[128.62767,35.25011],[128.62065,35.25111],[128.61094,35.26082],[128.6023,35.25334],[128.60215,35.24587],[128.60687,35.24205],[128.61582,35.23438],[128.61132,35.22236],[128.62245,35.2175],[128.62565,35.2146],[128.6294,35.21744],[128.64427,35.22013],[128.6513,35.21964],[128.65925,35.22936],[128.66249,35.22782],[128.67088,35.22922],[128.67289,35.23182],[128.65218,35.2415],[128.64678,35.23567],[128.63586,35.24302],[128.63307,35.24834],[128.62767,35.25011]]]},"properties":{"code":"4812152000","name":"팔룡동","parent":"48121"}},{"type":"Feature","geometry":{"type":"Polygon","coordinates":[[[128.66407,35.26404],[128.65237,35.26746],[128.64392,35.26805],[128.63402,35.26666],[128.62661,35.25306],[128.62767,35.25011],[128.63307,35.24834],[128.63586,35.24302],[128.64678,35.23567],[128.65218,35.2415],[128.64826,35.24357],[128.65419,35.25075],[128.6585,35.25185],[128.65799,35.2563],[128.66407,35.26404]]]},"properties":{"code":"4812153000","name":"명곡동","parent":"48121"}},{"type":"Feature","geometry":{"type":"Polygon","coordinates":[[[128.7193,35.24343],[128.70456,35.25055],[128.69163,35.26342],[128.68331,35.2579],[128.68089,35.26076],[128.66407,35.26404],[128.65799,35.2563],[128.6585,35.25185],[128.65419,35.25075],[128.64826,35.24357],[128.65218,35.2415],[128.66507,35.24571],[128.66939,35.2458],[128.67234,35.24102],[128.67959,35.23922],[128.68215,35.24184],[128.69166,35.23553],[128.69388,35.23274],[128.69649,35.23425],[128.70618,35.23485],[128.71488,35.23245],[128.72353,35.23356],[128.7246,35.24062],[128.72165,35.24444],[128.7193,35.24343]]]},"properties":{"code":"4812154000","name":"봉림동","parent":"48121"}},{"type":"Feature","geometry":{"type":"Polygon","coordinates":[[[128.69388,35.23274],[128.69166,35.23553],[128.68215,35.24184],[128.67959,35.23922],[128.67316,35.23185],[128.68424,35.2252],[128.69173,35.2203],[128.69763,35.2268],[128.69388,35.23274]]]},"properties":{"code":"4812351500","name":"용지동","parent":"48123"}},{"type":"Feature","geometry":{"type":"Polygon","coordinates":[[[128.67959,35.23922],[128.67234,35.24102],[128.66939,35.2458],[128.66507,35.24571],[128.65218,35.2415],[128.67289,35.23182],[128.67316,35.23185],[128.67959,35.23922]]]},"properties":{"code":"4812351000","name":"반송동","parent":"48123"}},{"type":"Feature","geometry":{"type":"Polygon","coordinates":[[[128.68424,35.2252],[128.67316,35.23185],[128.67289,35.23182],[128.67088,35.22922],[128.66249,35.22782],[128.65925,35.22936],[128.6513,35.21964],[128.65749,35.21827],[128.67974,35.20537],[128.68377,35.21007],[128.68138,35.21379],[128.67918,35.21925],[128.68424,35.2252]]]},"properties":{"code":"4812352000","name":"중앙동","parent":"48123"}},{"type":"Feature","geometry":{"type":"Polygon","coordinates":[[[128.69173,35.2203],[128.68424,35.2252],[128.67918,35.21925],[128.68138,35.21379],[128.69052,35.21333],[128.69567,35.21497],[128.69173,35.2203]]]},"properties":{"code":"4812353000","name":"상남동","parent":"48123"}},{"type":"Feature","geometry":{"type":"Polygon","coordinates":[[[128.72353,35.23356],[128.71488,35.23245],[128.70618,35.23485],[128.69649,35.23425],[128.69388,35.23274],[128.69763,35.2268],[128.69173,35.2203],[128.69567,35.21497],[128.69951,35.2169],[128.70449,35.21525],[128.70694,35.20598],[128.70533,35.20299],[128.71838,35.20748],[128.72286,35.21738],[128.72048,35.22608],[128.72353,35.23356]]]},"properties":{"code":"4812354000","name":"사파동","parent":"48123"}},{"type":"Feature","geometry":{"type":"Polygon","coordinates":[[[128.70533,35.20299],[128.70694,35.20598],[128.70449,35.21525],[128.69951,35.2169],[128.69567,35.21497],[128.69052,35.21333],[128.68138,35.21379],[128.68377,35.21007],[128.67974,35.20537],[128.68786,35.20071],[128.69186,35.20544],[128.70233,35.19945],[128.70533,35.20299]]]},"properties":{"code":"4812355000","name":"가음정동","parent":"48123"}},{"type":"Feature","geometry":{"type":"Polygon","coordinates":[[[128.75145,35.20123],[128.74427,35.20589],[128.73653,35.20452],[128.72975,35.206],[128.72539,35.21065],[128.72286,35.21738],[128.71838,35.20748],[128.70533,35.20299],[128.70233,35.19945],[128.69186,35.20544],[128.68786,35.20071],[128.68164,35.19347],[128.68607,35.19122],[128.67988,35.18481],[128.67485,35.17553],[128.67618,35.17494],[128.68985,35.16979],[128.69466,35.16883],[128.70115,35.1687],[128.71341,35.16616],[128.72993,35.15884],[128.73841,35.15669],[128.74119,35.16701],[128.74453,35.18451],[128.74756,35.19211],[128.75203,35.19468],[128.75145,35.20123]]]},"properties":{"code":"4812356000","name":"성주동","parent":"48123"}},{"type":"Feature","geometry":{"type":"Polygon","coordinates":[[[128.6513,35.21964],[128.64427,35.22013],[128.6294,35.21744],[128.62565,35.2146],[128.61951,35.21251],[128.60862,35.21217],[128.58923,35.19963],[128.59221,35.19129],[128.59303,35.17334],[128.60045,35.16833],[128.59884,35.16493],[128.60853,35.15802],[128.61163,35.14823],[128.62521,35.16204],[128.6291,35.16905],[128.64013,35.17509],[128.64745,35.17555],[128.65823,35.18032],[128.66309,35.18005],[128.67485,35.17553],[128.67988,35.18481],[128.68607,35.19122],[128.68164,35.19347],[128.68786,35.20071],[128.67974,35.20537],[128.65749,35.21827],[128.6513,35.21964]]]},"properties":{"code":"4812357000","name":"웅남동","parent":"48123"}},{"type":"Feature","geometry":{"type":"MultiPolygon","coordinates":[[[[128.56379,35.06388],[128.56177,35.06693],[128.55243,35.07024],[128.54249,35.06937],[128.54263,35.06618],[128.5492,35.06147],[128.55531,35.05355],[128.56227,35.05246],[128.56843,35.05505],[128.56379,35.06388]]],[[[128.54473,35.07866],[128.5485,35.08065],[128.54683,35.08615],[128.54282,35.08584],[128.54473,35.07866]]],[[[128.57467,35.13327],[128.5556,35.13279],[128.55283,35.12804],[128.54686,35.12714],[128.53744,35.1363],[128.53716,35.13847],[128.52661,35.13656],[128.52172,35.13152],[128.51995,35.12411],[128.52525,35.12273],[128.52876,35.12501],[128.53547,35.11694],[128.53931,35.11722],[128.53533,35.10854],[128.53977,35.10596],[128.54168,35.10033],[128.54992,35.09553],[128.56239,35.09228],[128.56895,35.09227],[128.57319,35.08726],[128.56932,35.08433],[128.56153,35.08331],[128.56051,35.07665],[128.5642,35.07281],[128.56017,35.06934],[128.56537,35.06604],[128.57126,35.06764],[128.57398,35.06477],[128.58086,35.06366],[128.57184,35.05473],[128.5744,35.05179],[128.587,35.0525],[128.58977,35.05442],[128.60415,35.05511],[128.60981,35.05932],[128.62134,35.06298],[128.628,35.06386],[128.63103,35.06694],[128.63675,35.06774],[128.63672,35.07223],[128.63174,35.07249],[128.62598,35.07549],[128.6169,35.07289],[128.60836,35.07923],[128.62043,35.08037],[128.62482,35.08316],[128.62313,35.09047],[128.61764,35.09038],[128.61807,35.09525],[128.61108,35.09725],[128.60307,35.10415],[128.60068,35.1197],[128.60097,35.13336],[128.59266,35.13425],[128.58842,35.12969],[128.57467,35.13327]]]]},"properties":{"code":"4812531000","name":"구산면","parent":"48125"}},{"type":"Feature","geometry":{"type":"MultiPolygon","coordinates":[[[[128.49091,35.07685],[128.49462,35.08091],[128.48825,35.08381],[128.4878,35.07843],[128.49091,35.07685]]],[[[128.52089,35.17808],[128.50282,35.17762],[128.49649,35.16903],[128.49197,35.15737],[128.49652,35.15344],[128.49964,35.14789],[128.49819,35.13989],[128.49317,35.13371],[128.49376,35.12808],[128.48545,35.12621],[128.48358,35.12225],[128.4787,35.12121],[128.47742,35.11429],[128.47279,35.11482],[128.46773,35.10944],[128.47019,35.10552],[128.46586,35.10108],[128.46788,35.09758],[128.4808,35.09847],[128.48588,35.10187],[128.48853,35.10686],[128.4941,35.10608],[128.49833,35.10161],[128.50655,35.09735],[128.51868,35.0969],[128.52171,35.10435],[128.52863,35.10388],[128.53171,35.10691],[128.53547,35.11694],[128.52876,35.12501],[128.52525,35.12273],[128.51995,35.12411],[128.52172,35.13152],[128.52661,35.13656],[128.53716,35.13847],[128.53038,35.14931],[128.53897,35.15671],[128.54084,35.1609],[128.53366,35.16469],[128.5251,35.17091],[128.52089,35.17808]]]]},"properties":{"code":"4812532000","name":"진동면","parent":"48125"}},{"type":"Feature","geometry":{"type":"Polygon","coordinates":[[[128.47897,35.18772],[128.46518,35.18884],[128.45741,35.18379],[128.44629,35.18027],[128.44387,35.16996],[128.43745,35.16518],[128.42991,35.16425],[128.41974,35.16919],[128.41566,35.16071],[128.42126,35.14991],[128.4142,35.13954],[128.41583,35.13334],[128.42184,35.12497],[128.42886,35.1227],[128.43659,35.12331],[128.44595,35.122],[128.44939,35.11892],[128.45516,35.10987],[128.45991,35.11089],[128.46773,35.10944],[128.47279,35.11482],[128.47742,35.11429],[128.4787,35.12121],[128.48358,35.12225],[128.48545,35.12621],[128.49376,35.12808],[128.49317,35.13371],[128.49819,35.13989],[128.49964,35.14789],[128.49652,35.15344],[128.49197,35.15737],[128.49649,35.16903],[128.50282,35.17762],[128.49706,35.18086],[128.48659,35.18069],[128.47897,35.18772]]]},"properties":{"code":"4812533000","name":"진북면","parent":"48125"}},{"type":"Feature","geometry":{"type":"Polygon","coordinates":[[[128.40558,35.19834],[128.4008,35.20485],[128.3893,35.20686],[128.3766,35.19831],[128.37419,35.19338],[128.36754,35.19413],[128.36684,35.18312],[128.3645,35.17808],[128.36511,35.17179],[128.36131,35.16231],[128.36219,35.1522],[128.35864,35.14687],[128.36211,35.14194],[128.35699,35.13854],[128.35773,35.13497],[128.3522,35.13392],[128.34795,35.12684],[128.35103,35.12364],[128.3538,35.11831],[128.35012,35.11195],[128.35312,35.10967],[128.36683,35.10882],[128.3728,35.10977],[128.37921,35.1052],[128.38633,35.1026],[128.38993,35.09879],[128.39051,35.09137],[128.39311,35.08723],[128.39981,35.08356],[128.39987,35.09043],[128.41196,35.09266],[128.42379,35.08832],[128.42828,35.08464],[128.42497,35.07582],[128.42737,35.07088],[128.42242,35.05629],[128.42742,35.05494],[128.44054,35.07187],[128.44648,35.07152],[128.45316,35.07385],[128.46159,35.07151],[128.46497,35.07374],[128.4659,35.07981],[128.4709,35.08152],[128.47623,35.07574],[128.4792,35.08196],[128.46596,35.08564],[128.46128,35.08937],[128.44864,35.09607],[128.44954,35.1008],[128.4586,35.10468],[128.46586,35.10108],[128.47019,35.10552],[128.46773,35.10944],[128.45991,35.11089],[128.45516,35.10987],[128.44939,35.11892],[128.44595,35.122],[128.43659,35.12331],[128.42886,35.1227],[128.42184,35.12497],[128.41583,35.13334],[128.4142,35.13954],[128.42126,35.14991],[128.41566,35.16071],[128.41974,35.16919],[128.41644,35.17048],[128.4099,35.17927],[128.40631,35.17934],[128.40365,35.18407],[128.40519,35.19018],[128.40788,35.19236],[128.40558,35.19834]]]},"properties":{"code":"4812534000","name":"진전면","parent":"48125"}},{"type":"Feature","geometry":{"type":"Polygon","coordinates":[[[128.54668,35.18142],[128.54381,35.18726],[128.54023,35.18957],[128.5291,35.18639],[128.52089,35.17808],[128.5251,35.17091],[128.53366,35.16469],[128.54084,35.1609],[128.53897,35.15671],[128.53038,35.14931],[128.53716,35.13847],[128.53744,35.1363],[128.54686,35.12714],[128.55283,35.12804],[128.5556,35.13279],[128.57467,35.13327],[128.58022,35.13802],[128.58492,35.13447],[128.59405,35.13683],[128.59635,35.14379],[128.58877,35.14855],[128.58677,35.15063],[128.57478,35.15013],[128.57023,35.1516],[128.56306,35.15927],[128.56274,35.16523],[128.55596,35.16899],[128.54875,35.17329],[128.54668,35.18142]]]},"properties":{"code":"4812551000","name":"현동","parent":"48125"}},{"type":"Feature","geometry":{"type":"Polygon","coordinates":[[[128.58877,35.14855],[128.59176,35.1498],[128.59166,35.15793],[128.58216,35.1646],[128.57927,35.17177],[128.57359,35.17529],[128.56694,35.17391],[128.56131,35.17002],[128.55596,35.16899],[128.56274,35.16523],[128.56306,35.15927],[128.57023,35.1516],[128.57478,35.15013],[128.58677,35.15063],[128.58877,35.14855]]]},"properties":{"code":"4812552000","name":"가포동","parent":"48125"}},{"type":"Feature","geometry":{"type":"Polygon","coordinates":[[[128.57359,35.17529],[128.57044,35.17504],[128.56504,35.18622],[128.56129,35.18075],[128.55777,35.1842],[128.54668,35.18142],[128.54875,35.17329],[128.55596,35.16899],[128.56131,35.17002],[128.56694,35.17391],[128.57359,35.17529]]]},"properties":{"code":"4812553000","name":"월영동","parent":"48125"}},{"type":"Feature","geometry":{"type":"Polygon","coordinates":[[[128.57068,35.19273],[128.57045,35.19828],[128.56745,35.20131],[128.56716,35.19749],[128.55309,35.19342],[128.55433,35.19158],[128.56503,35.1869],[128.57068,35.19273]]]},"properties":{"code":"4812556500","name":"반월중앙동","parent":"48125"}},{"type":"Feature","geometry":{"type":"Polygon","coordinates":[[[128.5675,35.20185],[128.55824,35.19987],[128.55013,35.20534],[128.5391,35.20531],[128.53806,35.19936],[128.54064,35.19221],[128.55309,35.19342],[128.56716,35.19749],[128.56745,35.20131],[128.5675,35.20185]]]},"properties":{"code":"4812557000","name":"완월동","parent":"48125"}},{"type":"Feature","geometry":{"type":"Polygon","coordinates":[[[128.56679,35.20864],[128.56121,35.20927],[128.55013,35.20534],[128.55824,35.19987],[128.5675,35.20185],[128.56679,35.20864]]]},"properties":{"code":"4812558000","name":"자산동","parent":"48125"}},{"type":"Feature","geometry":{"type":"Polygon","coordinates":[[[128.57068,35.19273],[128.57594,35.19943],[128.58483,35.20645],[128.58165,35.20897],[128.5748,35.20984],[128.56968,35.21216],[128.56679,35.20864],[128.5675,35.20185],[128.56745,35.20131],[128.57045,35.19828],[128.57068,35.19273]]]},"properties":{"code":"4812563000","name":"오동동","parent":"48125"}},{"type":"Feature","geometry":{"type":"Polygon","coordinates":[[[128.58109,35.23621],[128.57378,35.23691],[128.57416,35.24424],[128.56686,35.23792],[128.56627,35.23319],[128.56057,35.22504],[128.57053,35.22536],[128.57308,35.22561],[128.58041,35.2339],[128.58121,35.23487],[128.58109,35.23621]]]},"properties":{"code":"4812754500","name":"석전동","parent":"48127"}},{"type":"Feature","geometry":{"type":"Polygon","coordinates":[[[128.58771,35.21221],[128.57677,35.21489],[128.5748,35.20984],[128.58165,35.20897],[128.58483,35.20645],[128.5865,35.20958],[128.58771,35.21221]]]},"properties":{"code":"4812564000","name":"합포동","parent":"48125"}},{"type":"Feature","geometry":{"type":"Polygon","coordinates":[[[128.5896,35.21891],[128.58479,35.22254],[128.57924,35.22019],[128.57677,35.21489],[128.58771,35.21221],[128.5896,35.21891]]]},"properties":{"code":"4812565000","name":"산호동","parent":"48125"}},{"type":"Feature","geometry":{"type":"Polygon","coordinates":[[[128.57819,35.26913],[128.56291,35.2762],[128.5569,35.27731],[128.54515,35.27067],[128.5385,35.27273],[128.53487,35.26679],[128.5217,35.26997],[128.51105,35.26899],[128.50747,35.27307],[128.4974,35.27564],[128.49081,35.27369],[128.49098,35.26557],[128.4852,35.2576],[128.47869,35.25307],[128.47438,35.24137],[128.47581,35.23773],[128.47534,35.22475],[128.47421,35.22235],[128.47898,35.21258],[128.48424,35.21167],[128.49004,35.20702],[128.48999,35.20206],[128.47897,35.18772],[128.48659,35.18069],[128.49706,35.18086],[128.50282,35.17762],[128.52089,35.17808],[128.5291,35.18639],[128.54023,35.18957],[128.54064,35.19221],[128.53806,35.19936],[128.5391,35.20531],[128.53554,35.2099],[128.52676,35.21844],[128.53015,35.22508],[128.52918,35.23095],[128.53473,35.23703],[128.53907,35.24898],[128.54499,35.25091],[128.55107,35.2498],[128.5633,35.25693],[128.56691,35.26139],[128.57819,35.26913]]]},"properties":{"code":"4812725000","name":"내서읍","parent":"48127"}},{"type":"Feature","geometry":{"type":"Polygon","coordinates":[[[128.57924,35.22019],[128.57308,35.22561],[128.57053,35.22536],[128.56997,35.21617],[128.57677,35.21489],[128.57924,35.22019]]]},"properties":{"code":"4812751000","name":"회원1동","parent":"48127"}},{"type":"Feature","geometry":{"type":"Polygon","coordinates":[[[128.56057,35.22504],[128.53015,35.22508],[128.52676,35.21844],[128.53554,35.2099],[128.54365,35.21505],[128.54849,35.21327],[128.56075,35.21667],[128.56997,35.21617],[128.57053,35.22536],[128.56057,35.22504]]]},"properties":{"code":"4812752000","name":"회원2동","parent":"48127"}},{"type":"Feature","geometry":{"type":"Polygon","coordinates":[[[128.56989,35.25932],[128.56691,35.26139],[128.5633,35.25693],[128.55107,35.2498],[128.54499,35.25091],[128.53907,35.24898],[128.53473,35.23703],[128.52918,35.23095],[128.53015,35.22508],[128.56057,35.22504],[128.56627,35.23319],[128.56686,35.23792],[128.5648,35.24402],[128.56054,35.24909],[128.56585,35.25078],[128.56989,35.25932]]]},"properties":{"code":"4812755000","name":"회성동","parent":"48127"}},{"type":"Feature","geometry":{"type":"Polygon","coordinates":[[[128.60045,35.23118],[128.59462,35.23445],[128.58447,35.23772],[128.58121,35.23487],[128.58041,35.2339],[128.58695,35.22765],[128.59365,35.22777],[128.60045,35.23118]]]},"properties":{"code":"4812756000","name":"양덕1동","parent":"48127"}},{"type":"Feature","geometry":{"type":"Polygon","coordinates":[[[128.59365,35.22777],[128.58695,35.22765],[128.58041,35.2339],[128.57308,35.22561],[128.57924,35.22019],[128.58479,35.22254],[128.5896,35.21891],[128.59445,35.22277],[128.59365,35.22777]]]},"properties":{"code":"4812757000","name":"양덕2동","parent":"48127"}},{"type":"Feature","geometry":{"type":"Polygon","coordinates":[[[128.58988,35.24592],[128.58714,35.24747],[128.58499,35.25482],[128.57912,35.25944],[128.56989,35.25932],[128.56585,35.25078],[128.56054,35.24909],[128.5648,35.24402],[128.56686,35.23792],[128.57416,35.24424],[128.57378,35.23691],[128.58109,35.23621],[128.58988,35.24592]]]},"properties":{"code":"4812758000","name":"합성1동","parent":"48127"}},{"type":"Feature","geometry":{"type":"Polygon","coordinates":[[[128.60215,35.24587],[128.58988,35.24592],[128.58109,35.23621],[128.58121,35.23487],[128.58447,35.23772],[128.59462,35.23445],[128.60045,35.23118],[128.60692,35.23361],[128.60687,35.24205],[128.60215,35.24587]]]},"properties":{"code":"4812759000","name":"합성2동","parent":"48127"}},{"type":"Feature","geometry":{"type":"Polygon","coordinates":[[[128.60016,35.2555],[128.59645,35.259],[128.58911,35.2612],[128.58791,35.26352],[128.59124,35.27159],[128.57819,35.26913],[128.56691,35.26139],[128.56989,35.25932],[128.57912,35.25944],[128.58499,35.25482],[128.58714,35.24747],[128.58988,35.24592],[128.59645,35.24946],[128.60016,35.2555]]]},"properties":{"code":"4812760000","name":"구암1동","parent":"48127"}},{"type":"Feature","geometry":{"type":"Polygon","coordinates":[[[128.6023,35.25334],[128.60016,35.2555],[128.59645,35.24946],[128.58988,35.24592],[128.60215,35.24587],[128.6023,35.25334]]]},"properties":{"code":"4812761000","name":"구암2동","parent":"48127"}},{"type":"Feature","geometry":{"type":"Polygon","coordinates":[[[128.62565,35.2146],[128.62245,35.2175],[128.61132,35.22236],[128.61582,35.23438],[128.60687,35.24205],[128.60692,35.23361],[128.60045,35.23118],[128.59365,35.22777],[128.59445,35.22277],[128.5896,35.21891],[128.58771,35.21221],[128.5865,35.20958],[128.60266,35.21072],[128.60953,35.21321],[128.61951,35.21251],[128.62565,35.2146]]]},"properties":{"code":"4812762000","name":"봉암동","parent":"48127"}},{"type":"Feature","geometry":{"type":"Polygon","coordinates":[[[128.67485,35.17553],[128.66309,35.18005],[128.65823,35.18032],[128.64745,35.17555],[128.65632,35.16527],[128.65603,35.15308],[128.66955,35.15208],[128.66881,35.15784],[128.67287,35.16766],[128.67618,35.17494],[128.67485,35.17553]]]},"properties":{"code":"4812954000","name":"여좌동","parent":"48129"}},{"type":"Feature","geometry":{"type":"Polygon","coordinates":[[[128.67444,35.15237],[128.68145,35.15303],[128.68086,35.15834],[128.6753,35.16043],[128.67287,35.16766],[128.66881,35.15784],[128.66955,35.15208],[128.67444,35.15237]]]},"properties":{"code":"4812955000","name":"태백동","parent":"48129"}},{"type":"Feature","geometry":{"type":"Polygon","coordinates":[[[128.68985,35.16979],[128.67618,35.17494],[128.67287,35.16766],[128.6753,35.16043],[128.68086,35.15834],[128.68145,35.15303],[128.67444,35.15237],[128.67847,35.14641],[128.68876,35.14737],[128.68778,35.16255],[128.68985,35.16979]]]},"properties":{"code":"4812956000","name":"경화동","parent":"48129"}},{"type":"Feature","geometry":{"type":"Polygon","coordinates":[[[128.69466,35.16883],[128.68985,35.16979],[128.68778,35.16255],[128.68876,35.14737],[128.68878,35.14682],[128.69391,35.1544],[128.69676,35.16471],[128.69466,35.16883]]]},"properties":{"code":"4812957000","name":"병암동","parent":"48129"}},{"type":"Feature","geometry":{"type":"Polygon","coordinates":[[[128.71341,35.16616],[128.70115,35.1687],[128.69466,35.16883],[128.69676,35.16471],[128.69391,35.1544],[128.70324,35.15168],[128.70572,35.15262],[128.71341,35.16616]]]},"properties":{"code":"4812958000","name":"석동","parent":"48129"}},{"type":"Feature","geometry":{"type":"Polygon","coordinates":[[[128.70572,35.15262],[128.70324,35.15168],[128.69391,35.1544],[128.68878,35.14682],[128.6905,35.14665],[128.70296,35.14828],[128.70572,35.15262]]]},"properties":{"code":"4812959000","name":"이동","parent":"48129"}},{"type":"Feature","geometry":{"type":"Polygon","coordinates":[[[128.73841,35.15669],[128.72993,35.15884],[128.71341,35.16616],[128.70572,35.15262],[128.70296,35.14828],[128.70669,35.14551],[128.7139,35.1481],[128.72222,35.14406],[128.72241,35.14181],[128.73128,35.13954],[128.73765,35.14427],[128.73938,35.15331],[128.73841,35.15669]]]},"properties":{"code":"4812960000","name":"자은동","parent":"48129"}},{"type":"Feature","geometry":{"type":"Polygon","coordinates":[[[128.72241,35.14181],[128.72222,35.14406],[128.7139,35.1481],[128.70669,35.14551],[128.70296,35.14828],[128.6905,35.14665],[128.69189,35.14155],[128.69644,35.13785],[128.70839,35.14001],[128.71411,35.13843],[128.72241,35.14181]]]},"properties":{"code":"4812961000","name":"덕산동","parent":"48129"}},{"type":"Feature","geometry":{"type":"Polygon","coordinates":[[[128.73128,35.13954],[128.72241,35.14181],[128.71411,35.13843],[128.70839,35.14001],[128.69644,35.13785],[128.69377,35.13316],[128.69966,35.12556],[128.70051,35.11582],[128.69227,35.10848],[128.6891,35.1091],[128.68892,35.10114],[128.69563,35.09704],[128.70148,35.09875],[128.70094,35.10398],[128.70768,35.10461],[128.70449,35.11058],[128.70806,35.11484],[128.7253,35.12639],[128.72886,35.13053],[128.72788,35.13526],[128.73128,35.13954]]]},"properties":{"code":"4812962000","name":"풍호동","parent":"48129"}},{"type":"Feature","geometry":{"type":"Polygon","coordinates":[[[128.77306,35.09893],[128.77069,35.10969],[128.76225,35.11998],[128.75787,35.12128],[128.75476,35.12803],[128.7498,35.13023],[128.74894,35.13529],[128.74426,35.14123],[128.73765,35.14427],[128.73128,35.13954],[128.72788,35.13526],[128.72886,35.13053],[128.7253,35.12639],[128.70806,35.11484],[128.70449,35.11058],[128.70768,35.10461],[128.71453,35.10639],[128.71466,35.09498],[128.7228,35.09753],[128.726,35.09463],[128.73548,35.09343],[128.74035,35.10014],[128.74271,35.09813],[128.73529,35.08866],[128.74184,35.07953],[128.75155,35.08215],[128.75976,35.07181],[128.76475,35.07168],[128.76811,35.07775],[128.76504,35.08286],[128.78002,35.08175],[128.78439,35.09667],[128.76572,35.09796],[128.76297,35.10513],[128.76972,35.1032],[128.77306,35.09893]]]},"properties":{"code":"4812963000","name":"웅천동","parent":"48129"}},{"type":"Feature","geometry":{"type":"Polygon","coordinates":[[[128.79362,35.15705],[128.77678,35.15932],[128.7628,35.16839],[128.75541,35.16613],[128.7489,35.16764],[128.74119,35.16701],[128.73841,35.15669],[128.73938,35.15331],[128.73765,35.14427],[128.74426,35.14123],[128.74894,35.13529],[128.7498,35.13023],[128.75476,35.12803],[128.75787,35.12128],[128.76225,35.11998],[128.77069,35.10969],[128.77306,35.09893],[128.77995,35.10305],[128.78109,35.10975],[128.78465,35.11379],[128.78921,35.11329],[128.78888,35.10498],[128.79963,35.11079],[128.79981,35.11343],[128.80678,35.115],[128.81614,35.1203],[128.8344,35.1263],[128.82029,35.13182],[128.81545,35.13256],[128.80233,35.14315],[128.80133,35.14674],[128.79362,35.15705]]]},"properties":{"code":"4812964000","name":"웅동1동","parent":"48129"}},{"type":"Feature","geometry":{"type":"Polygon","coordinates":[[[128.83247,35.08631],[128.83222,35.08847],[128.82288,35.09692],[128.82394,35.10177],[128.83666,35.10199],[128.8431,35.10913],[128.84294,35.11297],[128.83851,35.11505],[128.8344,35.1263],[128.81614,35.1203],[128.80678,35.115],[128.79981,35.11343],[128.79963,35.11079],[128.78888,35.10498],[128.79293,35.09817],[128.79917,35.10034],[128.80187,35.0959],[128.79748,35.09295],[128.78936,35.09426],[128.78184,35.08612],[128.78536,35.07948],[128.79227,35.07888],[128.8016,35.08305],[128.80949,35.08278],[128.81853,35.083],[128.82154,35.08585],[128.83247,35.08631]]]},"properties":{"code":"4812965000","name":"웅동2동","parent":"48129"}},{"type":"Feature","geometry":{"type":"Polygon","coordinates":[[[128.31762,35.32558],[128.31109,35.32261],[128.29335,35.32371],[128.28665,35.3257],[128.27773,35.33097],[128.2687,35.33798],[128.26313,35.3353],[128.26016,35.33019],[128.25549,35.33168],[128.25222,35.33046],[128.2523,35.32523],[128.24869,35.32101],[128.24396,35.32253],[128.23709,35.31316],[128.23111,35.31516],[128.22216,35.31566],[128.2172,35.3184],[128.21385,35.31415],[128.2206,35.30504],[128.22782,35.29946],[128.22702,35.29474],[128.23037,35.29089],[128.22898,35.28717],[128.24288,35.27848],[128.25338,35.27897],[128.26184,35.27492],[128.2714,35.2784],[128.28437,35.27863],[128.28581,35.27687],[128.29489,35.27848],[128.30212,35.28359],[128.29071,35.2971],[128.28902,35.30109],[128.29055,35.30771],[128.29774,35.31477],[128.31232,35.31916],[128.31677,35.32294],[128.31762,35.32558]]]},"properties":{"code":"4872025000","name":"의령읍","parent":"48720"}},{"type":"Feature","geometry":{"type":"Polygon","coordinates":[[[128.23477,35.40082],[128.22905,35.40352],[128.22315,35.4007],[128.20943,35.39875],[128.20226,35.39312],[128.20447,35.38202],[128.20344,35.37718],[128.20895,35.37352],[128.21031,35.36764],[128.20837,35.35313],[128.20377,35.34818],[128.20761,35.3438],[128.20823,35.33951],[128.20275,35.32775],[128.20443,35.31701],[128.21385,35.31415],[128.2172,35.3184],[128.22216,35.31566],[128.23111,35.31516],[128.23709,35.31316],[128.24396,35.32253],[128.24869,35.32101],[128.2523,35.32523],[128.25222,35.33046],[128.25549,35.33168],[128.25602,35.33717],[128.25181,35.34255],[128.24897,35.35386],[128.2503,35.35825],[128.24636,35.36492],[128.24872,35.37647],[128.24371,35.38202],[128.24536,35.38614],[128.24155,35.38784],[128.23477,35.40082]]]},"properties":{"code":"4872031000","name":"가례면","parent":"48720"}},{"type":"Feature","geometry":{"type":"Polygon","coordinates":[[[128.20443,35.31701],[128.20275,35.32775],[128.20823,35.33951],[128.20761,35.3438],[128.20377,35.34818],[128.20837,35.35313],[128.21031,35.36764],[128.20895,35.37352],[128.20344,35.37718],[128.19781,35.37627],[128.19392,35.37304],[128.18306,35.37104],[128.17459,35.36491],[128.16844,35.36416],[128.15814,35.36802],[128.15274,35.36628],[128.14996,35.3568],[128.15448,35.35108],[128.15846,35.34573],[128.16388,35.34179],[128.16423,35.33614],[128.17295,35.328],[128.17806,35.3297],[128.18737,35.32752],[128.19016,35.32539],[128.1941,35.31746],[128.20084,35.31527],[128.20443,35.31701]]]},"properties":{"code":"4872032000","name":"칠곡면","parent":"48720"}},{"type":"Feature","geometry":{"type":"Polygon","coordinates":[[[128.20226,35.39312],[128.19359,35.39402],[128.18946,35.39867],[128.17657,35.39563],[128.16662,35.39426],[128.14762,35.38583],[128.14307,35.3856],[128.12926,35.38773],[128.12586,35.38315],[128.12975,35.3734],[128.1137,35.3806],[128.11089,35.38055],[128.09532,35.36815],[128.08034,35.37013],[128.08802,35.36607],[128.09782,35.36712],[128.1024,35.36608],[128.09481,35.35627],[128.09909,35.35332],[128.09387,35.34894],[128.09741,35.34171],[128.11037,35.33748],[128.1143,35.33465],[128.11469,35.33086],[128.12404,35.33308],[128.13309,35.33883],[128.14526,35.34795],[128.15448,35.35108],[128.14996,35.3568],[128.15274,35.36628],[128.15814,35.36802],[128.16844,35.36416],[128.17459,35.36491],[128.18306,35.37104],[128.19392,35.37304],[128.19781,35.37627],[128.20344,35.37718],[128.20447,35.38202],[128.20226,35.39312]]]},"properties":{"code":"4872033000","name":"대의면","parent":"48720"}},{"type":"Feature","geometry":{"type":"Polygon","coordinates":[[[128.20443,35.31701],[128.20084,35.31527],[128.1941,35.31746],[128.19016,35.32539],[128.18737,35.32752],[128.17806,35.3297],[128.17295,35.328],[128.17837,35.32247],[128.17763,35.31715],[128.17419,35.31475],[128.17277,35.30807],[128.17734,35.29775],[128.17417,35.29432],[128.17996,35.28513],[128.17861,35.28166],[128.18471,35.27537],[128.18986,35.27232],[128.19079,35.26753],[128.19507,35.26606],[128.19408,35.25628],[128.2011,35.25359],[128.20552,35.26285],[128.20927,35.26469],[128.21481,35.26269],[128.21919,35.26473],[128.23351,35.25419],[128.24811,35.25375],[128.26001,35.25733],[128.27296,35.25614],[128.27424,35.25737],[128.27946,35.27152],[128.28581,35.27687],[128.28437,35.27863],[128.2714,35.2784],[128.26184,35.27492],[128.25338,35.27897],[128.24288,35.27848],[128.22898,35.28717],[128.23037,35.29089],[128.22702,35.29474],[128.22782,35.29946],[128.2206,35.30504],[128.21385,35.31415],[128.20443,35.31701]]]},"properties":{"code":"4872034000","name":"화정면","parent":"48720"}},{"type":"Feature","geometry":{"type":"Polygon","coordinates":[[[128.28477,35.38786],[128.28173,35.39205],[128.27581,35.39153],[128.26903,35.39727],[128.26479,35.39293],[128.25693,35.39265],[128.25223,35.38839],[128.24536,35.38614],[128.24371,35.38202],[128.24872,35.37647],[128.24636,35.36492],[128.2503,35.35825],[128.24897,35.35386],[128.25181,35.34255],[128.25602,35.33717],[128.25549,35.33168],[128.26016,35.33019],[128.26313,35.3353],[128.2687,35.33798],[128.27773,35.33097],[128.28665,35.3257],[128.29335,35.32371],[128.31109,35.32261],[128.31762,35.32558],[128.31597,35.33221],[128.31187,35.33813],[128.31104,35.34727],[128.31494,35.36103],[128.30928,35.36489],[128.30348,35.36123],[128.29437,35.36335],[128.2902,35.36893],[128.29091,35.37261],[128.28699,35.37945],[128.28477,35.38786]]]},"properties":{"code":"4872035000","name":"용덕면","parent":"48720"}},{"type":"Feature","geometry":{"type":"Polygon","coordinates":[[[128.34667,35.41264],[128.34279,35.41253],[128.34087,35.41803],[128.33265,35.42305],[128.32722,35.42187],[128.3244,35.41195],[128.31945,35.41136],[128.31042,35.40384],[128.30566,35.40562],[128.29754,35.39688],[128.29497,35.39111],[128.29126,35.39189],[128.28477,35.38786],[128.28699,35.37945],[128.29091,35.37261],[128.2902,35.36893],[128.29437,35.36335],[128.30348,35.36123],[128.30928,35.36489],[128.31494,35.36103],[128.32579,35.36279],[128.33846,35.35959],[128.34586,35.35112],[128.35025,35.34278],[128.35716,35.33818],[128.38032,35.33327],[128.39402,35.33464],[128.39609,35.33611],[128.39428,35.34059],[128.38385,35.34884],[128.38272,35.35619],[128.37635,35.35373],[128.36994,35.35942],[128.3627,35.36218],[128.36013,35.36697],[128.35168,35.3738],[128.35434,35.3811],[128.35036,35.3957],[128.35302,35.39745],[128.35404,35.40479],[128.34867,35.40784],[128.34667,35.41264]]]},"properties":{"code":"4872036000","name":"정곡면","parent":"48720"}},{"type":"Feature","geometry":{"type":"Polygon","coordinates":[[[128.43652,35.3924],[128.4263,35.41364],[128.42279,35.41686],[128.40827,35.41888],[128.39618,35.42176],[128.38516,35.42806],[128.37622,35.44038],[128.37469,35.43128],[128.37214,35.42966],[128.36494,35.41656],[128.35407,35.41781],[128.34667,35.41264],[128.34867,35.40784],[128.35404,35.40479],[128.35302,35.39745],[128.35036,35.3957],[128.35434,35.3811],[128.35168,35.3738],[128.36013,35.36697],[128.3627,35.36218],[128.36994,35.35942],[128.37635,35.35373],[128.38272,35.35619],[128.3856,35.3592],[128.40206,35.36083],[128.41425,35.35878],[128.41572,35.36219],[128.42245,35.36243],[128.42839,35.36627],[128.42279,35.3728],[128.42023,35.37874],[128.42799,35.3884],[128.43652,35.3924]]]},"properties":{"code":"4872037000","name":"지정면","parent":"48720"}},{"type":"Feature","geometry":{"type":"Polygon","coordinates":[[[128.37392,35.51835],[128.37224,35.51896],[128.36964,35.51125],[128.37293,35.5067],[128.37151,35.50179],[128.36495,35.50027],[128.36863,35.49262],[128.36674,35.48664],[128.37139,35.47944],[128.36617,35.47],[128.36357,35.4623],[128.36823,35.45345],[128.37527,35.45206],[128.37722,35.45721],[128.39163,35.46111],[128.40831,35.46725],[128.41494,35.47099],[128.42386,35.47959],[128.42595,35.48332],[128.42382,35.49191],[128.41652,35.49704],[128.40227,35.50288],[128.39779,35.50569],[128.3793,35.51429],[128.37392,35.51835]]]},"properties":{"code":"4872038000","name":"낙서면","parent":"48720"}},{"type":"Feature","geometry":{"type":"Polygon","coordinates":[[[128.36495,35.50027],[128.36022,35.50304],[128.34836,35.49929],[128.33797,35.50965],[128.32994,35.50752],[128.3228,35.50811],[128.31739,35.51171],[128.31546,35.51558],[128.30801,35.51701],[128.30414,35.51349],[128.29286,35.5173],[128.29017,35.51249],[128.27639,35.50979],[128.26626,35.50944],[128.26231,35.50431],[128.26189,35.49718],[128.28217,35.4897],[128.28827,35.49326],[128.29311,35.49292],[128.30602,35.49996],[128.30893,35.49524],[128.30972,35.48255],[128.31419,35.47105],[128.31214,35.46523],[128.31508,35.45052],[128.32348,35.44898],[128.3263,35.44617],[128.33363,35.44471],[128.34427,35.44981],[128.34862,35.44424],[128.35302,35.44524],[128.35526,35.43278],[128.3587,35.43079],[128.35371,35.42291],[128.35407,35.41781],[128.36494,35.41656],[128.37214,35.42966],[128.37469,35.43128],[128.37622,35.44038],[128.37448,35.44512],[128.37527,35.45206],[128.36823,35.45345],[128.36357,35.4623],[128.36617,35.47],[128.37139,35.47944],[128.36674,35.48664],[128.36863,35.49262],[128.36495,35.50027]]]},"properties":{"code":"4872039000","name":"부림면","parent":"48720"}},{"type":"Feature","geometry":{"type":"Polygon","coordinates":[[[128.31508,35.45052],[128.31214,35.46523],[128.31419,35.47105],[128.30972,35.48255],[128.30893,35.49524],[128.30602,35.49996],[128.29311,35.49292],[128.28827,35.49326],[128.28217,35.4897],[128.26189,35.49718],[128.25499,35.49373],[128.23987,35.49389],[128.23048,35.48896],[128.22835,35.49105],[128.22071,35.48597],[128.20945,35.48292],[128.2063,35.47762],[128.20132,35.47757],[128.20058,35.47522],[128.20631,35.46913],[128.21507,35.46482],[128.21659,35.46137],[128.23354,35.46643],[128.23897,35.46539],[128.24608,35.47014],[128.25357,35.46729],[128.25844,35.46739],[128.27099,35.4617],[128.27251,35.45835],[128.28577,35.46003],[128.2927,35.45764],[128.29494,35.45371],[128.30847,35.4498],[128.31508,35.45052]]]},"properties":{"code":"4872040000","name":"봉수면","parent":"48720"}},{"type":"Feature","geometry":{"type":"Polygon","coordinates":[[[128.27251,35.45835],[128.27099,35.4617],[128.25844,35.46739],[128.25357,35.46729],[128.24608,35.47014],[128.23897,35.46539],[128.23354,35.46643],[128.21659,35.46137],[128.20812,35.45987],[128.20852,35.45305],[128.20423,35.44505],[128.20018,35.43208],[128.19462,35.42812],[128.18572,35.41917],[128.1916,35.40902],[128.18946,35.39867],[128.19359,35.39402],[128.20226,35.39312],[128.20943,35.39875],[128.22315,35.4007],[128.22905,35.40352],[128.23477,35.40082],[128.24178,35.40794],[128.24482,35.41578],[128.25229,35.41837],[128.25408,35.42216],[128.26045,35.42365],[128.2729,35.42297],[128.27444,35.42682],[128.27264,35.43313],[128.2771,35.43321],[128.28017,35.43723],[128.27469,35.44265],[128.27251,35.45835]]]},"properties":{"code":"4872041500","name":"궁류면","parent":"48720"}},{"type":"Feature","geometry":{"type":"Polygon","coordinates":[[[128.31508,35.45052],[128.30847,35.4498],[128.29494,35.45371],[128.2927,35.45764],[128.28577,35.46003],[128.27251,35.45835],[128.27469,35.44265],[128.28017,35.43723],[128.2771,35.43321],[128.27264,35.43313],[128.27444,35.42682],[128.2729,35.42297],[128.26045,35.42365],[128.25408,35.42216],[128.25229,35.41837],[128.24482,35.41578],[128.24178,35.40794],[128.23477,35.40082],[128.24155,35.38784],[128.24536,35.38614],[128.25223,35.38839],[128.25693,35.39265],[128.26479,35.39293],[128.26903,35.39727],[128.27581,35.39153],[128.28173,35.39205],[128.28477,35.38786],[128.29126,35.39189],[128.29497,35.39111],[128.29754,35.39688],[128.30566,35.40562],[128.31042,35.40384],[128.31945,35.41136],[128.3244,35.41195],[128.32722,35.42187],[128.33265,35.42305],[128.34087,35.41803],[128.34279,35.41253],[128.34667,35.41264],[128.35407,35.41781],[128.35371,35.42291],[128.3587,35.43079],[128.35526,35.43278],[128.35302,35.44524],[128.34862,35.44424],[128.34427,35.44981],[128.33363,35.44471],[128.3263,35.44617],[128.32348,35.44898],[128.31508,35.45052]]]},"properties":{"code":"4872042000","name":"유곡면","parent":"48720"}},{"type":"Feature","geometry":{"type":"Polygon","coordinates":[[[128.43158,35.31261],[128.42891,35.31421],[128.41971,35.31377],[128.40132,35.32056],[128.40301,35.3163],[128.39273,35.31412],[128.39566,35.30514],[128.38559,35.30279],[128.38284,35.30492],[128.37044,35.30086],[128.36774,35.29727],[128.37012,35.29418],[128.36661,35.28998],[128.36902,35.28635],[128.36645,35.27872],[128.36383,35.27731],[128.36635,35.26754],[128.36462,35.25815],[128.37059,35.24436],[128.37239,35.23624],[128.37814,35.23393],[128.37866,35.22807],[128.38487,35.22207],[128.39121,35.23149],[128.39923,35.23443],[128.39747,35.23706],[128.40067,35.24175],[128.41306,35.23965],[128.41571,35.25495],[128.41956,35.25702],[128.42603,35.2552],[128.42594,35.2626],[128.43044,35.26259],[128.42831,35.27106],[128.42488,35.27864],[128.41999,35.27943],[128.42029,35.2852],[128.41775,35.29061],[128.41614,35.29969],[128.42089,35.30006],[128.43158,35.31261]]]},"properties":{"code":"4873025000","name":"가야읍","parent":"48730"}},{"type":"Feature","geometry":{"type":"Polygon","coordinates":[[[128.46616,35.22411],[128.46344,35.22932],[128.45116,35.23324],[128.45259,35.24323],[128.44551,35.24893],[128.43922,35.25818],[128.44325,35.26206],[128.4334,35.26996],[128.42831,35.27106],[128.43044,35.26259],[128.42594,35.2626],[128.42603,35.2552],[128.41956,35.25702],[128.41571,35.25495],[128.41306,35.23965],[128.40067,35.24175],[128.39747,35.23706],[128.39923,35.23443],[128.39121,35.23149],[128.38487,35.22207],[128.39115,35.21712],[128.38717,35.20864],[128.3893,35.20686],[128.4008,35.20485],[128.40558,35.19834],[128.41714,35.20895],[128.42427,35.21154],[128.42622,35.20751],[128.43519,35.21046],[128.43626,35.2083],[128.44847,35.21325],[128.45033,35.21651],[128.46616,35.22411]]]},"properties":{"code":"4873031000","name":"함안면","parent":"48730"}},{"type":"Feature","geometry":{"type":"Polygon","coordinates":[[[128.36774,35.29727],[128.36154,35.29796],[128.35294,35.30461],[128.34201,35.31053],[128.3328,35.30253],[128.32216,35.304],[128.31858,35.30976],[128.31855,35.31934],[128.31677,35.32294],[128.31232,35.31916],[128.29774,35.31477],[128.29055,35.30771],[128.28902,35.30109],[128.29071,35.2971],[128.30212,35.28359],[128.29489,35.27848],[128.28581,35.27687],[128.27946,35.27152],[128.27424,35.25737],[128.28595,35.25173],[128.29351,35.25352],[128.29899,35.24821],[128.29437,35.24107],[128.3036,35.23745],[128.3078,35.22916],[128.30577,35.22392],[128.30734,35.22168],[128.31827,35.22173],[128.32244,35.21341],[128.32978,35.2067],[128.33806,35.20864],[128.34258,35.20759],[128.34992,35.20983],[128.3559,35.20754],[128.36009,35.20117],[128.36754,35.19413],[128.37419,35.19338],[128.3766,35.19831],[128.3893,35.20686],[128.38717,35.20864],[128.39115,35.21712],[128.38487,35.22207],[128.37866,35.22807],[128.37814,35.23393],[128.37239,35.23624],[128.37059,35.24436],[128.36462,35.25815],[128.36635,35.26754],[128.36383,35.27731],[128.36645,35.27872],[128.36902,35.28635],[128.36661,35.28998],[128.37012,35.29418],[128.36774,35.29727]]]},"properties":{"code":"4873032000","name":"군북면","parent":"48730"}},{"type":"Feature","geometry":{"type":"Polygon","coordinates":[[[128.39609,35.33611],[128.39402,35.33464],[128.38032,35.33327],[128.35716,35.33818],[128.35025,35.34278],[128.34586,35.35112],[128.33846,35.35959],[128.32579,35.36279],[128.31494,35.36103],[128.31104,35.34727],[128.31187,35.33813],[128.31597,35.33221],[128.31762,35.32558],[128.31677,35.32294],[128.31855,35.31934],[128.31858,35.30976],[128.32216,35.304],[128.3328,35.30253],[128.34201,35.31053],[128.35294,35.30461],[128.36154,35.29796],[128.36774,35.29727],[128.37044,35.30086],[128.38284,35.30492],[128.38559,35.30279],[128.39566,35.30514],[128.39273,35.31412],[128.40301,35.3163],[128.40132,35.32056],[128.39779,35.32455],[128.4008,35.3267],[128.3999,35.33279],[128.39609,35.33611]]]},"properties":{"code":"4873033000","name":"법수면","parent":"48730"}},{"type":"Feature","geometry":{"type":"Polygon","coordinates":[[[128.43652,35.3924],[128.42799,35.3884],[128.42023,35.37874],[128.42279,35.3728],[128.42839,35.36627],[128.42245,35.36243],[128.41572,35.36219],[128.41425,35.35878],[128.40206,35.36083],[128.3856,35.3592],[128.38272,35.35619],[128.38385,35.34884],[128.39428,35.34059],[128.39609,35.33611],[128.3999,35.33279],[128.4008,35.3267],[128.39779,35.32455],[128.40132,35.32056],[128.41971,35.31377],[128.42891,35.31421],[128.43158,35.31261],[128.44145,35.31925],[128.45095,35.32101],[128.45256,35.32506],[128.45737,35.32475],[128.46457,35.31848],[128.4648,35.3138],[128.47141,35.3139],[128.47447,35.32059],[128.48283,35.32155],[128.48511,35.32611],[128.48246,35.33292],[128.47373,35.33584],[128.47372,35.34212],[128.46767,35.34422],[128.46476,35.35078],[128.47478,35.35477],[128.47499,35.36209],[128.46993,35.36662],[128.46845,35.37208],[128.47134,35.37752],[128.46804,35.38031],[128.45483,35.38249],[128.44187,35.38744],[128.43652,35.3924]]]},"properties":{"code":"4873034000","name":"대산면","parent":"48730"}},{"type":"Feature","geometry":{"type":"Polygon","coordinates":[[[128.5187,35.39443],[128.50895,35.39912],[128.50349,35.39859],[128.49796,35.39556],[128.47879,35.38117],[128.46804,35.38031],[128.47134,35.37752],[128.46845,35.37208],[128.46993,35.36662],[128.47499,35.36209],[128.47478,35.35477],[128.46476,35.35078],[128.46767,35.34422],[128.47372,35.34212],[128.47373,35.33584],[128.48246,35.33292],[128.48511,35.32611],[128.48283,35.32155],[128.47447,35.32059],[128.47141,35.3139],[128.4648,35.3138],[128.46582,35.30746],[128.46847,35.30831],[128.47732,35.30608],[128.48811,35.30531],[128.4933,35.30641],[128.49779,35.30463],[128.50317,35.30666],[128.50217,35.31327],[128.51365,35.31793],[128.52528,35.31782],[128.53364,35.32129],[128.53456,35.32389],[128.52805,35.32469],[128.52546,35.33114],[128.51965,35.33223],[128.51588,35.33778],[128.51354,35.34452],[128.50761,35.34526],[128.49802,35.35072],[128.50158,35.35641],[128.50197,35.36183],[128.51122,35.37385],[128.52278,35.37823],[128.52223,35.38193],[128.52631,35.3849],[128.5359,35.38076],[128.54301,35.37902],[128.54735,35.38119],[128.53399,35.39018],[128.5241,35.39176],[128.5187,35.39443]]]},"properties":{"code":"4873035000","name":"칠서면","parent":"48730"}},{"type":"Feature","geometry":{"type":"Polygon","coordinates":[[[128.54735,35.38119],[128.54301,35.37902],[128.5359,35.38076],[128.52631,35.3849],[128.52223,35.38193],[128.52278,35.37823],[128.51122,35.37385],[128.50197,35.36183],[128.50158,35.35641],[128.49802,35.35072],[128.50761,35.34526],[128.51354,35.34452],[128.51588,35.33778],[128.51965,35.33223],[128.52546,35.33114],[128.52805,35.32469],[128.53456,35.32389],[128.5434,35.32731],[128.54999,35.32432],[128.56335,35.32586],[128.56986,35.33416],[128.56458,35.34116],[128.56395,35.35008],[128.55947,35.35275],[128.56253,35.35701],[128.57153,35.3587],[128.57166,35.36187],[128.57781,35.36802],[128.57622,35.37277],[128.57698,35.37916],[128.55359,35.37891],[128.54735,35.38119]]]},"properties":{"code":"4873036000","name":"칠북면","parent":"48730"}},{"type":"Feature","geometry":{"type":"Polygon","coordinates":[[[128.4648,35.3138],[128.46457,35.31848],[128.45737,35.32475],[128.45256,35.32506],[128.45095,35.32101],[128.44145,35.31925],[128.43158,35.31261],[128.42089,35.30006],[128.41614,35.29969],[128.41775,35.29061],[128.42029,35.2852],[128.41999,35.27943],[128.42488,35.27864],[128.42831,35.27106],[128.4334,35.26996],[128.44325,35.26206],[128.43922,35.25818],[128.44551,35.24893],[128.45259,35.24323],[128.45116,35.23324],[128.46344,35.22932],[128.46616,35.22411],[128.47421,35.22235],[128.47534,35.22475],[128.47581,35.23773],[128.47438,35.24137],[128.47869,35.25307],[128.4852,35.2576],[128.49098,35.26557],[128.49081,35.27369],[128.48214,35.27928],[128.4716,35.27978],[128.46289,35.28275],[128.4574,35.29231],[128.46392,35.30235],[128.46582,35.30746],[128.4648,35.3138]]]},"properties":{"code":"4873038000","name":"산인면","parent":"48730"}},{"type":"Feature","geometry":{"type":"Polygon","coordinates":[[[128.47421,35.22235],[128.46616,35.22411],[128.45033,35.21651],[128.44847,35.21325],[128.43626,35.2083],[128.43519,35.21046],[128.42622,35.20751],[128.42427,35.21154],[128.41714,35.20895],[128.40558,35.19834],[128.40788,35.19236],[128.40519,35.19018],[128.40365,35.18407],[128.40631,35.17934],[128.4099,35.17927],[128.41644,35.17048],[128.41974,35.16919],[128.42991,35.16425],[128.43745,35.16518],[128.44387,35.16996],[128.44629,35.18027],[128.45741,35.18379],[128.46518,35.18884],[128.47897,35.18772],[128.48999,35.20206],[128.49004,35.20702],[128.48424,35.21167],[128.47898,35.21258],[128.47421,35.22235]]]},"properties":{"code":"4873039000","name":"여항면","parent":"48730"}},{"type":"Feature","geometry":{"type":"Polygon","coordinates":[[[128.56335,35.32586],[128.54999,35.32432],[128.5434,35.32731],[128.53456,35.32389],[128.53364,35.32129],[128.52528,35.31782],[128.51365,35.31793],[128.50217,35.31327],[128.50317,35.30666],[128.49779,35.30463],[128.4933,35.30641],[128.48811,35.30531],[128.47732,35.30608],[128.46847,35.30831],[128.46582,35.30746],[128.46392,35.30235],[128.4574,35.29231],[128.46289,35.28275],[128.4716,35.27978],[128.48214,35.27928],[128.49081,35.27369],[128.4974,35.27564],[128.50747,35.27307],[128.51105,35.26899],[128.5217,35.26997],[128.53487,35.26679],[128.5385,35.27273],[128.54515,35.27067],[128.5569,35.27731],[128.56291,35.2762],[128.57819,35.26913],[128.59124,35.27159],[128.5901,35.276],[128.5832,35.27864],[128.58106,35.28751],[128.57355,35.29585],[128.5723,35.30069],[128.58267,35.30863],[128.57219,35.31553],[128.57241,35.31977],[128.56335,35.32586]]]},"properties":{"code":"4873025300","name":"칠원읍","parent":"48730"}},{"type":"Feature","geometry":{"type":"Polygon","coordinates":[[[128.57714,35.53704],[128.56803,35.53868],[128.55981,35.53698],[128.55386,35.53999],[128.55086,35.54721],[128.53834,35.54825],[128.53203,35.54677],[128.5291,35.54871],[128.5273,35.55477],[128.52278,35.55651],[128.51261,35.55688],[128.50725,35.56655],[128.49878,35.56508],[128.49406,35.56023],[128.49025,35.55973],[128.48348,35.5641],[128.48153,35.56089],[128.48307,35.54917],[128.48708,35.54471],[128.48218,35.54163],[128.47157,35.54296],[128.46972,35.53746],[128.47518,35.5327],[128.46879,35.52501],[128.45966,35.51705],[128.45554,35.51508],[128.44124,35.51556],[128.43787,35.5115],[128.44317,35.50792],[128.44779,35.50728],[128.45336,35.51146],[128.45675,35.50921],[128.45788,35.50136],[128.45315,35.49606],[128.45738,35.48962],[128.46612,35.49187],[128.46816,35.49646],[128.47892,35.49745],[128.48289,35.50433],[128.49639,35.50827],[128.50912,35.50413],[128.52096,35.50849],[128.52851,35.50961],[128.53412,35.5073],[128.54087,35.50544],[128.5488,35.49313],[128.55422,35.48848],[128.55994,35.48624],[128.57165,35.4857],[128.57107,35.49229],[128.57467,35.5019],[128.57756,35.50574],[128.58585,35.50506],[128.58916,35.50936],[128.59158,35.5169],[128.5849,35.52088],[128.58241,35.52427],[128.58373,35.52923],[128.58193,35.53492],[128.57714,35.53704]]]},"properties":{"code":"4874025000","name":"창녕읍","parent":"48740"}},{"type":"Feature","geometry":{"type":"Polygon","coordinates":[[[128.44036,35.47484],[128.43763,35.47534],[128.43863,35.48438],[128.43424,35.48661],[128.42386,35.47959],[128.41494,35.47099],[128.40831,35.46725],[128.39163,35.46111],[128.37722,35.45721],[128.37527,35.45206],[128.37448,35.44512],[128.37622,35.44038],[128.38516,35.42806],[128.39618,35.42176],[128.40827,35.41888],[128.42279,35.41686],[128.4263,35.41364],[128.43652,35.3924],[128.44187,35.38744],[128.45483,35.38249],[128.46804,35.38031],[128.47879,35.38117],[128.49796,35.39556],[128.48974,35.4025],[128.4863,35.39981],[128.47783,35.40821],[128.48123,35.41322],[128.47401,35.41412],[128.47618,35.41971],[128.48181,35.42152],[128.47693,35.42783],[128.47063,35.42626],[128.46692,35.43064],[128.46178,35.43141],[128.45549,35.43563],[128.44985,35.43019],[128.43787,35.44118],[128.437,35.44527],[128.44081,35.44926],[128.43803,35.45276],[128.44177,35.46146],[128.43903,35.46601],[128.44036,35.47484]]]},"properties":{"code":"4874025300","name":"남지읍","parent":"48740"}},{"type":"Feature","geometry":{"type":"Polygon","coordinates":[[[128.5853,35.57978],[128.57673,35.5789],[128.56707,35.58141],[128.56044,35.57947],[128.55574,35.58035],[128.54669,35.58972],[128.53442,35.59501],[128.52675,35.59595],[128.52286,35.59328],[128.51499,35.59607],[128.51419,35.59964],[128.50368,35.60722],[128.48685,35.6081],[128.48364,35.60486],[128.48659,35.59927],[128.49262,35.5965],[128.49199,35.59016],[128.48518,35.58796],[128.48024,35.57871],[128.47378,35.57268],[128.47684,35.56913],[128.4818,35.56921],[128.48348,35.5641],[128.49025,35.55973],[128.49406,35.56023],[128.49878,35.56508],[128.50725,35.56655],[128.51261,35.55688],[128.52278,35.55651],[128.5273,35.55477],[128.5291,35.54871],[128.53203,35.54677],[128.53834,35.54825],[128.55086,35.54721],[128.55386,35.53999],[128.55981,35.53698],[128.56803,35.53868],[128.57714,35.53704],[128.58589,35.53891],[128.59123,35.53678],[128.59374,35.54049],[128.58753,35.54772],[128.58561,35.55386],[128.5888,35.55741],[128.58853,35.56386],[128.584,35.56701],[128.58639,35.57315],[128.5853,35.57978]]]},"properties":{"code":"4874031000","name":"고암면","parent":"48740"}},{"type":"Feature","geometry":{"type":"Polygon","coordinates":[[[128.59344,35.58433],[128.58482,35.5862],[128.57426,35.59221],[128.57228,35.59749],[128.56455,35.6025],[128.55969,35.60325],[128.55805,35.61494],[128.55048,35.61701],[128.5365,35.62365],[128.53822,35.63197],[128.53472,35.6438],[128.53834,35.65489],[128.53688,35.66096],[128.53146,35.66217],[128.52638,35.6742],[128.52846,35.67954],[128.52641,35.68238],[128.5191,35.67963],[128.51582,35.67574],[128.50913,35.67458],[128.50926,35.66895],[128.50681,35.65015],[128.51061,35.64657],[128.50621,35.63959],[128.4978,35.63899],[128.48624,35.63558],[128.48286,35.63574],[128.47765,35.64043],[128.46981,35.63634],[128.46113,35.64061],[128.45428,35.63723],[128.45018,35.63803],[128.45743,35.63309],[128.45588,35.62524],[128.45843,35.61983],[128.46417,35.61942],[128.4694,35.61666],[128.47637,35.61962],[128.48572,35.61688],[128.48394,35.61438],[128.48685,35.6081],[128.50368,35.60722],[128.51419,35.59964],[128.51499,35.59607],[128.52286,35.59328],[128.52675,35.59595],[128.53442,35.59501],[128.54669,35.58972],[128.55574,35.58035],[128.56044,35.57947],[128.56707,35.58141],[128.57673,35.5789],[128.5853,35.57978],[128.59344,35.58433]]]},"properties":{"code":"4874032000","name":"성산면","parent":"48740"}},{"type":"Feature","geometry":{"type":"Polygon","coordinates":[[[128.45018,35.63803],[128.4462,35.63819],[128.43794,35.6313],[128.43191,35.62358],[128.4266,35.62354],[128.42352,35.62046],[128.41763,35.62175],[128.411,35.61534],[128.39939,35.61592],[128.39565,35.61426],[128.39609,35.60692],[128.39884,35.60019],[128.40049,35.59138],[128.40567,35.59654],[128.4128,35.59974],[128.42003,35.59432],[128.42198,35.58485],[128.41654,35.58213],[128.42095,35.57813],[128.41398,35.56717],[128.41815,35.56455],[128.41695,35.55946],[128.42574,35.55832],[128.43224,35.55312],[128.43659,35.55447],[128.43944,35.55606],[128.44987,35.55716],[128.45638,35.55971],[128.45839,35.56309],[128.46954,35.56717],[128.47378,35.57268],[128.48024,35.57871],[128.48518,35.58796],[128.49199,35.59016],[128.49262,35.5965],[128.48659,35.59927],[128.48364,35.60486],[128.48685,35.6081],[128.48394,35.61438],[128.48572,35.61688],[128.47637,35.61962],[128.4694,35.61666],[128.46417,35.61942],[128.45843,35.61983],[128.45588,35.62524],[128.45743,35.63309],[128.45018,35.63803]]]},"properties":{"code":"4874033000","name":"대합면","parent":"48740"}},{"type":"Feature","geometry":{"type":"Polygon","coordinates":[[[128.41695,35.55946],[128.41815,35.56455],[128.41398,35.56717],[128.42095,35.57813],[128.41654,35.58213],[128.42198,35.58485],[128.42003,35.59432],[128.4128,35.59974],[128.40567,35.59654],[128.40049,35.59138],[128.39884,35.60019],[128.39609,35.60692],[128.39565,35.61426],[128.38167,35.60677],[128.3729,35.60843],[128.37077,35.61116],[128.36235,35.61189],[128.35383,35.61002],[128.35189,35.60675],[128.3552,35.59092],[128.35842,35.5869],[128.36173,35.57801],[128.35999,35.56764],[128.35029,35.55303],[128.34882,35.54597],[128.3502,35.53863],[128.35276,35.53493],[128.36304,35.52543],[128.37224,35.51896],[128.37392,35.51835],[128.37871,35.52024],[128.37621,35.52572],[128.38226,35.5297],[128.39564,35.52739],[128.39757,35.53127],[128.40286,35.53505],[128.40089,35.5426],[128.40662,35.55227],[128.41695,35.55946]]]},"properties":{"code":"4874034000","name":"이방면","parent":"48740"}},{"type":"Feature","geometry":{"type":"Polygon","coordinates":[[[128.43659,35.55447],[128.43224,35.55312],[128.42574,35.55832],[128.41695,35.55946],[128.40662,35.55227],[128.40089,35.5426],[128.40286,35.53505],[128.39757,35.53127],[128.39564,35.52739],[128.38226,35.5297],[128.37621,35.52572],[128.37871,35.52024],[128.37392,35.51835],[128.3793,35.51429],[128.39779,35.50569],[128.40227,35.50288],[128.41652,35.49704],[128.42382,35.49191],[128.42595,35.48332],[128.42386,35.47959],[128.43424,35.48661],[128.43863,35.48438],[128.43763,35.47534],[128.44036,35.47484],[128.44564,35.47539],[128.44999,35.48088],[128.45566,35.48278],[128.45738,35.48962],[128.45315,35.49606],[128.45788,35.50136],[128.45675,35.50921],[128.45336,35.51146],[128.44779,35.50728],[128.44317,35.50792],[128.43787,35.5115],[128.44124,35.51556],[128.4355,35.51782],[128.44195,35.52276],[128.43705,35.52915],[128.43317,35.53893],[128.43968,35.54503],[128.43659,35.55447]]]},"properties":{"code":"4874035000","name":"유어면","parent":"48740"}},{"type":"Feature","geometry":{"type":"Polygon","coordinates":[[[128.48348,35.5641],[128.4818,35.56921],[128.47684,35.56913],[128.47378,35.57268],[128.46954,35.56717],[128.45839,35.56309],[128.45638,35.55971],[128.44987,35.55716],[128.43944,35.55606],[128.43659,35.55447],[128.43968,35.54503],[128.43317,35.53893],[128.43705,35.52915],[128.44195,35.52276],[128.4355,35.51782],[128.44124,35.51556],[128.45554,35.51508],[128.45966,35.51705],[128.46879,35.52501],[128.47518,35.5327],[128.46972,35.53746],[128.47157,35.54296],[128.48218,35.54163],[128.48708,35.54471],[128.48307,35.54917],[128.48153,35.56089],[128.48348,35.5641]]]},"properties":{"code":"4874036000","name":"대지면","parent":"48740"}},{"type":"Feature","geometry":{"type":"Polygon","coordinates":[[[128.57165,35.4857],[128.55994,35.48624],[128.55422,35.48848],[128.5488,35.49313],[128.54087,35.50544],[128.53412,35.5073],[128.52644,35.50434],[128.51106,35.50294],[128.50433,35.49949],[128.49934,35.4911],[128.48853,35.481],[128.48172,35.47714],[128.47815,35.46931],[128.47968,35.46353],[128.48524,35.46274],[128.4915,35.46436],[128.4949,35.46117],[128.49062,35.45545],[128.4859,35.4522],[128.48503,35.44688],[128.4748,35.43836],[128.47584,35.43532],[128.48281,35.43824],[128.49841,35.44225],[128.49774,35.44561],[128.50716,35.44823],[128.51256,35.44686],[128.5192,35.4557],[128.5168,35.46049],[128.52524,35.46818],[128.53457,35.47253],[128.54415,35.47396],[128.547,35.48052],[128.5596,35.47936],[128.56523,35.48165],[128.57276,35.47805],[128.57165,35.4857]]]},"properties":{"code":"4874037000","name":"계성면","parent":"48740"}},{"type":"Feature","geometry":{"type":"Polygon","coordinates":[[[128.57276,35.47805],[128.56523,35.48165],[128.5596,35.47936],[128.547,35.48052],[128.54415,35.47396],[128.53457,35.47253],[128.52524,35.46818],[128.5168,35.46049],[128.5192,35.4557],[128.51256,35.44686],[128.50716,35.44823],[128.49774,35.44561],[128.49841,35.44225],[128.48281,35.43824],[128.47584,35.43532],[128.47063,35.42626],[128.47693,35.42783],[128.48181,35.42152],[128.47618,35.41971],[128.47401,35.41412],[128.48123,35.41322],[128.47783,35.40821],[128.4863,35.39981],[128.48974,35.4025],[128.49557,35.41204],[128.50228,35.41517],[128.50547,35.42273],[128.50534,35.42791],[128.5117,35.42944],[128.50905,35.43724],[128.51064,35.44092],[128.51709,35.43882],[128.52243,35.4427],[128.52973,35.44248],[128.53161,35.43347],[128.53946,35.43451],[128.54421,35.4407],[128.54349,35.44312],[128.54791,35.45196],[128.55909,35.45511],[128.5631,35.45284],[128.57404,35.45557],[128.5781,35.45911],[128.57935,35.46599],[128.5737,35.47231],[128.57276,35.47805]]]},"properties":{"code":"4874038000","name":"영산면","parent":"48740"}},{"type":"Feature","geometry":{"type":"Polygon","coordinates":[[[128.53412,35.5073],[128.52851,35.50961],[128.52096,35.50849],[128.50912,35.50413],[128.49639,35.50827],[128.48289,35.50433],[128.47892,35.49745],[128.46816,35.49646],[128.46612,35.49187],[128.45738,35.48962],[128.45566,35.48278],[128.44999,35.48088],[128.44564,35.47539],[128.44036,35.47484],[128.43903,35.46601],[128.44177,35.46146],[128.43803,35.45276],[128.44081,35.44926],[128.437,35.44527],[128.43787,35.44118],[128.44985,35.43019],[128.45549,35.43563],[128.46178,35.43141],[128.46692,35.43064],[128.47063,35.42626],[128.47584,35.43532],[128.4748,35.43836],[128.48503,35.44688],[128.4859,35.4522],[128.49062,35.45545],[128.4949,35.46117],[128.4915,35.46436],[128.48524,35.46274],[128.47968,35.46353],[128.47815,35.46931],[128.48172,35.47714],[128.48853,35.481],[128.49934,35.4911],[128.50433,35.49949],[128.51106,35.50294],[128.52644,35.50434],[128.53412,35.5073]]]},"properties":{"code":"4874039000","name":"장마면","parent":"48740"}},{"type":"Feature","geometry":{"type":"Polygon","coordinates":[[[128.57404,35.45557],[128.5631,35.45284],[128.55909,35.45511],[128.54791,35.45196],[128.54349,35.44312],[128.54421,35.4407],[128.53946,35.43451],[128.53161,35.43347],[128.52973,35.44248],[128.52243,35.4427],[128.51709,35.43882],[128.51064,35.44092],[128.50905,35.43724],[128.5117,35.42944],[128.50534,35.42791],[128.50547,35.42273],[128.50228,35.41517],[128.49557,35.41204],[128.48974,35.4025],[128.49796,35.39556],[128.50349,35.39859],[128.50895,35.39912],[128.5187,35.39443],[128.52485,35.39598],[128.53241,35.4005],[128.53682,35.40657],[128.54217,35.40494],[128.55418,35.40931],[128.55427,35.41543],[128.55686,35.42224],[128.56308,35.42755],[128.56459,35.43661],[128.57256,35.43946],[128.57141,35.44616],[128.57404,35.45557]]]},"properties":{"code":"4874040000","name":"도천면","parent":"48740"}},{"type":"Feature","geometry":{"type":"Polygon","coordinates":[[[128.57256,35.43946],[128.56459,35.43661],[128.56308,35.42755],[128.55686,35.42224],[128.55427,35.41543],[128.55418,35.40931],[128.54217,35.40494],[128.53682,35.40657],[128.53241,35.4005],[128.52485,35.39598],[128.5187,35.39443],[128.5241,35.39176],[128.53399,35.39018],[128.54735,35.38119],[128.55359,35.37891],[128.57698,35.37916],[128.58547,35.38254],[128.59702,35.39353],[128.596,35.39699],[128.60283,35.40119],[128.59836,35.41553],[128.59547,35.41918],[128.58968,35.41804],[128.58589,35.4206],[128.5828,35.43472],[128.57256,35.43946]]]},"properties":{"code":"4874041000","name":"길곡면","parent":"48740"}},{"type":"Feature","geometry":{"type":"Polygon","coordinates":[[[128.65107,35.42552],[128.64467,35.43275],[128.63614,35.43477],[128.63354,35.44459],[128.631,35.44909],[128.62602,35.45171],[128.61757,35.44912],[128.61503,35.44593],[128.60613,35.4502],[128.59525,35.45303],[128.58899,35.45233],[128.583,35.45382],[128.5781,35.45911],[128.57404,35.45557],[128.57141,35.44616],[128.57256,35.43946],[128.5828,35.43472],[128.58589,35.4206],[128.58968,35.41804],[128.59547,35.41918],[128.59836,35.41553],[128.60283,35.40119],[128.596,35.39699],[128.59702,35.39353],[128.6024,35.39326],[128.61319,35.38322],[128.61781,35.38051],[128.64311,35.37239],[128.65027,35.37139],[128.65617,35.37263],[128.64758,35.37941],[128.65161,35.38257],[128.64462,35.38862],[128.6437,35.39175],[128.64814,35.4006],[128.64582,35.4127],[128.65033,35.42085],[128.65107,35.42552]]]},"properties":{"code":"4874042000","name":"부곡면","parent":"48740"}},{"type":"Feature","geometry":{"type":"Polygon","coordinates":[[[128.32924,35.01748],[128.32324,35.01591],[128.31424,35.00574],[128.31593,34.99668],[128.30809,34.9975],[128.30299,34.99988],[128.29538,35.00041],[128.29181,34.99661],[128.2831,34.99287],[128.28208,34.98746],[128.27704,34.98644],[128.27241,34.98973],[128.2574,34.99549],[128.25145,34.98844],[128.25356,34.98162],[128.2503,34.97522],[128.25155,34.97229],[128.25589,34.97022],[128.26797,34.96749],[128.27662,34.9667],[128.27964,34.96234],[128.28622,34.95811],[128.29092,34.95774],[128.29655,34.96207],[128.30279,34.9606],[128.30931,34.96348],[128.31777,34.96143],[128.33161,34.95374],[128.32981,34.94787],[128.3339,34.94447],[128.34047,34.94836],[128.34416,34.93735],[128.34754,34.93989],[128.37047,34.94618],[128.38272,34.94742],[128.38342,34.94846],[128.37995,34.95108],[128.36924,34.95331],[128.36203,34.95929],[128.35813,34.96852],[128.34539,34.9677],[128.34224,34.97067],[128.34295,34.97796],[128.34609,34.98129],[128.34758,34.99096],[128.35343,35.00532],[128.34895,35.00589],[128.34442,35.0031],[128.33968,35.00674],[128.34194,35.01129],[128.33279,35.01226],[128.32924,35.01748]]]},"properties":{"code":"4882025000","name":"고성읍","parent":"48820"}},{"type":"Feature","geometry":{"type":"Polygon","coordinates":[[[128.31777,34.96143],[128.30931,34.96348],[128.30279,34.9606],[128.29655,34.96207],[128.29092,34.95774],[128.28622,34.95811],[128.27964,34.96234],[128.27662,34.9667],[128.26797,34.96749],[128.25589,34.97022],[128.25155,34.97229],[128.2409,34.96891],[128.21949,34.9716],[128.21246,34.96938],[128.2185,34.96029],[128.22563,34.95932],[128.22705,34.95096],[128.23474,34.94415],[128.23508,34.9421],[128.24531,34.9439],[128.25715,34.93587],[128.25889,34.93971],[128.27001,34.93496],[128.26865,34.93009],[128.26017,34.9268],[128.26076,34.92292],[128.26764,34.91834],[128.26661,34.9116],[128.27407,34.91012],[128.27403,34.90311],[128.28314,34.90436],[128.28119,34.90893],[128.29115,34.90933],[128.30055,34.91214],[128.30195,34.91705],[128.30524,34.91875],[128.29999,34.93579],[128.30684,34.93604],[128.3072,34.93949],[128.31449,34.93794],[128.31456,34.94255],[128.32081,34.94402],[128.32082,34.95005],[128.31751,34.95655],[128.31777,34.96143]]]},"properties":{"code":"4882031000","name":"삼산면","parent":"48820"}},{"type":"Feature","geometry":{"type":"MultiPolygon","coordinates":[[[[128.18121,34.88412],[128.18229,34.88926],[128.17749,34.89171],[128.17605,34.88671],[128.18121,34.88412]]],[[[128.22413,34.92368],[128.22737,34.92859],[128.22728,34.93341],[128.22086,34.93289],[128.21767,34.92589],[128.22413,34.92368]]],[[[128.23508,34.9421],[128.23474,34.94415],[128.22705,34.95096],[128.22563,34.95932],[128.2185,34.96029],[128.21246,34.96938],[128.20703,34.97567],[128.20269,34.97741],[128.19215,34.9721],[128.18881,34.96591],[128.18112,34.96466],[128.17106,34.95869],[128.17272,34.95235],[128.16914,34.94685],[128.16385,34.94311],[128.16433,34.93631],[128.16049,34.9306],[128.16684,34.9277],[128.17009,34.92414],[128.16518,34.91876],[128.16739,34.90686],[128.1638,34.90499],[128.16355,34.89845],[128.16873,34.90172],[128.16988,34.89633],[128.17576,34.89771],[128.18686,34.89395],[128.20248,34.89415],[128.20321,34.90032],[128.20017,34.90153],[128.19687,34.91252],[128.20019,34.91999],[128.20436,34.92491],[128.19899,34.93395],[128.19598,34.93669],[128.20075,34.93988],[128.20752,34.93836],[128.21362,34.94261],[128.2228,34.94631],[128.22658,34.94089],[128.23508,34.9421]]]]},"properties":{"code":"4882032000","name":"하일면","parent":"48820"}},{"type":"Feature","geometry":{"type":"Polygon","coordinates":[[[128.16627,34.98326],[128.15608,34.98974],[128.14821,34.99131],[128.14374,34.98955],[128.13934,34.98367],[128.13352,34.97915],[128.13481,34.97061],[128.13429,34.96357],[128.13168,34.95815],[128.12317,34.94901],[128.12267,34.93887],[128.11433,34.93374],[128.11625,34.92631],[128.1194,34.92189],[128.11209,34.92305],[128.10332,34.91921],[128.10245,34.91417],[128.10859,34.90695],[128.11753,34.90352],[128.1218,34.90442],[128.12634,34.89791],[128.12695,34.89409],[128.13273,34.88773],[128.14074,34.89288],[128.14114,34.90081],[128.15066,34.8987],[128.15215,34.90359],[128.15751,34.90813],[128.15941,34.90266],[128.16355,34.89845],[128.1638,34.90499],[128.16739,34.90686],[128.16518,34.91876],[128.17009,34.92414],[128.16684,34.9277],[128.16049,34.9306],[128.16433,34.93631],[128.16385,34.94311],[128.16914,34.94685],[128.17272,34.95235],[128.17106,34.95869],[128.16798,34.96231],[128.16644,34.96857],[128.16121,34.97401],[128.16268,34.98021],[128.16627,34.98326]]]},"properties":{"code":"4882033000","name":"하이면","parent":"48820"}},{"type":"Feature","geometry":{"type":"Polygon","coordinates":[[[128.23986,35.01006],[128.2335,35.01172],[128.22854,35.00922],[128.22602,35.00364],[128.21458,35.01008],[128.20638,35.00844],[128.2,35.02256],[128.19358,35.02715],[128.19389,35.031],[128.19771,35.03499],[128.19305,35.04456],[128.18456,35.0503],[128.18128,35.0399],[128.17259,35.03111],[128.1651,35.02986],[128.16264,35.02739],[128.1578,35.00692],[128.16615,34.99427],[128.17053,34.98606],[128.16627,34.98326],[128.16268,34.98021],[128.16121,34.97401],[128.16644,34.96857],[128.16798,34.96231],[128.17106,34.95869],[128.18112,34.96466],[128.18881,34.96591],[128.19215,34.9721],[128.20269,34.97741],[128.20703,34.97567],[128.21246,34.96938],[128.21949,34.9716],[128.2409,34.96891],[128.25155,34.97229],[128.2503,34.97522],[128.25356,34.98162],[128.25145,34.98844],[128.2574,34.99549],[128.2509,34.99781],[128.24884,35.00235],[128.24315,35.00416],[128.23986,35.01006]]]},"properties":{"code":"4882034000","name":"상리면","parent":"48820"}},{"type":"Feature","geometry":{"type":"Polygon","coordinates":[[[128.25893,35.06604],[128.25519,35.06794],[128.24303,35.06762],[128.23803,35.06644],[128.23439,35.06091],[128.22871,35.0613],[128.23268,35.05262],[128.2375,35.04888],[128.23516,35.03156],[128.23332,35.02736],[128.2357,35.02284],[128.24105,35.01907],[128.23986,35.01006],[128.24315,35.00416],[128.24884,35.00235],[128.2509,34.99781],[128.2574,34.99549],[128.27241,34.98973],[128.27704,34.98644],[128.28208,34.98746],[128.2831,34.99287],[128.29181,34.99661],[128.29538,35.00041],[128.30299,34.99988],[128.30809,34.9975],[128.31593,34.99668],[128.31424,35.00574],[128.32324,35.01591],[128.32924,35.01748],[128.33424,35.0251],[128.33257,35.03283],[128.32278,35.03406],[128.32029,35.04188],[128.30858,35.04999],[128.30262,35.05035],[128.29561,35.04571],[128.28505,35.04764],[128.28209,35.04999],[128.27767,35.05216],[128.27437,35.06049],[128.26237,35.06262],[128.25893,35.06604]]]},"properties":{"code":"4882035000","name":"대가면","parent":"48820"}},{"type":"Feature","geometry":{"type":"Polygon","coordinates":[[[128.23881,35.08227],[128.23509,35.08139],[128.22621,35.08486],[128.20808,35.08432],[128.20216,35.08215],[128.20315,35.07666],[128.21129,35.07386],[128.20212,35.06942],[128.19452,35.06345],[128.18889,35.05311],[128.18456,35.0503],[128.19305,35.04456],[128.19771,35.03499],[128.19389,35.031],[128.19358,35.02715],[128.2,35.02256],[128.20638,35.00844],[128.21458,35.01008],[128.22602,35.00364],[128.22854,35.00922],[128.2335,35.01172],[128.23986,35.01006],[128.24105,35.01907],[128.2357,35.02284],[128.23332,35.02736],[128.23516,35.03156],[128.2375,35.04888],[128.23268,35.05262],[128.22871,35.0613],[128.23439,35.06091],[128.23803,35.06644],[128.24303,35.06762],[128.25519,35.06794],[128.25893,35.06604],[128.26266,35.06979],[128.25404,35.07846],[128.24195,35.07926],[128.23881,35.08227]]]},"properties":{"code":"4882036000","name":"영현면","parent":"48820"}},{"type":"Feature","geometry":{"type":"Polygon","coordinates":[[[128.23881,35.08227],[128.24489,35.0919],[128.23929,35.10009],[128.23938,35.10313],[128.2444,35.10611],[128.25684,35.10414],[128.26719,35.11118],[128.27804,35.11389],[128.27536,35.11863],[128.2777,35.12511],[128.27242,35.13179],[128.26957,35.13172],[128.26397,35.12708],[128.25618,35.12669],[128.24737,35.12847],[128.24118,35.12651],[128.2414,35.12087],[128.23435,35.11696],[128.22868,35.11699],[128.22414,35.1136],[128.21284,35.11408],[128.20056,35.10803],[128.19834,35.10374],[128.20087,35.10019],[128.19721,35.09605],[128.1916,35.09805],[128.18738,35.08835],[128.19056,35.07669],[128.20315,35.07666],[128.20216,35.08215],[128.20808,35.08432],[128.22621,35.08486],[128.23509,35.08139],[128.23881,35.08227]]]},"properties":{"code":"4882037000","name":"영오면","parent":"48820"}},{"type":"Feature","geometry":{"type":"Polygon","coordinates":[[[128.30405,35.1271],[128.29981,35.12553],[128.28892,35.13142],[128.27242,35.13179],[128.2777,35.12511],[128.27536,35.11863],[128.27804,35.11389],[128.26719,35.11118],[128.25684,35.10414],[128.2444,35.10611],[128.23938,35.10313],[128.23929,35.10009],[128.24489,35.0919],[128.23881,35.08227],[128.24195,35.07926],[128.25404,35.07846],[128.26266,35.06979],[128.25893,35.06604],[128.26237,35.06262],[128.27437,35.06049],[128.27767,35.05216],[128.28209,35.04999],[128.28946,35.05415],[128.29068,35.0582],[128.28624,35.06623],[128.29444,35.07163],[128.30493,35.07326],[128.30862,35.0772],[128.30963,35.08194],[128.3083,35.08723],[128.31338,35.09113],[128.30656,35.10292],[128.32169,35.11098],[128.33044,35.10853],[128.34047,35.12029],[128.34872,35.12156],[128.35103,35.12364],[128.34795,35.12684],[128.33833,35.12792],[128.33283,35.12449],[128.32808,35.12435],[128.32406,35.12848],[128.31594,35.12955],[128.30696,35.12521],[128.30405,35.1271]]]},"properties":{"code":"4882038000","name":"개천면","parent":"48820"}},{"type":"Feature","geometry":{"type":"Polygon","coordinates":[[[128.36683,35.10882],[128.35312,35.10967],[128.35012,35.11195],[128.3538,35.11831],[128.35103,35.12364],[128.34872,35.12156],[128.34047,35.12029],[128.33044,35.10853],[128.32169,35.11098],[128.30656,35.10292],[128.31338,35.09113],[128.3083,35.08723],[128.30963,35.08194],[128.31816,35.08032],[128.32013,35.07552],[128.32707,35.07176],[128.33447,35.07208],[128.34415,35.06782],[128.35202,35.06161],[128.35521,35.06423],[128.35785,35.07304],[128.35753,35.08043],[128.35948,35.08585],[128.3574,35.09221],[128.36268,35.0943],[128.36683,35.10882]]]},"properties":{"code":"4882039000","name":"구만면","parent":"48820"}},{"type":"Feature","geometry":{"type":"Polygon","coordinates":[[[128.42242,35.05629],[128.42737,35.07088],[128.42497,35.07582],[128.42828,35.08464],[128.42379,35.08832],[128.41196,35.09266],[128.39987,35.09043],[128.39981,35.08356],[128.39311,35.08723],[128.39051,35.09137],[128.38993,35.09879],[128.38633,35.1026],[128.37921,35.1052],[128.3728,35.10977],[128.36683,35.10882],[128.36268,35.0943],[128.3574,35.09221],[128.35948,35.08585],[128.35753,35.08043],[128.35785,35.07304],[128.35521,35.06423],[128.35202,35.06161],[128.356,35.05617],[128.36121,35.05633],[128.36434,35.04913],[128.3741,35.04332],[128.37344,35.04964],[128.38052,35.04872],[128.38395,35.05056],[128.40096,35.05457],[128.4031,35.05833],[128.40972,35.05835],[128.41151,35.06168],[128.42242,35.05629]]]},"properties":{"code":"4882040000","name":"회화면","parent":"48820"}},{"type":"Feature","geometry":{"type":"Polygon","coordinates":[[[128.35202,35.06161],[128.34415,35.06782],[128.33447,35.07208],[128.32707,35.07176],[128.32013,35.07552],[128.31816,35.08032],[128.30963,35.08194],[128.30862,35.0772],[128.30493,35.07326],[128.29444,35.07163],[128.28624,35.06623],[128.29068,35.0582],[128.28946,35.05415],[128.28209,35.04999],[128.28505,35.04764],[128.29561,35.04571],[128.30262,35.05035],[128.30858,35.04999],[128.32029,35.04188],[128.32278,35.03406],[128.33257,35.03283],[128.33424,35.0251],[128.32924,35.01748],[128.33279,35.01226],[128.34194,35.01129],[128.33968,35.00674],[128.34442,35.0031],[128.34895,35.00589],[128.35343,35.00532],[128.35499,35.00964],[128.35818,35.01605],[128.36291,35.01767],[128.37112,35.02573],[128.37734,35.03375],[128.38226,35.03534],[128.3802,35.03958],[128.37576,35.03937],[128.3741,35.04332],[128.36434,35.04913],[128.36121,35.05633],[128.356,35.05617],[128.35202,35.06161]]]},"properties":{"code":"4882041000","name":"마암면","parent":"48820"}},{"type":"Feature","geometry":{"type":"Polygon","coordinates":[[[128.40784,34.99352],[128.41521,34.99632],[128.42263,34.99286],[128.43925,34.99366],[128.45769,34.99086],[128.46328,34.98737],[128.46895,34.9923],[128.47856,34.99259],[128.48479,34.99899],[128.48361,35.00978],[128.49343,35.00576],[128.50283,35.01434],[128.50165,35.0203],[128.49688,35.02307],[128.49134,35.02347],[128.48239,35.0283],[128.48577,35.03321],[128.48635,35.03864],[128.47837,35.04158],[128.4716,35.04094],[128.45957,35.04756],[128.46114,35.04952],[128.46915,35.04771],[128.48007,35.04705],[128.48243,35.05293],[128.4755,35.05576],[128.47997,35.0593],[128.48202,35.06608],[128.46917,35.07608],[128.46824,35.06883],[128.46149,35.06481],[128.45232,35.07166],[128.4477,35.06993],[128.44336,35.06542],[128.44198,35.06022],[128.44628,35.0534],[128.44521,35.05156],[128.42444,35.04586],[128.41779,35.04303],[128.40662,35.04345],[128.3992,35.04071],[128.38917,35.03507],[128.38782,35.02577],[128.38862,35.01717],[128.39184,35.01574],[128.39796,35.00901],[128.40784,34.99352]]]},"properties":{"code":"4882042000","name":"동해면","parent":"48820"}},{"type":"Feature","geometry":{"type":"Polygon","coordinates":[[[128.38862,35.01717],[128.3824,35.01872],[128.37353,35.01541],[128.36754,35.01624],[128.36012,35.01053],[128.35499,35.00964],[128.35343,35.00532],[128.34758,34.99096],[128.34609,34.98129],[128.34295,34.97796],[128.34224,34.97067],[128.34539,34.9677],[128.35813,34.96852],[128.36203,34.95929],[128.36924,34.95331],[128.37995,34.95108],[128.38342,34.94846],[128.39114,34.95188],[128.38896,34.96084],[128.39264,34.96353],[128.40047,34.9643],[128.40521,34.96862],[128.41558,34.96667],[128.42346,34.97532],[128.43231,34.97648],[128.44294,34.97281],[128.4439,34.97658],[128.44127,34.98278],[128.43438,34.98507],[128.41823,34.98681],[128.40572,34.98645],[128.40784,34.99352],[128.39796,35.00901],[128.39184,35.01574],[128.38862,35.01717]]]},"properties":{"code":"4882043000","name":"거류면","parent":"48820"}},{"type":"Feature","geometry":{"type":"Polygon","coordinates":[[[127.92644,34.83075],[127.92147,34.83508],[127.91739,34.83551],[127.9144,34.84995],[127.90852,34.85216],[127.90271,34.86045],[127.8968,34.85514],[127.89219,34.85512],[127.88727,34.85843],[127.87746,34.85983],[127.8684,34.85717],[127.85639,34.85738],[127.85431,34.8529],[127.85534,34.84825],[127.86839,34.84114],[127.86714,34.83063],[127.87051,34.82634],[127.87172,34.82032],[127.87613,34.81593],[127.87605,34.80799],[127.88133,34.80162],[127.8844,34.80088],[127.88853,34.79382],[127.90235,34.79449],[127.90444,34.79867],[127.89971,34.80497],[127.90368,34.81533],[127.91047,34.81613],[127.92111,34.82345],[127.92683,34.82424],[127.92644,34.83075]]]},"properties":{"code":"4884025000","name":"남해읍","parent":"48840"}},{"type":"Feature","geometry":{"type":"Polygon","coordinates":[[[127.96329,34.80814],[127.95438,34.80525],[127.94427,34.80974],[127.94139,34.81572],[127.94209,34.82544],[127.93663,34.83164],[127.93201,34.83352],[127.92644,34.83075],[127.92683,34.82424],[127.92111,34.82345],[127.91047,34.81613],[127.90368,34.81533],[127.89971,34.80497],[127.90444,34.79867],[127.90235,34.79449],[127.90484,34.79133],[127.9125,34.78944],[127.91448,34.78537],[127.91155,34.78257],[127.90941,34.77554],[127.91826,34.76885],[127.91979,34.77153],[127.92902,34.77585],[127.93996,34.77577],[127.94319,34.77792],[127.94916,34.77729],[127.95397,34.7724],[127.94802,34.76571],[127.94564,34.7502],[127.9438,34.74703],[127.94893,34.74529],[127.95787,34.74852],[127.96598,34.74729],[127.97039,34.75567],[127.97693,34.75756],[127.98283,34.7541],[127.99622,34.75474],[127.9989,34.75794],[127.99709,34.76146],[128.00051,34.76812],[127.99924,34.78357],[127.99322,34.78472],[127.99621,34.79705],[127.96966,34.80787],[127.96329,34.80814]]]},"properties":{"code":"4884031000","name":"이동면","parent":"48840"}},{"type":"Feature","geometry":{"type":"MultiPolygon","coordinates":[[[[127.9423,34.72313],[127.94326,34.72848],[127.93988,34.73154],[127.93336,34.72816],[127.93829,34.72366],[127.9423,34.72313]]],[[[127.99622,34.75474],[127.98283,34.7541],[127.97693,34.75756],[127.97039,34.75567],[127.96598,34.74729],[127.95787,34.74852],[127.94893,34.74529],[127.9438,34.74703],[127.94655,34.74104],[127.94591,34.73266],[127.95162,34.72797],[127.95043,34.72411],[127.95756,34.71887],[127.95274,34.71538],[127.95626,34.70946],[127.95916,34.70857],[127.97876,34.71122],[127.9846,34.70912],[127.98727,34.7113],[127.98489,34.71778],[127.99023,34.72004],[127.99213,34.71399],[128.00088,34.71634],[128.0036,34.71221],[128.00791,34.71097],[128.01164,34.71638],[128.00744,34.71937],[128.00952,34.72246],[128.01372,34.74539],[128.01119,34.74755],[128.00434,34.74654],[127.99927,34.75356],[127.99622,34.75474]]]]},"properties":{"code":"4884032000","name":"상주면","parent":"48840"}},{"type":"Feature","geometry":{"type":"Polygon","coordinates":[[[128.05451,34.76478],[128.05467,34.76966],[128.05024,34.77395],[128.05019,34.78384],[128.05368,34.78518],[128.05836,34.79231],[128.05129,34.79483],[128.05543,34.80182],[128.0616,34.79945],[128.06512,34.80048],[128.06213,34.80623],[128.06603,34.8128],[128.06056,34.82187],[128.05601,34.82193],[128.05178,34.82505],[128.04172,34.82713],[128.03235,34.83042],[128.02792,34.83491],[128.01761,34.83039],[128.01161,34.83238],[128.00821,34.83101],[127.99795,34.83328],[127.99001,34.83304],[127.98856,34.83039],[127.9763,34.82552],[127.97106,34.81752],[127.95851,34.81368],[127.96401,34.81147],[127.96329,34.80814],[127.96966,34.80787],[127.99621,34.79705],[127.99322,34.78472],[127.99924,34.78357],[128.00051,34.76812],[127.99709,34.76146],[127.9989,34.75794],[127.99622,34.75474],[127.99927,34.75356],[128.00434,34.74654],[128.01119,34.74755],[128.01372,34.74539],[128.02734,34.74142],[128.02904,34.75028],[128.03581,34.75483],[128.0388,34.76241],[128.04847,34.76489],[128.05451,34.76478]]]},"properties":{"code":"4884033000","name":"삼동면","parent":"48840"}},{"type":"Feature","geometry":{"type":"MultiPolygon","coordinates":[[[[128.04665,34.681],[128.05098,34.68316],[128.05178,34.68869],[128.04493,34.69097],[128.04291,34.68478],[128.04665,34.681]]],[[[128.05234,34.69376],[128.05761,34.69584],[128.05547,34.69992],[128.05068,34.70015],[128.04734,34.69499],[128.05234,34.69376]]],[[[128.00952,34.72246],[128.01396,34.72397],[128.02063,34.7229],[128.02578,34.71795],[128.02109,34.71057],[128.02188,34.70674],[128.0194,34.70157],[128.02484,34.70049],[128.02809,34.70344],[128.02708,34.70732],[128.03395,34.70811],[128.03675,34.70244],[128.04467,34.70242],[128.04917,34.70651],[128.05992,34.71007],[128.05358,34.71515],[128.04424,34.71502],[128.04191,34.71893],[128.03561,34.72189],[128.03595,34.73146],[128.0426,34.73783],[128.0504,34.73955],[128.04973,34.74304],[128.05696,34.74541],[128.05898,34.75133],[128.05449,34.75535],[128.05451,34.76478],[128.04847,34.76489],[128.0388,34.76241],[128.03581,34.75483],[128.02904,34.75028],[128.02734,34.74142],[128.01372,34.74539],[128.00952,34.72246]]]]},"properties":{"code":"4884034000","name":"미조면","parent":"48840"}},{"type":"Feature","geometry":{"type":"Polygon","coordinates":[[[127.90235,34.79449],[127.88853,34.79382],[127.8844,34.80088],[127.88133,34.80162],[127.87602,34.7967],[127.86025,34.79984],[127.85653,34.79402],[127.84306,34.79297],[127.83894,34.78915],[127.84631,34.78507],[127.84456,34.77983],[127.84766,34.77823],[127.85203,34.76926],[127.84054,34.76747],[127.84347,34.76313],[127.84179,34.75792],[127.83526,34.75662],[127.83618,34.7503],[127.84685,34.74717],[127.84914,34.74967],[127.85525,34.74431],[127.85102,34.73924],[127.85211,34.73578],[127.85969,34.73555],[127.86177,34.7318],[127.857,34.72862],[127.86717,34.7261],[127.87447,34.72678],[127.88663,34.72179],[127.90602,34.72719],[127.91033,34.73181],[127.91339,34.73972],[127.91012,34.74413],[127.91017,34.74817],[127.9054,34.75438],[127.90689,34.75762],[127.90414,34.76567],[127.91133,34.76894],[127.91826,34.76885],[127.90941,34.77554],[127.91155,34.78257],[127.91448,34.78537],[127.9125,34.78944],[127.90484,34.79133],[127.90235,34.79449]]]},"properties":{"code":"4884035000","name":"남면","parent":"48840"}},{"type":"Feature","geometry":{"type":"Polygon","coordinates":[[[127.85639,34.85738],[127.85625,34.86303],[127.85988,34.86646],[127.862,34.87415],[127.86114,34.87873],[127.84869,34.88377],[127.82969,34.88781],[127.82427,34.88398],[127.82963,34.88036],[127.82673,34.87415],[127.8188,34.87646],[127.81712,34.86907],[127.81348,34.86434],[127.8096,34.86421],[127.80904,34.85611],[127.80722,34.85347],[127.8126,34.84699],[127.81272,34.83543],[127.82118,34.82134],[127.82809,34.81598],[127.83237,34.80339],[127.83564,34.79979],[127.8339,34.79621],[127.83894,34.78915],[127.84306,34.79297],[127.85653,34.79402],[127.86025,34.79984],[127.87602,34.7967],[127.88133,34.80162],[127.87605,34.80799],[127.87613,34.81593],[127.87172,34.82032],[127.87051,34.82634],[127.86714,34.83063],[127.86839,34.84114],[127.85534,34.84825],[127.85431,34.8529],[127.85639,34.85738]]]},"properties":{"code":"4884036000","name":"서면","parent":"48840"}},{"type":"Feature","geometry":{"type":"Polygon","coordinates":[[[127.90153,34.87996],[127.88728,34.88641],[127.89255,34.89843],[127.89801,34.90395],[127.90308,34.91227],[127.89193,34.91945],[127.88594,34.9191],[127.87591,34.91639],[127.87138,34.92105],[127.86192,34.92005],[127.85829,34.92229],[127.85422,34.9222],[127.84989,34.91428],[127.86433,34.904],[127.86205,34.90145],[127.85063,34.90282],[127.84207,34.89835],[127.82872,34.8999],[127.83303,34.89258],[127.82969,34.88781],[127.84869,34.88377],[127.86114,34.87873],[127.862,34.87415],[127.85988,34.86646],[127.85625,34.86303],[127.85639,34.85738],[127.8684,34.85717],[127.87746,34.85983],[127.88727,34.85843],[127.89219,34.85512],[127.8968,34.85514],[127.90271,34.86045],[127.90241,34.865],[127.89839,34.87258],[127.90153,34.87996]]]},"properties":{"code":"4884037000","name":"고현면","parent":"48840"}},{"type":"Feature","geometry":{"type":"Polygon","coordinates":[[[127.90153,34.87996],[127.91011,34.88322],[127.91371,34.88874],[127.91841,34.88816],[127.92513,34.89129],[127.92289,34.8994],[127.93028,34.9146],[127.9216,34.93238],[127.92578,34.93962],[127.92313,34.94209],[127.90543,34.94102],[127.89896,34.94288],[127.89542,34.94641],[127.89089,34.94713],[127.87334,34.94123],[127.87041,34.94233],[127.86453,34.93645],[127.85982,34.93401],[127.85358,34.92807],[127.85829,34.92229],[127.86192,34.92005],[127.87138,34.92105],[127.87591,34.91639],[127.88594,34.9191],[127.89193,34.91945],[127.90308,34.91227],[127.89801,34.90395],[127.89255,34.89843],[127.88728,34.88641],[127.90153,34.87996]]]},"properties":{"code":"4884038000","name":"설천면","parent":"48840"}},{"type":"Feature","geometry":{"type":"MultiPolygon","coordinates":[[[[128.0233,34.88723],[128.03067,34.89605],[128.02498,34.89741],[128.02258,34.89238],[128.0233,34.88723]]],[[[128.03217,34.92073],[128.02989,34.92228],[128.02223,34.91957],[128.01893,34.92097],[128.00701,34.91955],[128.00666,34.91688],[127.99592,34.90868],[127.99006,34.90068],[127.9903,34.89495],[127.98687,34.89417],[127.98075,34.88585],[127.97681,34.88466],[127.97829,34.88009],[127.97139,34.87773],[127.96143,34.86974],[127.96087,34.86394],[127.96512,34.8525],[127.97041,34.84847],[127.96862,34.84356],[127.98727,34.8364],[128.00516,34.83616],[128.01234,34.8384],[128.0165,34.83725],[128.02454,34.83978],[128.02485,34.84647],[128.04648,34.83551],[128.05385,34.83823],[128.06226,34.83398],[128.06345,34.83034],[128.07568,34.83404],[128.0775,34.82827],[128.08276,34.82902],[128.08502,34.83674],[128.07688,34.83912],[128.07684,34.84393],[128.06916,34.84536],[128.06407,34.84385],[128.06034,34.84619],[128.0631,34.85527],[128.05355,34.85332],[128.05784,34.85968],[128.0653,34.86168],[128.067,34.87034],[128.06237,34.87564],[128.06411,34.87814],[128.06036,34.88304],[128.05065,34.8863],[128.04727,34.89063],[128.04797,34.89716],[128.03715,34.89856],[128.03074,34.89368],[128.02014,34.87724],[128.02513,34.86762],[128.01789,34.86645],[128.01121,34.8681],[128.01024,34.87467],[128.01375,34.88109],[128.01665,34.89451],[128.02635,34.9023],[128.0334,34.91952],[128.03217,34.92073]]]]},"properties":{"code":"4884039000","name":"창선면","parent":"48840"}},{"type":"Feature","geometry":{"type":"Polygon","coordinates":[[[127.73058,35.1276],[127.72556,35.13073],[127.7186,35.12993],[127.7123,35.12301],[127.70399,35.12581],[127.69494,35.12233],[127.69307,35.11564],[127.6946,35.10308],[127.70839,35.09349],[127.71887,35.08163],[127.73747,35.07808],[127.74032,35.06196],[127.75088,35.05715],[127.76054,35.05801],[127.7662,35.05521],[127.76869,35.05044],[127.76947,35.03403],[127.77196,35.02948],[127.77706,35.02563],[127.78766,35.03264],[127.78453,35.03825],[127.78702,35.04477],[127.78558,35.04821],[127.78012,35.05215],[127.78235,35.05501],[127.77854,35.05938],[127.77434,35.06016],[127.77166,35.06419],[127.76377,35.06408],[127.76651,35.0734],[127.76068,35.07827],[127.75378,35.08119],[127.75166,35.08475],[127.75312,35.0929],[127.74741,35.10022],[127.73981,35.10559],[127.7259,35.11192],[127.73058,35.1276]]]},"properties":{"code":"4885025000","name":"하동읍","parent":"48850"}},{"type":"Feature","geometry":{"type":"Polygon","coordinates":[[[127.68879,35.31916],[127.68269,35.32292],[127.66333,35.32141],[127.65771,35.32867],[127.64433,35.3263],[127.64028,35.32465],[127.63147,35.32672],[127.62042,35.33233],[127.61485,35.33056],[127.60813,35.32532],[127.60551,35.31896],[127.5923,35.31153],[127.58567,35.30914],[127.57745,35.30896],[127.57611,35.30636],[127.57714,35.29548],[127.58248,35.29136],[127.59052,35.27931],[127.59056,35.27578],[127.5958,35.26816],[127.61002,35.26191],[127.61493,35.24973],[127.6126,35.24744],[127.61306,35.24121],[127.61839,35.23721],[127.61836,35.23214],[127.62087,35.22296],[127.62101,35.21408],[127.61707,35.20963],[127.61803,35.20092],[127.62137,35.18851],[127.62474,35.18449],[127.63115,35.17664],[127.64064,35.17114],[127.6453,35.1613],[127.64978,35.15887],[127.65939,35.15835],[127.6681,35.15235],[127.67496,35.15734],[127.67837,35.1689],[127.68155,35.17322],[127.68017,35.18046],[127.68213,35.19775],[127.68474,35.20519],[127.69452,35.21161],[127.69821,35.2162],[127.69796,35.2237],[127.68797,35.24028],[127.68976,35.25503],[127.69694,35.26056],[127.70579,35.26432],[127.70021,35.27482],[127.69584,35.27702],[127.69039,35.28322],[127.69262,35.28773],[127.68949,35.29608],[127.68793,35.31006],[127.68879,35.31916]]]},"properties":{"code":"4885031000","name":"화개면","parent":"48850"}},{"type":"Feature","geometry":{"type":"Polygon","coordinates":[[[127.74755,35.16428],[127.73872,35.17412],[127.74146,35.17999],[127.73948,35.18973],[127.74129,35.19923],[127.73984,35.2057],[127.72927,35.21037],[127.7189,35.21737],[127.70271,35.22454],[127.69796,35.2237],[127.69821,35.2162],[127.69452,35.21161],[127.68474,35.20519],[127.68213,35.19775],[127.68017,35.18046],[127.68155,35.17322],[127.67837,35.1689],[127.67496,35.15734],[127.6681,35.15235],[127.67923,35.14432],[127.68197,35.13987],[127.6951,35.12976],[127.69494,35.12233],[127.70399,35.12581],[127.7123,35.12301],[127.7186,35.12993],[127.72556,35.13073],[127.73058,35.1276],[127.73522,35.1306],[127.73945,35.13636],[127.74103,35.15072],[127.73884,35.15646],[127.74755,35.16428]]]},"properties":{"code":"4885032000","name":"악양면","parent":"48850"}},{"type":"Feature","geometry":{"type":"Polygon","coordinates":[[[127.79254,35.12271],[127.78667,35.12188],[127.77938,35.12573],[127.76752,35.13481],[127.76875,35.13879],[127.76293,35.14519],[127.76378,35.15105],[127.75762,35.15438],[127.75302,35.16224],[127.74755,35.16428],[127.73884,35.15646],[127.74103,35.15072],[127.73945,35.13636],[127.73522,35.1306],[127.73058,35.1276],[127.7259,35.11192],[127.73981,35.10559],[127.74741,35.10022],[127.75312,35.0929],[127.75166,35.08475],[127.75378,35.08119],[127.76068,35.07827],[127.76651,35.0734],[127.76377,35.06408],[127.77166,35.06419],[127.77434,35.06016],[127.77854,35.05938],[127.78235,35.05501],[127.78012,35.05215],[127.79265,35.05238],[127.79949,35.04908],[127.80754,35.05076],[127.80899,35.05914],[127.80452,35.06376],[127.79629,35.06347],[127.78947,35.0689],[127.79856,35.0794],[127.79688,35.08493],[127.78966,35.08747],[127.78837,35.09653],[127.78505,35.10163],[127.79299,35.11329],[127.79423,35.11843],[127.79254,35.12271]]]},"properties":{"code":"4885033000","name":"적량면","parent":"48850"}},{"type":"Feature","geometry":{"type":"Polygon","coordinates":[[[127.84233,35.15812],[127.83146,35.162],[127.82542,35.16201],[127.81801,35.16849],[127.81675,35.17604],[127.81195,35.17944],[127.80558,35.17739],[127.80284,35.17253],[127.80862,35.16872],[127.81436,35.14989],[127.80589,35.14152],[127.80737,35.13368],[127.79806,35.13071],[127.79254,35.12271],[127.79423,35.11843],[127.79299,35.11329],[127.78505,35.10163],[127.78837,35.09653],[127.78966,35.08747],[127.79688,35.08493],[127.79856,35.0794],[127.78947,35.0689],[127.79629,35.06347],[127.80452,35.06376],[127.80928,35.07004],[127.81324,35.08069],[127.81436,35.09344],[127.82019,35.0957],[127.8213,35.10119],[127.83281,35.09937],[127.835,35.10542],[127.83852,35.10718],[127.83786,35.11493],[127.84693,35.13124],[127.8432,35.13779],[127.84044,35.15251],[127.84233,35.15812]]]},"properties":{"code":"4885034000","name":"횡천면","parent":"48850"}},{"type":"Feature","geometry":{"type":"Polygon","coordinates":[[[127.85412,35.03228],[127.84887,35.03704],[127.83969,35.0376],[127.83592,35.04196],[127.82283,35.04849],[127.82693,35.05284],[127.82684,35.06199],[127.82427,35.06745],[127.80928,35.07004],[127.80452,35.06376],[127.80899,35.05914],[127.80754,35.05076],[127.79949,35.04908],[127.79265,35.05238],[127.78012,35.05215],[127.78558,35.04821],[127.78702,35.04477],[127.78453,35.03825],[127.78766,35.03264],[127.77706,35.02563],[127.78275,35.02253],[127.78715,35.01725],[127.7865,35.00878],[127.7783,34.98886],[127.78684,34.98923],[127.79667,34.99478],[127.80367,34.993],[127.80619,34.99854],[127.81334,35.00454],[127.82528,35.00719],[127.83175,35.00545],[127.83621,35.01067],[127.84646,35.00677],[127.85044,35.0078],[127.86012,35.00535],[127.86122,35.00783],[127.85753,35.0183],[127.8606,35.0197],[127.86008,35.02581],[127.85412,35.03228]]]},"properties":{"code":"4885035000","name":"고전면","parent":"48850"}},{"type":"Feature","geometry":{"type":"Polygon","coordinates":[[[127.86012,35.00535],[127.85044,35.0078],[127.84646,35.00677],[127.83621,35.01067],[127.83175,35.00545],[127.82528,35.00719],[127.81334,35.00454],[127.80619,34.99854],[127.80367,34.993],[127.79667,34.99478],[127.79846,34.98719],[127.80228,34.98445],[127.81213,34.98592],[127.8095,34.98003],[127.81367,34.97569],[127.822,34.97411],[127.82474,34.9694],[127.82199,34.96383],[127.83255,34.96202],[127.83542,34.95885],[127.83705,34.95666],[127.83707,34.9566],[127.83845,34.95427],[127.83861,34.95431],[127.84277,34.95687],[127.84441,34.94872],[127.84761,34.94634],[127.85762,34.94768],[127.86324,34.94575],[127.87163,34.94626],[127.88083,34.94939],[127.88171,34.953],[127.89444,34.95781],[127.89598,34.95487],[127.90217,34.95476],[127.90394,34.95833],[127.90187,34.9698],[127.90786,34.97309],[127.91059,34.9776],[127.91155,34.98397],[127.89958,34.99106],[127.89195,34.9893],[127.87575,34.99341],[127.86973,34.99282],[127.86278,34.99566],[127.86012,35.00535]]]},"properties":{"code":"4885036000","name":"금남면","parent":"48850"}},{"type":"Feature","geometry":{"type":"Polygon","coordinates":[[[127.83542,34.95885],[127.83255,34.96202],[127.82199,34.96383],[127.82474,34.9694],[127.822,34.97411],[127.81367,34.97569],[127.8095,34.98003],[127.81213,34.98592],[127.80228,34.98445],[127.79846,34.98719],[127.79667,34.99478],[127.78684,34.98923],[127.7783,34.98886],[127.77777,34.98811],[127.7732,34.98145],[127.76809,34.97953],[127.76509,34.97279],[127.77008,34.96685],[127.77342,34.95483],[127.77937,34.94952],[127.78082,34.9444],[127.7852,34.9402],[127.78987,34.93999],[127.8069,34.94369],[127.81071,34.9398],[127.81408,34.94102],[127.81145,34.94712],[127.81808,34.94928],[127.81852,34.94362],[127.82954,34.94802],[127.83864,34.95017],[127.83861,34.95431],[127.83845,34.95427],[127.83707,34.9566],[127.83705,34.95666],[127.83542,34.95885]]]},"properties":{"code":"4885042000","name":"금성면","parent":"48850"}},{"type":"Feature","geometry":{"type":"Polygon","coordinates":[[[127.89162,35.08642],[127.87389,35.08886],[127.86698,35.08436],[127.86811,35.07426],[127.87097,35.07317],[127.87425,35.06464],[127.87316,35.05817],[127.87712,35.05573],[127.88088,35.0456],[127.87661,35.04325],[127.87882,35.03841],[127.87302,35.03327],[127.86401,35.03238],[127.85931,35.03468],[127.85412,35.03228],[127.86008,35.02581],[127.8606,35.0197],[127.85753,35.0183],[127.86122,35.00783],[127.86012,35.00535],[127.86278,34.99566],[127.86973,34.99282],[127.87575,34.99341],[127.89195,34.9893],[127.89958,34.99106],[127.91155,34.98397],[127.91974,34.98134],[127.91833,34.98757],[127.92253,34.9888],[127.91702,34.99745],[127.9226,35.00503],[127.91881,35.01063],[127.92255,35.01404],[127.92435,35.03017],[127.92301,35.03367],[127.92369,35.04188],[127.93083,35.04675],[127.92526,35.05354],[127.92225,35.06209],[127.91446,35.0647],[127.91196,35.07374],[127.90326,35.07973],[127.89553,35.07978],[127.89162,35.08642]]]},"properties":{"code":"4885037000","name":"진교면","parent":"48850"}},{"type":"Feature","geometry":{"type":"Polygon","coordinates":[[[127.87389,35.08886],[127.86922,35.09219],[127.85602,35.09769],[127.8471,35.10564],[127.83852,35.10718],[127.835,35.10542],[127.83281,35.09937],[127.8213,35.10119],[127.82019,35.0957],[127.81436,35.09344],[127.81324,35.08069],[127.80928,35.07004],[127.82427,35.06745],[127.82684,35.06199],[127.82693,35.05284],[127.82283,35.04849],[127.83592,35.04196],[127.83969,35.0376],[127.84887,35.03704],[127.85412,35.03228],[127.85931,35.03468],[127.86401,35.03238],[127.87302,35.03327],[127.87882,35.03841],[127.87661,35.04325],[127.88088,35.0456],[127.87712,35.05573],[127.87316,35.05817],[127.87425,35.06464],[127.87097,35.07317],[127.86811,35.07426],[127.86698,35.08436],[127.87389,35.08886]]]},"properties":{"code":"4885038000","name":"양보면","parent":"48850"}},{"type":"Feature","geometry":{"type":"Polygon","coordinates":[[[127.87942,35.14489],[127.8727,35.14833],[127.87093,35.15146],[127.86107,35.15469],[127.85336,35.15946],[127.84792,35.16013],[127.84233,35.15812],[127.84044,35.15251],[127.8432,35.13779],[127.84693,35.13124],[127.83786,35.11493],[127.83852,35.10718],[127.8471,35.10564],[127.85602,35.09769],[127.86922,35.09219],[127.87389,35.08886],[127.89162,35.08642],[127.90174,35.08749],[127.90233,35.09439],[127.90957,35.09749],[127.90245,35.10319],[127.8998,35.10974],[127.90984,35.11524],[127.91034,35.11993],[127.90262,35.12511],[127.89604,35.12602],[127.88976,35.13068],[127.88598,35.13028],[127.87942,35.14489]]]},"properties":{"code":"4885039000","name":"북천면","parent":"48850"}},{"type":"Feature","geometry":{"type":"Polygon","coordinates":[[[127.78425,35.22095],[127.77568,35.21969],[127.76813,35.22355],[127.76569,35.2274],[127.76045,35.22915],[127.75303,35.23687],[127.74847,35.25002],[127.73762,35.25529],[127.73313,35.25469],[127.7254,35.2582],[127.71777,35.25935],[127.70579,35.26432],[127.69694,35.26056],[127.68976,35.25503],[127.68797,35.24028],[127.69796,35.2237],[127.70271,35.22454],[127.7189,35.21737],[127.72927,35.21037],[127.73984,35.2057],[127.74129,35.19923],[127.73948,35.18973],[127.74146,35.17999],[127.73872,35.17412],[127.74755,35.16428],[127.75302,35.16224],[127.75762,35.15438],[127.76378,35.15105],[127.76293,35.14519],[127.76875,35.13879],[127.76752,35.13481],[127.77938,35.12573],[127.78667,35.12188],[127.79254,35.12271],[127.79806,35.13071],[127.80737,35.13368],[127.80589,35.14152],[127.81436,35.14989],[127.80862,35.16872],[127.80284,35.17253],[127.80558,35.17739],[127.81195,35.17944],[127.80683,35.18979],[127.79861,35.18901],[127.79568,35.19041],[127.79513,35.19693],[127.79281,35.20119],[127.78463,35.2097],[127.77887,35.21355],[127.78425,35.22095]]]},"properties":{"code":"4885040000","name":"청암면","parent":"48850"}},{"type":"Feature","geometry":{"type":"Polygon","coordinates":[[[127.89032,35.22649],[127.89085,35.23224],[127.88743,35.2375],[127.89221,35.24718],[127.89188,35.25035],[127.87538,35.25169],[127.87668,35.25732],[127.87195,35.25966],[127.86421,35.25965],[127.86136,35.25368],[127.85686,35.24924],[127.85725,35.24028],[127.84584,35.2336],[127.84384,35.22714],[127.83552,35.22939],[127.83353,35.22626],[127.82569,35.22194],[127.82007,35.22215],[127.81089,35.22005],[127.80251,35.22085],[127.7975,35.21966],[127.78425,35.22095],[127.77887,35.21355],[127.78463,35.2097],[127.79281,35.20119],[127.79513,35.19693],[127.79568,35.19041],[127.79861,35.18901],[127.80683,35.18979],[127.81195,35.17944],[127.81675,35.17604],[127.81801,35.16849],[127.82542,35.16201],[127.83146,35.162],[127.84233,35.15812],[127.84792,35.16013],[127.85336,35.15946],[127.86107,35.15469],[127.87093,35.15146],[127.8727,35.14833],[127.87942,35.14489],[127.88568,35.14735],[127.88852,35.15105],[127.89657,35.15284],[127.89873,35.15668],[127.90965,35.14845],[127.92141,35.15015],[127.93165,35.14943],[127.9424,35.15559],[127.93697,35.15821],[127.93989,35.16635],[127.93784,35.1697],[127.91958,35.18042],[127.90719,35.18492],[127.89749,35.19492],[127.89347,35.19689],[127.89503,35.20545],[127.8939,35.21062],[127.88855,35.21345],[127.88793,35.21679],[127.89032,35.22649]]]},"properties":{"code":"4885041000","name":"옥종면","parent":"48850"}},{"type":"Feature","geometry":{"type":"Polygon","coordinates":[[[127.90455,35.46112],[127.89794,35.45167],[127.89028,35.44989],[127.88204,35.45077],[127.88112,35.44687],[127.87489,35.44616],[127.86914,35.45198],[127.86351,35.4501],[127.85302,35.4486],[127.85219,35.44475],[127.86122,35.43617],[127.86633,35.42698],[127.8766,35.4219],[127.87268,35.41681],[127.86473,35.41505],[127.8608,35.41148],[127.85851,35.40493],[127.85935,35.39997],[127.85554,35.39395],[127.85586,35.38653],[127.85903,35.38394],[127.86486,35.36828],[127.87482,35.36134],[127.88582,35.36637],[127.89045,35.36623],[127.89514,35.36316],[127.90394,35.36432],[127.90927,35.36246],[127.91594,35.36321],[127.91541,35.36806],[127.92349,35.36943],[127.93847,35.37839],[127.9372,35.38183],[127.94175,35.38409],[127.94527,35.38868],[127.94612,35.39515],[127.95032,35.39979],[127.95067,35.4062],[127.95699,35.41174],[127.94183,35.41708],[127.94153,35.42658],[127.9385,35.43152],[127.93099,35.43529],[127.92881,35.44172],[127.91844,35.4429],[127.91589,35.45048],[127.91658,35.45531],[127.90455,35.46112]]]},"properties":{"code":"4886025000","name":"산청읍","parent":"48860"}},{"type":"Feature","geometry":{"type":"Polygon","coordinates":[[[127.95982,35.51858],[127.94959,35.5187],[127.94068,35.51445],[127.93065,35.51589],[127.92512,35.51533],[127.92353,35.5058],[127.92384,35.49821],[127.92158,35.49299],[127.91759,35.48947],[127.9116,35.48933],[127.90601,35.48341],[127.90939,35.47709],[127.90495,35.46946],[127.90455,35.46112],[127.91658,35.45531],[127.91589,35.45048],[127.91844,35.4429],[127.92881,35.44172],[127.93099,35.43529],[127.9385,35.43152],[127.94153,35.42658],[127.94783,35.42912],[127.95363,35.42836],[127.96813,35.43606],[127.96423,35.44274],[127.96335,35.44763],[127.97044,35.448],[127.98382,35.45313],[127.9848,35.45657],[127.97892,35.46097],[127.97933,35.46755],[127.97413,35.47674],[127.97603,35.47996],[127.97434,35.49504],[127.96228,35.50012],[127.95982,35.51858]]]},"properties":{"code":"4886031000","name":"차황면","parent":"48860"}},{"type":"Feature","geometry":{"type":"Polygon","coordinates":[[[127.92512,35.51533],[127.92101,35.51843],[127.92137,35.52374],[127.91324,35.52577],[127.90427,35.53424],[127.89784,35.5335],[127.89376,35.53018],[127.88783,35.5314],[127.8783,35.52801],[127.87491,35.52188],[127.87798,35.51155],[127.87563,35.50873],[127.87639,35.49396],[127.87284,35.4911],[127.86508,35.47832],[127.86854,35.47377],[127.86746,35.46723],[127.85263,35.45699],[127.86224,35.45444],[127.86351,35.4501],[127.86914,35.45198],[127.87489,35.44616],[127.88112,35.44687],[127.88204,35.45077],[127.89028,35.44989],[127.89794,35.45167],[127.90455,35.46112],[127.90495,35.46946],[127.90939,35.47709],[127.90601,35.48341],[127.9116,35.48933],[127.91759,35.48947],[127.92158,35.49299],[127.92384,35.49821],[127.92353,35.5058],[127.92512,35.51533]]]},"properties":{"code":"4886032000","name":"오부면","parent":"48860"}},{"type":"Feature","geometry":{"type":"Polygon","coordinates":[[[127.86988,35.57501],[127.86289,35.57616],[127.85632,35.56942],[127.85234,35.56169],[127.84792,35.55814],[127.84109,35.54683],[127.8319,35.53924],[127.82422,35.52923],[127.81686,35.52576],[127.8158,35.52192],[127.8231,35.51569],[127.82025,35.50975],[127.82287,35.50682],[127.82337,35.5],[127.81691,35.49128],[127.80545,35.48985],[127.8079,35.47942],[127.81454,35.47083],[127.8259,35.46749],[127.82693,35.46305],[127.83309,35.45671],[127.84213,35.45858],[127.85263,35.45699],[127.86746,35.46723],[127.86854,35.47377],[127.86508,35.47832],[127.87284,35.4911],[127.87639,35.49396],[127.87563,35.50873],[127.87798,35.51155],[127.87491,35.52188],[127.8783,35.52801],[127.88051,35.53142],[127.87297,35.53603],[127.87574,35.54018],[127.87756,35.55051],[127.87215,35.55264],[127.86942,35.55963],[127.87488,35.56761],[127.86988,35.57501]]]},"properties":{"code":"4886033000","name":"생초면","parent":"48860"}},{"type":"Feature","geometry":{"type":"Polygon","coordinates":[[[127.85263,35.45699],[127.84213,35.45858],[127.83309,35.45671],[127.82693,35.46305],[127.8259,35.46749],[127.81454,35.47083],[127.81279,35.46893],[127.80013,35.46736],[127.78333,35.45992],[127.78203,35.45754],[127.78883,35.4523],[127.78948,35.44554],[127.78468,35.4437],[127.77838,35.44693],[127.77403,35.44542],[127.77944,35.43415],[127.77223,35.42853],[127.77056,35.42055],[127.75927,35.415],[127.75986,35.40511],[127.75763,35.40174],[127.74854,35.397],[127.74832,35.39522],[127.75264,35.38299],[127.75884,35.3833],[127.7634,35.38133],[127.77159,35.38097],[127.77987,35.38829],[127.78702,35.3903],[127.79658,35.38614],[127.80046,35.37807],[127.81127,35.37217],[127.8198,35.37091],[127.83226,35.38354],[127.83987,35.38168],[127.85586,35.38653],[127.85554,35.39395],[127.85935,35.39997],[127.85851,35.40493],[127.8608,35.41148],[127.86473,35.41505],[127.87268,35.41681],[127.8766,35.4219],[127.86633,35.42698],[127.86122,35.43617],[127.85219,35.44475],[127.85302,35.4486],[127.86351,35.4501],[127.86224,35.45444],[127.85263,35.45699]]]},"properties":{"code":"4886034000","name":"금서면","parent":"48860"}},{"type":"Feature","geometry":{"type":"Polygon","coordinates":[[[127.85586,35.38653],[127.83987,35.38168],[127.83226,35.38354],[127.8198,35.37091],[127.81127,35.37217],[127.80046,35.37807],[127.79658,35.38614],[127.78702,35.3903],[127.77987,35.38829],[127.77159,35.38097],[127.7634,35.38133],[127.75884,35.3833],[127.75264,35.38299],[127.74602,35.37625],[127.73936,35.37311],[127.73899,35.36498],[127.73407,35.36099],[127.73297,35.35474],[127.73502,35.35061],[127.73404,35.34337],[127.74275,35.343],[127.7512,35.34093],[127.75241,35.33663],[127.76315,35.3313],[127.76758,35.32177],[127.76435,35.30978],[127.76771,35.30408],[127.77597,35.30582],[127.78611,35.30376],[127.78809,35.29646],[127.79118,35.29399],[127.79486,35.28242],[127.79757,35.27788],[127.80292,35.28089],[127.81876,35.28289],[127.83668,35.28115],[127.83876,35.28419],[127.84572,35.28784],[127.84767,35.29786],[127.8511,35.29977],[127.84941,35.30736],[127.85363,35.31349],[127.85225,35.32645],[127.85486,35.33025],[127.8677,35.32448],[127.8755,35.33039],[127.87338,35.33527],[127.87655,35.3459],[127.87482,35.36134],[127.86486,35.36828],[127.85903,35.38394],[127.85586,35.38653]]]},"properties":{"code":"4886035000","name":"삼장면","parent":"48860"}},{"type":"Feature","geometry":{"type":"Polygon","coordinates":[[[127.8677,35.32448],[127.85486,35.33025],[127.85225,35.32645],[127.85363,35.31349],[127.84941,35.30736],[127.8511,35.29977],[127.84767,35.29786],[127.84572,35.28784],[127.83876,35.28419],[127.83668,35.28115],[127.81876,35.28289],[127.80292,35.28089],[127.79757,35.27788],[127.79486,35.28242],[127.79118,35.29399],[127.78809,35.29646],[127.78611,35.30376],[127.77597,35.30582],[127.76771,35.30408],[127.76435,35.30978],[127.76758,35.32177],[127.76315,35.3313],[127.75241,35.33663],[127.7512,35.34093],[127.74275,35.343],[127.73404,35.34337],[127.7312,35.33756],[127.71851,35.33438],[127.7081,35.32621],[127.70604,35.32006],[127.70066,35.31623],[127.68879,35.31916],[127.68793,35.31006],[127.68949,35.29608],[127.69262,35.28773],[127.69039,35.28322],[127.69584,35.27702],[127.70021,35.27482],[127.70579,35.26432],[127.71777,35.25935],[127.7254,35.2582],[127.73313,35.25469],[127.73762,35.25529],[127.74847,35.25002],[127.75303,35.23687],[127.76045,35.22915],[127.76569,35.2274],[127.76813,35.22355],[127.77568,35.21969],[127.78425,35.22095],[127.7975,35.21966],[127.80251,35.22085],[127.81089,35.22005],[127.82007,35.22215],[127.82569,35.22194],[127.83353,35.22626],[127.83552,35.22939],[127.84384,35.22714],[127.84584,35.2336],[127.85725,35.24028],[127.85686,35.24924],[127.86136,35.25368],[127.86421,35.25965],[127.8614,35.26587],[127.86258,35.27108],[127.8601,35.27421],[127.8629,35.27904],[127.86154,35.28553],[127.86295,35.28905],[127.86958,35.29302],[127.86785,35.30155],[127.86857,35.31047],[127.86613,35.31703],[127.86976,35.32193],[127.8677,35.32448]]]},"properties":{"code":"4886036000","name":"시천면","parent":"48860"}},{"type":"Feature","geometry":{"type":"Polygon","coordinates":[[[127.91594,35.36321],[127.90927,35.36246],[127.90394,35.36432],[127.89514,35.36316],[127.89045,35.36623],[127.88582,35.36637],[127.87482,35.36134],[127.87655,35.3459],[127.87338,35.33527],[127.8755,35.33039],[127.8677,35.32448],[127.86976,35.32193],[127.86613,35.31703],[127.86857,35.31047],[127.86785,35.30155],[127.86958,35.29302],[127.86295,35.28905],[127.86154,35.28553],[127.8629,35.27904],[127.8601,35.27421],[127.86258,35.27108],[127.8614,35.26587],[127.86421,35.25965],[127.87195,35.25966],[127.87668,35.25732],[127.87538,35.25169],[127.89188,35.25035],[127.89221,35.24718],[127.88743,35.2375],[127.89085,35.23224],[127.89032,35.22649],[127.89767,35.22746],[127.90509,35.2227],[127.90899,35.22406],[127.91306,35.24365],[127.91953,35.25137],[127.92475,35.24922],[127.93219,35.25071],[127.93805,35.24965],[127.94483,35.24529],[127.94739,35.24145],[127.96628,35.24623],[127.96997,35.25135],[127.97207,35.25445],[127.97347,35.26975],[127.98325,35.27081],[127.98628,35.27731],[127.98416,35.28165],[127.98617,35.28688],[127.96559,35.29763],[127.97079,35.31174],[127.96333,35.31566],[127.95117,35.31729],[127.94098,35.32713],[127.94045,35.33649],[127.93565,35.34557],[127.93025,35.35043],[127.9195,35.3544],[127.91594,35.36321]]]},"properties":{"code":"4886037000","name":"단성면","parent":"48860"}},{"type":"Feature","geometry":{"type":"Polygon","coordinates":[[[128.02988,35.37136],[128.01614,35.37551],[128.00952,35.37642],[128.00209,35.383],[127.99525,35.38424],[127.9904,35.38312],[127.98512,35.37835],[127.97842,35.3782],[127.97256,35.38318],[127.9691,35.38912],[127.96408,35.39129],[127.95723,35.3888],[127.94527,35.38868],[127.94175,35.38409],[127.9372,35.38183],[127.93847,35.37839],[127.92349,35.36943],[127.91541,35.36806],[127.91594,35.36321],[127.9195,35.3544],[127.93025,35.35043],[127.93565,35.34557],[127.94045,35.33649],[127.94098,35.32713],[127.95117,35.31729],[127.96333,35.31566],[127.97079,35.31174],[127.96559,35.29763],[127.98617,35.28688],[127.99586,35.28652],[128.00198,35.29053],[128.00644,35.29788],[128.01285,35.29931],[128.01508,35.30338],[128.03451,35.30785],[128.03341,35.31515],[128.02926,35.32059],[128.02242,35.32376],[128.01589,35.32139],[128.01269,35.32566],[128.01269,35.33923],[128.01617,35.35401],[128.02092,35.35897],[128.02732,35.36301],[128.02988,35.37136]]]},"properties":{"code":"4886038000","name":"신안면","parent":"48860"}},{"type":"Feature","geometry":{"type":"Polygon","coordinates":[[[128.08034,35.37013],[128.08674,35.37465],[128.08908,35.37916],[128.07903,35.3895],[128.07293,35.38892],[128.07197,35.39232],[128.06636,35.39661],[128.06343,35.38933],[128.05723,35.38655],[128.04855,35.37989],[128.05008,35.37454],[128.04764,35.36987],[128.03537,35.37471],[128.02988,35.37136],[128.02732,35.36301],[128.02092,35.35897],[128.01617,35.35401],[128.01269,35.33923],[128.01269,35.32566],[128.01589,35.32139],[128.02242,35.32376],[128.02926,35.32059],[128.03341,35.31515],[128.03451,35.30785],[128.04069,35.30392],[128.04559,35.30612],[128.05246,35.31288],[128.05027,35.32092],[128.05703,35.32899],[128.05878,35.33357],[128.0699,35.33248],[128.07454,35.33597],[128.08012,35.33679],[128.09441,35.33511],[128.10174,35.33528],[128.10748,35.33184],[128.11469,35.33086],[128.1143,35.33465],[128.11037,35.33748],[128.09741,35.34171],[128.09387,35.34894],[128.09909,35.35332],[128.09481,35.35627],[128.1024,35.36608],[128.09782,35.36712],[128.08802,35.36607],[128.08034,35.37013]]]},"properties":{"code":"4886039000","name":"생비량면","parent":"48860"}},{"type":"Feature","geometry":{"type":"Polygon","coordinates":[[[128.05233,35.41809],[128.04533,35.41574],[128.04212,35.41887],[128.03496,35.4154],[128.02626,35.42034],[128.02404,35.42551],[128.01138,35.42645],[128.00813,35.43169],[128.00822,35.43548],[128.00256,35.43781],[127.99588,35.43828],[127.9871,35.44527],[127.98646,35.45122],[127.98382,35.45313],[127.97044,35.448],[127.96335,35.44763],[127.96423,35.44274],[127.96813,35.43606],[127.95363,35.42836],[127.94783,35.42912],[127.94153,35.42658],[127.94183,35.41708],[127.95699,35.41174],[127.95067,35.4062],[127.95032,35.39979],[127.94612,35.39515],[127.94527,35.38868],[127.95723,35.3888],[127.96408,35.39129],[127.9691,35.38912],[127.97256,35.38318],[127.97842,35.3782],[127.98512,35.37835],[127.9904,35.38312],[127.99525,35.38424],[128.00209,35.383],[128.00952,35.37642],[128.01614,35.37551],[128.02988,35.37136],[128.03537,35.37471],[128.04764,35.36987],[128.05008,35.37454],[128.04855,35.37989],[128.05723,35.38655],[128.06343,35.38933],[128.06636,35.39661],[128.0659,35.40224],[128.05949,35.40549],[128.05445,35.41631],[128.05233,35.41809]]]},"properties":{"code":"4886040000","name":"신등면","parent":"48860"}},{"type":"Feature","geometry":{"type":"Polygon","coordinates":[[[127.72872,35.55069],[127.72037,35.55219],[127.71533,35.54971],[127.70931,35.53495],[127.69448,35.52199],[127.68134,35.51513],[127.67858,35.51126],[127.66841,35.512],[127.66273,35.50536],[127.65114,35.49804],[127.65084,35.49763],[127.65014,35.49145],[127.65272,35.48567],[127.63722,35.47893],[127.63786,35.47083],[127.6357,35.46231],[127.64507,35.44951],[127.65278,35.45073],[127.66302,35.44764],[127.6694,35.44734],[127.67196,35.45032],[127.68152,35.4515],[127.68894,35.45767],[127.69231,35.4664],[127.69876,35.47165],[127.70464,35.47306],[127.7172,35.47946],[127.72555,35.49012],[127.73316,35.49294],[127.74024,35.49275],[127.75011,35.4963],[127.75408,35.49992],[127.7564,35.50632],[127.74533,35.50935],[127.75122,35.51456],[127.75982,35.51895],[127.76909,35.52167],[127.77393,35.51959],[127.77838,35.51334],[127.78772,35.51616],[127.78326,35.52186],[127.78382,35.5282],[127.77821,35.53748],[127.77282,35.5403],[127.77117,35.53286],[127.76691,35.53189],[127.75708,35.53891],[127.75358,35.53787],[127.74069,35.54545],[127.73152,35.54775],[127.72872,35.55069]]]},"properties":{"code":"4887025000","name":"함양읍","parent":"48870"}},{"type":"Feature","geometry":{"type":"Polygon","coordinates":[[[127.74832,35.39522],[127.73176,35.39221],[127.72028,35.39302],[127.71513,35.39553],[127.70426,35.39723],[127.70656,35.40617],[127.70312,35.41057],[127.70756,35.41432],[127.706,35.42731],[127.70894,35.43199],[127.70711,35.44144],[127.6929,35.44503],[127.68761,35.44917],[127.68152,35.4515],[127.67196,35.45032],[127.6694,35.44734],[127.67283,35.44376],[127.66658,35.43786],[127.66534,35.42718],[127.66351,35.4255],[127.65936,35.41409],[127.65004,35.40773],[127.64645,35.40266],[127.63542,35.39982],[127.63134,35.39187],[127.62525,35.38475],[127.62462,35.37656],[127.6224,35.3732],[127.61327,35.36925],[127.61025,35.36579],[127.61212,35.35595],[127.61588,35.35016],[127.62286,35.34395],[127.62277,35.3384],[127.62042,35.33233],[127.63147,35.32672],[127.64028,35.32465],[127.64433,35.3263],[127.65771,35.32867],[127.66333,35.32141],[127.68269,35.32292],[127.68879,35.31916],[127.70066,35.31623],[127.70604,35.32006],[127.7081,35.32621],[127.71851,35.33438],[127.7312,35.33756],[127.73404,35.34337],[127.73502,35.35061],[127.73297,35.35474],[127.73407,35.36099],[127.73899,35.36498],[127.73936,35.37311],[127.74602,35.37625],[127.75264,35.38299],[127.74832,35.39522]]]},"properties":{"code":"4887031000","name":"마천면","parent":"48870"}},{"type":"Feature","geometry":{"type":"Polygon","coordinates":[[[127.77403,35.44542],[127.76399,35.44964],[127.75526,35.44628],[127.75132,35.44961],[127.75577,35.45505],[127.75496,35.45826],[127.76269,35.4655],[127.77002,35.47952],[127.77751,35.49098],[127.77486,35.49329],[127.76775,35.49216],[127.76303,35.49679],[127.75408,35.49992],[127.75011,35.4963],[127.74024,35.49275],[127.73316,35.49294],[127.72555,35.49012],[127.7172,35.47946],[127.70464,35.47306],[127.69876,35.47165],[127.69231,35.4664],[127.68894,35.45767],[127.68152,35.4515],[127.68761,35.44917],[127.6929,35.44503],[127.70711,35.44144],[127.70894,35.43199],[127.706,35.42731],[127.70756,35.41432],[127.70312,35.41057],[127.70656,35.40617],[127.70426,35.39723],[127.71513,35.39553],[127.72028,35.39302],[127.73176,35.39221],[127.74832,35.39522],[127.74854,35.397],[127.75763,35.40174],[127.75986,35.40511],[127.75927,35.415],[127.77056,35.42055],[127.77223,35.42853],[127.77944,35.43415],[127.77403,35.44542]]]},"properties":{"code":"4887032000","name":"휴천면","parent":"48870"}},{"type":"Feature","geometry":{"type":"Polygon","coordinates":[[[127.78772,35.51616],[127.77838,35.51334],[127.77393,35.51959],[127.76909,35.52167],[127.75982,35.51895],[127.75122,35.51456],[127.74533,35.50935],[127.7564,35.50632],[127.75408,35.49992],[127.76303,35.49679],[127.76775,35.49216],[127.77486,35.49329],[127.77751,35.49098],[127.77002,35.47952],[127.76269,35.4655],[127.75496,35.45826],[127.75577,35.45505],[127.75132,35.44961],[127.75526,35.44628],[127.76399,35.44964],[127.77403,35.44542],[127.77838,35.44693],[127.78468,35.4437],[127.78948,35.44554],[127.78883,35.4523],[127.78203,35.45754],[127.78333,35.45992],[127.80013,35.46736],[127.81279,35.46893],[127.81454,35.47083],[127.8079,35.47942],[127.80545,35.48985],[127.81173,35.49275],[127.81497,35.49986],[127.81355,35.50626],[127.80663,35.51354],[127.79587,35.51663],[127.78772,35.51616]]]},"properties":{"code":"4887033000","name":"유림면","parent":"48870"}},{"type":"Feature","geometry":{"type":"Polygon","coordinates":[[[127.83513,35.58307],[127.82463,35.59145],[127.82471,35.59523],[127.81705,35.61045],[127.80376,35.6122],[127.79823,35.61427],[127.79176,35.61299],[127.79062,35.60614],[127.79584,35.6035],[127.79865,35.59956],[127.79912,35.5942],[127.7925,35.59103],[127.78861,35.58459],[127.7876,35.57604],[127.77937,35.56038],[127.77962,35.55303],[127.77821,35.53748],[127.78382,35.5282],[127.78326,35.52186],[127.78772,35.51616],[127.79587,35.51663],[127.80663,35.51354],[127.81355,35.50626],[127.81497,35.49986],[127.81173,35.49275],[127.80545,35.48985],[127.81691,35.49128],[127.82337,35.5],[127.82287,35.50682],[127.82025,35.50975],[127.8231,35.51569],[127.8158,35.52192],[127.81686,35.52576],[127.82422,35.52923],[127.8319,35.53924],[127.84109,35.54683],[127.84792,35.55814],[127.85234,35.56169],[127.85632,35.56942],[127.85094,35.57721],[127.8407,35.57799],[127.83619,35.57693],[127.83513,35.58307]]]},"properties":{"code":"4887034000","name":"수동면","parent":"48870"}},{"type":"Feature","geometry":{"type":"Polygon","coordinates":[[[127.79823,35.61427],[127.79696,35.61959],[127.79069,35.62669],[127.78459,35.62026],[127.7794,35.6184],[127.77231,35.61135],[127.75706,35.60508],[127.75259,35.60743],[127.74896,35.60126],[127.73747,35.59959],[127.7226,35.59943],[127.71864,35.59708],[127.72164,35.58849],[127.72014,35.58405],[127.72294,35.57832],[127.72251,35.57346],[127.7347,35.56582],[127.73127,35.56019],[127.73111,35.55456],[127.72872,35.55069],[127.73152,35.54775],[127.74069,35.54545],[127.75358,35.53787],[127.75708,35.53891],[127.76691,35.53189],[127.77117,35.53286],[127.77282,35.5403],[127.77821,35.53748],[127.77962,35.55303],[127.77937,35.56038],[127.7876,35.57604],[127.78861,35.58459],[127.7925,35.59103],[127.79912,35.5942],[127.79865,35.59956],[127.79584,35.6035],[127.79062,35.60614],[127.79176,35.61299],[127.79823,35.61427]]]},"properties":{"code":"4887035000","name":"지곡면","parent":"48870"}},{"type":"Feature","geometry":{"type":"Polygon","coordinates":[[[127.76114,35.73081],[127.75506,35.73354],[127.74795,35.73089],[127.74147,35.72434],[127.73839,35.72431],[127.73411,35.71899],[127.73272,35.70696],[127.73699,35.70539],[127.73945,35.69783],[127.73707,35.6922],[127.7388,35.68983],[127.73662,35.68119],[127.7375,35.67735],[127.74685,35.67302],[127.75337,35.65761],[127.75555,35.65508],[127.76768,35.6548],[127.77159,35.63547],[127.77621,35.62789],[127.77616,35.6214],[127.7794,35.6184],[127.78459,35.62026],[127.79069,35.62669],[127.79696,35.61959],[127.79823,35.61427],[127.80376,35.6122],[127.81705,35.61045],[127.82471,35.59523],[127.82463,35.59145],[127.83513,35.58307],[127.84364,35.58824],[127.8472,35.59482],[127.85305,35.59662],[127.8641,35.60804],[127.86323,35.6113],[127.86742,35.61478],[127.87179,35.6217],[127.8708,35.63418],[127.87723,35.63942],[127.87428,35.65187],[127.8765,35.65829],[127.87502,35.66151],[127.87687,35.66935],[127.86889,35.67049],[127.8646,35.6664],[127.86142,35.65886],[127.84586,35.65681],[127.83363,35.66326],[127.83412,35.6677],[127.83061,35.67],[127.82209,35.66954],[127.82144,35.67227],[127.81485,35.67802],[127.81113,35.68557],[127.80317,35.68606],[127.8011,35.69596],[127.79612,35.70316],[127.79357,35.70498],[127.78441,35.70532],[127.77688,35.713],[127.77285,35.71458],[127.76392,35.72125],[127.76114,35.73081]]]},"properties":{"code":"4887036000","name":"안의면","parent":"48870"}},{"type":"Feature","geometry":{"type":"Polygon","coordinates":[[[127.7375,35.67735],[127.72726,35.67585],[127.7185,35.67733],[127.71294,35.67653],[127.69905,35.66474],[127.68966,35.66147],[127.68355,35.66127],[127.682,35.64738],[127.67604,35.64013],[127.67119,35.6392],[127.669,35.63467],[127.65908,35.63158],[127.65457,35.62838],[127.65016,35.62131],[127.65806,35.61726],[127.66116,35.60591],[127.66131,35.59788],[127.66937,35.59207],[127.67622,35.59728],[127.68275,35.59825],[127.68898,35.59685],[127.69552,35.60364],[127.7099,35.59531],[127.71864,35.59708],[127.7226,35.59943],[127.73747,35.59959],[127.74896,35.60126],[127.75259,35.60743],[127.75706,35.60508],[127.77231,35.61135],[127.7794,35.6184],[127.77616,35.6214],[127.77621,35.62789],[127.77159,35.63547],[127.76768,35.6548],[127.75555,35.65508],[127.75337,35.65761],[127.74685,35.67302],[127.7375,35.67735]]]},"properties":{"code":"4887037000","name":"서하면","parent":"48870"}},{"type":"Feature","geometry":{"type":"Polygon","coordinates":[[[127.67903,35.76927],[127.66906,35.77147],[127.66414,35.76701],[127.66226,35.76099],[127.66182,35.74972],[127.6636,35.74502],[127.6603,35.7384],[127.66344,35.72476],[127.65971,35.71583],[127.66077,35.70975],[127.65764,35.70657],[127.64927,35.70408],[127.64955,35.70162],[127.64209,35.69277],[127.63928,35.67893],[127.63893,35.66989],[127.62915,35.66427],[127.6296,35.65663],[127.62238,35.65084],[127.62008,35.64272],[127.62449,35.63808],[127.62422,35.63219],[127.62812,35.62576],[127.63547,35.61847],[127.64288,35.62096],[127.65016,35.62131],[127.65457,35.62838],[127.65908,35.63158],[127.669,35.63467],[127.67119,35.6392],[127.67604,35.64013],[127.682,35.64738],[127.68355,35.66127],[127.68966,35.66147],[127.69905,35.66474],[127.71294,35.67653],[127.7185,35.67733],[127.72726,35.67585],[127.7375,35.67735],[127.73662,35.68119],[127.7388,35.68983],[127.73707,35.6922],[127.73945,35.69783],[127.73699,35.70539],[127.73272,35.70696],[127.73411,35.71899],[127.7292,35.721],[127.71491,35.73116],[127.71291,35.74026],[127.70801,35.7495],[127.70289,35.75286],[127.69877,35.75823],[127.69065,35.76177],[127.68639,35.76174],[127.67903,35.76927]]]},"properties":{"code":"4887038000","name":"서상면","parent":"48870"}},{"type":"Feature","geometry":{"type":"Polygon","coordinates":[[[127.65016,35.62131],[127.64288,35.62096],[127.63547,35.61847],[127.62113,35.61501],[127.61731,35.60976],[127.6124,35.60695],[127.61268,35.5997],[127.60757,35.59477],[127.61059,35.58486],[127.60428,35.57864],[127.59459,35.57336],[127.58663,35.56278],[127.58541,35.55459],[127.59108,35.55417],[127.594,35.54879],[127.60496,35.54372],[127.60963,35.54037],[127.61193,35.53569],[127.61905,35.53697],[127.62576,35.53207],[127.6244,35.5279],[127.63124,35.52064],[127.63709,35.50919],[127.64187,35.50506],[127.64582,35.49819],[127.65084,35.49763],[127.65114,35.49804],[127.64983,35.50171],[127.6497,35.51522],[127.65968,35.52231],[127.65467,35.5287],[127.66019,35.53188],[127.66673,35.53235],[127.65578,35.54178],[127.656,35.55249],[127.65422,35.5584],[127.6625,35.56558],[127.66414,35.57418],[127.66727,35.58081],[127.66679,35.58636],[127.66937,35.59207],[127.66131,35.59788],[127.66116,35.60591],[127.65806,35.61726],[127.65016,35.62131]]]},"properties":{"code":"4887039000","name":"백전면","parent":"48870"}},{"type":"Feature","geometry":{"type":"Polygon","coordinates":[[[127.71864,35.59708],[127.7099,35.59531],[127.69552,35.60364],[127.68898,35.59685],[127.68275,35.59825],[127.67622,35.59728],[127.66937,35.59207],[127.66679,35.58636],[127.66727,35.58081],[127.66414,35.57418],[127.6625,35.56558],[127.65422,35.5584],[127.656,35.55249],[127.65578,35.54178],[127.66673,35.53235],[127.66019,35.53188],[127.65467,35.5287],[127.65968,35.52231],[127.6497,35.51522],[127.64983,35.50171],[127.65114,35.49804],[127.66273,35.50536],[127.66841,35.512],[127.67858,35.51126],[127.68134,35.51513],[127.69448,35.52199],[127.70931,35.53495],[127.71533,35.54971],[127.72037,35.55219],[127.72872,35.55069],[127.73111,35.55456],[127.73127,35.56019],[127.7347,35.56582],[127.72251,35.57346],[127.72294,35.57832],[127.72014,35.58405],[127.72164,35.58849],[127.71864,35.59708]]]},"properties":{"code":"4887040000","name":"병곡면","parent":"48870"}},{"type":"Feature","geometry":{"type":"Polygon","coordinates":[[[127.95605,35.72876],[127.94586,35.73111],[127.93977,35.74649],[127.92667,35.74271],[127.91345,35.735],[127.91094,35.73176],[127.90393,35.73696],[127.89628,35.73968],[127.88566,35.73955],[127.88003,35.73322],[127.87988,35.71704],[127.8776,35.71527],[127.8793,35.70026],[127.87501,35.69517],[127.88262,35.68694],[127.87902,35.67977],[127.87967,35.67475],[127.87687,35.66935],[127.87502,35.66151],[127.8765,35.65829],[127.87428,35.65187],[127.87723,35.63942],[127.88896,35.63712],[127.8925,35.64542],[127.89396,35.65275],[127.90025,35.65177],[127.91179,35.65621],[127.9206,35.66286],[127.92978,35.66404],[127.94046,35.67279],[127.93926,35.68277],[127.94184,35.68693],[127.94046,35.69535],[127.94184,35.70087],[127.94062,35.70881],[127.94616,35.71367],[127.95354,35.71697],[127.95605,35.72876]]]},"properties":{"code":"4888025000","name":"거창읍","parent":"48880"}},{"type":"Feature","geometry":{"type":"Polygon","coordinates":[[[127.95845,35.80032],[127.94569,35.79374],[127.94371,35.78627],[127.93625,35.77829],[127.92779,35.78793],[127.92033,35.78373],[127.90919,35.78355],[127.90421,35.78131],[127.9002,35.78861],[127.8941,35.79441],[127.8918,35.81156],[127.88475,35.81017],[127.87307,35.80341],[127.86132,35.7977],[127.85708,35.79705],[127.85695,35.79317],[127.87276,35.78568],[127.87369,35.78105],[127.8782,35.77623],[127.87311,35.77101],[127.87411,35.766],[127.87175,35.75842],[127.87694,35.7512],[127.87695,35.74084],[127.88003,35.73322],[127.88566,35.73955],[127.89628,35.73968],[127.90393,35.73696],[127.91094,35.73176],[127.91345,35.735],[127.92667,35.74271],[127.93977,35.74649],[127.94586,35.73111],[127.95605,35.72876],[127.96228,35.73288],[127.96215,35.73801],[127.96522,35.74581],[127.97021,35.7508],[127.96382,35.75807],[127.96132,35.76336],[127.96469,35.77378],[127.95924,35.78112],[127.95717,35.79336],[127.95845,35.80032]]]},"properties":{"code":"4888031000","name":"주상면","parent":"48880"}},{"type":"Feature","geometry":{"type":"Polygon","coordinates":[[[127.97115,35.85117],[127.96346,35.85499],[127.95995,35.85958],[127.95083,35.86125],[127.94234,35.85431],[127.93235,35.85579],[127.93317,35.8642],[127.92951,35.87144],[127.92812,35.88114],[127.92337,35.88207],[127.91887,35.88959],[127.9134,35.89046],[127.8933,35.88659],[127.89185,35.88508],[127.89029,35.87305],[127.89518,35.87064],[127.89576,35.86289],[127.89276,35.85445],[127.89503,35.84869],[127.89556,35.8373],[127.90007,35.83434],[127.90027,35.82481],[127.89223,35.8166],[127.8918,35.81156],[127.8941,35.79441],[127.9002,35.78861],[127.90421,35.78131],[127.90919,35.78355],[127.92033,35.78373],[127.92779,35.78793],[127.93625,35.77829],[127.94371,35.78627],[127.94569,35.79374],[127.95845,35.80032],[127.96372,35.81388],[127.96346,35.81622],[127.95588,35.8263],[127.9611,35.83832],[127.97115,35.85117]]]},"properties":{"code":"4888032000","name":"웅양면","parent":"48880"}},{"type":"Feature","geometry":{"type":"Polygon","coordinates":[[[127.8933,35.88659],[127.89081,35.89025],[127.88486,35.89302],[127.88306,35.89929],[127.8848,35.90552],[127.88893,35.90981],[127.88761,35.91458],[127.8824,35.91308],[127.87723,35.9075],[127.8672,35.90411],[127.85954,35.90649],[127.85709,35.89499],[127.85075,35.89005],[127.85299,35.88122],[127.84467,35.87575],[127.84436,35.87006],[127.84094,35.86687],[127.83088,35.86974],[127.82117,35.8654],[127.81273,35.85283],[127.82273,35.84114],[127.82797,35.84194],[127.83446,35.834],[127.83081,35.82437],[127.83707,35.81597],[127.83461,35.80616],[127.83912,35.79779],[127.84844,35.80085],[127.85325,35.80066],[127.85708,35.79705],[127.86132,35.7977],[127.87307,35.80341],[127.88475,35.81017],[127.8918,35.81156],[127.89223,35.8166],[127.90027,35.82481],[127.90007,35.83434],[127.89556,35.8373],[127.89503,35.84869],[127.89276,35.85445],[127.89576,35.86289],[127.89518,35.87064],[127.89029,35.87305],[127.89185,35.88508],[127.8933,35.88659]]]},"properties":{"code":"4888033000","name":"고제면","parent":"48880"}},{"type":"Feature","geometry":{"type":"Polygon","coordinates":[[[127.81273,35.85283],[127.80387,35.85718],[127.7993,35.85382],[127.78787,35.85163],[127.77924,35.84717],[127.77215,35.83893],[127.7645,35.83866],[127.75753,35.83672],[127.75074,35.84212],[127.74492,35.84392],[127.73794,35.8347],[127.73865,35.82697],[127.7326,35.82084],[127.7298,35.81308],[127.72509,35.81293],[127.72432,35.80672],[127.71955,35.79741],[127.70936,35.79125],[127.70652,35.79186],[127.69965,35.78822],[127.68499,35.77785],[127.67903,35.76927],[127.68639,35.76174],[127.69065,35.76177],[127.69877,35.75823],[127.70289,35.75286],[127.70801,35.7495],[127.71291,35.74026],[127.71491,35.73116],[127.7292,35.721],[127.73411,35.71899],[127.73839,35.72431],[127.74147,35.72434],[127.74795,35.73089],[127.75506,35.73354],[127.76114,35.73081],[127.76629,35.73474],[127.77059,35.74081],[127.7794,35.74849],[127.78846,35.74886],[127.79111,35.75506],[127.7983,35.75697],[127.80399,35.76379],[127.81421,35.76309],[127.82193,35.7602],[127.82557,35.76621],[127.82285,35.7716],[127.82699,35.77743],[127.8317,35.77751],[127.83428,35.78117],[127.83318,35.7904],[127.83912,35.79779],[127.83461,35.80616],[127.83707,35.81597],[127.83081,35.82437],[127.83446,35.834],[127.82797,35.84194],[127.82273,35.84114],[127.81273,35.85283]]]},"properties":{"code":"4888034000","name":"북상면","parent":"48880"}},{"type":"Feature","geometry":{"type":"Polygon","coordinates":[[[127.85708,35.79705],[127.85325,35.80066],[127.84844,35.80085],[127.83912,35.79779],[127.83318,35.7904],[127.83428,35.78117],[127.8317,35.77751],[127.82699,35.77743],[127.82285,35.7716],[127.82557,35.76621],[127.82193,35.7602],[127.81421,35.76309],[127.80399,35.76379],[127.7983,35.75697],[127.79111,35.75506],[127.78846,35.74886],[127.7794,35.74849],[127.77059,35.74081],[127.76629,35.73474],[127.76114,35.73081],[127.76392,35.72125],[127.77285,35.71458],[127.77688,35.713],[127.78441,35.70532],[127.79357,35.70498],[127.79612,35.70316],[127.80534,35.70564],[127.81274,35.70931],[127.82831,35.72114],[127.83332,35.7297],[127.8401,35.73292],[127.84675,35.72683],[127.85291,35.73315],[127.84752,35.73795],[127.84657,35.74127],[127.8556,35.74232],[127.85702,35.74583],[127.8664,35.7449],[127.87695,35.74084],[127.87694,35.7512],[127.87175,35.75842],[127.87411,35.766],[127.87311,35.77101],[127.8782,35.77623],[127.87369,35.78105],[127.87276,35.78568],[127.85695,35.79317],[127.85708,35.79705]]]},"properties":{"code":"4888035000","name":"위천면","parent":"48880"}},{"type":"Feature","geometry":{"type":"Polygon","coordinates":[[[127.87695,35.74084],[127.8664,35.7449],[127.85702,35.74583],[127.8556,35.74232],[127.84657,35.74127],[127.84752,35.73795],[127.85291,35.73315],[127.84675,35.72683],[127.8401,35.73292],[127.83332,35.7297],[127.82831,35.72114],[127.81274,35.70931],[127.80534,35.70564],[127.79612,35.70316],[127.8011,35.69596],[127.80317,35.68606],[127.81113,35.68557],[127.81485,35.67802],[127.82144,35.67227],[127.82209,35.66954],[127.83061,35.67],[127.83412,35.6677],[127.83363,35.66326],[127.84586,35.65681],[127.86142,35.65886],[127.8646,35.6664],[127.86889,35.67049],[127.87687,35.66935],[127.87967,35.67475],[127.87902,35.67977],[127.88262,35.68694],[127.87501,35.69517],[127.8793,35.70026],[127.8776,35.71527],[127.87988,35.71704],[127.88003,35.73322],[127.87695,35.74084]]]},"properties":{"code":"4888036000","name":"마리면","parent":"48880"}},{"type":"Feature","geometry":{"type":"Polygon","coordinates":[[[127.99783,35.62815],[127.98826,35.63267],[127.98358,35.6329],[127.98211,35.63817],[127.97896,35.63903],[127.96359,35.63103],[127.9586,35.6353],[127.95502,35.64537],[127.95086,35.64643],[127.94558,35.65302],[127.94046,35.67279],[127.92978,35.66404],[127.9206,35.66286],[127.91179,35.65621],[127.90025,35.65177],[127.89396,35.65275],[127.8925,35.64542],[127.88896,35.63712],[127.87723,35.63942],[127.8708,35.63418],[127.87179,35.6217],[127.86742,35.61478],[127.86323,35.6113],[127.8641,35.60804],[127.85305,35.59662],[127.8472,35.59482],[127.84364,35.58824],[127.83513,35.58307],[127.83619,35.57693],[127.8407,35.57799],[127.85094,35.57721],[127.85632,35.56942],[127.86289,35.57616],[127.86988,35.57501],[127.87844,35.5782],[127.88219,35.58151],[127.88366,35.5875],[127.89656,35.59867],[127.9004,35.60348],[127.90764,35.60801],[127.91207,35.60701],[127.91493,35.60022],[127.91592,35.5888],[127.9233,35.5924],[127.94803,35.61023],[127.95326,35.60703],[127.96947,35.60515],[127.98204,35.60934],[127.98471,35.60866],[127.99783,35.61127],[127.99783,35.62815]]]},"properties":{"code":"4888037000","name":"남상면","parent":"48880"}},{"type":"Feature","geometry":{"type":"Polygon","coordinates":[[[127.96627,35.73149],[127.96228,35.73288],[127.95605,35.72876],[127.95354,35.71697],[127.94616,35.71367],[127.94062,35.70881],[127.94184,35.70087],[127.94046,35.69535],[127.94184,35.68693],[127.93926,35.68277],[127.94046,35.67279],[127.94558,35.65302],[127.95086,35.64643],[127.95502,35.64537],[127.9586,35.6353],[127.96359,35.63103],[127.97896,35.63903],[127.98211,35.63817],[127.98358,35.6329],[127.98826,35.63267],[127.99783,35.62815],[128.00526,35.6373],[128.01793,35.64333],[128.02095,35.65215],[128.02041,35.6554],[128.01197,35.66061],[128.01526,35.67152],[128.00583,35.68046],[127.99424,35.6849],[127.97758,35.70106],[127.98097,35.70952],[127.97687,35.71645],[127.97703,35.72269],[127.96963,35.72683],[127.96627,35.73149]]]},"properties":{"code":"4888038000","name":"남하면","parent":"48880"}},{"type":"Feature","geometry":{"type":"Polygon","coordinates":[[[127.98471,35.60866],[127.98204,35.60934],[127.96947,35.60515],[127.95326,35.60703],[127.94803,35.61023],[127.9233,35.5924],[127.91592,35.5888],[127.91493,35.60022],[127.91207,35.60701],[127.90764,35.60801],[127.9004,35.60348],[127.89656,35.59867],[127.88366,35.5875],[127.88219,35.58151],[127.87844,35.5782],[127.86988,35.57501],[127.87488,35.56761],[127.86942,35.55963],[127.87215,35.55264],[127.87756,35.55051],[127.87574,35.54018],[127.87297,35.53603],[127.88051,35.53142],[127.8783,35.52801],[127.88783,35.5314],[127.89376,35.53018],[127.89784,35.5335],[127.90427,35.53424],[127.91324,35.52577],[127.92137,35.52374],[127.92101,35.51843],[127.92512,35.51533],[127.93065,35.51589],[127.94068,35.51445],[127.94959,35.5187],[127.95982,35.51858],[127.95862,35.5238],[127.95374,35.52906],[127.95312,35.53434],[127.95505,35.54992],[127.97453,35.55792],[127.97951,35.56352],[127.98104,35.56894],[127.97919,35.57396],[127.9833,35.58469],[127.98737,35.58576],[127.98822,35.59543],[127.98514,35.59635],[127.9827,35.60221],[127.98471,35.60866]]]},"properties":{"code":"4888039000","name":"신원면","parent":"48880"}},{"type":"Feature","geometry":{"type":"Polygon","coordinates":[[[128.09507,35.69046],[128.08084,35.69566],[128.07428,35.70185],[128.073,35.71867],[128.07116,35.72083],[128.06137,35.72493],[128.05902,35.73226],[128.05407,35.74165],[128.0505,35.74365],[128.04418,35.75217],[128.04121,35.75007],[128.03209,35.74875],[128.02302,35.74112],[128.01351,35.74436],[127.99458,35.73718],[127.98958,35.7299],[127.98994,35.72506],[127.98424,35.72572],[127.97801,35.7346],[127.97199,35.73429],[127.96627,35.73149],[127.96963,35.72683],[127.97703,35.72269],[127.97687,35.71645],[127.98097,35.70952],[127.97758,35.70106],[127.99424,35.6849],[128.00583,35.68046],[128.01526,35.67152],[128.01197,35.66061],[128.02041,35.6554],[128.02095,35.65215],[128.03596,35.65691],[128.04452,35.66148],[128.04589,35.6716],[128.04475,35.67472],[128.05565,35.68014],[128.06637,35.68274],[128.07285,35.67303],[128.07782,35.67967],[128.09123,35.68202],[128.09507,35.69046]]]},"properties":{"code":"4888040000","name":"가조면","parent":"48880"}},{"type":"Feature","geometry":{"type":"Polygon","coordinates":[[[128.07871,35.83893],[128.07041,35.84069],[128.06145,35.83449],[128.05284,35.83247],[128.05084,35.82926],[128.0426,35.83102],[128.03162,35.83571],[128.01983,35.83298],[128.01214,35.82886],[128.0045,35.83542],[127.99741,35.83775],[127.98537,35.85739],[127.98181,35.8589],[127.97373,35.85087],[127.97115,35.85117],[127.9611,35.83832],[127.95588,35.8263],[127.96346,35.81622],[127.96372,35.81388],[127.95845,35.80032],[127.95717,35.79336],[127.95924,35.78112],[127.96469,35.77378],[127.96132,35.76336],[127.96382,35.75807],[127.97021,35.7508],[127.96522,35.74581],[127.96215,35.73801],[127.96228,35.73288],[127.96627,35.73149],[127.97199,35.73429],[127.97801,35.7346],[127.98424,35.72572],[127.98994,35.72506],[127.98958,35.7299],[127.99458,35.73718],[128.01351,35.74436],[128.02302,35.74112],[128.03209,35.74875],[128.04121,35.75007],[128.04418,35.75217],[128.05125,35.76114],[128.04956,35.76951],[128.05271,35.77389],[128.05093,35.77783],[128.04024,35.78012],[128.03564,35.78614],[128.03807,35.79108],[128.04704,35.79544],[128.04978,35.80244],[128.05373,35.8056],[128.06027,35.80486],[128.06855,35.80642],[128.0748,35.81275],[128.08495,35.81696],[128.08455,35.82252],[128.09068,35.83081],[128.08484,35.83658],[128.07871,35.83893]]]},"properties":{"code":"4888041000","name":"가북면","parent":"48880"}},{"type":"Feature","geometry":{"type":"Polygon","coordinates":[[[128.16373,35.65349],[128.15777,35.65795],[128.15143,35.65463],[128.14507,35.6491],[128.14156,35.64397],[128.13314,35.64053],[128.123,35.63086],[128.11583,35.63136],[128.11172,35.62928],[128.10596,35.62199],[128.09894,35.61946],[128.08936,35.62423],[128.08602,35.62366],[128.07669,35.61716],[128.07672,35.61301],[128.08405,35.60272],[128.08745,35.60057],[128.08469,35.59334],[128.0921,35.59277],[128.10426,35.59462],[128.11125,35.59701],[128.1275,35.58616],[128.12927,35.58071],[128.13465,35.57581],[128.13642,35.56858],[128.14781,35.55934],[128.15785,35.55769],[128.15915,35.5554],[128.16022,35.55754],[128.17289,35.56042],[128.17413,35.56356],[128.17238,35.57237],[128.17236,35.58207],[128.18167,35.58931],[128.17565,35.59531],[128.17368,35.60369],[128.17126,35.60593],[128.16953,35.61639],[128.17136,35.62169],[128.17869,35.6226],[128.17632,35.63708],[128.1724,35.63886],[128.16571,35.64789],[128.16373,35.65349]]]},"properties":{"code":"4889025000","name":"합천읍","parent":"48890"}},{"type":"Feature","geometry":{"type":"Polygon","coordinates":[[[128.07285,35.67303],[128.06637,35.68274],[128.05565,35.68014],[128.04475,35.67472],[128.04589,35.6716],[128.04452,35.66148],[128.03596,35.65691],[128.02095,35.65215],[128.01793,35.64333],[128.00526,35.6373],[127.99783,35.62815],[127.99783,35.61127],[127.98471,35.60866],[127.9827,35.60221],[127.98514,35.59635],[127.98822,35.59543],[127.98737,35.58576],[127.9833,35.58469],[127.97919,35.57396],[127.98104,35.56894],[127.97951,35.56352],[127.97453,35.55792],[127.98299,35.5609],[127.98631,35.55926],[127.99662,35.56537],[128.01087,35.56616],[128.01563,35.56527],[128.02058,35.55892],[128.02146,35.56589],[128.02585,35.56768],[128.02998,35.56215],[128.03763,35.56272],[128.04078,35.57008],[128.05344,35.56521],[128.06001,35.56423],[128.06377,35.56818],[128.06908,35.57856],[128.08025,35.59168],[128.08469,35.59334],[128.08745,35.60057],[128.08405,35.60272],[128.07672,35.61301],[128.07669,35.61716],[128.08602,35.62366],[128.08936,35.62423],[128.08595,35.63297],[128.07221,35.6436],[128.06568,35.64517],[128.06556,35.64931],[128.05976,35.66172],[128.06078,35.6671],[128.06618,35.67135],[128.07285,35.67303]]]},"properties":{"code":"4889031000","name":"봉산면","parent":"48890"}},{"type":"Feature","geometry":{"type":"Polygon","coordinates":[[[128.16002,35.66713],[128.15819,35.67168],[128.15092,35.67437],[128.15449,35.68316],[128.14592,35.69236],[128.14232,35.69169],[128.13877,35.69557],[128.12709,35.69969],[128.12288,35.69633],[128.10258,35.69558],[128.09507,35.69046],[128.09123,35.68202],[128.07782,35.67967],[128.07285,35.67303],[128.06618,35.67135],[128.06078,35.6671],[128.05976,35.66172],[128.06556,35.64931],[128.06568,35.64517],[128.07221,35.6436],[128.08595,35.63297],[128.08936,35.62423],[128.09894,35.61946],[128.10596,35.62199],[128.11172,35.62928],[128.11583,35.63136],[128.123,35.63086],[128.13314,35.64053],[128.14156,35.64397],[128.14507,35.6491],[128.15143,35.65463],[128.15777,35.65795],[128.16137,35.66102],[128.16002,35.66713]]]},"properties":{"code":"4889032000","name":"묘산면","parent":"48890"}},{"type":"Feature","geometry":{"type":"Polygon","coordinates":[[[128.12527,35.82276],[128.11718,35.82582],[128.10871,35.8239],[128.10345,35.82895],[128.09574,35.83257],[128.09068,35.83081],[128.08455,35.82252],[128.08495,35.81696],[128.0748,35.81275],[128.06855,35.80642],[128.06027,35.80486],[128.05373,35.8056],[128.04978,35.80244],[128.04704,35.79544],[128.03807,35.79108],[128.03564,35.78614],[128.04024,35.78012],[128.05093,35.77783],[128.05271,35.77389],[128.04956,35.76951],[128.05125,35.76114],[128.04418,35.75217],[128.0505,35.74365],[128.05407,35.74165],[128.05902,35.73226],[128.06137,35.72493],[128.07116,35.72083],[128.073,35.71867],[128.07428,35.70185],[128.08084,35.69566],[128.09507,35.69046],[128.10258,35.69558],[128.12288,35.69633],[128.12709,35.69969],[128.12724,35.70302],[128.13496,35.70382],[128.14056,35.71499],[128.14521,35.71565],[128.14439,35.72266],[128.14837,35.72884],[128.14519,35.73595],[128.13509,35.74211],[128.13621,35.75149],[128.14481,35.75339],[128.14661,35.75975],[128.15078,35.76466],[128.16142,35.76974],[128.16406,35.77703],[128.15983,35.77957],[128.15477,35.78649],[128.13975,35.78405],[128.12881,35.78937],[128.1285,35.79431],[128.12169,35.80357],[128.12187,35.81103],[128.12527,35.82276]]]},"properties":{"code":"4889033000","name":"가야면","parent":"48890"}},{"type":"Feature","geometry":{"type":"Polygon","coordinates":[[[128.18926,35.75234],[128.165,35.76349],[128.16142,35.76974],[128.15078,35.76466],[128.14661,35.75975],[128.14481,35.75339],[128.13621,35.75149],[128.13509,35.74211],[128.14519,35.73595],[128.14837,35.72884],[128.14439,35.72266],[128.14521,35.71565],[128.14056,35.71499],[128.13496,35.70382],[128.12724,35.70302],[128.12709,35.69969],[128.13877,35.69557],[128.14232,35.69169],[128.14592,35.69236],[128.15449,35.68316],[128.15092,35.67437],[128.15819,35.67168],[128.16002,35.66713],[128.16262,35.67182],[128.16677,35.67391],[128.1793,35.67302],[128.1842,35.6783],[128.1944,35.68436],[128.20157,35.68411],[128.20415,35.68865],[128.20204,35.69135],[128.20446,35.69736],[128.20105,35.70615],[128.20301,35.71206],[128.20082,35.71782],[128.20157,35.72281],[128.19665,35.73046],[128.19789,35.73667],[128.19433,35.73821],[128.18926,35.75234]]]},"properties":{"code":"4889034000","name":"야로면","parent":"48890"}},{"type":"Feature","geometry":{"type":"Polygon","coordinates":[[[128.22967,35.63945],[128.2115,35.64154],[128.21027,35.64438],[128.2011,35.64376],[128.19886,35.64916],[128.19136,35.65517],[128.18406,35.65847],[128.16373,35.65349],[128.16571,35.64789],[128.1724,35.63886],[128.17632,35.63708],[128.17869,35.6226],[128.17136,35.62169],[128.16953,35.61639],[128.17126,35.60593],[128.17368,35.60369],[128.17565,35.59531],[128.18167,35.58931],[128.17236,35.58207],[128.17238,35.57237],[128.17413,35.56356],[128.17713,35.56045],[128.17797,35.55422],[128.18207,35.54722],[128.18628,35.54573],[128.19743,35.53519],[128.21751,35.5334],[128.21894,35.54071],[128.22454,35.54934],[128.22381,35.55571],[128.22916,35.55805],[128.23953,35.56597],[128.24128,35.5697],[128.25077,35.57124],[128.25758,35.56711],[128.26263,35.56738],[128.2527,35.57673],[128.25702,35.58096],[128.25718,35.58496],[128.26873,35.59046],[128.26703,35.59622],[128.25637,35.6003],[128.2485,35.59867],[128.24464,35.60176],[128.24095,35.61687],[128.23525,35.62844],[128.2319,35.63169],[128.22967,35.63945]]]},"properties":{"code":"4889035000","name":"율곡면","parent":"48890"}},{"type":"Feature","geometry":{"type":"Polygon","coordinates":[[[128.26263,35.56738],[128.25758,35.56711],[128.25077,35.57124],[128.24128,35.5697],[128.23953,35.56597],[128.22916,35.55805],[128.22381,35.55571],[128.22454,35.54934],[128.21894,35.54071],[128.21751,35.5334],[128.22466,35.5269],[128.22532,35.52374],[128.23888,35.51233],[128.23904,35.50929],[128.25302,35.50337],[128.26231,35.50431],[128.26626,35.50944],[128.25442,35.52151],[128.25417,35.52455],[128.25793,35.54128],[128.27858,35.55775],[128.28005,35.56075],[128.27062,35.56746],[128.26263,35.56738]]]},"properties":{"code":"4889036000","name":"초계면","parent":"48890"}},{"type":"Feature","geometry":{"type":"Polygon","coordinates":[[[128.27669,35.64673],[128.26713,35.64531],[128.2611,35.64269],[128.25825,35.64759],[128.24893,35.6511],[128.24392,35.65552],[128.2359,35.65136],[128.23749,35.64425],[128.23572,35.64073],[128.22967,35.63945],[128.2319,35.63169],[128.23525,35.62844],[128.24095,35.61687],[128.24464,35.60176],[128.2485,35.59867],[128.25637,35.6003],[128.26703,35.59622],[128.26873,35.59046],[128.25718,35.58496],[128.25702,35.58096],[128.2527,35.57673],[128.26263,35.56738],[128.27062,35.56746],[128.28005,35.56075],[128.28458,35.56236],[128.29546,35.57579],[128.29997,35.57581],[128.30837,35.58208],[128.30873,35.58618],[128.30438,35.59102],[128.3051,35.596],[128.30228,35.59796],[128.29824,35.60794],[128.29059,35.608],[128.28757,35.61214],[128.28833,35.6217],[128.29605,35.62276],[128.28244,35.63761],[128.27669,35.64673]]]},"properties":{"code":"4889037000","name":"쌍책면","parent":"48890"}},{"type":"Feature","geometry":{"type":"Polygon","coordinates":[[[128.36235,35.61189],[128.36382,35.62139],[128.36305,35.62858],[128.35492,35.64247],[128.34917,35.64645],[128.34095,35.64415],[128.32926,35.64816],[128.32371,35.64602],[128.31822,35.65092],[128.30605,35.65514],[128.29726,35.65619],[128.2962,35.65053],[128.28859,35.65239],[128.2784,35.65175],[128.27669,35.64673],[128.28244,35.63761],[128.29605,35.62276],[128.30312,35.62144],[128.30984,35.61787],[128.31763,35.61785],[128.32567,35.61535],[128.33058,35.6112],[128.33724,35.61285],[128.34486,35.60853],[128.3455,35.60119],[128.3552,35.59092],[128.35189,35.60675],[128.35383,35.61002],[128.36235,35.61189]]]},"properties":{"code":"4889038000","name":"덕곡면","parent":"48890"}},{"type":"Feature","geometry":{"type":"Polygon","coordinates":[[[128.3552,35.59092],[128.3455,35.60119],[128.34486,35.60853],[128.33724,35.61285],[128.33058,35.6112],[128.32567,35.61535],[128.31763,35.61785],[128.30984,35.61787],[128.30312,35.62144],[128.29605,35.62276],[128.28833,35.6217],[128.28757,35.61214],[128.29059,35.608],[128.29824,35.60794],[128.30228,35.59796],[128.3051,35.596],[128.30438,35.59102],[128.30873,35.58618],[128.30837,35.58208],[128.29997,35.57581],[128.31322,35.57015],[128.31824,35.5669],[128.30307,35.55392],[128.30938,35.54293],[128.31506,35.53761],[128.30867,35.52891],[128.29746,35.52611],[128.29286,35.5173],[128.30414,35.51349],[128.30801,35.51701],[128.31546,35.51558],[128.31739,35.51171],[128.3228,35.50811],[128.32994,35.50752],[128.33797,35.50965],[128.34836,35.49929],[128.36022,35.50304],[128.36495,35.50027],[128.37151,35.50179],[128.37293,35.5067],[128.36964,35.51125],[128.37224,35.51896],[128.36304,35.52543],[128.35276,35.53493],[128.3502,35.53863],[128.34882,35.54597],[128.35029,35.55303],[128.35999,35.56764],[128.36173,35.57801],[128.35842,35.5869],[128.3552,35.59092]]]},"properties":{"code":"4889039000","name":"청덕면","parent":"48890"}},{"type":"Feature","geometry":{"type":"Polygon","coordinates":[[[128.29997,35.57581],[128.29546,35.57579],[128.28458,35.56236],[128.28005,35.56075],[128.27858,35.55775],[128.25793,35.54128],[128.25417,35.52455],[128.25442,35.52151],[128.26626,35.50944],[128.27639,35.50979],[128.29017,35.51249],[128.29286,35.5173],[128.29746,35.52611],[128.30867,35.52891],[128.31506,35.53761],[128.30938,35.54293],[128.30307,35.55392],[128.31824,35.5669],[128.31322,35.57015],[128.29997,35.57581]]]},"properties":{"code":"4889040000","name":"적중면","parent":"48890"}},{"type":"Feature","geometry":{"type":"Polygon","coordinates":[[[128.21751,35.5334],[128.19743,35.53519],[128.18628,35.54573],[128.18207,35.54722],[128.17797,35.55422],[128.17713,35.56045],[128.17413,35.56356],[128.17289,35.56042],[128.16022,35.55754],[128.15915,35.5554],[128.15911,35.54822],[128.15522,35.54547],[128.15786,35.53818],[128.1538,35.53232],[128.15468,35.52687],[128.15221,35.52465],[128.15074,35.51497],[128.14506,35.51478],[128.13353,35.50754],[128.12483,35.50736],[128.12507,35.50262],[128.12859,35.49687],[128.12724,35.49369],[128.13731,35.48994],[128.14212,35.48654],[128.15411,35.49214],[128.16007,35.48052],[128.17237,35.47929],[128.17998,35.4774],[128.19465,35.48085],[128.20132,35.47757],[128.2063,35.47762],[128.20945,35.48292],[128.22071,35.48597],[128.22835,35.49105],[128.23048,35.48896],[128.23987,35.49389],[128.25499,35.49373],[128.26189,35.49718],[128.26231,35.50431],[128.25302,35.50337],[128.23904,35.50929],[128.23888,35.51233],[128.22532,35.52374],[128.22466,35.5269],[128.21751,35.5334]]]},"properties":{"code":"4889041000","name":"대양면","parent":"48890"}},{"type":"Feature","geometry":{"type":"Polygon","coordinates":[[[128.12724,35.49369],[128.12014,35.49428],[128.11142,35.49125],[128.11095,35.4865],[128.10626,35.48501],[128.10536,35.47881],[128.10237,35.47645],[128.08939,35.47734],[128.07921,35.48142],[128.07423,35.47508],[128.0768,35.4696],[128.08415,35.46982],[128.0888,35.46746],[128.09597,35.45999],[128.10389,35.46158],[128.11358,35.44778],[128.12049,35.44047],[128.12598,35.43925],[128.13061,35.43474],[128.1338,35.42852],[128.13716,35.42744],[128.14666,35.43195],[128.15473,35.4339],[128.15755,35.43058],[128.1701,35.42789],[128.17071,35.42555],[128.15928,35.41725],[128.1571,35.41361],[128.16293,35.40761],[128.16747,35.40772],[128.17527,35.3989],[128.17657,35.39563],[128.18946,35.39867],[128.1916,35.40902],[128.18572,35.41917],[128.19462,35.42812],[128.20018,35.43208],[128.20423,35.44505],[128.20852,35.45305],[128.20812,35.45987],[128.21659,35.46137],[128.21507,35.46482],[128.20631,35.46913],[128.20058,35.47522],[128.20132,35.47757],[128.19465,35.48085],[128.17998,35.4774],[128.17237,35.47929],[128.16007,35.48052],[128.15411,35.49214],[128.14212,35.48654],[128.13731,35.48994],[128.12724,35.49369]]]},"properties":{"code":"4889042000","name":"쌍백면","parent":"48890"}},{"type":"Feature","geometry":{"type":"Polygon","coordinates":[[[128.17657,35.39563],[128.17527,35.3989],[128.16747,35.40772],[128.16293,35.40761],[128.1571,35.41361],[128.15928,35.41725],[128.17071,35.42555],[128.1701,35.42789],[128.15755,35.43058],[128.15473,35.4339],[128.14666,35.43195],[128.13716,35.42744],[128.1338,35.42852],[128.13061,35.43474],[128.12598,35.43925],[128.12049,35.44047],[128.11358,35.44778],[128.10389,35.46158],[128.09597,35.45999],[128.0888,35.46746],[128.08415,35.46982],[128.0768,35.4696],[128.07444,35.46759],[128.07375,35.46028],[128.07604,35.45663],[128.08853,35.44769],[128.08863,35.4391],[128.08275,35.43308],[128.08637,35.42494],[128.0842,35.4203],[128.07332,35.41491],[128.07067,35.4155],[128.06362,35.42463],[128.0538,35.42293],[128.05233,35.41809],[128.05445,35.41631],[128.05949,35.40549],[128.0659,35.40224],[128.06636,35.39661],[128.07197,35.39232],[128.07293,35.38892],[128.07903,35.3895],[128.08908,35.37916],[128.08674,35.37465],[128.08034,35.37013],[128.09532,35.36815],[128.11089,35.38055],[128.1137,35.3806],[128.12975,35.3734],[128.12586,35.38315],[128.12926,35.38773],[128.14307,35.3856],[128.14762,35.38583],[128.16662,35.39426],[128.17657,35.39563]]]},"properties":{"code":"4889043000","name":"삼가면","parent":"48890"}},{"type":"Feature","geometry":{"type":"Polygon","coordinates":[[[128.05764,35.49259],[128.05364,35.4918],[128.04845,35.49423],[128.03935,35.48756],[128.03076,35.49062],[128.02814,35.49787],[128.02185,35.50017],[128.01698,35.49811],[128.00815,35.49904],[128.00104,35.49451],[127.99426,35.49646],[127.98761,35.50123],[127.97784,35.49804],[127.97434,35.49504],[127.97603,35.47996],[127.97413,35.47674],[127.97933,35.46755],[127.97892,35.46097],[127.9848,35.45657],[127.98382,35.45313],[127.98646,35.45122],[127.9871,35.44527],[127.99588,35.43828],[128.00256,35.43781],[128.00822,35.43548],[128.00813,35.43169],[128.01138,35.42645],[128.02404,35.42551],[128.02626,35.42034],[128.03496,35.4154],[128.04212,35.41887],[128.04533,35.41574],[128.05233,35.41809],[128.0538,35.42293],[128.06362,35.42463],[128.07067,35.4155],[128.07332,35.41491],[128.0842,35.4203],[128.08637,35.42494],[128.08275,35.43308],[128.08863,35.4391],[128.08853,35.44769],[128.07604,35.45663],[128.07375,35.46028],[128.07444,35.46759],[128.0768,35.4696],[128.07423,35.47508],[128.07921,35.48142],[128.07439,35.49374],[128.07021,35.49445],[128.06188,35.49173],[128.05764,35.49259]]]},"properties":{"code":"4889044000","name":"가회면","parent":"48890"}},{"type":"Feature","geometry":{"type":"Polygon","coordinates":[[[128.02058,35.55892],[128.01563,35.56527],[128.01087,35.56616],[127.99662,35.56537],[127.98631,35.55926],[127.98299,35.5609],[127.97453,35.55792],[127.95505,35.54992],[127.95312,35.53434],[127.95374,35.52906],[127.95862,35.5238],[127.95982,35.51858],[127.96228,35.50012],[127.97434,35.49504],[127.97784,35.49804],[127.98761,35.50123],[127.99426,35.49646],[128.00104,35.49451],[128.00815,35.49904],[128.01698,35.49811],[128.02185,35.50017],[128.02814,35.49787],[128.03076,35.49062],[128.03935,35.48756],[128.04845,35.49423],[128.05364,35.4918],[128.05764,35.49259],[128.05628,35.49709],[128.06102,35.5056],[128.06044,35.51403],[128.07002,35.5278],[128.07533,35.53045],[128.06569,35.53375],[128.06288,35.54015],[128.0599,35.53955],[128.05545,35.54496],[128.04913,35.5469],[128.04573,35.5508],[128.03535,35.54502],[128.02772,35.54977],[128.02919,35.55651],[128.02511,35.56088],[128.02058,35.55892]]]},"properties":{"code":"4889045000","name":"대병면","parent":"48890"}},{"type":"Feature","geometry":{"type":"Polygon","coordinates":[[[128.15915,35.5554],[128.15785,35.55769],[128.14781,35.55934],[128.13642,35.56858],[128.13465,35.57581],[128.12927,35.58071],[128.1275,35.58616],[128.11125,35.59701],[128.10426,35.59462],[128.0921,35.59277],[128.08469,35.59334],[128.08025,35.59168],[128.06908,35.57856],[128.06377,35.56818],[128.06001,35.56423],[128.05344,35.56521],[128.04078,35.57008],[128.03763,35.56272],[128.02998,35.56215],[128.02585,35.56768],[128.02146,35.56589],[128.02058,35.55892],[128.02511,35.56088],[128.02919,35.55651],[128.02772,35.54977],[128.03535,35.54502],[128.04573,35.5508],[128.04913,35.5469],[128.05545,35.54496],[128.0599,35.53955],[128.06288,35.54015],[128.06569,35.53375],[128.07533,35.53045],[128.07002,35.5278],[128.06044,35.51403],[128.06102,35.5056],[128.05628,35.49709],[128.05764,35.49259],[128.06188,35.49173],[128.07021,35.49445],[128.07439,35.49374],[128.07921,35.48142],[128.08939,35.47734],[128.10237,35.47645],[128.10536,35.47881],[128.10626,35.48501],[128.11095,35.4865],[128.11142,35.49125],[128.12014,35.49428],[128.12724,35.49369],[128.12859,35.49687],[128.12507,35.50262],[128.12483,35.50736],[128.13353,35.50754],[128.14506,35.51478],[128.15074,35.51497],[128.15221,35.52465],[128.15468,35.52687],[128.1538,35.53232],[128.15786,35.53818],[128.15522,35.54547],[128.15911,35.54822],[128.15915,35.5554]]]},"properties":{"code":"4889046000","name":"용주면","parent":"48890"}},{"type":"Feature","geometry":{"type":"Polygon","coordinates":[[[128.55309,35.19342],[128.54064,35.19221],[128.54023,35.18957],[128.54381,35.18726],[128.54668,35.18142],[128.55777,35.1842],[128.56129,35.18075],[128.56504,35.18622],[128.56503,35.1869],[128.55433,35.19158],[128.55309,35.19342]]]},"properties":{"code":"4812554000","name":"문화동","parent":"48125"}},{"type":"Feature","geometry":{"type":"Polygon","coordinates":[[[128.56997,35.21617],[128.56075,35.21667],[128.54849,35.21327],[128.54365,35.21505],[128.53554,35.2099],[128.5391,35.20531],[128.55013,35.20534],[128.56121,35.20927],[128.56679,35.20864],[128.56968,35.21216],[128.5748,35.20984],[128.57677,35.21489],[128.56997,35.21617]]]},"properties":{"code":"4812561000","name":"교방동","parent":"48125"}},{"type":"Feature","geometry":{"type":"MultiPolygon","coordinates":[[[[128.66955,35.15208],[128.65603,35.15308],[128.65632,35.16527],[128.64745,35.17555],[128.64013,35.17509],[128.6291,35.16905],[128.62521,35.16204],[128.61163,35.14823],[128.60723,35.14102],[128.6068,35.13723],[128.61578,35.13824],[128.62188,35.13649],[128.62923,35.14856],[128.63721,35.14573],[128.63963,35.14945],[128.64708,35.15038],[128.64711,35.14654],[128.64233,35.14422],[128.64888,35.13542],[128.65645,35.13527],[128.66298,35.13039],[128.66168,35.12167],[128.66565,35.11842],[128.67687,35.12412],[128.6768,35.13031],[128.67363,35.13384],[128.67328,35.14093],[128.67847,35.14641],[128.67444,35.15237],[128.66955,35.15208]]],[[[128.65197,35.10582],[128.64791,35.10529],[128.64758,35.0999],[128.65325,35.0996],[128.66027,35.09407],[128.66079,35.10067],[128.65903,35.10582],[128.65197,35.10582]]]]},"properties":{"code":"4812953000","name":"충무동","parent":"48129"}}]}