{"type":"FeatureCollection","features":[{"type":"Feature","geometry":{"type":"Polygon","coordinates":[[[127.79363,37.99233],[127.78865,37.99465],[127.78792,38.00071],[127.77873,38.01399],[127.7755,38.01425],[127.76623,38.00463],[127.76558,37.9996],[127.76223,37.99796],[127.76016,37.98942],[127.75997,37.97949],[127.75227,37.97627],[127.74509,37.97886],[127.7333,37.98033],[127.72512,37.97589],[127.71331,37.97674],[127.70743,37.97554],[127.70455,37.97253],[127.69012,37.97191],[127.6815,37.97337],[127.67045,37.9697],[127.66867,37.96518],[127.67658,37.95992],[127.69125,37.95502],[127.69673,37.95172],[127.70625,37.94206],[127.71377,37.93689],[127.72084,37.94211],[127.72303,37.94573],[127.73129,37.9412],[127.73849,37.94311],[127.73961,37.93756],[127.73278,37.93513],[127.73946,37.9299],[127.74382,37.91691],[127.74794,37.92179],[127.77327,37.92766],[127.78443,37.9269],[127.79076,37.92894],[127.80192,37.93536],[127.81026,37.94306],[127.82013,37.94909],[127.81302,37.94972],[127.80303,37.95695],[127.79667,37.95872],[127.79611,37.97001],[127.79338,37.97572],[127.79363,37.99233]]]},"properties":{"key":"강원특별자치도|춘천시|신북읍","code":"5111025000"}},{"type":"Feature","geometry":{"type":"Polygon","coordinates":[[[127.95556,37.87102],[127.94915,37.87146],[127.94559,37.87663],[127.93477,37.87889],[127.93113,37.87812],[127.92715,37.88496],[127.92283,37.88809],[127.90659,37.89231],[127.90034,37.90556],[127.89989,37.91208],[127.88484,37.92159],[127.88038,37.92297],[127.87922,37.92771],[127.86393,37.93846],[127.84882,37.94004],[127.8403,37.93617],[127.82962,37.93782],[127.82013,37.94909],[127.81026,37.94306],[127.80192,37.93536],[127.79076,37.92894],[127.78443,37.9269],[127.77327,37.92766],[127.74794,37.92179],[127.74382,37.91691],[127.74784,37.90873],[127.74951,37.89975],[127.74472,37.89474],[127.75488,37.89114],[127.75538,37.88607],[127.75266,37.88364],[127.76286,37.87488],[127.76418,37.87134],[127.76953,37.86902],[127.78088,37.87036],[127.7879,37.86517],[127.80751,37.86829],[127.80807,37.86101],[127.81062,37.85747],[127.82237,37.84979],[127.82257,37.84577],[127.83204,37.84297],[127.84846,37.83545],[127.85466,37.83463],[127.8715,37.83729],[127.87261,37.8446],[127.87715,37.84686],[127.87891,37.8521],[127.87648,37.85639],[127.88034,37.86019],[127.89185,37.86266],[127.90799,37.85536],[127.90844,37.84847],[127.91787,37.84442],[127.93145,37.82659],[127.93578,37.82994],[127.93739,37.83639],[127.94493,37.8385],[127.94627,37.84593],[127.94414,37.85022],[127.95069,37.86365],[127.96111,37.86573],[127.95556,37.87102]]]},"properties":{"key":"강원특별자치도|춘천시|동면","code":"5111031000"}},{"type":"Feature","geometry":{"type":"Polygon","coordinates":[[[127.8253,37.81046],[127.81571,37.81094],[127.81293,37.8082],[127.80449,37.80559],[127.79541,37.81183],[127.79546,37.81553],[127.78775,37.81445],[127.77905,37.8174],[127.77365,37.81448],[127.76661,37.81347],[127.76525,37.8077],[127.75973,37.80546],[127.7511,37.8123],[127.74553,37.8122],[127.74937,37.80513],[127.74916,37.80156],[127.74175,37.79839],[127.738,37.79483],[127.72305,37.7893],[127.72051,37.78382],[127.72591,37.77417],[127.72676,37.76647],[127.71696,37.76294],[127.71332,37.75605],[127.71583,37.75083],[127.71291,37.74287],[127.72002,37.74082],[127.73067,37.73523],[127.741,37.74024],[127.74724,37.74148],[127.75075,37.73393],[127.75361,37.73149],[127.76426,37.73759],[127.77303,37.73659],[127.77624,37.74043],[127.78184,37.74186],[127.78775,37.7366],[127.79964,37.73493],[127.80329,37.74387],[127.81628,37.74843],[127.83089,37.73982],[127.8364,37.7448],[127.84133,37.74634],[127.84619,37.75145],[127.8385,37.7546],[127.84789,37.75806],[127.85455,37.7632],[127.85723,37.76788],[127.85183,37.77708],[127.84447,37.78303],[127.84322,37.78962],[127.83178,37.79285],[127.82487,37.79823],[127.82711,37.80908],[127.8253,37.81046]]]},"properties":{"key":"강원특별자치도|춘천시|동산면","code":"5111032000"}},{"type":"Feature","geometry":{"type":"Polygon","coordinates":[[[127.74761,37.84203],[127.73933,37.84084],[127.7317,37.84597],[127.72465,37.8489],[127.71687,37.84858],[127.7163,37.8367],[127.71102,37.83532],[127.6984,37.84036],[127.69262,37.83957],[127.68162,37.84207],[127.67579,37.84141],[127.67567,37.83101],[127.66991,37.82454],[127.66722,37.81974],[127.66768,37.81417],[127.65643,37.811],[127.64619,37.8129],[127.64827,37.80857],[127.67232,37.79477],[127.67775,37.78275],[127.68236,37.77852],[127.69129,37.77601],[127.69601,37.76962],[127.70383,37.76598],[127.71142,37.76745],[127.71696,37.76294],[127.72676,37.76647],[127.72591,37.77417],[127.72051,37.78382],[127.72305,37.7893],[127.738,37.79483],[127.74175,37.79839],[127.74916,37.80156],[127.74937,37.80513],[127.74553,37.8122],[127.74648,37.81554],[127.7456,37.83504],[127.74943,37.84198],[127.74761,37.84203]]]},"properties":{"key":"강원특별자치도|춘천시|신동면","code":"5111033000"}},{"type":"Feature","geometry":{"type":"Polygon","coordinates":[[[127.82257,37.84577],[127.82237,37.84979],[127.81062,37.85747],[127.80807,37.86101],[127.80751,37.86829],[127.7879,37.86517],[127.78088,37.87036],[127.76953,37.86902],[127.76508,37.86466],[127.7565,37.8622],[127.74945,37.85534],[127.75718,37.8452],[127.74943,37.84198],[127.7456,37.83504],[127.74648,37.81554],[127.74553,37.8122],[127.7511,37.8123],[127.75973,37.80546],[127.76525,37.8077],[127.76661,37.81347],[127.77365,37.81448],[127.77905,37.8174],[127.78775,37.81445],[127.79546,37.81553],[127.79541,37.81183],[127.80449,37.80559],[127.81293,37.8082],[127.81571,37.81094],[127.8253,37.81046],[127.82509,37.81535],[127.82769,37.81914],[127.82531,37.82356],[127.81769,37.82782],[127.81388,37.83374],[127.81527,37.84048],[127.82257,37.84577]]]},"properties":{"key":"강원특별자치도|춘천시|동내면","code":"5111039000"}},{"type":"Feature","geometry":{"type":"Polygon","coordinates":[[[127.64163,37.69195],[127.64569,37.69746],[127.64356,37.69942],[127.64947,37.71167],[127.64273,37.71465],[127.64267,37.72421],[127.65052,37.72644],[127.66111,37.73413],[127.66068,37.74149],[127.66327,37.74377],[127.66254,37.75279],[127.67148,37.75972],[127.6632,37.76355],[127.64738,37.75893],[127.63914,37.75504],[127.63326,37.75677],[127.62982,37.76117],[127.62334,37.76492],[127.6103,37.76728],[127.61202,37.77825],[127.61103,37.78079],[127.60377,37.78216],[127.59366,37.78737],[127.58421,37.77978],[127.57179,37.78308],[127.56441,37.77951],[127.5643,37.77204],[127.56238,37.76582],[127.55306,37.76323],[127.55242,37.75914],[127.55443,37.74972],[127.54916,37.7438],[127.53689,37.73937],[127.53773,37.75142],[127.51312,37.73759],[127.50765,37.7307],[127.50731,37.71967],[127.51093,37.71769],[127.52538,37.7269],[127.5408,37.71909],[127.54819,37.72342],[127.55209,37.72826],[127.55986,37.72851],[127.56521,37.72864],[127.56721,37.73265],[127.57208,37.73317],[127.58915,37.72552],[127.59436,37.72028],[127.59592,37.71389],[127.59388,37.70494],[127.60815,37.70329],[127.61022,37.69878],[127.60722,37.67927],[127.60836,37.67603],[127.61716,37.67698],[127.62276,37.68103],[127.62318,37.69125],[127.63195,37.69793],[127.6391,37.69835],[127.64163,37.69195]]]},"properties":{"key":"강원특별자치도|춘천시|남면","code":"5111034000"}},{"type":"Feature","geometry":{"type":"Polygon","coordinates":[[[127.66991,37.82454],[127.65446,37.82298],[127.64074,37.81818],[127.63348,37.8169],[127.62373,37.82178],[127.61345,37.82896],[127.58626,37.83301],[127.57604,37.83587],[127.55506,37.84548],[127.54932,37.84685],[127.54083,37.84617],[127.52927,37.83891],[127.52471,37.82891],[127.52505,37.82399],[127.53548,37.81752],[127.5359,37.80923],[127.52926,37.80407],[127.52154,37.79278],[127.52389,37.7877],[127.53694,37.77528],[127.54146,37.76945],[127.54435,37.76274],[127.54398,37.75831],[127.53773,37.75142],[127.53689,37.73937],[127.54916,37.7438],[127.55443,37.74972],[127.55242,37.75914],[127.55306,37.76323],[127.56238,37.76582],[127.5643,37.77204],[127.56441,37.77951],[127.57179,37.78308],[127.58421,37.77978],[127.59366,37.78737],[127.60377,37.78216],[127.61103,37.78079],[127.61202,37.77825],[127.6103,37.76728],[127.62334,37.76492],[127.62982,37.76117],[127.63326,37.75677],[127.63914,37.75504],[127.64738,37.75893],[127.6632,37.76355],[127.67148,37.75972],[127.66254,37.75279],[127.66327,37.74377],[127.66068,37.74149],[127.66111,37.73413],[127.65052,37.72644],[127.64267,37.72421],[127.64273,37.71465],[127.64947,37.71167],[127.64356,37.69942],[127.64569,37.69746],[127.64163,37.69195],[127.64128,37.68398],[127.64278,37.67974],[127.64966,37.68074],[127.65186,37.68833],[127.65096,37.69721],[127.65917,37.69997],[127.67821,37.69515],[127.6843,37.70193],[127.68392,37.70737],[127.68032,37.70808],[127.67738,37.71779],[127.68424,37.71997],[127.68855,37.71608],[127.69856,37.71673],[127.70733,37.72116],[127.7103,37.72673],[127.71495,37.72824],[127.72089,37.73302],[127.72566,37.73202],[127.73067,37.73523],[127.72002,37.74082],[127.71291,37.74287],[127.71583,37.75083],[127.71332,37.75605],[127.71696,37.76294],[127.71142,37.76745],[127.70383,37.76598],[127.69601,37.76962],[127.69129,37.77601],[127.68236,37.77852],[127.67775,37.78275],[127.67232,37.79477],[127.64827,37.80857],[127.64619,37.8129],[127.65643,37.811],[127.66768,37.81417],[127.66722,37.81974],[127.66991,37.82454]]]},"properties":{"key":"강원특별자치도|춘천시|남산면","code":"5111040000"}},{"type":"Feature","geometry":{"type":"Polygon","coordinates":[[[127.67045,37.9697],[127.67724,37.97264],[127.67739,37.97571],[127.66778,37.98046],[127.65941,37.98126],[127.65074,37.98415],[127.64657,37.98752],[127.64218,37.98645],[127.62965,37.99184],[127.6276,37.98742],[127.6342,37.98335],[127.64342,37.9807],[127.63619,37.97426],[127.62229,37.97132],[127.6168,37.97126],[127.60451,37.96404],[127.60299,37.9551],[127.60267,37.94771],[127.61376,37.93939],[127.6166,37.92945],[127.61259,37.92527],[127.61349,37.9197],[127.61721,37.9124],[127.61773,37.90661],[127.6076,37.88986],[127.60882,37.88417],[127.60586,37.87669],[127.6011,37.87462],[127.59455,37.87589],[127.58436,37.87573],[127.57471,37.87159],[127.56914,37.86632],[127.5657,37.85845],[127.56242,37.85548],[127.55088,37.85205],[127.54932,37.84685],[127.55506,37.84548],[127.57604,37.83587],[127.58626,37.83301],[127.61345,37.82896],[127.62373,37.82178],[127.63348,37.8169],[127.64074,37.81818],[127.65446,37.82298],[127.66991,37.82454],[127.67567,37.83101],[127.67579,37.84141],[127.67611,37.86152],[127.67941,37.87285],[127.68181,37.87778],[127.6974,37.89331],[127.6999,37.89804],[127.7082,37.90322],[127.71362,37.91042],[127.71605,37.91942],[127.71862,37.92135],[127.71981,37.92878],[127.71377,37.93689],[127.70625,37.94206],[127.69673,37.95172],[127.69125,37.95502],[127.67658,37.95992],[127.66867,37.96518],[127.67045,37.9697]]]},"properties":{"key":"강원특별자치도|춘천시|서면","code":"5111035000"}},{"type":"Feature","geometry":{"type":"Polygon","coordinates":[[[127.74758,38.03713],[127.73818,38.03862],[127.73375,38.0363],[127.72432,38.02489],[127.7132,38.02429],[127.70863,38.0335],[127.70007,38.03816],[127.68724,38.0342],[127.67716,38.03625],[127.66817,38.03341],[127.66512,38.03043],[127.65244,38.02432],[127.65026,38.03793],[127.65326,38.05091],[127.65039,38.05555],[127.6454,38.05669],[127.64055,38.05205],[127.63257,38.05029],[127.62622,38.05072],[127.61837,38.05641],[127.61469,38.06116],[127.6051,38.06065],[127.60752,38.07158],[127.59812,38.07774],[127.59769,38.08041],[127.58429,38.0818],[127.57471,38.0852],[127.56598,38.08353],[127.56408,38.07551],[127.5654,38.06832],[127.57411,38.06423],[127.57712,38.0604],[127.57707,38.05372],[127.57394,38.04747],[127.57862,38.03982],[127.56535,38.02974],[127.5635,38.02198],[127.54438,38.01955],[127.53974,38.00118],[127.54267,37.9956],[127.54345,37.98881],[127.5471,37.97976],[127.54461,37.97423],[127.54433,37.96812],[127.56229,37.96266],[127.57322,37.96405],[127.58785,37.96126],[127.59361,37.95715],[127.60299,37.9551],[127.60451,37.96404],[127.6168,37.97126],[127.62229,37.97132],[127.63619,37.97426],[127.64342,37.9807],[127.6342,37.98335],[127.6276,37.98742],[127.62965,37.99184],[127.64218,37.98645],[127.64657,37.98752],[127.65074,37.98415],[127.65941,37.98126],[127.66778,37.98046],[127.67739,37.97571],[127.67724,37.97264],[127.67045,37.9697],[127.6815,37.97337],[127.69012,37.97191],[127.70455,37.97253],[127.70743,37.97554],[127.71331,37.97674],[127.72512,37.97589],[127.7333,37.98033],[127.74509,37.97886],[127.75227,37.97627],[127.75997,37.97949],[127.76016,37.98942],[127.76223,37.99796],[127.76558,37.9996],[127.76623,38.00463],[127.7755,38.01425],[127.77415,38.02118],[127.76975,38.02721],[127.76062,38.02972],[127.75686,38.03423],[127.74758,38.03713]]]},"properties":{"key":"강원특별자치도|춘천시|사북면","code":"5111036000"}},{"type":"Feature","geometry":{"type":"Polygon","coordinates":[[[127.90361,38.0509],[127.88785,38.05011],[127.88024,38.04718],[127.87273,38.04919],[127.853,38.05126],[127.84916,38.03612],[127.85499,38.02796],[127.85761,38.01831],[127.8373,38.01284],[127.83087,38.00692],[127.82707,38.00071],[127.82035,38.00401],[127.81294,38.00358],[127.80863,38.00015],[127.80458,38.00105],[127.79816,37.9973],[127.79363,37.99233],[127.79338,37.97572],[127.79611,37.97001],[127.79667,37.95872],[127.80303,37.95695],[127.81302,37.94972],[127.82013,37.94909],[127.82962,37.93782],[127.8403,37.93617],[127.84882,37.94004],[127.86393,37.93846],[127.87922,37.92771],[127.88038,37.92297],[127.88484,37.92159],[127.89989,37.91208],[127.90034,37.90556],[127.90659,37.89231],[127.92283,37.88809],[127.92715,37.88496],[127.93113,37.87812],[127.93477,37.87889],[127.94559,37.87663],[127.94915,37.87146],[127.95556,37.87102],[127.95888,37.87423],[127.96629,37.87747],[127.97317,37.88293],[127.97318,37.88729],[127.97001,37.89327],[127.97255,37.90194],[127.98391,37.91392],[127.98321,37.92326],[127.99162,37.92962],[127.99389,37.93654],[127.99344,37.94267],[127.98734,37.95126],[127.98001,37.95358],[127.97986,37.95881],[127.98485,37.96665],[127.98217,37.97207],[127.98524,37.97578],[127.98207,37.98356],[127.98316,37.99056],[127.99779,37.98986],[128.00347,37.99549],[128.01221,37.99582],[128.01886,38.00067],[128.01986,38.00722],[128.02474,38.00908],[128.02917,38.01458],[128.02393,38.01891],[128.01347,38.01906],[128.00789,38.01563],[128.00228,38.00695],[127.99602,38.00131],[127.99207,38.00211],[127.98721,38.00676],[127.98394,38.0134],[127.98804,38.02382],[127.9816,38.02879],[127.96622,38.0325],[127.95471,38.03972],[127.95134,38.0386],[127.94642,38.02998],[127.94778,38.02233],[127.944,38.01708],[127.93629,38.01433],[127.93028,38.01844],[127.91703,38.02177],[127.90774,38.02542],[127.90428,38.0298],[127.90232,38.03819],[127.90468,38.049],[127.90361,38.0509]]]},"properties":{"key":"강원특별자치도|춘천시|북산면","code":"5111038000"}},{"type":"Feature","geometry":{"type":"Polygon","coordinates":[[[127.74073,37.88054],[127.74006,37.88521],[127.73654,37.88738],[127.73201,37.88178],[127.73561,37.87756],[127.74073,37.88054]]]},"properties":{"key":"강원특별자치도|춘천시|교동","code":"5111052000"}},{"type":"Feature","geometry":{"type":"Polygon","coordinates":[[[127.73561,37.87756],[127.73201,37.88178],[127.72765,37.88051],[127.72992,37.87519],[127.73339,37.87515],[127.73479,37.87653],[127.73561,37.87756]]]},"properties":{"key":"강원특별자치도|춘천시|조운동","code":"5111053000"}},{"type":"Feature","geometry":{"type":"Polygon","coordinates":[[[127.72765,37.88051],[127.71809,37.87526],[127.72065,37.87218],[127.72294,37.87095],[127.72992,37.87519],[127.72765,37.88051]]]},"properties":{"key":"강원특별자치도|춘천시|약사명동","code":"5111054500"}},{"type":"Feature","geometry":{"type":"Polygon","coordinates":[[[127.73608,37.89447],[127.72563,37.89519],[127.7208,37.90472],[127.71362,37.91042],[127.7082,37.90322],[127.6999,37.89804],[127.6974,37.89331],[127.68181,37.87778],[127.67941,37.87285],[127.69223,37.87529],[127.70191,37.88084],[127.70383,37.87771],[127.71313,37.87163],[127.72065,37.8707],[127.72065,37.87218],[127.71809,37.87526],[127.72428,37.89004],[127.73437,37.88906],[127.73608,37.89447]]]},"properties":{"key":"강원특별자치도|춘천시|근화동","code":"5111057000"}},{"type":"Feature","geometry":{"type":"Polygon","coordinates":[[[127.73437,37.88906],[127.72428,37.89004],[127.71809,37.87526],[127.72765,37.88051],[127.73201,37.88178],[127.73654,37.88738],[127.73437,37.88906]]]},"properties":{"key":"강원특별자치도|춘천시|소양동","code":"5111058000"}},{"type":"Feature","geometry":{"type":"Polygon","coordinates":[[[127.75266,37.88364],[127.75538,37.88607],[127.75488,37.89114],[127.74472,37.89474],[127.73608,37.89447],[127.73437,37.88906],[127.73654,37.88738],[127.74006,37.88521],[127.74073,37.88054],[127.74192,37.87939],[127.74779,37.88204],[127.75266,37.88364]]]},"properties":{"key":"강원특별자치도|춘천시|후평1동","code":"5111060000"}},{"type":"Feature","geometry":{"type":"Polygon","coordinates":[[[127.75265,37.87034],[127.75257,37.87623],[127.74779,37.88204],[127.74192,37.87939],[127.75169,37.87044],[127.75265,37.87034]]]},"properties":{"key":"강원특별자치도|춘천시|후평2동","code":"5111061000"}},{"type":"Feature","geometry":{"type":"Polygon","coordinates":[[[127.76418,37.87134],[127.76286,37.87488],[127.75266,37.88364],[127.74779,37.88204],[127.75257,37.87623],[127.75265,37.87034],[127.7527,37.86995],[127.76418,37.87134]]]},"properties":{"key":"강원특별자치도|춘천시|후평3동","code":"5111061100"}},{"type":"Feature","geometry":{"type":"Polygon","coordinates":[[[127.73339,37.87515],[127.72992,37.87519],[127.72294,37.87095],[127.72065,37.87218],[127.72065,37.8707],[127.72371,37.86907],[127.7263,37.86816],[127.73012,37.86912],[127.73339,37.87515]]]},"properties":{"key":"강원특별자치도|춘천시|효자1동","code":"5111062000"}},{"type":"Feature","geometry":{"type":"Polygon","coordinates":[[[127.75169,37.87044],[127.73479,37.87653],[127.73339,37.87515],[127.73012,37.86912],[127.7263,37.86816],[127.73564,37.86257],[127.74153,37.86355],[127.7527,37.86995],[127.75265,37.87034],[127.75169,37.87044]]]},"properties":{"key":"강원특별자치도|춘천시|효자2동","code":"5111063000"}},{"type":"Feature","geometry":{"type":"Polygon","coordinates":[[[127.74192,37.87939],[127.74073,37.88054],[127.73561,37.87756],[127.73479,37.87653],[127.75169,37.87044],[127.74192,37.87939]]]},"properties":{"key":"강원특별자치도|춘천시|효자3동","code":"5111064000"}},{"type":"Feature","geometry":{"type":"Polygon","coordinates":[[[127.76418,37.87134],[127.7527,37.86995],[127.74153,37.86355],[127.73564,37.86257],[127.73859,37.85864],[127.73859,37.852],[127.74835,37.84995],[127.74761,37.84203],[127.74943,37.84198],[127.75718,37.8452],[127.74945,37.85534],[127.7565,37.8622],[127.76508,37.86466],[127.76953,37.86902],[127.76418,37.87134]]]},"properties":{"key":"강원특별자치도|춘천시|석사동","code":"5111065000"}},{"type":"Feature","geometry":{"type":"Polygon","coordinates":[[[127.7263,37.86816],[127.72371,37.86907],[127.72095,37.86523],[127.72276,37.85983],[127.71685,37.8529],[127.71687,37.84858],[127.72465,37.8489],[127.7317,37.84597],[127.73933,37.84084],[127.74761,37.84203],[127.74835,37.84995],[127.73859,37.852],[127.73859,37.85864],[127.73564,37.86257],[127.7263,37.86816]]]},"properties":{"key":"강원특별자치도|춘천시|퇴계동","code":"5111066000"}},{"type":"Feature","geometry":{"type":"Polygon","coordinates":[[[127.72065,37.8707],[127.71313,37.87163],[127.70383,37.87771],[127.70191,37.88084],[127.69223,37.87529],[127.67941,37.87285],[127.67611,37.86152],[127.67579,37.84141],[127.68162,37.84207],[127.69262,37.83957],[127.6984,37.84036],[127.71102,37.83532],[127.7163,37.8367],[127.71687,37.84858],[127.71685,37.8529],[127.72276,37.85983],[127.72095,37.86523],[127.72371,37.86907],[127.72065,37.8707]]]},"properties":{"key":"강원특별자치도|춘천시|강남동","code":"5111067500"}},{"type":"Feature","geometry":{"type":"Polygon","coordinates":[[[127.74382,37.91691],[127.73946,37.9299],[127.73278,37.93513],[127.73961,37.93756],[127.73849,37.94311],[127.73129,37.9412],[127.72303,37.94573],[127.72084,37.94211],[127.71377,37.93689],[127.71981,37.92878],[127.71862,37.92135],[127.71605,37.91942],[127.71362,37.91042],[127.7208,37.90472],[127.72563,37.89519],[127.73608,37.89447],[127.74472,37.89474],[127.74951,37.89975],[127.74784,37.90873],[127.74382,37.91691]]]},"properties":{"key":"강원특별자치도|춘천시|신사우동","code":"5111070500"}},{"type":"Feature","geometry":{"type":"Polygon","coordinates":[[[127.86386,37.3321],[127.86075,37.33691],[127.86382,37.34249],[127.85629,37.34274],[127.84541,37.33831],[127.84326,37.34353],[127.83747,37.34684],[127.81252,37.33192],[127.80782,37.33237],[127.80372,37.33654],[127.80321,37.34192],[127.79896,37.34282],[127.79147,37.34751],[127.78604,37.34872],[127.77715,37.34655],[127.77341,37.35853],[127.76909,37.36282],[127.76117,37.36379],[127.75779,37.34621],[127.76069,37.34072],[127.76036,37.32912],[127.76219,37.32078],[127.76857,37.30783],[127.76768,37.30289],[127.76192,37.30211],[127.75477,37.29769],[127.75613,37.29346],[127.7538,37.28901],[127.75578,37.28284],[127.7547,37.27852],[127.75732,37.26482],[127.77112,37.26666],[127.78025,37.27008],[127.78522,37.27348],[127.79742,37.25161],[127.80323,37.25462],[127.80698,37.25257],[127.8122,37.24309],[127.81942,37.24284],[127.82257,37.2266],[127.83424,37.22307],[127.83445,37.20924],[127.83817,37.20699],[127.8415,37.21097],[127.84919,37.21619],[127.84739,37.22475],[127.84891,37.23033],[127.85557,37.23399],[127.86186,37.23382],[127.86846,37.24516],[127.88074,37.24339],[127.88513,37.24456],[127.88478,37.25143],[127.8807,37.25362],[127.87173,37.25527],[127.86399,37.26196],[127.86304,37.26857],[127.8642,37.27509],[127.85995,37.27868],[127.8613,37.28595],[127.86409,37.29071],[127.86129,37.29689],[127.86531,37.30382],[127.86401,37.31328],[127.86589,37.31723],[127.86094,37.32374],[127.8639,37.32652],[127.86386,37.3321]]]},"properties":{"key":"강원특별자치도|원주시|문막읍","code":"5113025000"}},{"type":"Feature","geometry":{"type":"Polygon","coordinates":[[[128.03734,37.44791],[128.02879,37.4505],[128.01531,37.44667],[128.00698,37.44876],[128.00555,37.45458],[128.00172,37.45714],[127.99258,37.45632],[127.98787,37.45893],[127.98352,37.45712],[127.97671,37.45865],[127.96431,37.45034],[127.95917,37.44131],[127.9538,37.43444],[127.95383,37.42749],[127.94681,37.42027],[127.94211,37.40952],[127.94954,37.40759],[127.96044,37.40195],[127.9606,37.39339],[127.9637,37.39195],[127.9655,37.38328],[127.9711,37.37781],[127.9768,37.37357],[127.98006,37.37373],[127.98823,37.36534],[127.99625,37.36594],[127.99984,37.359],[128.01799,37.3599],[128.02416,37.35613],[128.02699,37.34958],[128.0356,37.34616],[128.04232,37.34693],[128.04093,37.35391],[128.04714,37.36342],[128.05102,37.36635],[128.06951,37.36672],[128.07322,37.36848],[128.0766,37.37612],[128.07529,37.38436],[128.07199,37.38942],[128.07207,37.39352],[128.07732,37.39907],[128.08449,37.40336],[128.09679,37.40621],[128.09438,37.41212],[128.08686,37.41713],[128.08048,37.42838],[128.06968,37.43626],[128.06381,37.43765],[128.06405,37.44274],[128.06073,37.44715],[128.05462,37.44538],[128.04185,37.44553],[128.03734,37.44791]]]},"properties":{"key":"강원특별자치도|원주시|소초면","code":"5113031000"}},{"type":"Feature","geometry":{"type":"MultiPolygon","coordinates":[[[[127.92169,37.36294],[127.92433,37.36904],[127.92274,37.37496],[127.91379,37.38241],[127.9068,37.38074],[127.90327,37.37494],[127.90174,37.36489],[127.90269,37.36193],[127.89695,37.35857],[127.88407,37.36432],[127.88545,37.35232],[127.89557,37.34739],[127.8952,37.33792],[127.90906,37.33633],[127.91024,37.33853],[127.90905,37.34034],[127.91632,37.34645],[127.91535,37.35044],[127.91786,37.3597],[127.92169,37.36294]]],[[[127.96431,37.45034],[127.95608,37.45566],[127.95119,37.45478],[127.94483,37.46322],[127.93763,37.47744],[127.93894,37.48049],[127.93292,37.49035],[127.93836,37.49624],[127.93914,37.50026],[127.9285,37.50682],[127.91811,37.4972],[127.91913,37.49292],[127.90979,37.4866],[127.90825,37.4787],[127.90237,37.47202],[127.89338,37.4698],[127.88847,37.4667],[127.88376,37.46775],[127.87535,37.46602],[127.874,37.456],[127.86848,37.45081],[127.86598,37.44031],[127.86336,37.43581],[127.86518,37.43093],[127.86413,37.4244],[127.87095,37.41628],[127.86952,37.40773],[127.87483,37.40782],[127.88331,37.40261],[127.87292,37.3891],[127.87609,37.38647],[127.88429,37.39406],[127.89091,37.39371],[127.89686,37.38848],[127.90172,37.38811],[127.9056,37.39253],[127.91124,37.39133],[127.92385,37.38991],[127.93368,37.39878],[127.9373,37.39956],[127.93814,37.40469],[127.93532,37.4088],[127.94211,37.40952],[127.94681,37.42027],[127.95383,37.42749],[127.9538,37.43444],[127.95917,37.44131],[127.96431,37.45034]]]]},"properties":{"key":"강원특별자치도|원주시|호저면","code":"5113032000"}},{"type":"Feature","geometry":{"type":"Polygon","coordinates":[[[127.86952,37.40773],[127.86652,37.39945],[127.85827,37.39974],[127.85134,37.3946],[127.84846,37.40012],[127.85126,37.40768],[127.84904,37.41075],[127.84158,37.43081],[127.83666,37.43239],[127.82122,37.44431],[127.81447,37.44263],[127.81104,37.43912],[127.8018,37.43533],[127.80396,37.42912],[127.79461,37.42425],[127.78744,37.4006],[127.78369,37.39861],[127.78314,37.39027],[127.77659,37.38324],[127.77585,37.37842],[127.7778,37.3712],[127.76865,37.36939],[127.76316,37.3699],[127.75948,37.36704],[127.76117,37.36379],[127.76909,37.36282],[127.77341,37.35853],[127.77715,37.34655],[127.78604,37.34872],[127.79147,37.34751],[127.79896,37.34282],[127.80321,37.34192],[127.80372,37.33654],[127.80782,37.33237],[127.81252,37.33192],[127.83747,37.34684],[127.84326,37.34353],[127.84541,37.33831],[127.85629,37.34274],[127.86382,37.34249],[127.86075,37.33691],[127.86386,37.3321],[127.86632,37.33647],[127.87541,37.3368],[127.87674,37.34643],[127.88409,37.34606],[127.89557,37.34739],[127.88545,37.35232],[127.88407,37.36432],[127.89695,37.35857],[127.90269,37.36193],[127.90174,37.36489],[127.90327,37.37494],[127.9068,37.38074],[127.91379,37.38241],[127.91124,37.39133],[127.9056,37.39253],[127.90172,37.38811],[127.89686,37.38848],[127.89091,37.39371],[127.88429,37.39406],[127.87609,37.38647],[127.87292,37.3891],[127.88331,37.40261],[127.87483,37.40782],[127.86952,37.40773]]]},"properties":{"key":"강원특별자치도|원주시|지정면","code":"5113033000"}},{"type":"Feature","geometry":{"type":"Polygon","coordinates":[[[127.83817,37.20699],[127.83445,37.20924],[127.83424,37.22307],[127.82257,37.2266],[127.81942,37.24284],[127.8122,37.24309],[127.80698,37.25257],[127.80323,37.25462],[127.79742,37.25161],[127.78522,37.27348],[127.78025,37.27008],[127.77112,37.26666],[127.75732,37.26482],[127.75831,37.25803],[127.75367,37.25124],[127.74886,37.24748],[127.7464,37.22963],[127.75,37.22678],[127.75078,37.22175],[127.74792,37.21668],[127.74387,37.21037],[127.74682,37.20288],[127.75394,37.17616],[127.76254,37.16261],[127.77081,37.15553],[127.78402,37.15007],[127.78951,37.1444],[127.79528,37.14618],[127.80212,37.14462],[127.80677,37.14724],[127.81475,37.14655],[127.82507,37.15221],[127.82408,37.15451],[127.82647,37.16589],[127.82452,37.16943],[127.82957,37.17397],[127.82928,37.18684],[127.82681,37.19191],[127.83903,37.19908],[127.83817,37.20699]]]},"properties":{"key":"강원특별자치도|원주시|부론면","code":"5113035000"}},{"type":"Feature","geometry":{"type":"Polygon","coordinates":[[[127.88513,37.24456],[127.88074,37.24339],[127.86846,37.24516],[127.86186,37.23382],[127.85557,37.23399],[127.84891,37.23033],[127.84739,37.22475],[127.84919,37.21619],[127.8415,37.21097],[127.83817,37.20699],[127.83903,37.19908],[127.82681,37.19191],[127.82928,37.18684],[127.82957,37.17397],[127.82452,37.16943],[127.82647,37.16589],[127.82408,37.15451],[127.82507,37.15221],[127.83706,37.15176],[127.84887,37.15319],[127.85162,37.1595],[127.8608,37.15537],[127.8624,37.16186],[127.87253,37.16434],[127.88668,37.16092],[127.89398,37.15702],[127.89938,37.15005],[127.90197,37.15205],[127.90855,37.16726],[127.91521,37.16918],[127.92278,37.16445],[127.92622,37.16518],[127.92705,37.16929],[127.93351,37.17589],[127.93284,37.18264],[127.93655,37.18881],[127.9335,37.19294],[127.93238,37.2075],[127.92666,37.21945],[127.92129,37.22575],[127.91757,37.22748],[127.91597,37.23438],[127.90744,37.2356],[127.89833,37.24015],[127.89177,37.23907],[127.88513,37.24456]]]},"properties":{"key":"강원특별자치도|원주시|귀래면","code":"5113036000"}},{"type":"Feature","geometry":{"type":"Polygon","coordinates":[[[127.91024,37.33853],[127.90906,37.33633],[127.8952,37.33792],[127.89557,37.34739],[127.88409,37.34606],[127.87674,37.34643],[127.87541,37.3368],[127.86632,37.33647],[127.86386,37.3321],[127.8639,37.32652],[127.86094,37.32374],[127.86589,37.31723],[127.86401,37.31328],[127.86531,37.30382],[127.86129,37.29689],[127.86409,37.29071],[127.8613,37.28595],[127.85995,37.27868],[127.8642,37.27509],[127.86304,37.26857],[127.86399,37.26196],[127.87173,37.25527],[127.8807,37.25362],[127.88478,37.25143],[127.88513,37.24456],[127.89177,37.23907],[127.89833,37.24015],[127.90744,37.2356],[127.91597,37.23438],[127.91757,37.22748],[127.92129,37.22575],[127.93886,37.24071],[127.93887,37.24486],[127.93355,37.25003],[127.93034,37.25941],[127.93295,37.27438],[127.93645,37.27659],[127.93411,37.28387],[127.92725,37.29465],[127.92813,37.2995],[127.92544,37.30777],[127.91683,37.31185],[127.90861,37.31154],[127.9059,37.31983],[127.90882,37.32364],[127.90647,37.32938],[127.91024,37.33853]]]},"properties":{"key":"강원특별자치도|원주시|흥업면","code":"5113037000"}},{"type":"Feature","geometry":{"type":"Polygon","coordinates":[[[128.05184,37.31529],[128.04479,37.32117],[128.03848,37.33277],[128.02418,37.32567],[128.02172,37.32171],[128.02137,37.31486],[128.01463,37.30776],[128.01463,37.30288],[128.00346,37.29768],[127.99665,37.29815],[127.99087,37.29549],[127.98422,37.29729],[127.98001,37.29097],[127.97278,37.29773],[127.96991,37.3026],[127.96041,37.29752],[127.9572,37.30808],[127.9595,37.3127],[127.9519,37.31282],[127.94785,37.31749],[127.93994,37.32267],[127.93692,37.32502],[127.92681,37.31401],[127.92544,37.30777],[127.92813,37.2995],[127.92725,37.29465],[127.93411,37.28387],[127.93645,37.27659],[127.93295,37.27438],[127.93034,37.25941],[127.93355,37.25003],[127.93887,37.24486],[127.93886,37.24071],[127.94554,37.24046],[127.94792,37.24679],[127.96282,37.24995],[127.97265,37.25683],[127.98505,37.25816],[127.99436,37.25375],[127.99836,37.25474],[128.00753,37.2517],[128.01227,37.24756],[128.01904,37.2444],[128.02417,37.24473],[128.03927,37.25167],[128.04332,37.2609],[128.05327,37.27444],[128.05327,37.27778],[128.04759,37.28607],[128.04951,37.29273],[128.05188,37.30776],[128.05184,37.31529]]]},"properties":{"key":"강원특별자치도|원주시|판부면","code":"5113038000"}},{"type":"Feature","geometry":{"type":"Polygon","coordinates":[[[128.11414,37.30203],[128.11,37.30375],[128.10001,37.30308],[128.07922,37.30686],[128.07546,37.31028],[128.06139,37.31161],[128.0571,37.3109],[128.05184,37.31529],[128.05188,37.30776],[128.04951,37.29273],[128.04759,37.28607],[128.05327,37.27778],[128.05327,37.27444],[128.04332,37.2609],[128.03927,37.25167],[128.02417,37.24473],[128.01904,37.2444],[128.01989,37.23462],[128.02418,37.22878],[128.03182,37.22402],[128.03188,37.2206],[128.03924,37.21539],[128.03335,37.20999],[128.02995,37.20357],[128.0315,37.19394],[128.04048,37.18898],[128.04699,37.18896],[128.05973,37.19362],[128.07057,37.19459],[128.07881,37.19401],[128.08831,37.20013],[128.09491,37.19982],[128.10507,37.20379],[128.11168,37.20801],[128.11948,37.21761],[128.12523,37.22265],[128.12156,37.2275],[128.12647,37.23465],[128.13362,37.22966],[128.14109,37.22939],[128.14265,37.22416],[128.15003,37.22052],[128.15338,37.21621],[128.16417,37.21328],[128.16672,37.21492],[128.17315,37.21914],[128.17265,37.22475],[128.17594,37.22828],[128.17418,37.23253],[128.18291,37.23758],[128.1945,37.24577],[128.20123,37.24882],[128.20644,37.2515],[128.21152,37.26116],[128.2107,37.27029],[128.21205,37.27448],[128.21755,37.27764],[128.21721,37.28362],[128.21472,37.28721],[128.2042,37.29009],[128.1978,37.2962],[128.18598,37.29225],[128.17905,37.29157],[128.17946,37.28777],[128.18421,37.28481],[128.17001,37.27781],[128.14781,37.27458],[128.13842,37.27758],[128.13125,37.27832],[128.12816,37.27587],[128.12169,37.27596],[128.12005,37.28136],[128.11637,37.28252],[128.11306,37.29421],[128.11414,37.30203]]]},"properties":{"key":"강원특별자치도|원주시|신림면","code":"5113039000"}},{"type":"Feature","geometry":{"type":"Polygon","coordinates":[[[127.95017,37.36385],[127.94826,37.37065],[127.94906,37.37598],[127.94542,37.37779],[127.9413,37.37061],[127.94003,37.3607],[127.94645,37.35273],[127.95142,37.34784],[127.95544,37.34761],[127.95389,37.35318],[127.95017,37.36385]]]},"properties":{"key":"강원특별자치도|원주시|중앙동","code":"5113051500"}},{"type":"Feature","geometry":{"type":"Polygon","coordinates":[[[127.95544,37.34761],[127.95142,37.34784],[127.94121,37.34216],[127.9474,37.34094],[127.95482,37.34426],[127.95604,37.34592],[127.95544,37.34761]]]},"properties":{"key":"강원특별자치도|원주시|원인동","code":"5113052000"}},{"type":"Feature","geometry":{"type":"Polygon","coordinates":[[[127.96544,37.34021],[127.95604,37.34592],[127.95482,37.34426],[127.95508,37.3427],[127.94723,37.33244],[127.95087,37.33],[127.95619,37.33748],[127.96473,37.3376],[127.96544,37.34021]]]},"properties":{"key":"강원특별자치도|원주시|개운동","code":"5113053000"}},{"type":"Feature","geometry":{"type":"Polygon","coordinates":[[[127.95482,37.34426],[127.9474,37.34094],[127.94121,37.34216],[127.938,37.33995],[127.93951,37.33862],[127.94723,37.33244],[127.95508,37.3427],[127.95482,37.34426]]]},"properties":{"key":"강원특별자치도|원주시|명륜1동","code":"5113054100"}},{"type":"Feature","geometry":{"type":"Polygon","coordinates":[[[127.94723,37.33244],[127.93951,37.33862],[127.93752,37.33389],[127.93692,37.32502],[127.93994,37.32267],[127.94723,37.33244]]]},"properties":{"key":"강원특별자치도|원주시|명륜2동","code":"5113054200"}},{"type":"Feature","geometry":{"type":"Polygon","coordinates":[[[127.96473,37.3376],[127.95619,37.33748],[127.95087,37.33],[127.94723,37.33244],[127.93994,37.32267],[127.94785,37.31749],[127.9519,37.31282],[127.9595,37.3127],[127.95855,37.31926],[127.96375,37.32715],[127.96149,37.33389],[127.96473,37.3376]]]},"properties":{"key":"강원특별자치도|원주시|단구동","code":"5113055000"}},{"type":"Feature","geometry":{"type":"Polygon","coordinates":[[[127.94645,37.35273],[127.9382,37.35229],[127.93731,37.34751],[127.94121,37.34216],[127.95142,37.34784],[127.94645,37.35273]]]},"properties":{"key":"강원특별자치도|원주시|일산동","code":"5113056000"}},{"type":"Feature","geometry":{"type":"Polygon","coordinates":[[[127.94645,37.35273],[127.94003,37.3607],[127.93592,37.3565],[127.9382,37.35229],[127.94645,37.35273]]]},"properties":{"key":"강원특별자치도|원주시|학성동","code":"5113057500"}},{"type":"Feature","geometry":{"type":"Polygon","coordinates":[[[127.94003,37.3607],[127.93162,37.36074],[127.92169,37.36294],[127.91786,37.3597],[127.91535,37.35044],[127.91632,37.34645],[127.92626,37.34283],[127.9335,37.34384],[127.938,37.33995],[127.94121,37.34216],[127.93731,37.34751],[127.9382,37.35229],[127.93592,37.3565],[127.94003,37.3607]]]},"properties":{"key":"강원특별자치도|원주시|단계동","code":"5113059000"}},{"type":"Feature","geometry":{"type":"Polygon","coordinates":[[[127.94542,37.37779],[127.94173,37.38089],[127.94235,37.38921],[127.93368,37.39878],[127.92385,37.38991],[127.91124,37.39133],[127.91379,37.38241],[127.92274,37.37496],[127.92433,37.36904],[127.92169,37.36294],[127.93162,37.36074],[127.94003,37.3607],[127.9413,37.37061],[127.94542,37.37779]]]},"properties":{"key":"강원특별자치도|원주시|우산동","code":"5113060000"}},{"type":"Feature","geometry":{"type":"Polygon","coordinates":[[[127.9711,37.37781],[127.96512,37.3783],[127.95978,37.3748],[127.95795,37.36696],[127.95017,37.36385],[127.95389,37.35318],[127.96221,37.35192],[127.97271,37.35708],[127.96998,37.3646],[127.9768,37.37357],[127.9711,37.37781]]]},"properties":{"key":"강원특별자치도|원주시|태장1동","code":"5113061000"}},{"type":"Feature","geometry":{"type":"Polygon","coordinates":[[[127.9711,37.37781],[127.9655,37.38328],[127.9637,37.39195],[127.9606,37.39339],[127.96044,37.40195],[127.94954,37.40759],[127.94211,37.40952],[127.93532,37.4088],[127.93814,37.40469],[127.9373,37.39956],[127.93368,37.39878],[127.94235,37.38921],[127.94173,37.38089],[127.94542,37.37779],[127.94906,37.37598],[127.94826,37.37065],[127.95017,37.36385],[127.95795,37.36696],[127.95978,37.3748],[127.96512,37.3783],[127.9711,37.37781]]]},"properties":{"key":"강원특별자치도|원주시|태장2동","code":"5113062000"}},{"type":"Feature","geometry":{"type":"Polygon","coordinates":[[[127.99984,37.359],[127.99625,37.36594],[127.98823,37.36534],[127.98006,37.37373],[127.9768,37.37357],[127.96998,37.3646],[127.97271,37.35708],[127.96221,37.35192],[127.95389,37.35318],[127.95544,37.34761],[127.95604,37.34592],[127.96544,37.34021],[127.96643,37.34017],[127.97063,37.34168],[127.97383,37.34612],[127.98579,37.34651],[127.99092,37.35267],[127.99434,37.35309],[127.99984,37.359]]]},"properties":{"key":"강원특별자치도|원주시|봉산동","code":"5113063500"}},{"type":"Feature","geometry":{"type":"Polygon","coordinates":[[[128.04232,37.34693],[128.0356,37.34616],[128.02699,37.34958],[128.02416,37.35613],[128.01799,37.3599],[127.99984,37.359],[127.99434,37.35309],[127.99092,37.35267],[127.98579,37.34651],[127.97383,37.34612],[127.97063,37.34168],[127.96643,37.34017],[127.9739,37.33797],[127.98178,37.33751],[127.99735,37.33235],[128.00388,37.32632],[128.00911,37.32867],[128.01649,37.32938],[128.02418,37.32567],[128.03848,37.33277],[128.04144,37.34005],[128.04232,37.34693]]]},"properties":{"key":"강원특별자치도|원주시|행구동","code":"5113065000"}},{"type":"Feature","geometry":{"type":"Polygon","coordinates":[[[127.938,37.33995],[127.9335,37.34384],[127.92626,37.34283],[127.91632,37.34645],[127.90905,37.34034],[127.91024,37.33853],[127.90647,37.32938],[127.90882,37.32364],[127.9059,37.31983],[127.90861,37.31154],[127.91683,37.31185],[127.92544,37.30777],[127.92681,37.31401],[127.93692,37.32502],[127.93752,37.33389],[127.93951,37.33862],[127.938,37.33995]]]},"properties":{"key":"강원특별자치도|원주시|무실동","code":"5113066000"}},{"type":"Feature","geometry":{"type":"Polygon","coordinates":[[[128.02418,37.32567],[128.01649,37.32938],[128.00911,37.32867],[128.00388,37.32632],[127.99735,37.33235],[127.98178,37.33751],[127.9739,37.33797],[127.96643,37.34017],[127.96544,37.34021],[127.96473,37.3376],[127.96149,37.33389],[127.96375,37.32715],[127.95855,37.31926],[127.9595,37.3127],[127.9572,37.30808],[127.96041,37.29752],[127.96991,37.3026],[127.97278,37.29773],[127.98001,37.29097],[127.98422,37.29729],[127.99087,37.29549],[127.99665,37.29815],[128.00346,37.29768],[128.01463,37.30288],[128.01463,37.30776],[128.02137,37.31486],[128.02172,37.32171],[128.02418,37.32567]]]},"properties":{"key":"강원특별자치도|원주시|반곡관설동","code":"5113067500"}},{"type":"Feature","geometry":{"type":"Polygon","coordinates":[[[128.83726,37.87675],[128.83053,37.88393],[128.83407,37.88663],[128.83281,37.89122],[128.8343,37.89963],[128.82992,37.90252],[128.83044,37.90649],[128.82512,37.90729],[128.81003,37.91834],[128.80274,37.91288],[128.79332,37.91208],[128.78239,37.915],[128.77594,37.91016],[128.76207,37.90958],[128.75636,37.91245],[128.74699,37.90961],[128.74452,37.90422],[128.73622,37.90334],[128.73338,37.90034],[128.71812,37.90371],[128.70966,37.89766],[128.70197,37.89833],[128.6883,37.8926],[128.68327,37.8898],[128.67654,37.88995],[128.66686,37.88578],[128.66189,37.87293],[128.66263,37.86861],[128.66876,37.86821],[128.67095,37.87088],[128.67816,37.87246],[128.69435,37.87028],[128.70908,37.87476],[128.71392,37.87101],[128.72539,37.87135],[128.73173,37.86683],[128.7394,37.86897],[128.74953,37.86932],[128.75511,37.86699],[128.76391,37.86918],[128.77082,37.86459],[128.77457,37.86434],[128.78106,37.85848],[128.78762,37.8584],[128.79146,37.86144],[128.80083,37.86454],[128.80407,37.86392],[128.81234,37.86658],[128.81564,37.86481],[128.8262,37.86443],[128.8346,37.87114],[128.83042,37.87461],[128.83726,37.87675]]]},"properties":{"key":"강원특별자치도|강릉시|주문진읍","code":"5115025000"}},{"type":"Feature","geometry":{"type":"Polygon","coordinates":[[[128.83878,37.78742],[128.82702,37.78822],[128.81983,37.78409],[128.81406,37.76671],[128.81425,37.75987],[128.8074,37.76011],[128.80273,37.76631],[128.79749,37.76409],[128.79178,37.76985],[128.78635,37.76828],[128.7681,37.76882],[128.76278,37.76537],[128.76039,37.76114],[128.76095,37.75508],[128.74952,37.74289],[128.74216,37.7416],[128.74472,37.73209],[128.7444,37.72463],[128.74705,37.7138],[128.7538,37.70774],[128.75509,37.69804],[128.75876,37.6939],[128.76116,37.68332],[128.76391,37.6801],[128.77373,37.68445],[128.78369,37.68564],[128.7902,37.68864],[128.79771,37.69696],[128.80332,37.69679],[128.8103,37.69131],[128.81461,37.69028],[128.82449,37.69683],[128.82736,37.69183],[128.83273,37.69053],[128.84705,37.68162],[128.853,37.67675],[128.85512,37.69206],[128.8534,37.69648],[128.85129,37.71058],[128.84735,37.71518],[128.84017,37.7166],[128.83781,37.72383],[128.84795,37.73196],[128.85556,37.73434],[128.85865,37.73799],[128.85976,37.74423],[128.85514,37.75022],[128.85928,37.75839],[128.85094,37.76372],[128.84729,37.77292],[128.83878,37.78742]]]},"properties":{"key":"강원특별자치도|강릉시|성산면","code":"5115031000"}},{"type":"Feature","geometry":{"type":"Polygon","coordinates":[[[128.853,37.67675],[128.84705,37.68162],[128.83273,37.69053],[128.82736,37.69183],[128.82449,37.69683],[128.81461,37.69028],[128.8103,37.69131],[128.80332,37.69679],[128.79771,37.69696],[128.7902,37.68864],[128.78369,37.68564],[128.77373,37.68445],[128.76391,37.6801],[128.7646,37.67181],[128.7538,37.66951],[128.74712,37.66612],[128.74261,37.65817],[128.73338,37.65397],[128.73344,37.6467],[128.72853,37.63616],[128.73587,37.6286],[128.73729,37.61381],[128.7366,37.61013],[128.7248,37.60979],[128.71757,37.6037],[128.71616,37.59367],[128.71196,37.58864],[128.7049,37.58976],[128.69957,37.5934],[128.69256,37.59238],[128.68362,37.5929],[128.68399,37.58976],[128.67888,37.56699],[128.66959,37.56714],[128.66829,37.56163],[128.67383,37.55883],[128.674,37.55593],[128.67619,37.55146],[128.68887,37.54706],[128.69814,37.53757],[128.70458,37.53539],[128.70754,37.53735],[128.71544,37.53802],[128.7206,37.54177],[128.7251,37.5374],[128.73019,37.5377],[128.73398,37.54079],[128.74554,37.54662],[128.75853,37.54186],[128.76756,37.54311],[128.78089,37.54337],[128.79392,37.5366],[128.79727,37.5325],[128.80215,37.53168],[128.80439,37.52516],[128.79733,37.51864],[128.80532,37.51376],[128.8143,37.50634],[128.81339,37.50317],[128.82139,37.50773],[128.82778,37.50927],[128.83339,37.51306],[128.83874,37.5117],[128.84794,37.515],[128.84927,37.52089],[128.85316,37.5237],[128.85504,37.53498],[128.86043,37.54378],[128.8612,37.55315],[128.85864,37.56041],[128.86405,37.56943],[128.86275,37.57662],[128.86931,37.57939],[128.87403,37.58961],[128.87806,37.5883],[128.88518,37.5927],[128.88501,37.59816],[128.89686,37.61348],[128.90521,37.61757],[128.88881,37.62918],[128.88799,37.63298],[128.89476,37.64211],[128.89345,37.65516],[128.88285,37.65898],[128.87957,37.66529],[128.86947,37.6729],[128.86175,37.67192],[128.853,37.67675]]]},"properties":{"key":"강원특별자치도|강릉시|왕산면","code":"5115032000"}},{"type":"Feature","geometry":{"type":"Polygon","coordinates":[[[128.88349,37.72728],[128.86905,37.73018],[128.86338,37.72939],[128.85556,37.73434],[128.84795,37.73196],[128.83781,37.72383],[128.84017,37.7166],[128.84735,37.71518],[128.85129,37.71058],[128.8534,37.69648],[128.85512,37.69206],[128.853,37.67675],[128.86175,37.67192],[128.86947,37.6729],[128.87957,37.66529],[128.88285,37.65898],[128.89345,37.65516],[128.90194,37.65973],[128.90199,37.66477],[128.90491,37.66773],[128.90441,37.6744],[128.91494,37.67981],[128.92112,37.69096],[128.94578,37.70983],[128.93685,37.71851],[128.9296,37.71582],[128.91812,37.72107],[128.91227,37.71772],[128.90768,37.71192],[128.90131,37.71186],[128.89601,37.71411],[128.89175,37.72247],[128.88682,37.72762],[128.88349,37.72728]]]},"properties":{"key":"강원특별자치도|강릉시|구정면","code":"5115033000"}},{"type":"Feature","geometry":{"type":"Polygon","coordinates":[[[129.05675,37.65955],[129.05493,37.66599],[129.05814,37.6726],[129.05553,37.67702],[129.04937,37.68064],[129.0456,37.6858],[129.04037,37.68702],[129.02722,37.69678],[129.01439,37.70758],[129.01197,37.71365],[128.99634,37.72558],[128.99143,37.73259],[128.98869,37.74294],[128.98486,37.74224],[128.96632,37.75587],[128.95787,37.75414],[128.95341,37.75085],[128.94997,37.747],[128.94976,37.73802],[128.94078,37.73859],[128.94763,37.73067],[128.94492,37.72516],[128.94157,37.72428],[128.93685,37.71851],[128.94578,37.70983],[128.92112,37.69096],[128.91494,37.67981],[128.90441,37.6744],[128.90491,37.66773],[128.90199,37.66477],[128.90194,37.65973],[128.89345,37.65516],[128.89476,37.64211],[128.88799,37.63298],[128.88881,37.62918],[128.90521,37.61757],[128.91673,37.62159],[128.92513,37.62925],[128.93223,37.63248],[128.93579,37.63901],[128.93907,37.64011],[128.94685,37.63649],[128.95827,37.64061],[128.96539,37.63911],[128.96757,37.64093],[128.97928,37.64147],[128.98151,37.63858],[128.9913,37.63715],[128.99914,37.63446],[129.00747,37.63834],[129.01355,37.64327],[129.02494,37.64325],[129.02793,37.65171],[129.02563,37.65588],[129.02729,37.66283],[129.0415,37.66189],[129.04584,37.65905],[129.05675,37.65955]]]},"properties":{"key":"강원특별자치도|강릉시|강동면","code":"5115034000"}},{"type":"Feature","geometry":{"type":"Polygon","coordinates":[[[129.05675,37.65955],[129.04584,37.65905],[129.0415,37.66189],[129.02729,37.66283],[129.02563,37.65588],[129.02793,37.65171],[129.02494,37.64325],[129.01355,37.64327],[129.00747,37.63834],[128.99914,37.63446],[128.9913,37.63715],[128.98151,37.63858],[128.97928,37.64147],[128.96757,37.64093],[128.96539,37.63911],[128.95827,37.64061],[128.94685,37.63649],[128.93907,37.64011],[128.93579,37.63901],[128.93223,37.63248],[128.92513,37.62925],[128.91673,37.62159],[128.90521,37.61757],[128.89686,37.61348],[128.88501,37.59816],[128.88518,37.5927],[128.8898,37.58867],[128.89645,37.58674],[128.89957,37.58096],[128.89873,37.57776],[128.90536,37.56727],[128.90459,37.55571],[128.90566,37.55251],[128.91383,37.55222],[128.91581,37.54816],[128.92435,37.54693],[128.9315,37.53943],[128.94055,37.53709],[128.94723,37.54177],[128.9545,37.54127],[128.95909,37.54595],[128.97314,37.53397],[128.98715,37.53404],[128.99085,37.53878],[128.9985,37.54282],[129.01327,37.54076],[129.01816,37.53832],[129.0225,37.54039],[129.0259,37.54562],[129.03691,37.54849],[129.04591,37.54593],[129.04948,37.55427],[129.04793,37.55822],[129.05056,37.567],[129.05085,37.57654],[129.05664,37.58352],[129.05965,37.59016],[129.05458,37.59489],[129.06091,37.59781],[129.06389,37.60168],[129.07304,37.60607],[129.0631,37.61495],[129.06017,37.61997],[129.0543,37.62144],[129.04703,37.63391],[129.04426,37.64319],[129.04918,37.65212],[129.0522,37.65251],[129.05675,37.65955]]]},"properties":{"key":"강원특별자치도|강릉시|옥계면","code":"5115035000"}},{"type":"Feature","geometry":{"type":"Polygon","coordinates":[[[128.89152,37.81933],[128.87928,37.82966],[128.87582,37.835],[128.87577,37.84146],[128.86264,37.85263],[128.86105,37.85285],[128.84446,37.84507],[128.83388,37.84232],[128.82048,37.84381],[128.81026,37.84174],[128.80158,37.83465],[128.79593,37.83285],[128.78984,37.82236],[128.79171,37.81707],[128.78655,37.80951],[128.7847,37.80093],[128.77639,37.7975],[128.76665,37.79168],[128.74513,37.78538],[128.73421,37.78101],[128.71999,37.7667],[128.71331,37.76213],[128.7234,37.75009],[128.73231,37.74693],[128.73886,37.74168],[128.74216,37.7416],[128.74952,37.74289],[128.76095,37.75508],[128.76039,37.76114],[128.76278,37.76537],[128.7681,37.76882],[128.78635,37.76828],[128.79178,37.76985],[128.79749,37.76409],[128.80273,37.76631],[128.8074,37.76011],[128.81425,37.75987],[128.81406,37.76671],[128.81983,37.78409],[128.82702,37.78822],[128.83878,37.78742],[128.8406,37.79436],[128.84512,37.80076],[128.85103,37.80197],[128.85827,37.8066],[128.86267,37.80376],[128.86712,37.80603],[128.87406,37.80429],[128.87837,37.81244],[128.88658,37.81249],[128.89152,37.81933]]]},"properties":{"key":"강원특별자치도|강릉시|사천면","code":"5115036000"}},{"type":"Feature","geometry":{"type":"Polygon","coordinates":[[[128.66686,37.88578],[128.66466,37.89061],[128.65956,37.89177],[128.64836,37.89084],[128.64347,37.89503],[128.63811,37.89293],[128.63492,37.88772],[128.62474,37.88202],[128.62353,37.87504],[128.61948,37.87187],[128.60091,37.87073],[128.5966,37.86596],[128.59166,37.86555],[128.58785,37.86188],[128.58452,37.85094],[128.58547,37.84706],[128.58131,37.83949],[128.58039,37.82673],[128.58257,37.82098],[128.58492,37.81501],[128.59521,37.8101],[128.60105,37.80068],[128.60029,37.79108],[128.6018,37.77988],[128.59891,37.77411],[128.6022,37.76944],[128.6087,37.76621],[128.61386,37.77043],[128.62323,37.76965],[128.62978,37.77275],[128.63322,37.77996],[128.63668,37.78247],[128.6433,37.77716],[128.65611,37.77116],[128.6658,37.77041],[128.67136,37.76722],[128.67699,37.77327],[128.68626,37.77292],[128.69188,37.76994],[128.70018,37.77103],[128.70762,37.76888],[128.71331,37.76213],[128.71999,37.7667],[128.73421,37.78101],[128.74513,37.78538],[128.76665,37.79168],[128.77639,37.7975],[128.7847,37.80093],[128.78655,37.80951],[128.79171,37.81707],[128.78984,37.82236],[128.79593,37.83285],[128.80158,37.83465],[128.81026,37.84174],[128.82048,37.84381],[128.83388,37.84232],[128.84446,37.84507],[128.86105,37.85285],[128.86049,37.85447],[128.84878,37.86417],[128.8473,37.86999],[128.84363,37.87074],[128.83726,37.87675],[128.83042,37.87461],[128.8346,37.87114],[128.8262,37.86443],[128.81564,37.86481],[128.81234,37.86658],[128.80407,37.86392],[128.80083,37.86454],[128.79146,37.86144],[128.78762,37.8584],[128.78106,37.85848],[128.77457,37.86434],[128.77082,37.86459],[128.76391,37.86918],[128.75511,37.86699],[128.74953,37.86932],[128.7394,37.86897],[128.73173,37.86683],[128.72539,37.87135],[128.71392,37.87101],[128.70908,37.87476],[128.69435,37.87028],[128.67816,37.87246],[128.67095,37.87088],[128.66876,37.86821],[128.66263,37.86861],[128.66189,37.87293],[128.66686,37.88578]]]},"properties":{"key":"강원특별자치도|강릉시|연곡면","code":"5115037000"}},{"type":"Feature","geometry":{"type":"Polygon","coordinates":[[[128.89033,37.75643],[128.88094,37.75503],[128.87125,37.75835],[128.85928,37.75839],[128.85514,37.75022],[128.85976,37.74423],[128.86367,37.74534],[128.87297,37.74322],[128.88576,37.7474],[128.89033,37.75643]]]},"properties":{"key":"강원특별자치도|강릉시|홍제동","code":"5115051000"}},{"type":"Feature","geometry":{"type":"Polygon","coordinates":[[[128.9039,37.75397],[128.89906,37.75471],[128.89568,37.75833],[128.89165,37.75735],[128.89033,37.75643],[128.88576,37.7474],[128.89317,37.74833],[128.9039,37.75397]]]},"properties":{"key":"강원특별자치도|강릉시|중앙동","code":"5115052000"}},{"type":"Feature","geometry":{"type":"Polygon","coordinates":[[[128.9072,37.75772],[128.90142,37.76364],[128.89568,37.75833],[128.89906,37.75471],[128.9039,37.75397],[128.9072,37.75772]]]},"properties":{"key":"강원특별자치도|강릉시|옥천동","code":"5115054000"}},{"type":"Feature","geometry":{"type":"Polygon","coordinates":[[[128.89165,37.75735],[128.89187,37.7703],[128.88531,37.77801],[128.8799,37.77181],[128.87519,37.77196],[128.87125,37.75835],[128.88094,37.75503],[128.89033,37.75643],[128.89165,37.75735]]]},"properties":{"key":"강원특별자치도|강릉시|교1동","code":"5115055000"}},{"type":"Feature","geometry":{"type":"Polygon","coordinates":[[[128.89602,37.78072],[128.89198,37.78413],[128.88531,37.77801],[128.89187,37.7703],[128.89165,37.75735],[128.89568,37.75833],[128.90142,37.76364],[128.90162,37.77057],[128.89602,37.78072]]]},"properties":{"key":"강원특별자치도|강릉시|교2동","code":"5115056000"}},{"type":"Feature","geometry":{"type":"Polygon","coordinates":[[[128.91907,37.77013],[128.90162,37.77057],[128.90142,37.76364],[128.9072,37.75772],[128.91217,37.76473],[128.92058,37.76869],[128.91907,37.77013]]]},"properties":{"key":"강원특별자치도|강릉시|포남1동","code":"5115057100"}},{"type":"Feature","geometry":{"type":"Polygon","coordinates":[[[128.9199,37.78294],[128.91182,37.78201],[128.90752,37.78822],[128.89888,37.78468],[128.89602,37.78072],[128.90162,37.77057],[128.91907,37.77013],[128.91428,37.77501],[128.9199,37.78294]]]},"properties":{"key":"강원특별자치도|강릉시|포남2동","code":"5115057200"}},{"type":"Feature","geometry":{"type":"Polygon","coordinates":[[[128.91576,37.79908],[128.9094,37.80057],[128.90552,37.79159],[128.90752,37.78822],[128.91182,37.78201],[128.9199,37.78294],[128.92741,37.78861],[128.91576,37.79908]]]},"properties":{"key":"강원특별자치도|강릉시|초당동","code":"5115058000"}},{"type":"Feature","geometry":{"type":"Polygon","coordinates":[[[128.95167,37.76887],[128.9485,37.77215],[128.92741,37.78861],[128.9199,37.78294],[128.91428,37.77501],[128.91907,37.77013],[128.92058,37.76869],[128.92765,37.77125],[128.93451,37.77152],[128.95167,37.76887]]]},"properties":{"key":"강원특별자치도|강릉시|송정동","code":"5115059000"}},{"type":"Feature","geometry":{"type":"Polygon","coordinates":[[[128.89317,37.74833],[128.88576,37.7474],[128.87297,37.74322],[128.86367,37.74534],[128.85976,37.74423],[128.85865,37.73799],[128.85556,37.73434],[128.86338,37.72939],[128.86905,37.73018],[128.88349,37.72728],[128.8889,37.73299],[128.89004,37.74178],[128.89317,37.74833]]]},"properties":{"key":"강원특별자치도|강릉시|내곡동","code":"5115060000"}},{"type":"Feature","geometry":{"type":"Polygon","coordinates":[[[128.95341,37.75085],[128.94205,37.74762],[128.93055,37.73987],[128.91695,37.74244],[128.90834,37.74842],[128.9039,37.75397],[128.89317,37.74833],[128.89004,37.74178],[128.8889,37.73299],[128.88349,37.72728],[128.88682,37.72762],[128.89175,37.72247],[128.89601,37.71411],[128.90131,37.71186],[128.90768,37.71192],[128.91227,37.71772],[128.91812,37.72107],[128.9296,37.71582],[128.93685,37.71851],[128.94157,37.72428],[128.94492,37.72516],[128.94763,37.73067],[128.94078,37.73859],[128.94976,37.73802],[128.94997,37.747],[128.95341,37.75085]]]},"properties":{"key":"강원특별자치도|강릉시|강남동","code":"5115061500"}},{"type":"Feature","geometry":{"type":"Polygon","coordinates":[[[128.95167,37.76887],[128.93451,37.77152],[128.92765,37.77125],[128.92058,37.76869],[128.91217,37.76473],[128.9072,37.75772],[128.9039,37.75397],[128.90834,37.74842],[128.91695,37.74244],[128.93055,37.73987],[128.94205,37.74762],[128.95341,37.75085],[128.95787,37.75414],[128.96632,37.75587],[128.95364,37.76567],[128.95167,37.76887]]]},"properties":{"key":"강원특별자치도|강릉시|성덕동","code":"5115064500"}},{"type":"Feature","geometry":{"type":"Polygon","coordinates":[[[128.91576,37.79908],[128.89152,37.81933],[128.88658,37.81249],[128.87837,37.81244],[128.87406,37.80429],[128.86712,37.80603],[128.86267,37.80376],[128.85827,37.8066],[128.85103,37.80197],[128.84512,37.80076],[128.8406,37.79436],[128.83878,37.78742],[128.84729,37.77292],[128.85094,37.76372],[128.85928,37.75839],[128.87125,37.75835],[128.87519,37.77196],[128.8799,37.77181],[128.88531,37.77801],[128.89198,37.78413],[128.89602,37.78072],[128.89888,37.78468],[128.90752,37.78822],[128.90552,37.79159],[128.9094,37.80057],[128.91576,37.79908]]]},"properties":{"key":"강원특별자치도|강릉시|경포동","code":"5115066500"}},{"type":"Feature","geometry":{"type":"Polygon","coordinates":[[[129.11475,37.53614],[129.10261,37.53449],[129.10098,37.5363],[129.08942,37.53518],[129.08294,37.53675],[129.07948,37.52917],[129.07064,37.52086],[129.07672,37.51386],[129.08936,37.51199],[129.11158,37.51345],[129.11572,37.51217],[129.12174,37.51247],[129.12508,37.51726],[129.12226,37.52153],[129.12478,37.52581],[129.11475,37.53614]]]},"properties":{"key":"강원특별자치도|동해시|천곡동","code":"5117051000"}},{"type":"Feature","geometry":{"type":"Polygon","coordinates":[[[129.14218,37.49217],[129.14198,37.49511],[129.12613,37.48738],[129.12417,37.49038],[129.13634,37.49638],[129.13137,37.50139],[129.13564,37.50397],[129.12508,37.51726],[129.12174,37.51247],[129.11572,37.51217],[129.11646,37.50663],[129.11997,37.49998],[129.11511,37.49172],[129.11933,37.48735],[129.11973,37.48364],[129.13592,37.4882],[129.14218,37.49217]]]},"properties":{"key":"강원특별자치도|동해시|송정동","code":"5117052000"}},{"type":"Feature","geometry":{"type":"Polygon","coordinates":[[[129.11572,37.51217],[129.11158,37.51345],[129.08936,37.51199],[129.07672,37.51386],[129.07495,37.50846],[129.07566,37.50209],[129.07885,37.49738],[129.07407,37.48804],[129.07573,37.48184],[129.06918,37.47927],[129.05383,37.46501],[129.04948,37.45653],[129.06519,37.4601],[129.06532,37.46731],[129.07205,37.46787],[129.08432,37.47098],[129.08864,37.47452],[129.09114,37.48084],[129.09886,37.48252],[129.11337,37.48236],[129.11973,37.48364],[129.11933,37.48735],[129.11511,37.49172],[129.11997,37.49998],[129.11646,37.50663],[129.11572,37.51217]]]},"properties":{"key":"강원특별자치도|동해시|북삼동","code":"5117053000"}},{"type":"Feature","geometry":{"type":"Polygon","coordinates":[[[129.10177,37.53943],[129.09687,37.53962],[129.08322,37.54566],[129.07349,37.54551],[129.06056,37.53739],[129.06369,37.5286],[129.07064,37.52086],[129.07948,37.52917],[129.08294,37.53675],[129.08942,37.53518],[129.10098,37.5363],[129.10261,37.53449],[129.11475,37.53614],[129.11305,37.54181],[129.10177,37.53943]]]},"properties":{"key":"강원특별자치도|동해시|부곡동","code":"5117054000"}},{"type":"Feature","geometry":{"type":"Polygon","coordinates":[[[129.10241,37.54998],[129.096,37.54916],[129.08225,37.55471],[129.07523,37.55004],[129.07349,37.54551],[129.08322,37.54566],[129.09687,37.53962],[129.10177,37.53943],[129.10617,37.54745],[129.10241,37.54998]]]},"properties":{"key":"강원특별자치도|동해시|동호동","code":"5117055000"}},{"type":"Feature","geometry":{"type":"Polygon","coordinates":[[[129.11258,37.54981],[129.10878,37.55596],[129.10241,37.54998],[129.10617,37.54745],[129.10177,37.53943],[129.11305,37.54181],[129.11258,37.54981]]]},"properties":{"key":"강원특별자치도|동해시|발한동","code":"5117057000"}},{"type":"Feature","geometry":{"type":"Polygon","coordinates":[[[129.11258,37.54981],[129.11795,37.54922],[129.12215,37.55782],[129.11646,37.57104],[129.11704,37.57623],[129.1115,37.5816],[129.10548,37.57806],[129.10227,37.57228],[129.10878,37.55596],[129.11258,37.54981]]]},"properties":{"key":"강원특별자치도|동해시|묵호동","code":"5117059000"}},{"type":"Feature","geometry":{"type":"Polygon","coordinates":[[[129.16,37.47674],[129.16051,37.47849],[129.14711,37.49173],[129.14218,37.49217],[129.13592,37.4882],[129.11973,37.48364],[129.11337,37.48236],[129.09886,37.48252],[129.09114,37.48084],[129.08864,37.47452],[129.08432,37.47098],[129.07205,37.46787],[129.06532,37.46731],[129.06519,37.4601],[129.07484,37.45614],[129.08354,37.46049],[129.09556,37.46333],[129.10865,37.45576],[129.11506,37.45981],[129.12793,37.4567],[129.13489,37.45316],[129.1413,37.46627],[129.1488,37.46486],[129.15475,37.47237],[129.16,37.47674]]]},"properties":{"key":"강원특별자치도|동해시|북평동","code":"5117060000"}},{"type":"Feature","geometry":{"type":"Polygon","coordinates":[[[129.1115,37.5816],[129.11001,37.58162],[129.07304,37.60607],[129.06389,37.60168],[129.06091,37.59781],[129.05458,37.59489],[129.05965,37.59016],[129.05664,37.58352],[129.05085,37.57654],[129.05056,37.567],[129.04793,37.55822],[129.04948,37.55427],[129.04591,37.54593],[129.04892,37.54488],[129.05449,37.53719],[129.06056,37.53739],[129.07349,37.54551],[129.07523,37.55004],[129.08225,37.55471],[129.096,37.54916],[129.10241,37.54998],[129.10878,37.55596],[129.10227,37.57228],[129.10548,37.57806],[129.1115,37.5816]]]},"properties":{"key":"강원특별자치도|동해시|망상동","code":"5117063000"}},{"type":"Feature","geometry":{"type":"Polygon","coordinates":[[[129.04591,37.54593],[129.03691,37.54849],[129.0259,37.54562],[129.0225,37.54039],[129.01816,37.53832],[129.01327,37.54076],[128.9985,37.54282],[128.99085,37.53878],[128.98715,37.53404],[128.97314,37.53397],[128.96888,37.53044],[128.96746,37.51969],[128.96225,37.51363],[128.96597,37.50614],[128.97477,37.50358],[128.96991,37.49503],[128.97356,37.49266],[128.98663,37.49296],[128.99058,37.48483],[128.98669,37.48404],[128.98782,37.47506],[128.98327,37.46995],[128.97765,37.46907],[128.97041,37.46134],[128.96463,37.45879],[128.96415,37.45448],[128.95762,37.44676],[128.95918,37.44403],[128.96833,37.44068],[128.97559,37.43326],[128.98059,37.43414],[128.99772,37.43039],[129.00454,37.42657],[129.00888,37.43447],[129.01485,37.43863],[129.02482,37.44286],[129.02928,37.44686],[129.0358,37.4494],[129.03709,37.45266],[129.04948,37.45653],[129.05383,37.46501],[129.06918,37.47927],[129.07573,37.48184],[129.07407,37.48804],[129.07885,37.49738],[129.07566,37.50209],[129.07495,37.50846],[129.07672,37.51386],[129.07064,37.52086],[129.06369,37.5286],[129.06056,37.53739],[129.05449,37.53719],[129.04892,37.54488],[129.04591,37.54593]]]},"properties":{"key":"강원특별자치도|동해시|삼화동","code":"5117065000"}},{"type":"Feature","geometry":{"type":"Polygon","coordinates":[[[129.00554,37.15857],[129.00399,37.16217],[129.0061,37.17363],[129.00414,37.17833],[128.99656,37.18162],[128.98909,37.17527],[128.98043,37.1708],[128.98176,37.16737],[129.00554,37.15857]]]},"properties":{"key":"강원특별자치도|태백시|황지동","code":"5119051500"}},{"type":"Feature","geometry":{"type":"Polygon","coordinates":[[[128.99762,37.21297],[128.98814,37.21575],[128.98182,37.21534],[128.98038,37.21223],[128.97351,37.20745],[128.97185,37.20432],[128.97292,37.19834],[128.97779,37.19046],[128.97516,37.18827],[128.97963,37.1791],[128.98909,37.17527],[128.99656,37.18162],[129.00414,37.17833],[129.0061,37.17363],[129.00399,37.16217],[129.00554,37.15857],[129.00214,37.14856],[129.01115,37.14644],[129.01033,37.13608],[129.01629,37.13057],[129.02156,37.11952],[129.02303,37.11905],[129.02295,37.13065],[129.03997,37.13556],[129.04986,37.14254],[129.05788,37.14128],[129.06107,37.14324],[129.07158,37.14413],[129.07985,37.1402],[129.08454,37.1401],[129.08971,37.14392],[129.08855,37.15825],[129.08665,37.15934],[129.0767,37.16003],[129.07408,37.1617],[129.07157,37.16996],[129.05854,37.17115],[129.05067,37.17037],[129.04678,37.17396],[129.02724,37.17504],[129.02544,37.17768],[129.01683,37.18139],[129.01224,37.18532],[129.00941,37.19072],[129.00706,37.20012],[128.99963,37.20147],[128.99584,37.20825],[128.99762,37.21297]]]},"properties":{"key":"강원특별자치도|태백시|황연동","code":"5119052500"}},{"type":"Feature","geometry":{"type":"Polygon","coordinates":[[[129.01845,37.30329],[129.01036,37.3116],[128.99778,37.31957],[128.99782,37.32496],[129.00616,37.33244],[129.01444,37.33791],[129.00655,37.34585],[129.00018,37.34036],[128.99197,37.34317],[128.98638,37.34206],[128.9745,37.33465],[128.97118,37.33124],[128.96362,37.32963],[128.95776,37.32192],[128.95108,37.30867],[128.94314,37.30492],[128.94244,37.29632],[128.94601,37.29055],[128.94128,37.28848],[128.93883,37.28346],[128.94044,37.27875],[128.93647,37.27415],[128.93019,37.27494],[128.92429,37.27308],[128.92901,37.26758],[128.93412,37.25595],[128.93495,37.2459],[128.92955,37.24084],[128.92355,37.24282],[128.91778,37.24008],[128.91636,37.22491],[128.90817,37.21637],[128.91586,37.21144],[128.9152,37.20409],[128.91144,37.19724],[128.91335,37.19123],[128.91315,37.18516],[128.91536,37.18072],[128.91275,37.17675],[128.91302,37.17183],[128.91594,37.16856],[128.91761,37.1611],[128.91783,37.1611],[128.92344,37.16273],[128.92869,37.16848],[128.94762,37.17175],[128.96115,37.16715],[128.98043,37.1708],[128.98909,37.17527],[128.97963,37.1791],[128.97516,37.18827],[128.97779,37.19046],[128.97292,37.19834],[128.97185,37.20432],[128.97351,37.20745],[128.98038,37.21223],[128.98182,37.21534],[128.98814,37.21575],[128.99762,37.21297],[128.99829,37.21741],[129.01067,37.22096],[129.00661,37.22522],[129.0068,37.2309],[128.99547,37.23313],[128.98943,37.24183],[128.9923,37.24469],[129.00019,37.2432],[129.00141,37.25207],[129.00549,37.25146],[129.00907,37.2564],[129.00451,37.26297],[129.00772,37.27041],[129.01392,37.27362],[129.01245,37.27946],[129.0066,37.28323],[129.00379,37.28828],[129.00544,37.29231],[129.01845,37.30329]]]},"properties":{"key":"강원특별자치도|태백시|삼수동","code":"5119053500"}},{"type":"Feature","geometry":{"type":"Polygon","coordinates":[[[128.98043,37.1708],[128.96115,37.16715],[128.94762,37.17175],[128.92869,37.16848],[128.92344,37.16273],[128.91783,37.1611],[128.92945,37.15801],[128.94206,37.15212],[128.95029,37.14649],[128.95446,37.14619],[128.96034,37.1389],[128.96622,37.13683],[128.9741,37.14157],[128.98131,37.14323],[128.98687,37.13454],[128.99332,37.13446],[129.00265,37.14492],[129.00214,37.14856],[129.00554,37.15857],[128.98176,37.16737],[128.98043,37.1708]]]},"properties":{"key":"강원특별자치도|태백시|상장동","code":"5119054000"}},{"type":"Feature","geometry":{"type":"Polygon","coordinates":[[[129.02303,37.11905],[129.02156,37.11952],[129.01547,37.11749],[129.01201,37.10973],[129.0119,37.10369],[129.01412,37.10089],[129.00443,37.09522],[129.00261,37.08727],[128.99372,37.08355],[128.99522,37.08122],[129.00841,37.07867],[129.01441,37.07907],[129.03431,37.07576],[129.05029,37.06842],[129.05329,37.06964],[129.06169,37.06557],[129.06776,37.07429],[129.06575,37.07842],[129.07088,37.08411],[129.07294,37.09088],[129.08209,37.09398],[129.0958,37.10046],[129.09365,37.10495],[129.08983,37.10362],[129.08531,37.10743],[129.07553,37.10957],[129.06714,37.10999],[129.05542,37.11464],[129.05049,37.1114],[129.04171,37.11205],[129.03861,37.10806],[129.0309,37.10624],[129.02326,37.11668],[129.02303,37.11905]]]},"properties":{"key":"강원특별자치도|태백시|구문소동","code":"5119060500"}},{"type":"Feature","geometry":{"type":"Polygon","coordinates":[[[129.01201,37.10973],[129.00284,37.11596],[128.99402,37.11781],[128.9957,37.1136],[128.98661,37.10993],[128.98588,37.10301],[128.97652,37.09627],[128.96774,37.09732],[128.95937,37.09978],[128.94463,37.09506],[128.95329,37.08487],[128.95312,37.08165],[128.96031,37.07744],[128.96956,37.08213],[128.97715,37.082],[128.98352,37.08451],[128.99372,37.08355],[129.00261,37.08727],[129.00443,37.09522],[129.01412,37.10089],[129.0119,37.10369],[129.01201,37.10973]]]},"properties":{"key":"강원특별자치도|태백시|장성동","code":"5119059500"}},{"type":"Feature","geometry":{"type":"Polygon","coordinates":[[[129.09365,37.10495],[129.08766,37.11422],[129.09143,37.12011],[129.08916,37.12338],[129.09527,37.1387],[129.08971,37.14392],[129.08454,37.1401],[129.07985,37.1402],[129.07158,37.14413],[129.06107,37.14324],[129.05788,37.14128],[129.04986,37.14254],[129.03997,37.13556],[129.02295,37.13065],[129.02303,37.11905],[129.02326,37.11668],[129.0309,37.10624],[129.03861,37.10806],[129.04171,37.11205],[129.05049,37.1114],[129.05542,37.11464],[129.06714,37.10999],[129.07553,37.10957],[129.08531,37.10743],[129.08983,37.10362],[129.09365,37.10495]]]},"properties":{"key":"강원특별자치도|태백시|철암동","code":"5119061500"}},{"type":"Feature","geometry":{"type":"Polygon","coordinates":[[[129.00214,37.14856],[129.00265,37.14492],[128.99332,37.13446],[128.98687,37.13454],[128.98131,37.14323],[128.9741,37.14157],[128.96622,37.13683],[128.96034,37.1389],[128.95446,37.14619],[128.95029,37.14649],[128.94206,37.15212],[128.92945,37.15801],[128.91783,37.1611],[128.91761,37.1611],[128.91556,37.1543],[128.91203,37.14935],[128.89917,37.14794],[128.8907,37.1441],[128.88664,37.13653],[128.88881,37.1254],[128.886,37.12185],[128.87442,37.11422],[128.87006,37.1139],[128.86717,37.10901],[128.87456,37.10873],[128.87805,37.105],[128.88669,37.10284],[128.88634,37.09786],[128.88873,37.09183],[128.88508,37.08479],[128.88135,37.08114],[128.87522,37.07922],[128.8763,37.07326],[128.88625,37.06659],[128.88866,37.06229],[128.8952,37.06418],[128.89946,37.06796],[128.90973,37.06687],[128.9098,37.0705],[128.91678,37.07872],[128.91671,37.08487],[128.92054,37.09066],[128.94463,37.09506],[128.95937,37.09978],[128.96774,37.09732],[128.97652,37.09627],[128.98588,37.10301],[128.98661,37.10993],[128.9957,37.1136],[128.99402,37.11781],[129.00284,37.11596],[129.01201,37.10973],[129.01547,37.11749],[129.02156,37.11952],[129.01629,37.13057],[129.01033,37.13608],[129.01115,37.14644],[129.00214,37.14856]]]},"properties":{"key":"강원특별자치도|태백시|문곡소도동","code":"5119058500"}},{"type":"Feature","geometry":{"type":"Polygon","coordinates":[[[128.60116,38.2141],[128.59627,38.21617],[128.59056,38.22229],[128.58486,38.23113],[128.57847,38.22438],[128.57245,38.22131],[128.56201,38.22067],[128.55567,38.21806],[128.54452,38.21699],[128.54074,38.21806],[128.53324,38.21596],[128.52572,38.20966],[128.53336,38.20293],[128.54275,38.20303],[128.55366,38.2067],[128.56105,38.20454],[128.56839,38.20965],[128.57485,38.21575],[128.58306,38.21497],[128.58391,38.21193],[128.58515,38.21627],[128.59174,38.21351],[128.60116,38.2141]]]},"properties":{"key":"강원특별자치도|속초시|영랑동","code":"5121051000"}},{"type":"Feature","geometry":{"type":"Polygon","coordinates":[[[128.60116,38.2141],[128.59174,38.21351],[128.58515,38.21627],[128.58391,38.21193],[128.58965,38.20695],[128.59445,38.20683],[128.5945,38.21067],[128.60045,38.21062],[128.60116,38.2141]]]},"properties":{"key":"강원특별자치도|속초시|동명동","code":"5121052000"}},{"type":"Feature","geometry":{"type":"Polygon","coordinates":[[[128.58391,38.21193],[128.58306,38.21497],[128.57485,38.21575],[128.56839,38.20965],[128.57222,38.20887],[128.57868,38.2089],[128.58577,38.20481],[128.58863,38.20052],[128.59246,38.20116],[128.5949,38.20642],[128.59445,38.20683],[128.58965,38.20695],[128.58391,38.21193]]]},"properties":{"key":"강원특별자치도|속초시|금호동","code":"5121054000"}},{"type":"Feature","geometry":{"type":"Polygon","coordinates":[[[128.58863,38.20052],[128.58577,38.20481],[128.57868,38.2089],[128.57222,38.20887],[128.57654,38.20637],[128.57956,38.20025],[128.58441,38.19642],[128.58863,38.20052]]]},"properties":{"key":"강원특별자치도|속초시|교동","code":"5121056000"}},{"type":"Feature","geometry":{"type":"Polygon","coordinates":[[[128.57222,38.20887],[128.56839,38.20965],[128.56105,38.20454],[128.55366,38.2067],[128.54275,38.20303],[128.53336,38.20293],[128.52572,38.20966],[128.5227,38.20792],[128.51299,38.20815],[128.50504,38.20364],[128.50076,38.20317],[128.49705,38.1962],[128.49087,38.19148],[128.5191,38.17723],[128.53398,38.17407],[128.55618,38.17487],[128.56268,38.17647],[128.56171,38.18198],[128.56295,38.19227],[128.57986,38.19301],[128.58532,38.19426],[128.58441,38.19642],[128.57956,38.20025],[128.57654,38.20637],[128.57222,38.20887]]]},"properties":{"key":"강원특별자치도|속초시|노학동","code":"5121057000"}},{"type":"Feature","geometry":{"type":"Polygon","coordinates":[[[128.60172,38.1809],[128.59974,38.18965],[128.59501,38.18999],[128.59006,38.19626],[128.58532,38.19426],[128.57986,38.19301],[128.56295,38.19227],[128.56171,38.18198],[128.56268,38.17647],[128.56519,38.17786],[128.57698,38.17559],[128.58761,38.17838],[128.59029,38.17667],[128.60172,38.1809]]]},"properties":{"key":"강원특별자치도|속초시|조양동","code":"5121058000"}},{"type":"Feature","geometry":{"type":"Polygon","coordinates":[[[128.60617,38.18786],[128.59707,38.19843],[128.5949,38.20642],[128.59246,38.20116],[128.58863,38.20052],[128.58441,38.19642],[128.58532,38.19426],[128.59006,38.19626],[128.59501,38.18999],[128.59974,38.18965],[128.60172,38.1809],[128.60617,38.18786]]]},"properties":{"key":"강원특별자치도|속초시|청호동","code":"5121059000"}},{"type":"Feature","geometry":{"type":"Polygon","coordinates":[[[128.49087,38.19148],[128.48653,38.18922],[128.46772,38.19781],[128.46177,38.19706],[128.45003,38.19862],[128.44187,38.20233],[128.43641,38.19369],[128.42693,38.19001],[128.41982,38.17756],[128.4321,38.16984],[128.43853,38.1628],[128.4379,38.1566],[128.44225,38.15113],[128.4491,38.14924],[128.45577,38.14143],[128.46503,38.13786],[128.46424,38.12779],[128.46538,38.11949],[128.46642,38.11928],[128.47383,38.1218],[128.48307,38.13228],[128.49182,38.13805],[128.50144,38.13554],[128.50975,38.13667],[128.51658,38.13575],[128.52382,38.13824],[128.52976,38.13687],[128.53456,38.14834],[128.55941,38.14915],[128.5707,38.15451],[128.57077,38.161],[128.58012,38.16009],[128.59412,38.1605],[128.60207,38.15971],[128.60908,38.16105],[128.60751,38.17291],[128.61059,38.17337],[128.60928,38.18368],[128.60617,38.18786],[128.60172,38.1809],[128.59029,38.17667],[128.58761,38.17838],[128.57698,38.17559],[128.56519,38.17786],[128.56268,38.17647],[128.55618,38.17487],[128.53398,38.17407],[128.5191,38.17723],[128.49087,38.19148]]]},"properties":{"key":"강원특별자치도|속초시|대포동","code":"5121060000"}},{"type":"Feature","geometry":{"type":"Polygon","coordinates":[[[129.10286,37.29503],[129.10012,37.29386],[129.08769,37.2951],[129.07075,37.29294],[129.06891,37.29862],[129.06263,37.30396],[129.06643,37.30924],[129.07124,37.31186],[129.0641,37.31612],[129.05473,37.31522],[129.04628,37.3111],[129.0451,37.30682],[129.03368,37.29996],[129.01845,37.30329],[129.00544,37.29231],[129.00379,37.28828],[129.0066,37.28323],[129.01245,37.27946],[129.01392,37.27362],[129.00772,37.27041],[129.00451,37.26297],[129.00907,37.2564],[129.00549,37.25146],[129.00141,37.25207],[129.00019,37.2432],[128.9923,37.24469],[128.98943,37.24183],[128.99547,37.23313],[129.0068,37.2309],[129.00661,37.22522],[129.01067,37.22096],[128.99829,37.21741],[128.99762,37.21297],[128.99584,37.20825],[128.99963,37.20147],[129.00706,37.20012],[129.00941,37.19072],[129.01224,37.18532],[129.01683,37.18139],[129.02544,37.17768],[129.02724,37.17504],[129.04678,37.17396],[129.05067,37.17037],[129.05854,37.17115],[129.07157,37.16996],[129.07408,37.1617],[129.0767,37.16003],[129.08665,37.15934],[129.08931,37.1646],[129.09528,37.16644],[129.09906,37.17119],[129.10825,37.17002],[129.12509,37.17463],[129.14295,37.17549],[129.14627,37.17687],[129.15294,37.17515],[129.15611,37.18032],[129.16496,37.18471],[129.16865,37.19075],[129.16718,37.19743],[129.16909,37.20353],[129.16107,37.20836],[129.15207,37.21176],[129.14886,37.22036],[129.14305,37.22873],[129.13859,37.22969],[129.13036,37.22667],[129.12315,37.22886],[129.11923,37.23624],[129.12004,37.24247],[129.12764,37.24789],[129.13034,37.25639],[129.12708,37.2605],[129.12127,37.2605],[129.11156,37.27088],[129.1083,37.27785],[129.108,37.28346],[129.10504,37.28682],[129.10286,37.29503]]]},"properties":{"key":"강원특별자치도|삼척시|도계읍","code":"5123025000"}},{"type":"Feature","geometry":{"type":"Polygon","coordinates":[[[129.3641,37.14636],[129.35798,37.15881],[129.34705,37.1678],[129.34432,37.17642],[129.34169,37.17784],[129.34346,37.1834],[129.3398,37.19355],[129.34308,37.19525],[129.3479,37.20953],[129.34131,37.22564],[129.35684,37.23549],[129.35032,37.23899],[129.34902,37.24788],[129.34262,37.25101],[129.34089,37.25501],[129.33096,37.26134],[129.32707,37.26572],[129.32949,37.27183],[129.32922,37.28035],[129.3217,37.28295],[129.3186,37.28023],[129.32098,37.27301],[129.31232,37.26763],[129.31239,37.25806],[129.30731,37.25578],[129.29814,37.25909],[129.28825,37.24927],[129.27558,37.24971],[129.26733,37.24481],[129.26688,37.24013],[129.25191,37.23466],[129.24487,37.22962],[129.23432,37.2269],[129.22297,37.23845],[129.22,37.23805],[129.2173,37.22763],[129.21351,37.22386],[129.2136,37.21962],[129.20513,37.21876],[129.19916,37.2229],[129.18382,37.22412],[129.18182,37.21979],[129.18416,37.21505],[129.18145,37.20665],[129.16909,37.20353],[129.17541,37.20106],[129.18178,37.20259],[129.188,37.20012],[129.19365,37.19136],[129.19848,37.18674],[129.22246,37.1866],[129.22451,37.17955],[129.22811,37.17335],[129.22467,37.16787],[129.22442,37.16017],[129.2286,37.15857],[129.23531,37.15947],[129.23974,37.15064],[129.23178,37.1382],[129.22707,37.13524],[129.22215,37.12786],[129.21527,37.12458],[129.21724,37.11942],[129.21422,37.11318],[129.21517,37.1076],[129.21977,37.10204],[129.21837,37.09412],[129.22036,37.08923],[129.22625,37.08365],[129.23113,37.07688],[129.23323,37.08002],[129.24126,37.08573],[129.24963,37.09588],[129.25968,37.1007],[129.26605,37.10231],[129.26971,37.10746],[129.272,37.11702],[129.27674,37.1187],[129.2883,37.11504],[129.29446,37.11441],[129.29518,37.12034],[129.29819,37.12454],[129.30475,37.12809],[129.30906,37.12823],[129.312,37.13191],[129.32072,37.13582],[129.32473,37.14171],[129.33359,37.14176],[129.33901,37.14482],[129.34801,37.14655],[129.36152,37.14484],[129.3641,37.14636]]]},"properties":{"key":"강원특별자치도|삼척시|원덕읍","code":"5123025300"}},{"type":"Feature","geometry":{"type":"Polygon","coordinates":[[[129.19725,37.41846],[129.19225,37.41815],[129.18504,37.41011],[129.16988,37.40134],[129.17044,37.39172],[129.1643,37.38361],[129.17439,37.38023],[129.17525,37.3729],[129.16853,37.36686],[129.18081,37.35258],[129.18899,37.35329],[129.18904,37.34473],[129.1988,37.3389],[129.2013,37.32867],[129.19293,37.32346],[129.18098,37.32227],[129.17652,37.32294],[129.16735,37.31471],[129.16573,37.31182],[129.16866,37.30642],[129.17818,37.30111],[129.1992,37.29288],[129.21503,37.28954],[129.21743,37.28784],[129.21837,37.28116],[129.22649,37.27289],[129.22634,37.26649],[129.22367,37.25987],[129.22844,37.24727],[129.22297,37.23845],[129.23432,37.2269],[129.24487,37.22962],[129.25191,37.23466],[129.26688,37.24013],[129.26733,37.24481],[129.27558,37.24971],[129.28825,37.24927],[129.29814,37.25909],[129.30731,37.25578],[129.31239,37.25806],[129.31232,37.26763],[129.32098,37.27301],[129.3186,37.28023],[129.3217,37.28295],[129.31731,37.287],[129.31146,37.28627],[129.31064,37.29105],[129.30459,37.29056],[129.30086,37.29317],[129.30237,37.2999],[129.29922,37.31034],[129.28817,37.30987],[129.27537,37.31791],[129.26983,37.32267],[129.26662,37.33187],[129.26813,37.33896],[129.26526,37.34442],[129.26081,37.34735],[129.26056,37.35343],[129.2578,37.35781],[129.25122,37.36345],[129.25229,37.37349],[129.2584,37.38099],[129.25245,37.38034],[129.24057,37.38731],[129.22768,37.39325],[129.21439,37.40156],[129.2028,37.41105],[129.19725,37.41846]]]},"properties":{"key":"강원특별자치도|삼척시|근덕면","code":"5123031000"}},{"type":"Feature","geometry":{"type":"Polygon","coordinates":[[[128.95762,37.44676],[128.95485,37.44936],[128.94527,37.44893],[128.93762,37.4508],[128.93393,37.44754],[128.92749,37.44871],[128.91058,37.43628],[128.90389,37.43808],[128.8978,37.42996],[128.89794,37.41478],[128.89492,37.40882],[128.88587,37.40612],[128.86883,37.39836],[128.87102,37.39552],[128.8653,37.39026],[128.86126,37.38191],[128.85793,37.38091],[128.85451,37.36693],[128.85171,37.36286],[128.84582,37.33962],[128.85454,37.34196],[128.86699,37.33814],[128.87016,37.32959],[128.87417,37.32422],[128.8586,37.30432],[128.86168,37.29638],[128.87217,37.29021],[128.87249,37.28273],[128.87989,37.28007],[128.88776,37.27302],[128.88202,37.2718],[128.87995,37.26493],[128.88724,37.26059],[128.89475,37.25337],[128.90046,37.24335],[128.89836,37.23613],[128.90277,37.22898],[128.90612,37.2176],[128.90817,37.21637],[128.91636,37.22491],[128.91778,37.24008],[128.92355,37.24282],[128.92955,37.24084],[128.93495,37.2459],[128.93412,37.25595],[128.92901,37.26758],[128.92429,37.27308],[128.93019,37.27494],[128.93647,37.27415],[128.94044,37.27875],[128.93883,37.28346],[128.94128,37.28848],[128.94601,37.29055],[128.94244,37.29632],[128.94314,37.30492],[128.95108,37.30867],[128.95776,37.32192],[128.96362,37.32963],[128.97118,37.33124],[128.9745,37.33465],[128.98638,37.34206],[128.99197,37.34317],[129.00018,37.34036],[129.00655,37.34585],[129.0147,37.35363],[129.01335,37.36057],[129.01615,37.36748],[129.0158,37.379],[129.01232,37.38318],[129.01652,37.39086],[129.00921,37.39022],[129.00623,37.39489],[129.00441,37.40354],[129.00909,37.41135],[129.0023,37.41724],[129.00063,37.42218],[129.00454,37.42657],[128.99772,37.43039],[128.98059,37.43414],[128.97559,37.43326],[128.96833,37.44068],[128.95918,37.44403],[128.95762,37.44676]]]},"properties":{"key":"강원특별자치도|삼척시|하장면","code":"5123032000"}},{"type":"Feature","geometry":{"type":"Polygon","coordinates":[[[129.1643,37.38361],[129.15454,37.37781],[129.14742,37.38095],[129.14745,37.38776],[129.14433,37.39163],[129.138,37.38979],[129.13718,37.38644],[129.12843,37.37702],[129.12345,37.37658],[129.11512,37.37309],[129.10984,37.37604],[129.10567,37.36806],[129.10068,37.36483],[129.10015,37.35923],[129.10581,37.35124],[129.10701,37.34022],[129.11347,37.33677],[129.1166,37.33291],[129.11085,37.32854],[129.11181,37.32197],[129.10704,37.30844],[129.10126,37.30532],[129.10286,37.29503],[129.10504,37.28682],[129.108,37.28346],[129.1083,37.27785],[129.11156,37.27088],[129.12127,37.2605],[129.12708,37.2605],[129.13034,37.25639],[129.12764,37.24789],[129.12004,37.24247],[129.11923,37.23624],[129.12315,37.22886],[129.13036,37.22667],[129.13859,37.22969],[129.14305,37.22873],[129.14886,37.22036],[129.15207,37.21176],[129.16107,37.20836],[129.16909,37.20353],[129.18145,37.20665],[129.18416,37.21505],[129.18182,37.21979],[129.18382,37.22412],[129.19916,37.2229],[129.20513,37.21876],[129.2136,37.21962],[129.21351,37.22386],[129.2173,37.22763],[129.22,37.23805],[129.22297,37.23845],[129.22844,37.24727],[129.22367,37.25987],[129.22634,37.26649],[129.22649,37.27289],[129.21837,37.28116],[129.21743,37.28784],[129.21503,37.28954],[129.1992,37.29288],[129.17818,37.30111],[129.16866,37.30642],[129.16573,37.31182],[129.16735,37.31471],[129.17652,37.32294],[129.18098,37.32227],[129.19293,37.32346],[129.2013,37.32867],[129.1988,37.3389],[129.18904,37.34473],[129.18899,37.35329],[129.18081,37.35258],[129.16853,37.36686],[129.17525,37.3729],[129.17439,37.38023],[129.1643,37.38361]]]},"properties":{"key":"강원특별자치도|삼척시|노곡면","code":"5123033000"}},{"type":"Feature","geometry":{"type":"Polygon","coordinates":[[[129.07484,37.45614],[129.06519,37.4601],[129.04948,37.45653],[129.03709,37.45266],[129.0358,37.4494],[129.02928,37.44686],[129.02482,37.44286],[129.01485,37.43863],[129.00888,37.43447],[129.00454,37.42657],[129.00063,37.42218],[129.0023,37.41724],[129.00909,37.41135],[129.00441,37.40354],[129.00623,37.39489],[129.00921,37.39022],[129.01652,37.39086],[129.01232,37.38318],[129.0158,37.379],[129.01615,37.36748],[129.01335,37.36057],[129.03266,37.36411],[129.05711,37.35644],[129.05978,37.35953],[129.06699,37.36063],[129.07197,37.35635],[129.07673,37.35882],[129.08803,37.36132],[129.0941,37.35843],[129.10015,37.35923],[129.10068,37.36483],[129.10567,37.36806],[129.10984,37.37604],[129.11512,37.37309],[129.12345,37.37658],[129.12843,37.37702],[129.13718,37.38644],[129.138,37.38979],[129.1388,37.3995],[129.1359,37.4076],[129.13085,37.40885],[129.12822,37.41346],[129.13081,37.42548],[129.12073,37.43125],[129.1135,37.43068],[129.10588,37.43366],[129.09212,37.44422],[129.08442,37.448],[129.08221,37.45232],[129.07484,37.45614]]]},"properties":{"key":"강원특별자치도|삼척시|미로면","code":"5123034000"}},{"type":"Feature","geometry":{"type":"Polygon","coordinates":[[[129.23113,37.07688],[129.22625,37.08365],[129.22036,37.08923],[129.21837,37.09412],[129.21977,37.10204],[129.21517,37.1076],[129.21422,37.11318],[129.21724,37.11942],[129.21527,37.12458],[129.22215,37.12786],[129.22707,37.13524],[129.23178,37.1382],[129.23974,37.15064],[129.23531,37.15947],[129.2286,37.15857],[129.22442,37.16017],[129.22467,37.16787],[129.22811,37.17335],[129.22451,37.17955],[129.22246,37.1866],[129.19848,37.18674],[129.19365,37.19136],[129.188,37.20012],[129.18178,37.20259],[129.17541,37.20106],[129.16909,37.20353],[129.16718,37.19743],[129.16865,37.19075],[129.16496,37.18471],[129.15611,37.18032],[129.15294,37.17515],[129.14627,37.17687],[129.14295,37.17549],[129.12509,37.17463],[129.10825,37.17002],[129.09906,37.17119],[129.09528,37.16644],[129.08931,37.1646],[129.08665,37.15934],[129.08855,37.15825],[129.08971,37.14392],[129.09527,37.1387],[129.08916,37.12338],[129.09143,37.12011],[129.08766,37.11422],[129.09365,37.10495],[129.0958,37.10046],[129.10426,37.09829],[129.10859,37.09352],[129.11878,37.09292],[129.12744,37.08894],[129.12741,37.08483],[129.13459,37.08135],[129.14072,37.08167],[129.14446,37.07643],[129.14927,37.07594],[129.15523,37.07002],[129.16522,37.06975],[129.17097,37.06007],[129.1761,37.05762],[129.18538,37.0468],[129.18544,37.04209],[129.19458,37.04057],[129.20499,37.04486],[129.21355,37.04273],[129.22509,37.04454],[129.23806,37.03882],[129.23316,37.04412],[129.23303,37.04985],[129.2294,37.05587],[129.23322,37.0642],[129.23101,37.06929],[129.22558,37.0734],[129.23113,37.07688]]]},"properties":{"key":"강원특별자치도|삼척시|가곡면","code":"5123035000"}},{"type":"Feature","geometry":{"type":"Polygon","coordinates":[[[129.10015,37.35923],[129.0941,37.35843],[129.08803,37.36132],[129.07673,37.35882],[129.07197,37.35635],[129.06699,37.36063],[129.05978,37.35953],[129.05711,37.35644],[129.03266,37.36411],[129.01335,37.36057],[129.0147,37.35363],[129.00655,37.34585],[129.01444,37.33791],[129.00616,37.33244],[128.99782,37.32496],[128.99778,37.31957],[129.01036,37.3116],[129.01845,37.30329],[129.03368,37.29996],[129.0451,37.30682],[129.04628,37.3111],[129.05473,37.31522],[129.0641,37.31612],[129.07124,37.31186],[129.06643,37.30924],[129.06263,37.30396],[129.06891,37.29862],[129.07075,37.29294],[129.08769,37.2951],[129.10012,37.29386],[129.10286,37.29503],[129.10126,37.30532],[129.10704,37.30844],[129.11181,37.32197],[129.11085,37.32854],[129.1166,37.33291],[129.11347,37.33677],[129.10701,37.34022],[129.10581,37.35124],[129.10015,37.35923]]]},"properties":{"key":"강원특별자치도|삼척시|신기면","code":"5123036000"}},{"type":"Feature","geometry":{"type":"Polygon","coordinates":[[[129.17076,37.44173],[129.17102,37.44731],[129.16395,37.44504],[129.15973,37.42664],[129.1551,37.42381],[129.15461,37.41991],[129.14772,37.41476],[129.14183,37.408],[129.1359,37.4076],[129.1388,37.3995],[129.138,37.38979],[129.14433,37.39163],[129.14745,37.38776],[129.14742,37.38095],[129.15454,37.37781],[129.1643,37.38361],[129.17044,37.39172],[129.16988,37.40134],[129.18504,37.41011],[129.19225,37.41815],[129.19725,37.41846],[129.19322,37.42416],[129.19252,37.43218],[129.1846,37.43138],[129.17641,37.43249],[129.16867,37.43728],[129.17076,37.44173]]]},"properties":{"key":"강원특별자치도|삼척시|남양동","code":"5123051000"}},{"type":"Feature","geometry":{"type":"Polygon","coordinates":[[[129.13489,37.45316],[129.12793,37.4567],[129.11506,37.45981],[129.10865,37.45576],[129.09556,37.46333],[129.08354,37.46049],[129.07484,37.45614],[129.08221,37.45232],[129.08442,37.448],[129.09212,37.44422],[129.10588,37.43366],[129.1135,37.43068],[129.12073,37.43125],[129.13081,37.42548],[129.12822,37.41346],[129.13085,37.40885],[129.1359,37.4076],[129.14183,37.408],[129.14772,37.41476],[129.15461,37.41991],[129.1551,37.42381],[129.15973,37.42664],[129.16395,37.44504],[129.17102,37.44731],[129.15195,37.44565],[129.14064,37.44943],[129.13489,37.45316]]]},"properties":{"key":"강원특별자치도|삼척시|성내동","code":"5123057000"}},{"type":"Feature","geometry":{"type":"Polygon","coordinates":[[[129.18982,37.44924],[129.19013,37.45164],[129.17833,37.4636],[129.17199,37.46666],[129.16,37.47674],[129.15475,37.47237],[129.1488,37.46486],[129.1413,37.46627],[129.13489,37.45316],[129.14064,37.44943],[129.15195,37.44565],[129.17102,37.44731],[129.17076,37.44173],[129.17195,37.44663],[129.18142,37.44915],[129.18652,37.44695],[129.18982,37.44924]]]},"properties":{"key":"강원특별자치도|삼척시|교동","code":"5123053000"}},{"type":"Feature","geometry":{"type":"Polygon","coordinates":[[[129.19252,37.43218],[129.19217,37.44307],[129.18982,37.44924],[129.18652,37.44695],[129.18142,37.44915],[129.17195,37.44663],[129.17076,37.44173],[129.16867,37.43728],[129.17641,37.43249],[129.1846,37.43138],[129.19252,37.43218]]]},"properties":{"key":"강원특별자치도|삼척시|정라동","code":"5123054000"}},{"type":"Feature","geometry":{"type":"Polygon","coordinates":[[[127.96535,37.70743],[127.96089,37.7143],[127.95961,37.72124],[127.95548,37.72486],[127.95247,37.73077],[127.93494,37.73017],[127.92288,37.73366],[127.90398,37.74857],[127.90333,37.74624],[127.89477,37.74556],[127.89169,37.74357],[127.88725,37.73045],[127.88228,37.7278],[127.88124,37.7142],[127.87418,37.70759],[127.87598,37.70268],[127.87419,37.69877],[127.87377,37.68924],[127.86162,37.68047],[127.85369,37.67904],[127.8462,37.6839],[127.83291,37.68812],[127.82988,37.68568],[127.81969,37.6854],[127.81518,37.68137],[127.81588,37.67561],[127.81281,37.67215],[127.8052,37.67012],[127.80595,37.6646],[127.80075,37.66038],[127.79692,37.654],[127.79668,37.64612],[127.80004,37.63386],[127.80984,37.62926],[127.81311,37.62403],[127.82951,37.61706],[127.8357,37.61951],[127.83989,37.61865],[127.84504,37.61424],[127.8457,37.60957],[127.85201,37.60606],[127.859,37.59836],[127.87066,37.59776],[127.87282,37.59447],[127.88543,37.59454],[127.89266,37.59691],[127.8938,37.59851],[127.9066,37.59804],[127.90987,37.60054],[127.91642,37.60061],[127.92232,37.60564],[127.91357,37.61383],[127.90771,37.62792],[127.90153,37.63134],[127.89731,37.64082],[127.90148,37.64669],[127.89507,37.66082],[127.89587,37.66583],[127.89209,37.67224],[127.89367,37.67662],[127.90457,37.68335],[127.90874,37.68288],[127.91598,37.68958],[127.92307,37.69299],[127.92372,37.69895],[127.91947,37.70198],[127.92753,37.70673],[127.93298,37.70521],[127.93796,37.70858],[127.9448,37.70922],[127.94963,37.70512],[127.96535,37.70743]]]},"properties":{"key":"강원특별자치도|홍천군|홍천읍","code":"5172025000"}},{"type":"Feature","geometry":{"type":"Polygon","coordinates":[[[127.96111,37.86573],[127.95069,37.86365],[127.94414,37.85022],[127.94627,37.84593],[127.94493,37.8385],[127.93739,37.83639],[127.93578,37.82994],[127.93145,37.82659],[127.91787,37.84442],[127.90844,37.84847],[127.90799,37.85536],[127.89185,37.86266],[127.88034,37.86019],[127.87648,37.85639],[127.87891,37.8521],[127.87715,37.84686],[127.87261,37.8446],[127.8715,37.83729],[127.85466,37.83463],[127.85635,37.82617],[127.86062,37.82348],[127.86469,37.81536],[127.87316,37.81301],[127.87572,37.80991],[127.87474,37.79912],[127.87932,37.79694],[127.88088,37.78831],[127.87857,37.78186],[127.89049,37.77784],[127.89125,37.77355],[127.89952,37.77209],[127.90267,37.76407],[127.90015,37.75834],[127.90398,37.74857],[127.92288,37.73366],[127.93494,37.73017],[127.95247,37.73077],[127.95548,37.72486],[127.95961,37.72124],[127.96089,37.7143],[127.96535,37.70743],[127.97219,37.70229],[127.98157,37.70776],[127.9904,37.70558],[127.99763,37.7055],[128.00213,37.71222],[128.00825,37.71417],[128.02172,37.7132],[128.02707,37.7092],[128.03385,37.69811],[128.04613,37.6984],[128.05561,37.69552],[128.06277,37.69538],[128.07086,37.69233],[128.07665,37.69339],[128.08381,37.69229],[128.09257,37.69823],[128.09722,37.70431],[128.10996,37.70705],[128.11352,37.70907],[128.11662,37.71718],[128.11639,37.72252],[128.1214,37.72566],[128.12559,37.73262],[128.11991,37.73378],[128.11806,37.73931],[128.11195,37.74145],[128.11096,37.74536],[128.10536,37.75059],[128.10639,37.75418],[128.09969,37.75534],[128.0932,37.76106],[128.0899,37.76177],[128.08717,37.76763],[128.07814,37.76826],[128.07222,37.77475],[128.06386,37.7693],[128.0573,37.77014],[128.05426,37.77509],[128.04416,37.78055],[128.02259,37.78226],[128.02237,37.78363],[128.01204,37.78544],[128.00549,37.79053],[127.99831,37.78997],[127.99218,37.79258],[127.9892,37.79622],[127.98254,37.79815],[127.98066,37.80449],[127.97278,37.81033],[127.96845,37.81187],[127.96769,37.81923],[127.96312,37.82641],[127.96861,37.83227],[127.9739,37.83428],[127.97717,37.83876],[127.97667,37.8439],[127.9737,37.84693],[127.96677,37.84949],[127.96079,37.85915],[127.96111,37.86573]]]},"properties":{"key":"강원특별자치도|홍천군|화촌면","code":"5172031000"}},{"type":"Feature","geometry":{"type":"Polygon","coordinates":[[[128.15637,37.89521],[128.1448,37.89292],[128.13333,37.89382],[128.10743,37.89992],[128.09789,37.89666],[128.08782,37.90108],[128.08,37.90317],[128.07572,37.90769],[128.06677,37.91047],[128.04991,37.9222],[128.04575,37.92284],[128.03971,37.92734],[128.03317,37.94017],[128.02504,37.94532],[128.01553,37.94306],[128.01251,37.93915],[128.00044,37.93882],[127.99344,37.94267],[127.99389,37.93654],[127.99162,37.92962],[127.98321,37.92326],[127.98391,37.91392],[127.97255,37.90194],[127.97001,37.89327],[127.97318,37.88729],[127.97317,37.88293],[127.96629,37.87747],[127.95888,37.87423],[127.95556,37.87102],[127.96111,37.86573],[127.96079,37.85915],[127.96677,37.84949],[127.9737,37.84693],[127.97667,37.8439],[127.97717,37.83876],[127.9739,37.83428],[127.96861,37.83227],[127.96312,37.82641],[127.96769,37.81923],[127.96845,37.81187],[127.97278,37.81033],[127.98066,37.80449],[127.98254,37.79815],[127.9892,37.79622],[127.99218,37.79258],[127.99831,37.78997],[128.00549,37.79053],[128.01204,37.78544],[128.02237,37.78363],[128.02453,37.78789],[128.0235,37.79388],[128.01517,37.79701],[128.00335,37.79972],[128.00189,37.80292],[128.00467,37.80822],[128.01595,37.81625],[128.02879,37.81656],[128.03719,37.821],[128.04623,37.82225],[128.04773,37.82917],[128.05896,37.83197],[128.06509,37.83722],[128.06513,37.8413],[128.06964,37.84444],[128.06288,37.84791],[128.06088,37.85318],[128.06282,37.85624],[128.07175,37.85749],[128.07171,37.85993],[128.08961,37.86285],[128.09496,37.85973],[128.09979,37.85949],[128.11069,37.86427],[128.11475,37.86234],[128.12056,37.86626],[128.13046,37.86835],[128.13684,37.87605],[128.14367,37.88],[128.1497,37.88071],[128.15637,37.89521]]]},"properties":{"key":"강원특별자치도|홍천군|두촌면","code":"5172032000"}},{"type":"Feature","geometry":{"type":"Polygon","coordinates":[[[128.18455,37.83058],[128.18111,37.83463],[128.18218,37.84326],[128.17892,37.84702],[128.16974,37.85138],[128.17229,37.85873],[128.16806,37.86589],[128.16883,37.87188],[128.17402,37.87681],[128.17339,37.88495],[128.1641,37.88756],[128.1608,37.8954],[128.15637,37.89521],[128.1497,37.88071],[128.14367,37.88],[128.13684,37.87605],[128.13046,37.86835],[128.12056,37.86626],[128.11475,37.86234],[128.11069,37.86427],[128.09979,37.85949],[128.09496,37.85973],[128.08961,37.86285],[128.07171,37.85993],[128.07175,37.85749],[128.06282,37.85624],[128.06088,37.85318],[128.06288,37.84791],[128.06964,37.84444],[128.06513,37.8413],[128.06509,37.83722],[128.05896,37.83197],[128.04773,37.82917],[128.04623,37.82225],[128.03719,37.821],[128.02879,37.81656],[128.01595,37.81625],[128.00467,37.80822],[128.00189,37.80292],[128.00335,37.79972],[128.01517,37.79701],[128.0235,37.79388],[128.02453,37.78789],[128.02237,37.78363],[128.02259,37.78226],[128.04416,37.78055],[128.05426,37.77509],[128.0573,37.77014],[128.06386,37.7693],[128.07222,37.77475],[128.07814,37.76826],[128.08717,37.76763],[128.0899,37.76177],[128.0932,37.76106],[128.09969,37.75534],[128.10639,37.75418],[128.10536,37.75059],[128.11096,37.74536],[128.11195,37.74145],[128.11806,37.73931],[128.11991,37.73378],[128.12559,37.73262],[128.13045,37.73751],[128.13919,37.74063],[128.1358,37.74719],[128.13911,37.75466],[128.13487,37.75944],[128.13668,37.76364],[128.1444,37.7643],[128.1484,37.77493],[128.16432,37.77817],[128.17231,37.7733],[128.17933,37.77518],[128.18851,37.78489],[128.18956,37.79244],[128.18943,37.80446],[128.19065,37.8091],[128.18385,37.80999],[128.1811,37.81278],[128.18681,37.81881],[128.18455,37.83058]]]},"properties":{"key":"강원특별자치도|홍천군|내촌면","code":"5172033000"}},{"type":"Feature","geometry":{"type":"Polygon","coordinates":[[[128.21439,37.81206],[128.20888,37.81234],[128.1921,37.82265],[128.1877,37.82946],[128.18455,37.83058],[128.18681,37.81881],[128.1811,37.81278],[128.18385,37.80999],[128.19065,37.8091],[128.18943,37.80446],[128.18956,37.79244],[128.18851,37.78489],[128.17933,37.77518],[128.17231,37.7733],[128.16432,37.77817],[128.1484,37.77493],[128.1444,37.7643],[128.13668,37.76364],[128.13487,37.75944],[128.13911,37.75466],[128.1358,37.74719],[128.13919,37.74063],[128.13045,37.73751],[128.12559,37.73262],[128.1214,37.72566],[128.11639,37.72252],[128.11662,37.71718],[128.11352,37.70907],[128.10996,37.70705],[128.09722,37.70431],[128.09257,37.69823],[128.1021,37.69386],[128.09809,37.68645],[128.10359,37.67682],[128.11219,37.67189],[128.1178,37.67741],[128.12963,37.67844],[128.13663,37.68111],[128.13923,37.67503],[128.14585,37.67307],[128.15221,37.65986],[128.16436,37.66443],[128.16503,37.66078],[128.17412,37.65574],[128.18087,37.65352],[128.19046,37.64642],[128.19918,37.65112],[128.20432,37.6506],[128.21518,37.64305],[128.21981,37.64107],[128.22345,37.6359],[128.22595,37.6273],[128.23362,37.62538],[128.24704,37.62507],[128.25345,37.62773],[128.25477,37.62946],[128.26747,37.63455],[128.27243,37.64202],[128.27204,37.65577],[128.27639,37.65905],[128.27716,37.66724],[128.27986,37.67209],[128.28693,37.67709],[128.29819,37.68693],[128.30513,37.6909],[128.31251,37.70371],[128.31064,37.70843],[128.31854,37.71707],[128.31876,37.72518],[128.31245,37.74272],[128.30766,37.74861],[128.29357,37.75051],[128.28807,37.7492],[128.27386,37.7571],[128.26888,37.75372],[128.25504,37.75311],[128.24866,37.75833],[128.24631,37.76443],[128.23995,37.76753],[128.23922,37.77201],[128.23523,37.77683],[128.23718,37.78031],[128.23587,37.78649],[128.23014,37.78725],[128.21853,37.78627],[128.21809,37.79321],[128.21962,37.79874],[128.2177,37.80175],[128.21632,37.81151],[128.21439,37.81206]]]},"properties":{"key":"강원특별자치도|홍천군|서석면","code":"5172034000"}},{"type":"Feature","geometry":{"type":"Polygon","coordinates":[[[128.09257,37.69823],[128.08381,37.69229],[128.07665,37.69339],[128.07086,37.69233],[128.06277,37.69538],[128.05561,37.69552],[128.04613,37.6984],[128.03385,37.69811],[128.02707,37.7092],[128.02172,37.7132],[128.00825,37.71417],[128.00213,37.71222],[127.99763,37.7055],[127.9904,37.70558],[127.98157,37.70776],[127.97219,37.70229],[127.96535,37.70743],[127.94963,37.70512],[127.9448,37.70922],[127.93796,37.70858],[127.93298,37.70521],[127.92753,37.70673],[127.91947,37.70198],[127.92372,37.69895],[127.92307,37.69299],[127.91598,37.68958],[127.90874,37.68288],[127.90457,37.68335],[127.89367,37.67662],[127.89209,37.67224],[127.89587,37.66583],[127.89507,37.66082],[127.90148,37.64669],[127.89731,37.64082],[127.90153,37.63134],[127.90771,37.62792],[127.91357,37.61383],[127.92232,37.60564],[127.92679,37.60446],[127.93308,37.60994],[127.9454,37.60899],[127.95052,37.61079],[127.95994,37.62591],[127.96757,37.62713],[127.97049,37.63675],[127.97406,37.63772],[127.98214,37.63087],[127.99872,37.62625],[128.01189,37.62657],[128.0125,37.61801],[128.01448,37.61424],[128.02125,37.61437],[128.03537,37.6244],[128.04796,37.6277],[128.05239,37.63096],[128.06741,37.63614],[128.06736,37.64148],[128.07538,37.64454],[128.07856,37.65171],[128.09353,37.65319],[128.10152,37.65059],[128.10958,37.65119],[128.11194,37.65364],[128.10567,37.66061],[128.11175,37.66598],[128.11219,37.67189],[128.10359,37.67682],[128.09809,37.68645],[128.1021,37.69386],[128.09257,37.69823]]]},"properties":{"key":"강원특별자치도|홍천군|영귀미면","code":"5172035200"}},{"type":"Feature","geometry":{"type":"Polygon","coordinates":[[[127.79692,37.654],[127.79081,37.66121],[127.78462,37.66147],[127.77796,37.67049],[127.78304,37.67446],[127.76937,37.68139],[127.7696,37.69071],[127.76015,37.69611],[127.75188,37.69439],[127.75293,37.67746],[127.73724,37.66151],[127.7293,37.66352],[127.71922,37.65565],[127.7152,37.64654],[127.71526,37.63801],[127.71915,37.6332],[127.70747,37.62781],[127.7053,37.62309],[127.69902,37.6186],[127.70145,37.60972],[127.70041,37.60428],[127.69616,37.60049],[127.70025,37.59667],[127.69794,37.59158],[127.70812,37.5864],[127.72311,37.59063],[127.73947,37.58716],[127.75349,37.59188],[127.76458,37.58581],[127.76622,37.58298],[127.78291,37.57869],[127.7884,37.57949],[127.79275,37.58533],[127.79641,37.58441],[127.80426,37.57886],[127.80487,37.5752],[127.80973,37.57337],[127.8129,37.56464],[127.82686,37.56075],[127.83995,37.5595],[127.84944,37.55318],[127.85537,37.5543],[127.85927,37.55742],[127.87199,37.55676],[127.87162,37.56212],[127.88361,37.57066],[127.88413,37.57509],[127.89339,37.58502],[127.89266,37.59691],[127.88543,37.59454],[127.87282,37.59447],[127.87066,37.59776],[127.859,37.59836],[127.85201,37.60606],[127.8457,37.60957],[127.84504,37.61424],[127.83989,37.61865],[127.8357,37.61951],[127.82951,37.61706],[127.81311,37.62403],[127.80984,37.62926],[127.80004,37.63386],[127.79668,37.64612],[127.79692,37.654]]]},"properties":{"key":"강원특별자치도|홍천군|남면","code":"5172036000"}},{"type":"Feature","geometry":{"type":"Polygon","coordinates":[[[127.64163,37.69195],[127.6391,37.69835],[127.63195,37.69793],[127.62318,37.69125],[127.62276,37.68103],[127.61716,37.67698],[127.60836,37.67603],[127.60722,37.67927],[127.61022,37.69878],[127.60815,37.70329],[127.59388,37.70494],[127.59592,37.71389],[127.59436,37.72028],[127.58915,37.72552],[127.57208,37.73317],[127.56721,37.73265],[127.56521,37.72864],[127.55986,37.72851],[127.56103,37.71822],[127.55806,37.7143],[127.55699,37.70486],[127.55063,37.6878],[127.54921,37.66757],[127.55281,37.66155],[127.54649,37.65743],[127.54391,37.65159],[127.53568,37.65035],[127.53702,37.643],[127.54826,37.6332],[127.55898,37.62845],[127.56457,37.63307],[127.57192,37.6322],[127.57951,37.63313],[127.58367,37.63596],[127.58568,37.64211],[127.5986,37.64674],[127.60235,37.65134],[127.60935,37.64813],[127.61541,37.6473],[127.6234,37.64138],[127.62799,37.64232],[127.64106,37.63262],[127.64688,37.63292],[127.64944,37.62473],[127.65337,37.62234],[127.66368,37.62402],[127.66772,37.61722],[127.6872,37.60433],[127.69616,37.60049],[127.70041,37.60428],[127.70145,37.60972],[127.69902,37.6186],[127.7053,37.62309],[127.70747,37.62781],[127.71915,37.6332],[127.71526,37.63801],[127.7152,37.64654],[127.71922,37.65565],[127.71341,37.66398],[127.71358,37.67184],[127.72502,37.68818],[127.72292,37.69859],[127.71965,37.70656],[127.71233,37.70366],[127.70654,37.70458],[127.70114,37.70263],[127.69838,37.7055],[127.69856,37.71673],[127.68855,37.71608],[127.68424,37.71997],[127.67738,37.71779],[127.68032,37.70808],[127.68392,37.70737],[127.6843,37.70193],[127.67821,37.69515],[127.65917,37.69997],[127.65096,37.69721],[127.65186,37.68833],[127.64966,37.68074],[127.64278,37.67974],[127.64128,37.68398],[127.64163,37.69195]]]},"properties":{"key":"강원특별자치도|홍천군|서면","code":"5172037000"}},{"type":"Feature","geometry":{"type":"Polygon","coordinates":[[[127.85466,37.83463],[127.84846,37.83545],[127.83204,37.84297],[127.82257,37.84577],[127.81527,37.84048],[127.81388,37.83374],[127.81769,37.82782],[127.82531,37.82356],[127.82769,37.81914],[127.82509,37.81535],[127.8253,37.81046],[127.82711,37.80908],[127.82487,37.79823],[127.83178,37.79285],[127.84322,37.78962],[127.84447,37.78303],[127.85183,37.77708],[127.85723,37.76788],[127.85455,37.7632],[127.84789,37.75806],[127.8385,37.7546],[127.84619,37.75145],[127.84133,37.74634],[127.8364,37.7448],[127.83089,37.73982],[127.81628,37.74843],[127.80329,37.74387],[127.79964,37.73493],[127.78775,37.7366],[127.78184,37.74186],[127.77624,37.74043],[127.77303,37.73659],[127.76426,37.73759],[127.75361,37.73149],[127.75075,37.73393],[127.74724,37.74148],[127.741,37.74024],[127.73067,37.73523],[127.72566,37.73202],[127.72089,37.73302],[127.71495,37.72824],[127.7103,37.72673],[127.70733,37.72116],[127.69856,37.71673],[127.69838,37.7055],[127.70114,37.70263],[127.70654,37.70458],[127.71233,37.70366],[127.71965,37.70656],[127.72292,37.69859],[127.72502,37.68818],[127.71358,37.67184],[127.71341,37.66398],[127.71922,37.65565],[127.7293,37.66352],[127.73724,37.66151],[127.75293,37.67746],[127.75188,37.69439],[127.76015,37.69611],[127.7696,37.69071],[127.76937,37.68139],[127.78304,37.67446],[127.77796,37.67049],[127.78462,37.66147],[127.79081,37.66121],[127.79692,37.654],[127.80075,37.66038],[127.80595,37.6646],[127.8052,37.67012],[127.81281,37.67215],[127.81588,37.67561],[127.81518,37.68137],[127.81969,37.6854],[127.82988,37.68568],[127.83291,37.68812],[127.8462,37.6839],[127.85369,37.67904],[127.86162,37.68047],[127.87377,37.68924],[127.87419,37.69877],[127.87598,37.70268],[127.87418,37.70759],[127.88124,37.7142],[127.88228,37.7278],[127.88725,37.73045],[127.89169,37.74357],[127.89477,37.74556],[127.90333,37.74624],[127.90398,37.74857],[127.90015,37.75834],[127.90267,37.76407],[127.89952,37.77209],[127.89125,37.77355],[127.89049,37.77784],[127.87857,37.78186],[127.88088,37.78831],[127.87932,37.79694],[127.87474,37.79912],[127.87572,37.80991],[127.87316,37.81301],[127.86469,37.81536],[127.86062,37.82348],[127.85635,37.82617],[127.85466,37.83463]]]},"properties":{"key":"강원특별자치도|홍천군|북방면","code":"5172038000"}},{"type":"Feature","geometry":{"type":"Polygon","coordinates":[[[128.5669,37.87567],[128.55999,37.87548],[128.55549,37.88144],[128.54384,37.88698],[128.5395,37.89116],[128.53089,37.88894],[128.52615,37.88295],[128.51881,37.88083],[128.51135,37.8805],[128.5046,37.88711],[128.49834,37.8852],[128.49508,37.88757],[128.48172,37.89311],[128.4755,37.8855],[128.471,37.88655],[128.46649,37.88188],[128.45848,37.87953],[128.44771,37.8723],[128.44425,37.8646],[128.43574,37.86412],[128.43171,37.86658],[128.42938,37.87275],[128.41255,37.88487],[128.41296,37.88011],[128.41018,37.8726],[128.40532,37.8702],[128.40097,37.86188],[128.3966,37.86244],[128.39048,37.85877],[128.38209,37.85861],[128.37835,37.85261],[128.36627,37.84719],[128.3639,37.84022],[128.3674,37.83793],[128.36445,37.83323],[128.35356,37.83069],[128.34777,37.82612],[128.34187,37.82583],[128.33328,37.82952],[128.32846,37.83394],[128.31946,37.83111],[128.31327,37.83974],[128.30743,37.84342],[128.30723,37.85141],[128.30525,37.85775],[128.29372,37.86991],[128.28748,37.86507],[128.28489,37.86643],[128.27558,37.86468],[128.27283,37.86088],[128.26765,37.86098],[128.26135,37.8563],[128.25958,37.84757],[128.25693,37.84454],[128.25411,37.83634],[128.24228,37.83133],[128.23768,37.82402],[128.22867,37.82174],[128.21897,37.81706],[128.21439,37.81206],[128.21632,37.81151],[128.2177,37.80175],[128.21962,37.79874],[128.21809,37.79321],[128.21853,37.78627],[128.23014,37.78725],[128.23587,37.78649],[128.23718,37.78031],[128.23523,37.77683],[128.23922,37.77201],[128.23995,37.76753],[128.24631,37.76443],[128.24866,37.75833],[128.25504,37.75311],[128.26888,37.75372],[128.27386,37.7571],[128.28807,37.7492],[128.29357,37.75051],[128.30766,37.74861],[128.31245,37.74272],[128.31876,37.72518],[128.31854,37.71707],[128.31064,37.70843],[128.31251,37.70371],[128.31453,37.70256],[128.32028,37.69107],[128.32368,37.6893],[128.33852,37.69562],[128.34747,37.69579],[128.3597,37.69911],[128.36495,37.69763],[128.37506,37.69182],[128.39589,37.69199],[128.40592,37.68856],[128.40939,37.69107],[128.4159,37.68803],[128.42522,37.69128],[128.43533,37.69229],[128.43583,37.69491],[128.44389,37.70058],[128.44626,37.71258],[128.44511,37.71751],[128.45395,37.72897],[128.45753,37.73057],[128.46659,37.72862],[128.47149,37.7334],[128.47664,37.73449],[128.48797,37.73374],[128.5095,37.7305],[128.51563,37.73234],[128.52243,37.72984],[128.52829,37.73254],[128.52431,37.74289],[128.52706,37.7522],[128.52116,37.75914],[128.52234,37.76245],[128.53237,37.77034],[128.53311,37.77976],[128.53925,37.78347],[128.54241,37.78843],[128.544,37.80016],[128.55606,37.8086],[128.56511,37.80606],[128.57084,37.80794],[128.57699,37.81702],[128.58257,37.82098],[128.58039,37.82673],[128.58131,37.83949],[128.58547,37.84706],[128.58452,37.85094],[128.58785,37.86188],[128.57376,37.86457],[128.57189,37.87042],[128.5669,37.87567]]]},"properties":{"key":"강원특별자치도|홍천군|내면","code":"5172039000"}},{"type":"Feature","geometry":{"type":"Polygon","coordinates":[[[128.04745,37.51664],[128.04596,37.51936],[128.04751,37.52634],[128.04379,37.53072],[128.04408,37.53645],[128.03257,37.5378],[128.02355,37.54674],[128.01681,37.54431],[128.01546,37.54095],[128.01556,37.53813],[128.01033,37.53128],[127.99583,37.5222],[127.99406,37.51273],[127.98614,37.50566],[127.97833,37.51169],[127.96643,37.51839],[127.9636,37.51278],[127.94035,37.51471],[127.93449,37.51636],[127.93209,37.51388],[127.9285,37.50682],[127.93914,37.50026],[127.93836,37.49624],[127.93292,37.49035],[127.93894,37.48049],[127.93763,37.47744],[127.94483,37.46322],[127.95119,37.45478],[127.95608,37.45566],[127.96431,37.45034],[127.97671,37.45865],[127.98352,37.45712],[127.98787,37.45893],[127.99258,37.45632],[128.00172,37.45714],[128.00555,37.45458],[128.00698,37.44876],[128.01531,37.44667],[128.02879,37.4505],[128.03734,37.44791],[128.04296,37.45657],[128.03769,37.46452],[128.03747,37.4737],[128.04235,37.47714],[128.04802,37.48998],[128.04426,37.49276],[128.04757,37.50018],[128.04809,37.50762],[128.04561,37.51453],[128.04745,37.51664]]]},"properties":{"key":"강원특별자치도|횡성군|횡성읍","code":"5173025000"}},{"type":"Feature","geometry":{"type":"Polygon","coordinates":[[[128.1397,37.52139],[128.14089,37.52495],[128.13414,37.53002],[128.12568,37.53185],[128.12142,37.52798],[128.11398,37.53108],[128.10561,37.52174],[128.10163,37.51989],[128.09077,37.52037],[128.08415,37.5257],[128.08048,37.52491],[128.07862,37.5183],[128.07267,37.5176],[128.07078,37.52071],[128.0599,37.521],[128.05086,37.51973],[128.04745,37.51664],[128.04561,37.51453],[128.04809,37.50762],[128.04757,37.50018],[128.04426,37.49276],[128.04802,37.48998],[128.04235,37.47714],[128.03747,37.4737],[128.03769,37.46452],[128.04296,37.45657],[128.03734,37.44791],[128.04185,37.44553],[128.05462,37.44538],[128.06073,37.44715],[128.06405,37.44274],[128.06381,37.43765],[128.06968,37.43626],[128.08048,37.42838],[128.08686,37.41713],[128.09438,37.41212],[128.09679,37.40621],[128.09697,37.40608],[128.10926,37.40535],[128.11488,37.40982],[128.11334,37.41462],[128.11607,37.41791],[128.12524,37.42029],[128.12298,37.42675],[128.12647,37.42919],[128.13,37.436],[128.13663,37.43724],[128.14148,37.4429],[128.13951,37.44985],[128.14065,37.45465],[128.12742,37.45978],[128.12104,37.4636],[128.12066,37.47194],[128.13255,37.47015],[128.1324,37.47548],[128.14115,37.47723],[128.14581,37.48066],[128.15136,37.47706],[128.15748,37.48123],[128.16092,37.48585],[128.15161,37.49823],[128.14776,37.496],[128.14256,37.49769],[128.14626,37.50234],[128.14624,37.50728],[128.13844,37.51355],[128.1397,37.52139]]]},"properties":{"key":"강원특별자치도|횡성군|우천면","code":"5173031000"}},{"type":"Feature","geometry":{"type":"Polygon","coordinates":[[[128.15136,37.47706],[128.14581,37.48066],[128.14115,37.47723],[128.1324,37.47548],[128.13255,37.47015],[128.12066,37.47194],[128.12104,37.4636],[128.12742,37.45978],[128.14065,37.45465],[128.13951,37.44985],[128.14148,37.4429],[128.13663,37.43724],[128.13,37.436],[128.12647,37.42919],[128.12298,37.42675],[128.12524,37.42029],[128.11607,37.41791],[128.11334,37.41462],[128.11488,37.40982],[128.10926,37.40535],[128.09697,37.40608],[128.10088,37.39798],[128.11117,37.3917],[128.12042,37.39023],[128.12508,37.39256],[128.1374,37.38331],[128.14133,37.38172],[128.15327,37.38394],[128.159,37.3839],[128.16635,37.37658],[128.17296,37.37752],[128.17976,37.38065],[128.17983,37.38794],[128.18787,37.3924],[128.19385,37.39024],[128.20089,37.39081],[128.20928,37.39497],[128.21645,37.39259],[128.22122,37.39409],[128.22892,37.38999],[128.23637,37.38812],[128.24576,37.39375],[128.25484,37.39347],[128.25877,37.40208],[128.26564,37.40799],[128.25912,37.41667],[128.25819,37.4228],[128.25442,37.42895],[128.2579,37.43671],[128.24761,37.44579],[128.24561,37.4547],[128.24024,37.4554],[128.23152,37.45242],[128.22556,37.45433],[128.21807,37.45403],[128.20097,37.44881],[128.19245,37.45047],[128.18297,37.45516],[128.18065,37.46528],[128.18225,37.46921],[128.17461,37.47598],[128.17044,37.47659],[128.15875,37.47094],[128.15142,37.47156],[128.15136,37.47706]]]},"properties":{"key":"강원특별자치도|횡성군|안흥면","code":"5173032000"}},{"type":"Feature","geometry":{"type":"Polygon","coordinates":[[[128.29921,37.51158],[128.29765,37.51878],[128.30151,37.52503],[128.3024,37.53102],[128.29991,37.53454],[128.30212,37.53795],[128.29467,37.54548],[128.29829,37.55498],[128.29473,37.56901],[128.29112,37.57392],[128.28459,37.57837],[128.28577,37.58308],[128.27946,37.59571],[128.28556,37.60246],[128.28059,37.60521],[128.27918,37.61417],[128.28308,37.61963],[128.27618,37.61971],[128.26532,37.62488],[128.2566,37.62512],[128.25477,37.62946],[128.25345,37.62773],[128.25648,37.61746],[128.25495,37.60972],[128.24782,37.5984],[128.24684,37.59278],[128.25507,37.59751],[128.25551,37.59],[128.25887,37.58644],[128.2508,37.58204],[128.24388,37.58095],[128.23345,37.58234],[128.22806,37.57032],[128.22264,37.5707],[128.21886,37.56644],[128.21626,37.55566],[128.20815,37.55074],[128.20941,37.54362],[128.20642,37.54009],[128.19812,37.53465],[128.19213,37.53286],[128.19143,37.52659],[128.19471,37.51893],[128.18624,37.51229],[128.18487,37.50768],[128.17128,37.50623],[128.15715,37.51165],[128.15569,37.51055],[128.1433,37.51585],[128.1397,37.52139],[128.13844,37.51355],[128.14624,37.50728],[128.14626,37.50234],[128.14256,37.49769],[128.14776,37.496],[128.15161,37.49823],[128.16092,37.48585],[128.15748,37.48123],[128.15136,37.47706],[128.15142,37.47156],[128.15875,37.47094],[128.17044,37.47659],[128.17461,37.47598],[128.18225,37.46921],[128.18065,37.46528],[128.18297,37.45516],[128.19245,37.45047],[128.20097,37.44881],[128.21807,37.45403],[128.22556,37.45433],[128.23152,37.45242],[128.24024,37.4554],[128.24561,37.4547],[128.2471,37.45972],[128.2446,37.46628],[128.2456,37.4773],[128.26426,37.48493],[128.26847,37.49225],[128.27892,37.50282],[128.28608,37.50732],[128.29102,37.50787],[128.29421,37.51177],[128.29921,37.51158]]]},"properties":{"key":"강원특별자치도|횡성군|둔내면","code":"5173033000"}},{"type":"Feature","geometry":{"type":"Polygon","coordinates":[[[128.10152,37.65059],[128.09353,37.65319],[128.07856,37.65171],[128.07538,37.64454],[128.06736,37.64148],[128.06741,37.63614],[128.05239,37.63096],[128.05416,37.62797],[128.04232,37.6181],[128.03724,37.61021],[128.0302,37.59605],[128.02474,37.59387],[128.02271,37.58921],[128.02738,37.58437],[128.02217,37.58015],[128.02164,37.57639],[128.01728,37.57426],[128.01124,37.55902],[128.01615,37.5507],[128.01413,37.54887],[128.01546,37.54095],[128.01681,37.54431],[128.02355,37.54674],[128.03257,37.5378],[128.04408,37.53645],[128.04379,37.53072],[128.04751,37.52634],[128.04596,37.51936],[128.04745,37.51664],[128.05086,37.51973],[128.0599,37.521],[128.07078,37.52071],[128.07267,37.5176],[128.07862,37.5183],[128.08048,37.52491],[128.08415,37.5257],[128.09077,37.52037],[128.10163,37.51989],[128.10561,37.52174],[128.11398,37.53108],[128.12142,37.52798],[128.12568,37.53185],[128.13414,37.53002],[128.14089,37.52495],[128.1397,37.52139],[128.1433,37.51585],[128.15569,37.51055],[128.15715,37.51165],[128.17128,37.50623],[128.18487,37.50768],[128.18624,37.51229],[128.19471,37.51893],[128.19143,37.52659],[128.19213,37.53286],[128.19352,37.53618],[128.17753,37.54191],[128.16415,37.55299],[128.15544,37.55814],[128.15016,37.55794],[128.14761,37.5528],[128.14003,37.55052],[128.13135,37.55622],[128.12281,37.56335],[128.12222,37.56846],[128.11413,37.57346],[128.1122,37.58087],[128.11504,37.59444],[128.1201,37.59603],[128.11984,37.6009],[128.11317,37.6084],[128.11471,37.61909],[128.10303,37.62367],[128.09804,37.62867],[128.09814,37.63607],[128.10029,37.64073],[128.09761,37.64422],[128.10152,37.65059]]]},"properties":{"key":"강원특별자치도|횡성군|갑천면","code":"5173034000"}},{"type":"Feature","geometry":{"type":"Polygon","coordinates":[[[128.25345,37.62773],[128.24704,37.62507],[128.23362,37.62538],[128.22595,37.6273],[128.22345,37.6359],[128.21981,37.64107],[128.21518,37.64305],[128.20432,37.6506],[128.19918,37.65112],[128.19046,37.64642],[128.18087,37.65352],[128.17412,37.65574],[128.16503,37.66078],[128.16436,37.66443],[128.15221,37.65986],[128.14585,37.67307],[128.13923,37.67503],[128.13663,37.68111],[128.12963,37.67844],[128.1178,37.67741],[128.11219,37.67189],[128.11175,37.66598],[128.10567,37.66061],[128.11194,37.65364],[128.10958,37.65119],[128.10152,37.65059],[128.09761,37.64422],[128.10029,37.64073],[128.09814,37.63607],[128.09804,37.62867],[128.10303,37.62367],[128.11471,37.61909],[128.11317,37.6084],[128.11984,37.6009],[128.1201,37.59603],[128.11504,37.59444],[128.1122,37.58087],[128.11413,37.57346],[128.12222,37.56846],[128.12281,37.56335],[128.13135,37.55622],[128.14003,37.55052],[128.14761,37.5528],[128.15016,37.55794],[128.15544,37.55814],[128.16415,37.55299],[128.17753,37.54191],[128.19352,37.53618],[128.19213,37.53286],[128.19812,37.53465],[128.20642,37.54009],[128.20941,37.54362],[128.20815,37.55074],[128.21626,37.55566],[128.21886,37.56644],[128.22264,37.5707],[128.22806,37.57032],[128.23345,37.58234],[128.24388,37.58095],[128.2508,37.58204],[128.25887,37.58644],[128.25551,37.59],[128.25507,37.59751],[128.24684,37.59278],[128.24782,37.5984],[128.25495,37.60972],[128.25648,37.61746],[128.25345,37.62773]]]},"properties":{"key":"강원특별자치도|횡성군|청일면","code":"5173035000"}},{"type":"Feature","geometry":{"type":"Polygon","coordinates":[[[128.05239,37.63096],[128.04796,37.6277],[128.03537,37.6244],[128.02125,37.61437],[128.01448,37.61424],[128.0125,37.61801],[128.01189,37.62657],[127.99872,37.62625],[127.98214,37.63087],[127.97406,37.63772],[127.97049,37.63675],[127.96757,37.62713],[127.95994,37.62591],[127.95052,37.61079],[127.9454,37.60899],[127.93308,37.60994],[127.92679,37.60446],[127.92232,37.60564],[127.91642,37.60061],[127.90987,37.60054],[127.9066,37.59804],[127.8938,37.59851],[127.89266,37.59691],[127.89339,37.58502],[127.88413,37.57509],[127.88361,37.57066],[127.87162,37.56212],[127.87199,37.55676],[127.88179,37.55526],[127.89996,37.54067],[127.89557,37.53533],[127.89703,37.52972],[127.89612,37.52306],[127.90037,37.52012],[127.9088,37.52189],[127.91317,37.52096],[127.91663,37.51534],[127.92486,37.5178],[127.93209,37.51388],[127.93449,37.51636],[127.94035,37.51471],[127.9636,37.51278],[127.96643,37.51839],[127.97833,37.51169],[127.98614,37.50566],[127.99406,37.51273],[127.99583,37.5222],[128.01033,37.53128],[128.01556,37.53813],[128.01546,37.54095],[128.01413,37.54887],[128.01615,37.5507],[128.01124,37.55902],[128.01728,37.57426],[128.02164,37.57639],[128.02217,37.58015],[128.02738,37.58437],[128.02271,37.58921],[128.02474,37.59387],[128.0302,37.59605],[128.03724,37.61021],[128.04232,37.6181],[128.05416,37.62797],[128.05239,37.63096]]]},"properties":{"key":"강원특별자치도|횡성군|공근면","code":"5173036000"}},{"type":"Feature","geometry":{"type":"Polygon","coordinates":[[[127.87199,37.55676],[127.85927,37.55742],[127.85537,37.5543],[127.84944,37.55318],[127.84644,37.5436],[127.8424,37.53902],[127.83375,37.53849],[127.82862,37.53639],[127.82193,37.53802],[127.80638,37.53501],[127.80507,37.53024],[127.79653,37.52851],[127.79675,37.52357],[127.79014,37.51906],[127.78399,37.51219],[127.78114,37.513],[127.77394,37.50609],[127.76486,37.50272],[127.75936,37.50366],[127.76033,37.49234],[127.76588,37.49305],[127.77448,37.49165],[127.7806,37.48818],[127.78205,37.48165],[127.78784,37.47605],[127.80063,37.47014],[127.79635,37.46361],[127.79955,37.45168],[127.79862,37.44238],[127.8018,37.43533],[127.81104,37.43912],[127.81447,37.44263],[127.82122,37.44431],[127.83666,37.43239],[127.84158,37.43081],[127.84904,37.41075],[127.85126,37.40768],[127.84846,37.40012],[127.85134,37.3946],[127.85827,37.39974],[127.86652,37.39945],[127.86952,37.40773],[127.87095,37.41628],[127.86413,37.4244],[127.86518,37.43093],[127.86336,37.43581],[127.86598,37.44031],[127.86848,37.45081],[127.874,37.456],[127.87535,37.46602],[127.88376,37.46775],[127.88847,37.4667],[127.89338,37.4698],[127.90237,37.47202],[127.90825,37.4787],[127.90979,37.4866],[127.91913,37.49292],[127.91811,37.4972],[127.9285,37.50682],[127.93209,37.51388],[127.92486,37.5178],[127.91663,37.51534],[127.91317,37.52096],[127.9088,37.52189],[127.90037,37.52012],[127.89612,37.52306],[127.89703,37.52972],[127.89557,37.53533],[127.89996,37.54067],[127.88179,37.55526],[127.87199,37.55676]]]},"properties":{"key":"강원특별자치도|횡성군|서원면","code":"5173037000"}},{"type":"Feature","geometry":{"type":"Polygon","coordinates":[[[128.09697,37.40608],[128.09679,37.40621],[128.08449,37.40336],[128.07732,37.39907],[128.07207,37.39352],[128.07199,37.38942],[128.07529,37.38436],[128.0766,37.37612],[128.07322,37.36848],[128.06951,37.36672],[128.05102,37.36635],[128.04714,37.36342],[128.04093,37.35391],[128.04232,37.34693],[128.04144,37.34005],[128.03848,37.33277],[128.04479,37.32117],[128.05184,37.31529],[128.0571,37.3109],[128.06139,37.31161],[128.07546,37.31028],[128.07922,37.30686],[128.10001,37.30308],[128.11,37.30375],[128.11414,37.30203],[128.11774,37.30426],[128.11434,37.31016],[128.11412,37.31515],[128.11917,37.32334],[128.13158,37.32926],[128.14599,37.32242],[128.14954,37.32663],[128.15363,37.32746],[128.1582,37.32386],[128.16767,37.32158],[128.17211,37.32258],[128.17294,37.32783],[128.16779,37.33675],[128.18377,37.33937],[128.18632,37.34133],[128.18393,37.35846],[128.17799,37.37645],[128.17976,37.38065],[128.17296,37.37752],[128.16635,37.37658],[128.159,37.3839],[128.15327,37.38394],[128.14133,37.38172],[128.1374,37.38331],[128.12508,37.39256],[128.12042,37.39023],[128.11117,37.3917],[128.10088,37.39798],[128.09697,37.40608]]]},"properties":{"key":"강원특별자치도|횡성군|강림면","code":"5173038000"}},{"type":"Feature","geometry":{"type":"Polygon","coordinates":[[[128.57487,37.26899],[128.57849,37.27266],[128.57462,37.27931],[128.56621,37.27822],[128.55751,37.28814],[128.54483,37.28957],[128.54044,37.28558],[128.53404,37.2862],[128.53208,37.28991],[128.52241,37.28974],[128.51617,37.28667],[128.51003,37.28932],[128.50155,37.28948],[128.49777,37.28739],[128.49723,37.27428],[128.49591,37.27125],[128.4895,37.27003],[128.48839,37.25603],[128.48582,37.25116],[128.48882,37.24604],[128.47437,37.23952],[128.47466,37.23708],[128.46866,37.22771],[128.46086,37.22503],[128.45678,37.21569],[128.45911,37.21073],[128.45037,37.20698],[128.4378,37.20472],[128.43103,37.20716],[128.43289,37.20285],[128.42838,37.19607],[128.42762,37.18621],[128.43288,37.17785],[128.44387,37.17204],[128.44623,37.16893],[128.44347,37.15962],[128.44916,37.15335],[128.44523,37.14821],[128.44318,37.14121],[128.44725,37.1358],[128.44444,37.12285],[128.44843,37.12195],[128.4554,37.11636],[128.45084,37.11242],[128.46581,37.10986],[128.48055,37.11163],[128.48672,37.12016],[128.49015,37.12285],[128.50015,37.12711],[128.50957,37.13478],[128.52018,37.13945],[128.5222,37.14458],[128.52633,37.14814],[128.53683,37.16105],[128.54612,37.15992],[128.56476,37.16451],[128.56901,37.16237],[128.57978,37.1605],[128.5892,37.16313],[128.58485,37.17078],[128.58398,37.1801],[128.58086,37.18365],[128.58479,37.19215],[128.57957,37.19608],[128.58306,37.19974],[128.57393,37.21163],[128.57941,37.22018],[128.57477,37.22941],[128.57622,37.2462],[128.56573,37.25286],[128.56459,37.25916],[128.56794,37.27064],[128.57487,37.26899]]]},"properties":{"key":"강원특별자치도|영월군|영월읍","code":"5175025000"}},{"type":"Feature","geometry":{"type":"Polygon","coordinates":[[[128.89917,37.14794],[128.89316,37.15222],[128.89124,37.16205],[128.88223,37.16936],[128.87147,37.16746],[128.86524,37.16947],[128.84544,37.16654],[128.84016,37.16907],[128.83408,37.1758],[128.82602,37.17502],[128.82057,37.17684],[128.81161,37.17492],[128.80562,37.17183],[128.79916,37.17215],[128.78654,37.16051],[128.78373,37.15577],[128.78413,37.15016],[128.77916,37.14959],[128.77485,37.14461],[128.76582,37.15087],[128.75941,37.15115],[128.74183,37.14888],[128.73975,37.1313],[128.73065,37.12786],[128.72996,37.12414],[128.72266,37.12316],[128.71924,37.1199],[128.70775,37.11621],[128.71251,37.11022],[128.7143,37.10437],[128.72278,37.10246],[128.72789,37.09548],[128.73766,37.09466],[128.7552,37.08619],[128.76397,37.08433],[128.77322,37.08735],[128.77978,37.09232],[128.78506,37.08772],[128.79834,37.0869],[128.80287,37.08536],[128.80859,37.07753],[128.81334,37.07879],[128.82698,37.0781],[128.83253,37.07559],[128.8322,37.06778],[128.83618,37.06639],[128.84663,37.05216],[128.85721,37.04934],[128.86643,37.04834],[128.87273,37.04459],[128.8764,37.04622],[128.87757,37.05264],[128.88521,37.05099],[128.88873,37.04713],[128.89573,37.0449],[128.896,37.05522],[128.89737,37.05787],[128.90973,37.06687],[128.89946,37.06796],[128.8952,37.06418],[128.88866,37.06229],[128.88625,37.06659],[128.8763,37.07326],[128.87522,37.07922],[128.88135,37.08114],[128.88508,37.08479],[128.88873,37.09183],[128.88634,37.09786],[128.88669,37.10284],[128.87805,37.105],[128.87456,37.10873],[128.86717,37.10901],[128.87006,37.1139],[128.87442,37.11422],[128.886,37.12185],[128.88881,37.1254],[128.88664,37.13653],[128.8907,37.1441],[128.89917,37.14794]]]},"properties":{"key":"강원특별자치도|영월군|상동읍","code":"5175025300"}},{"type":"Feature","geometry":{"type":"Polygon","coordinates":[[[128.74765,37.21123],[128.73718,37.20374],[128.73157,37.19732],[128.71557,37.19553],[128.71026,37.19123],[128.70237,37.19095],[128.69449,37.18456],[128.68261,37.18511],[128.6764,37.18711],[128.66758,37.18594],[128.65594,37.18628],[128.64671,37.18261],[128.64303,37.18274],[128.63559,37.18812],[128.63579,37.19145],[128.63229,37.19954],[128.62276,37.19982],[128.61758,37.20631],[128.62223,37.21459],[128.61978,37.21832],[128.60986,37.2186],[128.59804,37.21541],[128.58815,37.22048],[128.57941,37.22018],[128.57393,37.21163],[128.58306,37.19974],[128.57957,37.19608],[128.58479,37.19215],[128.58086,37.18365],[128.58398,37.1801],[128.58485,37.17078],[128.5892,37.16313],[128.601,37.16458],[128.6192,37.16159],[128.61673,37.15232],[128.62194,37.14849],[128.63008,37.1454],[128.63203,37.14052],[128.63146,37.13229],[128.63969,37.13591],[128.64775,37.13565],[128.6608,37.14014],[128.66766,37.14471],[128.67412,37.13992],[128.67285,37.13715],[128.6795,37.13318],[128.68088,37.12451],[128.68899,37.12011],[128.69672,37.11982],[128.70201,37.11682],[128.70775,37.11621],[128.71924,37.1199],[128.72266,37.12316],[128.72996,37.12414],[128.73065,37.12786],[128.73975,37.1313],[128.74183,37.14888],[128.75941,37.15115],[128.76582,37.15087],[128.77485,37.14461],[128.77916,37.14959],[128.78413,37.15016],[128.78373,37.15577],[128.78654,37.16051],[128.79916,37.17215],[128.80562,37.17183],[128.81161,37.17492],[128.82057,37.17684],[128.81682,37.18326],[128.79908,37.19483],[128.76812,37.20331],[128.76321,37.20851],[128.7501,37.21212],[128.74765,37.21123]]]},"properties":{"key":"강원특별자치도|영월군|산솔면","code":"5175031200"}},{"type":"Feature","geometry":{"type":"Polygon","coordinates":[[[128.45287,37.33466],[128.42932,37.33994],[128.42068,37.34396],[128.40947,37.33676],[128.4122,37.33028],[128.4052,37.32361],[128.4043,37.319],[128.40633,37.31125],[128.41113,37.30886],[128.40635,37.30231],[128.40963,37.29704],[128.406,37.29408],[128.39696,37.29727],[128.38848,37.29109],[128.3797,37.28892],[128.37177,37.29157],[128.36444,37.28217],[128.36017,37.28109],[128.35516,37.27024],[128.36333,37.26415],[128.36204,37.26111],[128.36634,37.25664],[128.37164,37.25711],[128.37502,37.25467],[128.37216,37.24367],[128.38808,37.23912],[128.39787,37.23361],[128.40602,37.23008],[128.41056,37.21517],[128.41516,37.20998],[128.43103,37.20716],[128.4378,37.20472],[128.45037,37.20698],[128.45911,37.21073],[128.45678,37.21569],[128.46086,37.22503],[128.46866,37.22771],[128.47466,37.23708],[128.47437,37.23952],[128.48882,37.24604],[128.48582,37.25116],[128.48839,37.25603],[128.4895,37.27003],[128.49591,37.27125],[128.49723,37.27428],[128.49777,37.28739],[128.50155,37.28948],[128.49823,37.30218],[128.48,37.3029],[128.47346,37.3062],[128.46468,37.30658],[128.46179,37.31242],[128.46497,37.31894],[128.46328,37.32344],[128.45287,37.33466]]]},"properties":{"key":"강원특별자치도|영월군|북면","code":"5175033000"}},{"type":"Feature","geometry":{"type":"Polygon","coordinates":[[[128.43103,37.20716],[128.41516,37.20998],[128.41056,37.21517],[128.40602,37.23008],[128.39787,37.23361],[128.38652,37.22698],[128.38647,37.22156],[128.37756,37.2108],[128.37405,37.20236],[128.37683,37.19635],[128.38182,37.19407],[128.3789,37.18776],[128.36994,37.18157],[128.35866,37.18303],[128.35125,37.18548],[128.34738,37.18353],[128.34945,37.17749],[128.34546,37.17196],[128.33552,37.16822],[128.33145,37.16363],[128.32733,37.16606],[128.31726,37.16241],[128.31407,37.16725],[128.2997,37.17085],[128.29818,37.1723],[128.2906,37.17011],[128.27629,37.17205],[128.26976,37.16406],[128.26473,37.16055],[128.26626,37.15611],[128.27185,37.15131],[128.2725,37.1484],[128.2799,37.1426],[128.28451,37.1426],[128.29827,37.13418],[128.30434,37.13723],[128.31148,37.14538],[128.33061,37.15034],[128.33698,37.15787],[128.34331,37.15431],[128.35033,37.15793],[128.3598,37.15004],[128.36384,37.15519],[128.3771,37.15164],[128.38437,37.15818],[128.39255,37.15346],[128.40101,37.14638],[128.40359,37.13962],[128.40162,37.13479],[128.396,37.12892],[128.40643,37.12683],[128.41071,37.12244],[128.41798,37.12021],[128.42252,37.11304],[128.42313,37.10336],[128.43033,37.10414],[128.43051,37.10734],[128.43794,37.11112],[128.44533,37.10745],[128.45084,37.11242],[128.4554,37.11636],[128.44843,37.12195],[128.44444,37.12285],[128.44725,37.1358],[128.44318,37.14121],[128.44523,37.14821],[128.44916,37.15335],[128.44347,37.15962],[128.44623,37.16893],[128.44387,37.17204],[128.43288,37.17785],[128.42762,37.18621],[128.42838,37.19607],[128.43289,37.20285],[128.43103,37.20716]]]},"properties":{"key":"강원특별자치도|영월군|남면","code":"5175034000"}},{"type":"Feature","geometry":{"type":"Polygon","coordinates":[[[128.37177,37.29157],[128.36855,37.2991],[128.36356,37.29998],[128.35799,37.30856],[128.34996,37.30931],[128.34102,37.30735],[128.33213,37.3037],[128.32971,37.31173],[128.32274,37.3198],[128.32405,37.32747],[128.32116,37.33935],[128.32161,37.34823],[128.31691,37.35411],[128.31857,37.36414],[128.32371,37.37287],[128.32455,37.3786],[128.3171,37.37815],[128.31293,37.38297],[128.30314,37.38921],[128.29765,37.38915],[128.29454,37.37997],[128.29615,37.36719],[128.29487,37.35573],[128.29202,37.35025],[128.29564,37.34499],[128.29659,37.33605],[128.2906,37.32865],[128.29162,37.3251],[128.29715,37.32081],[128.2966,37.31141],[128.29846,37.30589],[128.30038,37.29216],[128.30236,37.28917],[128.29648,37.28441],[128.28935,37.28593],[128.2843,37.28347],[128.26968,37.27949],[128.26429,37.28689],[128.25842,37.28405],[128.24792,37.28541],[128.24041,37.29078],[128.23425,37.29757],[128.22594,37.30163],[128.21191,37.30106],[128.20053,37.3029],[128.19789,37.29889],[128.20395,37.29701],[128.2042,37.29009],[128.21472,37.28721],[128.21721,37.28362],[128.21755,37.27764],[128.21205,37.27448],[128.2107,37.27029],[128.21152,37.26116],[128.20644,37.2515],[128.20123,37.24882],[128.20794,37.24892],[128.21525,37.24194],[128.21953,37.24052],[128.22434,37.233],[128.23222,37.22655],[128.23735,37.22931],[128.24214,37.22645],[128.25029,37.22948],[128.25358,37.22634],[128.25884,37.21569],[128.26902,37.20805],[128.28131,37.20962],[128.28827,37.21502],[128.30148,37.21699],[128.30356,37.22846],[128.31224,37.23232],[128.31052,37.24119],[128.30752,37.24446],[128.31134,37.25506],[128.30375,37.26315],[128.30014,37.27097],[128.30263,37.2762],[128.31311,37.27733],[128.32331,37.27449],[128.33677,37.28212],[128.34274,37.28983],[128.34877,37.28948],[128.36017,37.28109],[128.36444,37.28217],[128.37177,37.29157]]]},"properties":{"key":"강원특별자치도|영월군|주천면","code":"5175036000"}},{"type":"Feature","geometry":{"type":"Polygon","coordinates":[[[128.29422,37.40063],[128.28109,37.40682],[128.26564,37.40799],[128.25877,37.40208],[128.25484,37.39347],[128.24576,37.39375],[128.23637,37.38812],[128.22892,37.38999],[128.22122,37.39409],[128.21645,37.39259],[128.20928,37.39497],[128.20089,37.39081],[128.19385,37.39024],[128.18787,37.3924],[128.17983,37.38794],[128.17976,37.38065],[128.17799,37.37645],[128.18393,37.35846],[128.18632,37.34133],[128.18377,37.33937],[128.16779,37.33675],[128.17294,37.32783],[128.17211,37.32258],[128.16767,37.32158],[128.1582,37.32386],[128.15363,37.32746],[128.14954,37.32663],[128.14599,37.32242],[128.13158,37.32926],[128.11917,37.32334],[128.11412,37.31515],[128.11434,37.31016],[128.11774,37.30426],[128.11414,37.30203],[128.11306,37.29421],[128.11637,37.28252],[128.12005,37.28136],[128.12169,37.27596],[128.12816,37.27587],[128.13125,37.27832],[128.13842,37.27758],[128.14781,37.27458],[128.17001,37.27781],[128.18421,37.28481],[128.17946,37.28777],[128.17905,37.29157],[128.18598,37.29225],[128.1978,37.2962],[128.2042,37.29009],[128.20395,37.29701],[128.19789,37.29889],[128.20053,37.3029],[128.21191,37.30106],[128.22594,37.30163],[128.23425,37.29757],[128.24041,37.29078],[128.24792,37.28541],[128.25842,37.28405],[128.26429,37.28689],[128.26968,37.27949],[128.2843,37.28347],[128.28935,37.28593],[128.29648,37.28441],[128.30236,37.28917],[128.30038,37.29216],[128.29846,37.30589],[128.2966,37.31141],[128.29715,37.32081],[128.29162,37.3251],[128.2906,37.32865],[128.29659,37.33605],[128.29564,37.34499],[128.29202,37.35025],[128.29487,37.35573],[128.29615,37.36719],[128.29454,37.37997],[128.29765,37.38915],[128.29357,37.39679],[128.29422,37.40063]]]},"properties":{"key":"강원특별자치도|영월군|무릉도원면","code":"5175038000"}},{"type":"Feature","geometry":{"type":"Polygon","coordinates":[[[128.70775,37.11621],[128.70201,37.11682],[128.69672,37.11982],[128.68899,37.12011],[128.68088,37.12451],[128.6795,37.13318],[128.67285,37.13715],[128.67412,37.13992],[128.66766,37.14471],[128.6608,37.14014],[128.64775,37.13565],[128.63969,37.13591],[128.63146,37.13229],[128.63203,37.14052],[128.63008,37.1454],[128.62194,37.14849],[128.61673,37.15232],[128.6192,37.16159],[128.601,37.16458],[128.5892,37.16313],[128.57978,37.1605],[128.56901,37.16237],[128.56476,37.16451],[128.54612,37.15992],[128.53683,37.16105],[128.52633,37.14814],[128.5222,37.14458],[128.52018,37.13945],[128.50957,37.13478],[128.50015,37.12711],[128.49015,37.12285],[128.50082,37.12009],[128.51264,37.11332],[128.51477,37.10333],[128.52225,37.10337],[128.53413,37.09885],[128.53797,37.09004],[128.54839,37.08733],[128.55518,37.08683],[128.56213,37.09036],[128.57404,37.08466],[128.58648,37.08136],[128.59166,37.07821],[128.59959,37.08296],[128.60594,37.07662],[128.62276,37.08713],[128.62808,37.08138],[128.6283,37.07498],[128.63368,37.07183],[128.64276,37.07054],[128.65223,37.06546],[128.65749,37.06108],[128.67541,37.05877],[128.68374,37.05164],[128.68867,37.05307],[128.70071,37.041],[128.70894,37.03923],[128.71248,37.04252],[128.7186,37.04396],[128.73474,37.04014],[128.75137,37.02832],[128.75453,37.03204],[128.76172,37.03523],[128.76084,37.04347],[128.75251,37.05451],[128.75202,37.05754],[128.75707,37.07006],[128.76501,37.06399],[128.76853,37.06847],[128.76866,37.07242],[128.77752,37.08304],[128.77322,37.08735],[128.76397,37.08433],[128.7552,37.08619],[128.73766,37.09466],[128.72789,37.09548],[128.72278,37.10246],[128.7143,37.10437],[128.71251,37.11022],[128.70775,37.11621]]]},"properties":{"key":"강원특별자치도|영월군|김삿갓면","code":"5175032500"}},{"type":"Feature","geometry":{"type":"Polygon","coordinates":[[[128.36017,37.28109],[128.34877,37.28948],[128.34274,37.28983],[128.33677,37.28212],[128.32331,37.27449],[128.31311,37.27733],[128.30263,37.2762],[128.30014,37.27097],[128.30375,37.26315],[128.31134,37.25506],[128.30752,37.24446],[128.31052,37.24119],[128.31224,37.23232],[128.30356,37.22846],[128.30148,37.21699],[128.30856,37.21692],[128.31662,37.22341],[128.32047,37.21936],[128.3305,37.21654],[128.33124,37.2128],[128.32744,37.19875],[128.32158,37.19593],[128.31332,37.19674],[128.31408,37.18993],[128.3084,37.18637],[128.30222,37.18612],[128.29592,37.18306],[128.29818,37.1723],[128.2997,37.17085],[128.31407,37.16725],[128.31726,37.16241],[128.32733,37.16606],[128.33145,37.16363],[128.33552,37.16822],[128.34546,37.17196],[128.34945,37.17749],[128.34738,37.18353],[128.35125,37.18548],[128.35866,37.18303],[128.36994,37.18157],[128.3789,37.18776],[128.38182,37.19407],[128.37683,37.19635],[128.37405,37.20236],[128.37756,37.2108],[128.38647,37.22156],[128.38652,37.22698],[128.39787,37.23361],[128.38808,37.23912],[128.37216,37.24367],[128.37502,37.25467],[128.37164,37.25711],[128.36634,37.25664],[128.36204,37.26111],[128.36333,37.26415],[128.35516,37.27024],[128.36017,37.28109]]]},"properties":{"key":"강원특별자치도|영월군|한반도면","code":"5175035500"}},{"type":"Feature","geometry":{"type":"Polygon","coordinates":[[[128.50638,37.41858],[128.49222,37.42438],[128.48538,37.42518],[128.48022,37.42843],[128.47514,37.42593],[128.46831,37.42672],[128.46514,37.42487],[128.4487,37.42791],[128.44429,37.42622],[128.43833,37.41425],[128.43269,37.41463],[128.42903,37.41806],[128.41595,37.42091],[128.40713,37.41512],[128.39978,37.41413],[128.39176,37.42013],[128.38228,37.42554],[128.37705,37.42549],[128.37019,37.4284],[128.35891,37.42558],[128.35474,37.42654],[128.33691,37.4239],[128.33,37.41696],[128.33207,37.41267],[128.31599,37.4119],[128.29422,37.40063],[128.29357,37.39679],[128.29765,37.38915],[128.30314,37.38921],[128.31293,37.38297],[128.3171,37.37815],[128.32455,37.3786],[128.32371,37.37287],[128.31857,37.36414],[128.31691,37.35411],[128.32161,37.34823],[128.32116,37.33935],[128.32405,37.32747],[128.32274,37.3198],[128.32971,37.31173],[128.33213,37.3037],[128.34102,37.30735],[128.34996,37.30931],[128.35799,37.30856],[128.36356,37.29998],[128.36855,37.2991],[128.37177,37.29157],[128.3797,37.28892],[128.38848,37.29109],[128.39696,37.29727],[128.406,37.29408],[128.40963,37.29704],[128.40635,37.30231],[128.41113,37.30886],[128.40633,37.31125],[128.4043,37.319],[128.4052,37.32361],[128.4122,37.33028],[128.40947,37.33676],[128.42068,37.34396],[128.42932,37.33994],[128.45287,37.33466],[128.45937,37.34606],[128.46304,37.34742],[128.46146,37.36124],[128.46677,37.37083],[128.468,37.38163],[128.46589,37.38552],[128.47467,37.39466],[128.48745,37.40494],[128.49575,37.40295],[128.50362,37.40916],[128.50837,37.41112],[128.50638,37.41858]]]},"properties":{"key":"강원특별자치도|평창군|평창읍","code":"5176025000"}},{"type":"Feature","geometry":{"type":"Polygon","coordinates":[[[128.58459,37.31051],[128.57708,37.31703],[128.57326,37.32454],[128.57003,37.32626],[128.56944,37.33631],[128.56634,37.33985],[128.56617,37.3452],[128.55667,37.35271],[128.54729,37.3547],[128.55266,37.36079],[128.55336,37.36946],[128.55049,37.37526],[128.54563,37.37944],[128.54475,37.38434],[128.54029,37.39283],[128.53895,37.3996],[128.53053,37.39992],[128.51265,37.40547],[128.50837,37.41112],[128.50362,37.40916],[128.49575,37.40295],[128.48745,37.40494],[128.47467,37.39466],[128.46589,37.38552],[128.468,37.38163],[128.46677,37.37083],[128.46146,37.36124],[128.46304,37.34742],[128.45937,37.34606],[128.45287,37.33466],[128.46328,37.32344],[128.46497,37.31894],[128.46179,37.31242],[128.46468,37.30658],[128.47346,37.3062],[128.48,37.3029],[128.49823,37.30218],[128.50155,37.28948],[128.51003,37.28932],[128.51617,37.28667],[128.52241,37.28974],[128.53208,37.28991],[128.53404,37.2862],[128.54044,37.28558],[128.54483,37.28957],[128.55751,37.28814],[128.56621,37.27822],[128.57462,37.27931],[128.57849,37.27266],[128.57487,37.26899],[128.58151,37.26781],[128.585,37.27468],[128.59272,37.27932],[128.59578,37.2831],[128.58737,37.29265],[128.58276,37.29442],[128.57966,37.29866],[128.58459,37.30563],[128.58459,37.31051]]]},"properties":{"key":"강원특별자치도|평창군|미탄면","code":"5176031000"}},{"type":"Feature","geometry":{"type":"Polygon","coordinates":[[[128.29921,37.51158],[128.29421,37.51177],[128.29102,37.50787],[128.28608,37.50732],[128.27892,37.50282],[128.26847,37.49225],[128.26426,37.48493],[128.2456,37.4773],[128.2446,37.46628],[128.2471,37.45972],[128.24561,37.4547],[128.24761,37.44579],[128.2579,37.43671],[128.25442,37.42895],[128.25819,37.4228],[128.25912,37.41667],[128.26564,37.40799],[128.28109,37.40682],[128.29422,37.40063],[128.31599,37.4119],[128.33207,37.41267],[128.33,37.41696],[128.33691,37.4239],[128.35474,37.42654],[128.35891,37.42558],[128.37019,37.4284],[128.37705,37.42549],[128.38228,37.42554],[128.39176,37.42013],[128.39978,37.41413],[128.40713,37.41512],[128.41595,37.42091],[128.42903,37.41806],[128.43269,37.41463],[128.43833,37.41425],[128.44429,37.42622],[128.4487,37.42791],[128.446,37.43265],[128.44524,37.44067],[128.4391,37.44625],[128.42753,37.45253],[128.42015,37.45254],[128.41266,37.44624],[128.40009,37.4515],[128.39586,37.4505],[128.38958,37.45288],[128.38672,37.4566],[128.376,37.45838],[128.37239,37.45723],[128.36546,37.46485],[128.35993,37.46725],[128.36126,37.47272],[128.35632,37.4768],[128.35337,37.48304],[128.35334,37.48832],[128.34485,37.4915],[128.34078,37.49947],[128.33774,37.49966],[128.32264,37.50528],[128.3102,37.51107],[128.29921,37.51158]]]},"properties":{"key":"강원특별자치도|평창군|방림면","code":"5176032000"}},{"type":"Feature","geometry":{"type":"Polygon","coordinates":[[[128.5243,37.46355],[128.51863,37.47149],[128.50747,37.47108],[128.50161,37.47648],[128.49928,37.48123],[128.49363,37.48357],[128.49446,37.48975],[128.49806,37.49383],[128.50058,37.50368],[128.50993,37.51043],[128.50531,37.52065],[128.51459,37.53273],[128.51551,37.5406],[128.50886,37.5516],[128.51024,37.5574],[128.50614,37.56389],[128.5045,37.57259],[128.49934,37.57982],[128.50235,37.58542],[128.49776,37.59033],[128.49229,37.59133],[128.47918,37.58385],[128.47728,37.57999],[128.46154,37.58265],[128.45835,37.58063],[128.45889,37.56633],[128.45271,37.55865],[128.44156,37.55486],[128.43727,37.5561],[128.42217,37.55183],[128.41791,37.54195],[128.42467,37.52831],[128.42265,37.52043],[128.4116,37.52039],[128.4075,37.52342],[128.39612,37.52654],[128.39684,37.52116],[128.38527,37.51815],[128.37964,37.52024],[128.36411,37.5219],[128.35775,37.51945],[128.35088,37.51898],[128.34524,37.51488],[128.34523,37.50777],[128.34903,37.50282],[128.34078,37.49947],[128.34485,37.4915],[128.35334,37.48832],[128.35337,37.48304],[128.35632,37.4768],[128.36126,37.47272],[128.35993,37.46725],[128.36546,37.46485],[128.37239,37.45723],[128.376,37.45838],[128.38672,37.4566],[128.38958,37.45288],[128.39586,37.4505],[128.40009,37.4515],[128.41266,37.44624],[128.42015,37.45254],[128.42753,37.45253],[128.4391,37.44625],[128.44524,37.44067],[128.446,37.43265],[128.4487,37.42791],[128.46514,37.42487],[128.46831,37.42672],[128.47514,37.42593],[128.48022,37.42843],[128.48538,37.42518],[128.49222,37.42438],[128.50638,37.41858],[128.51366,37.42353],[128.5133,37.42626],[128.51903,37.43444],[128.51809,37.44005],[128.51337,37.44794],[128.51322,37.45469],[128.52209,37.4603],[128.5243,37.46355]]]},"properties":{"key":"강원특별자치도|평창군|대화면","code":"5176033000"}},{"type":"Feature","geometry":{"type":"Polygon","coordinates":[[[128.43533,37.69229],[128.42522,37.69128],[128.4159,37.68803],[128.40939,37.69107],[128.40592,37.68856],[128.39589,37.69199],[128.37506,37.69182],[128.36495,37.69763],[128.3597,37.69911],[128.34747,37.69579],[128.33852,37.69562],[128.32368,37.6893],[128.32028,37.69107],[128.31453,37.70256],[128.31251,37.70371],[128.30513,37.6909],[128.29819,37.68693],[128.28693,37.67709],[128.27986,37.67209],[128.27716,37.66724],[128.27639,37.65905],[128.27204,37.65577],[128.27243,37.64202],[128.26747,37.63455],[128.25477,37.62946],[128.2566,37.62512],[128.26532,37.62488],[128.27618,37.61971],[128.28308,37.61963],[128.27918,37.61417],[128.28059,37.60521],[128.28556,37.60246],[128.27946,37.59571],[128.28577,37.58308],[128.28459,37.57837],[128.29112,37.57392],[128.29473,37.56901],[128.29829,37.55498],[128.29467,37.54548],[128.30212,37.53795],[128.29991,37.53454],[128.3024,37.53102],[128.30151,37.52503],[128.29765,37.51878],[128.29921,37.51158],[128.3102,37.51107],[128.32264,37.50528],[128.33774,37.49966],[128.34078,37.49947],[128.34903,37.50282],[128.34523,37.50777],[128.34524,37.51488],[128.35088,37.51898],[128.35775,37.51945],[128.36411,37.5219],[128.37964,37.52024],[128.38527,37.51815],[128.39684,37.52116],[128.39612,37.52654],[128.40062,37.52851],[128.39736,37.5326],[128.40045,37.53848],[128.39537,37.54059],[128.39169,37.54523],[128.39661,37.55351],[128.40022,37.5637],[128.39842,37.5661],[128.39133,37.56526],[128.38397,37.57472],[128.37484,37.57755],[128.37928,37.58233],[128.38187,37.58938],[128.38813,37.59431],[128.39902,37.59601],[128.40095,37.60254],[128.41039,37.61038],[128.41829,37.61838],[128.42222,37.62586],[128.41839,37.63635],[128.41262,37.64083],[128.42172,37.64766],[128.42296,37.6532],[128.4212,37.65871],[128.43302,37.66528],[128.44146,37.67634],[128.44202,37.68377],[128.43936,37.68967],[128.43533,37.69229]]]},"properties":{"key":"강원특별자치도|평창군|봉평면","code":"5176034000"}},{"type":"Feature","geometry":{"type":"Polygon","coordinates":[[[128.48797,37.73374],[128.47664,37.73449],[128.47149,37.7334],[128.46659,37.72862],[128.45753,37.73057],[128.45395,37.72897],[128.44511,37.71751],[128.44626,37.71258],[128.44389,37.70058],[128.43583,37.69491],[128.43533,37.69229],[128.43936,37.68967],[128.44202,37.68377],[128.44146,37.67634],[128.43302,37.66528],[128.4212,37.65871],[128.42296,37.6532],[128.42172,37.64766],[128.41262,37.64083],[128.41839,37.63635],[128.42222,37.62586],[128.41829,37.61838],[128.41039,37.61038],[128.40095,37.60254],[128.39902,37.59601],[128.38813,37.59431],[128.38187,37.58938],[128.37928,37.58233],[128.37484,37.57755],[128.38397,37.57472],[128.39133,37.56526],[128.39842,37.5661],[128.40022,37.5637],[128.39661,37.55351],[128.39169,37.54523],[128.39537,37.54059],[128.40045,37.53848],[128.39736,37.5326],[128.40062,37.52851],[128.39612,37.52654],[128.4075,37.52342],[128.4116,37.52039],[128.42265,37.52043],[128.42467,37.52831],[128.41791,37.54195],[128.42217,37.55183],[128.43727,37.5561],[128.44156,37.55486],[128.45271,37.55865],[128.45889,37.56633],[128.45835,37.58063],[128.46154,37.58265],[128.47728,37.57999],[128.47918,37.58385],[128.49229,37.59133],[128.48972,37.60462],[128.48713,37.61168],[128.49414,37.6184],[128.49612,37.62257],[128.50376,37.62981],[128.5094,37.63339],[128.51661,37.64414],[128.51326,37.65185],[128.50678,37.65564],[128.51017,37.67017],[128.50914,37.67798],[128.51095,37.68317],[128.50261,37.6874],[128.49712,37.68802],[128.49223,37.69229],[128.49281,37.7061],[128.49776,37.70888],[128.49917,37.72127],[128.4982,37.72464],[128.48797,37.73374]]]},"properties":{"key":"강원특별자치도|평창군|용평면","code":"5176035000"}},{"type":"Feature","geometry":{"type":"Polygon","coordinates":[[[128.59891,37.77411],[128.6018,37.77988],[128.60029,37.79108],[128.60105,37.80068],[128.59521,37.8101],[128.58492,37.81501],[128.58257,37.82098],[128.57699,37.81702],[128.57084,37.80794],[128.56511,37.80606],[128.55606,37.8086],[128.544,37.80016],[128.54241,37.78843],[128.53925,37.78347],[128.53311,37.77976],[128.53237,37.77034],[128.52234,37.76245],[128.52116,37.75914],[128.52706,37.7522],[128.52431,37.74289],[128.52829,37.73254],[128.52243,37.72984],[128.51563,37.73234],[128.5095,37.7305],[128.48797,37.73374],[128.4982,37.72464],[128.49917,37.72127],[128.49776,37.70888],[128.49281,37.7061],[128.49223,37.69229],[128.49712,37.68802],[128.50261,37.6874],[128.51095,37.68317],[128.50914,37.67798],[128.51017,37.67017],[128.50678,37.65564],[128.51326,37.65185],[128.51661,37.64414],[128.5094,37.63339],[128.50376,37.62981],[128.49612,37.62257],[128.49414,37.6184],[128.48713,37.61168],[128.48972,37.60462],[128.49229,37.59133],[128.49776,37.59033],[128.50235,37.58542],[128.49934,37.57982],[128.5045,37.57259],[128.50614,37.56389],[128.51024,37.5574],[128.50886,37.5516],[128.51551,37.5406],[128.51459,37.53273],[128.50531,37.52065],[128.50993,37.51043],[128.50058,37.50368],[128.49806,37.49383],[128.49446,37.48975],[128.49363,37.48357],[128.49928,37.48123],[128.50161,37.47648],[128.50747,37.47108],[128.51863,37.47149],[128.5243,37.46355],[128.54671,37.45967],[128.5533,37.45687],[128.56325,37.4613],[128.5612,37.46609],[128.56132,37.47334],[128.5578,37.4809],[128.55638,37.48865],[128.56307,37.49903],[128.57004,37.49695],[128.5717,37.4905],[128.58026,37.4905],[128.5768,37.49649],[128.57748,37.51168],[128.58015,37.51958],[128.58267,37.53324],[128.58508,37.53787],[128.58979,37.54121],[128.58762,37.54748],[128.58978,37.56052],[128.6015,37.56983],[128.61514,37.57528],[128.62537,37.5734],[128.62462,37.56792],[128.62701,37.55552],[128.63238,37.5492],[128.63249,37.54329],[128.63518,37.53945],[128.64175,37.54153],[128.64495,37.55327],[128.64836,37.5548],[128.66113,37.55545],[128.66911,37.55709],[128.674,37.55593],[128.67383,37.55883],[128.66829,37.56163],[128.66959,37.56714],[128.67888,37.56699],[128.68399,37.58976],[128.68362,37.5929],[128.6735,37.60016],[128.66995,37.60458],[128.66174,37.60457],[128.64718,37.60673],[128.64037,37.60374],[128.63408,37.60571],[128.6313,37.61226],[128.62514,37.61942],[128.61866,37.61844],[128.61349,37.62165],[128.61742,37.63933],[128.61199,37.64648],[128.61483,37.6547],[128.60587,37.66058],[128.59804,37.65752],[128.59028,37.65825],[128.58747,37.66167],[128.59543,37.66582],[128.59531,37.66863],[128.60824,37.68235],[128.60851,37.68569],[128.61505,37.69052],[128.60882,37.69464],[128.60346,37.70252],[128.6058,37.70942],[128.60717,37.73118],[128.60992,37.74179],[128.60593,37.74861],[128.59846,37.75124],[128.59717,37.75581],[128.59695,37.77043],[128.59891,37.77411]]]},"properties":{"key":"강원특별자치도|평창군|진부면","code":"5176036000"}},{"type":"Feature","geometry":{"type":"Polygon","coordinates":[[[128.71331,37.76213],[128.70762,37.76888],[128.70018,37.77103],[128.69188,37.76994],[128.68626,37.77292],[128.67699,37.77327],[128.67136,37.76722],[128.6658,37.77041],[128.65611,37.77116],[128.6433,37.77716],[128.63668,37.78247],[128.63322,37.77996],[128.62978,37.77275],[128.62323,37.76965],[128.61386,37.77043],[128.6087,37.76621],[128.6022,37.76944],[128.59891,37.77411],[128.59695,37.77043],[128.59717,37.75581],[128.59846,37.75124],[128.60593,37.74861],[128.60992,37.74179],[128.60717,37.73118],[128.6058,37.70942],[128.60346,37.70252],[128.60882,37.69464],[128.61505,37.69052],[128.60851,37.68569],[128.60824,37.68235],[128.59531,37.66863],[128.59543,37.66582],[128.58747,37.66167],[128.59028,37.65825],[128.59804,37.65752],[128.60587,37.66058],[128.61483,37.6547],[128.61199,37.64648],[128.61742,37.63933],[128.61349,37.62165],[128.61866,37.61844],[128.62514,37.61942],[128.6313,37.61226],[128.63408,37.60571],[128.64037,37.60374],[128.64718,37.60673],[128.66174,37.60457],[128.66995,37.60458],[128.6735,37.60016],[128.68362,37.5929],[128.69256,37.59238],[128.69957,37.5934],[128.7049,37.58976],[128.71196,37.58864],[128.71616,37.59367],[128.71757,37.6037],[128.7248,37.60979],[128.7366,37.61013],[128.73729,37.61381],[128.73587,37.6286],[128.72853,37.63616],[128.73344,37.6467],[128.73338,37.65397],[128.74261,37.65817],[128.74712,37.66612],[128.7538,37.66951],[128.7646,37.67181],[128.76391,37.6801],[128.76116,37.68332],[128.75876,37.6939],[128.75509,37.69804],[128.7538,37.70774],[128.74705,37.7138],[128.7444,37.72463],[128.74472,37.73209],[128.74216,37.7416],[128.73886,37.74168],[128.73231,37.74693],[128.7234,37.75009],[128.71331,37.76213]]]},"properties":{"key":"강원특별자치도|평창군|대관령면","code":"5176038000"}},{"type":"Feature","geometry":{"type":"Polygon","coordinates":[[[128.56325,37.4613],[128.5533,37.45687],[128.54671,37.45967],[128.5243,37.46355],[128.52209,37.4603],[128.51322,37.45469],[128.51337,37.44794],[128.51809,37.44005],[128.51903,37.43444],[128.5133,37.42626],[128.51366,37.42353],[128.50638,37.41858],[128.50837,37.41112],[128.51265,37.40547],[128.53053,37.39992],[128.53895,37.3996],[128.54029,37.39283],[128.54475,37.38434],[128.54563,37.37944],[128.55049,37.37526],[128.55336,37.36946],[128.55266,37.36079],[128.54729,37.3547],[128.55667,37.35271],[128.56617,37.3452],[128.56634,37.33985],[128.56944,37.33631],[128.57003,37.32626],[128.57326,37.32454],[128.57708,37.31703],[128.58459,37.31051],[128.60196,37.30116],[128.61464,37.30174],[128.62932,37.29129],[128.63705,37.28722],[128.63986,37.28972],[128.64682,37.28229],[128.65733,37.28115],[128.66117,37.2849],[128.65594,37.29798],[128.65541,37.30374],[128.64725,37.31049],[128.6436,37.32001],[128.63658,37.33231],[128.63765,37.33908],[128.64457,37.34059],[128.65466,37.33971],[128.669,37.34284],[128.6722,37.3401],[128.6921,37.33778],[128.70468,37.34007],[128.71174,37.3363],[128.71596,37.33622],[128.71766,37.3409],[128.7181,37.35104],[128.72476,37.36083],[128.72941,37.36182],[128.74315,37.36044],[128.75205,37.36355],[128.75658,37.36271],[128.75953,37.36699],[128.7579,37.37213],[128.75866,37.37923],[128.75743,37.38752],[128.75287,37.39178],[128.74527,37.39481],[128.7479,37.40251],[128.74547,37.40527],[128.73519,37.40786],[128.72812,37.41249],[128.72404,37.40861],[128.71756,37.406],[128.70814,37.4081],[128.70695,37.4116],[128.69722,37.41497],[128.69064,37.41422],[128.68299,37.4086],[128.67846,37.40824],[128.67275,37.41586],[128.66848,37.41905],[128.65769,37.41979],[128.659,37.41145],[128.65625,37.40813],[128.64573,37.40936],[128.64036,37.40618],[128.63462,37.41156],[128.63497,37.41942],[128.62995,37.42748],[128.61997,37.43416],[128.60628,37.43428],[128.59892,37.43665],[128.59795,37.44435],[128.58909,37.44914],[128.58396,37.44965],[128.57207,37.45427],[128.56831,37.45944],[128.56325,37.4613]]]},"properties":{"key":"강원특별자치도|정선군|정선읍","code":"5177025000"}},{"type":"Feature","geometry":{"type":"Polygon","coordinates":[[[128.88273,37.22659],[128.87197,37.2289],[128.86389,37.22717],[128.86146,37.22475],[128.85479,37.22407],[128.84926,37.22567],[128.84524,37.22288],[128.83568,37.22417],[128.83339,37.21887],[128.82821,37.21555],[128.82225,37.19961],[128.82024,37.19799],[128.81682,37.18326],[128.82057,37.17684],[128.82602,37.17502],[128.83408,37.1758],[128.84016,37.16907],[128.84544,37.16654],[128.86524,37.16947],[128.87147,37.16746],[128.88223,37.16936],[128.89124,37.16205],[128.89316,37.15222],[128.89917,37.14794],[128.91203,37.14935],[128.91556,37.1543],[128.91761,37.1611],[128.91594,37.16856],[128.91302,37.17183],[128.91275,37.17675],[128.91536,37.18072],[128.91315,37.18516],[128.91335,37.19123],[128.91144,37.19724],[128.9152,37.20409],[128.91586,37.21144],[128.90817,37.21637],[128.90612,37.2176],[128.89795,37.21546],[128.88398,37.22207],[128.88273,37.22659]]]},"properties":{"key":"강원특별자치도|정선군|고한읍","code":"5177025300"}},{"type":"Feature","geometry":{"type":"Polygon","coordinates":[[[128.88273,37.22659],[128.88192,37.24607],[128.87442,37.24761],[128.86539,37.25123],[128.8519,37.2531],[128.84263,37.26495],[128.8424,37.26909],[128.83867,37.27644],[128.83446,37.27784],[128.82568,37.28433],[128.82,37.28652],[128.8118,37.28266],[128.80894,37.27577],[128.81275,37.27206],[128.81571,37.25904],[128.81337,37.25458],[128.80356,37.24672],[128.79551,37.22845],[128.78507,37.22421],[128.78003,37.22523],[128.77309,37.22125],[128.76613,37.21435],[128.76321,37.20851],[128.76812,37.20331],[128.79908,37.19483],[128.81682,37.18326],[128.82024,37.19799],[128.82225,37.19961],[128.82821,37.21555],[128.83339,37.21887],[128.83568,37.22417],[128.84524,37.22288],[128.84926,37.22567],[128.85479,37.22407],[128.86146,37.22475],[128.86389,37.22717],[128.87197,37.2289],[128.88273,37.22659]]]},"properties":{"key":"강원특별자치도|정선군|사북읍","code":"5177025600"}},{"type":"Feature","geometry":{"type":"Polygon","coordinates":[[[128.65733,37.28115],[128.64682,37.28229],[128.63986,37.28972],[128.63705,37.28722],[128.62932,37.29129],[128.61464,37.30174],[128.60196,37.30116],[128.58459,37.31051],[128.58459,37.30563],[128.57966,37.29866],[128.58276,37.29442],[128.58737,37.29265],[128.59578,37.2831],[128.59272,37.27932],[128.585,37.27468],[128.58151,37.26781],[128.57487,37.26899],[128.56794,37.27064],[128.56459,37.25916],[128.56573,37.25286],[128.57622,37.2462],[128.57477,37.22941],[128.57941,37.22018],[128.58815,37.22048],[128.59804,37.21541],[128.60986,37.2186],[128.61978,37.21832],[128.62223,37.21459],[128.61758,37.20631],[128.62276,37.19982],[128.63229,37.19954],[128.63579,37.19145],[128.63559,37.18812],[128.64303,37.18274],[128.64671,37.18261],[128.65594,37.18628],[128.66758,37.18594],[128.6764,37.18711],[128.68261,37.18511],[128.69449,37.18456],[128.70237,37.19095],[128.71026,37.19123],[128.71557,37.19553],[128.73157,37.19732],[128.73718,37.20374],[128.74765,37.21123],[128.73427,37.21452],[128.733,37.21796],[128.72395,37.22331],[128.71869,37.2289],[128.72364,37.23689],[128.72267,37.24633],[128.71689,37.25051],[128.70928,37.25326],[128.68375,37.25417],[128.68459,37.25998],[128.67605,37.26748],[128.67657,37.27381],[128.66359,37.27263],[128.65981,37.27063],[128.65317,37.27188],[128.65733,37.28115]]]},"properties":{"key":"강원특별자치도|정선군|신동읍","code":"5177025900"}},{"type":"Feature","geometry":{"type":"Polygon","coordinates":[[[128.71596,37.33622],[128.71174,37.3363],[128.70468,37.34007],[128.6921,37.33778],[128.6722,37.3401],[128.669,37.34284],[128.65466,37.33971],[128.64457,37.34059],[128.63765,37.33908],[128.63658,37.33231],[128.6436,37.32001],[128.64725,37.31049],[128.65541,37.30374],[128.65594,37.29798],[128.66117,37.2849],[128.65733,37.28115],[128.65317,37.27188],[128.65981,37.27063],[128.66359,37.27263],[128.67657,37.27381],[128.67605,37.26748],[128.68459,37.25998],[128.68375,37.25417],[128.70928,37.25326],[128.71689,37.25051],[128.72267,37.24633],[128.72364,37.23689],[128.71869,37.2289],[128.72395,37.22331],[128.733,37.21796],[128.73427,37.21452],[128.74765,37.21123],[128.7501,37.21212],[128.76321,37.20851],[128.76613,37.21435],[128.77309,37.22125],[128.78003,37.22523],[128.78507,37.22421],[128.79551,37.22845],[128.80356,37.24672],[128.81337,37.25458],[128.81571,37.25904],[128.81275,37.27206],[128.80894,37.27577],[128.8118,37.28266],[128.81016,37.28669],[128.79911,37.29213],[128.78774,37.29026],[128.78043,37.29062],[128.77831,37.29418],[128.77815,37.30151],[128.77134,37.30491],[128.76144,37.30486],[128.75912,37.30903],[128.74394,37.31603],[128.74107,37.32609],[128.73471,37.3342],[128.7281,37.3307],[128.71596,37.33622]]]},"properties":{"key":"강원특별자치도|정선군|남면","code":"5177032000"}},{"type":"Feature","geometry":{"type":"Polygon","coordinates":[[[128.63518,37.53945],[128.63249,37.54329],[128.63238,37.5492],[128.62701,37.55552],[128.62462,37.56792],[128.62537,37.5734],[128.61514,37.57528],[128.6015,37.56983],[128.58978,37.56052],[128.58762,37.54748],[128.58979,37.54121],[128.58508,37.53787],[128.58267,37.53324],[128.58015,37.51958],[128.57748,37.51168],[128.5768,37.49649],[128.58026,37.4905],[128.5717,37.4905],[128.57004,37.49695],[128.56307,37.49903],[128.55638,37.48865],[128.5578,37.4809],[128.56132,37.47334],[128.5612,37.46609],[128.56325,37.4613],[128.56831,37.45944],[128.57207,37.45427],[128.58396,37.44965],[128.58909,37.44914],[128.59795,37.44435],[128.59892,37.43665],[128.60628,37.43428],[128.61997,37.43416],[128.62995,37.42748],[128.63497,37.41942],[128.63462,37.41156],[128.64036,37.40618],[128.64573,37.40936],[128.65625,37.40813],[128.659,37.41145],[128.65769,37.41979],[128.66848,37.41905],[128.67275,37.41586],[128.67846,37.40824],[128.68299,37.4086],[128.69064,37.41422],[128.69722,37.41497],[128.70695,37.4116],[128.70814,37.4081],[128.71756,37.406],[128.72404,37.40861],[128.72812,37.41249],[128.71754,37.4261],[128.7108,37.42836],[128.70956,37.4327],[128.70053,37.43523],[128.69687,37.44196],[128.70293,37.44783],[128.69563,37.45881],[128.70813,37.46512],[128.70956,37.46903],[128.70593,37.47548],[128.69409,37.48041],[128.68923,37.48134],[128.68985,37.48879],[128.68575,37.49428],[128.68092,37.49575],[128.67722,37.50722],[128.66816,37.51188],[128.65763,37.51351],[128.65392,37.51207],[128.64551,37.51607],[128.64007,37.52618],[128.63458,37.52763],[128.63121,37.53152],[128.63518,37.53945]]]},"properties":{"key":"강원특별자치도|정선군|북평면","code":"5177034000"}},{"type":"Feature","geometry":{"type":"Polygon","coordinates":[[[128.97314,37.53397],[128.95909,37.54595],[128.9545,37.54127],[128.94723,37.54177],[128.94055,37.53709],[128.9315,37.53943],[128.92435,37.54693],[128.91581,37.54816],[128.91383,37.55222],[128.90566,37.55251],[128.90459,37.55571],[128.90536,37.56727],[128.89873,37.57776],[128.89957,37.58096],[128.89645,37.58674],[128.8898,37.58867],[128.88518,37.5927],[128.87806,37.5883],[128.87403,37.58961],[128.86931,37.57939],[128.86275,37.57662],[128.86405,37.56943],[128.85864,37.56041],[128.8612,37.55315],[128.86043,37.54378],[128.85504,37.53498],[128.85316,37.5237],[128.84927,37.52089],[128.84794,37.515],[128.83874,37.5117],[128.83339,37.51306],[128.82778,37.50927],[128.82139,37.50773],[128.81339,37.50317],[128.80596,37.50574],[128.79392,37.506],[128.79486,37.49978],[128.78794,37.4947],[128.7874,37.49095],[128.78303,37.48748],[128.76612,37.48289],[128.76102,37.47654],[128.76464,37.47097],[128.77269,37.47543],[128.77861,37.46478],[128.78644,37.45667],[128.78508,37.44083],[128.7865,37.43449],[128.7781,37.43188],[128.77384,37.42771],[128.76986,37.4194],[128.77121,37.41699],[128.78112,37.41341],[128.78463,37.40434],[128.79226,37.40113],[128.80026,37.40547],[128.81248,37.4031],[128.81843,37.39703],[128.82654,37.39661],[128.82702,37.38913],[128.82217,37.38412],[128.82487,37.3792],[128.82346,37.37314],[128.81891,37.36516],[128.83485,37.35298],[128.84582,37.33962],[128.85171,37.36286],[128.85451,37.36693],[128.85793,37.38091],[128.86126,37.38191],[128.8653,37.39026],[128.87102,37.39552],[128.86883,37.39836],[128.88587,37.40612],[128.89492,37.40882],[128.89794,37.41478],[128.8978,37.42996],[128.90389,37.43808],[128.91058,37.43628],[128.92749,37.44871],[128.93393,37.44754],[128.93762,37.4508],[128.94527,37.44893],[128.95485,37.44936],[128.95762,37.44676],[128.96415,37.45448],[128.96463,37.45879],[128.97041,37.46134],[128.97765,37.46907],[128.98327,37.46995],[128.98782,37.47506],[128.98669,37.48404],[128.99058,37.48483],[128.98663,37.49296],[128.97356,37.49266],[128.96991,37.49503],[128.97477,37.50358],[128.96597,37.50614],[128.96225,37.51363],[128.96746,37.51969],[128.96888,37.53044],[128.97314,37.53397]]]},"properties":{"key":"강원특별자치도|정선군|임계면","code":"5177035000"}},{"type":"Feature","geometry":{"type":"Polygon","coordinates":[[[128.84582,37.33962],[128.83485,37.35298],[128.81891,37.36516],[128.82346,37.37314],[128.82487,37.3792],[128.82217,37.38412],[128.82702,37.38913],[128.82654,37.39661],[128.81843,37.39703],[128.81248,37.4031],[128.80026,37.40547],[128.79226,37.40113],[128.78463,37.40434],[128.78112,37.41341],[128.77121,37.41699],[128.76236,37.40874],[128.7479,37.40251],[128.74527,37.39481],[128.75287,37.39178],[128.75743,37.38752],[128.75866,37.37923],[128.7579,37.37213],[128.75953,37.36699],[128.75658,37.36271],[128.75205,37.36355],[128.74315,37.36044],[128.72941,37.36182],[128.72476,37.36083],[128.7181,37.35104],[128.71766,37.3409],[128.71596,37.33622],[128.7281,37.3307],[128.73471,37.3342],[128.74107,37.32609],[128.74394,37.31603],[128.75912,37.30903],[128.76144,37.30486],[128.77134,37.30491],[128.77815,37.30151],[128.77831,37.29418],[128.78043,37.29062],[128.78774,37.29026],[128.79911,37.29213],[128.81016,37.28669],[128.8118,37.28266],[128.82,37.28652],[128.82568,37.28433],[128.83446,37.27784],[128.83867,37.27644],[128.8424,37.26909],[128.84263,37.26495],[128.8519,37.2531],[128.86539,37.25123],[128.87442,37.24761],[128.88192,37.24607],[128.88273,37.22659],[128.88398,37.22207],[128.89795,37.21546],[128.90612,37.2176],[128.90277,37.22898],[128.89836,37.23613],[128.90046,37.24335],[128.89475,37.25337],[128.88724,37.26059],[128.87995,37.26493],[128.88202,37.2718],[128.88776,37.27302],[128.87989,37.28007],[128.87249,37.28273],[128.87217,37.29021],[128.86168,37.29638],[128.8586,37.30432],[128.87417,37.32422],[128.87016,37.32959],[128.86699,37.33814],[128.85454,37.34196],[128.84582,37.33962]]]},"properties":{"key":"강원특별자치도|정선군|화암면","code":"5177036000"}},{"type":"Feature","geometry":{"type":"Polygon","coordinates":[[[128.674,37.55593],[128.66911,37.55709],[128.66113,37.55545],[128.64836,37.5548],[128.64495,37.55327],[128.64175,37.54153],[128.63518,37.53945],[128.63121,37.53152],[128.63458,37.52763],[128.64007,37.52618],[128.64551,37.51607],[128.65392,37.51207],[128.65763,37.51351],[128.66816,37.51188],[128.67722,37.50722],[128.68092,37.49575],[128.68575,37.49428],[128.68985,37.48879],[128.68923,37.48134],[128.69409,37.48041],[128.70593,37.47548],[128.70956,37.46903],[128.70813,37.46512],[128.69563,37.45881],[128.70293,37.44783],[128.69687,37.44196],[128.70053,37.43523],[128.70956,37.4327],[128.7108,37.42836],[128.71754,37.4261],[128.72812,37.41249],[128.73519,37.40786],[128.74547,37.40527],[128.7479,37.40251],[128.76236,37.40874],[128.77121,37.41699],[128.76986,37.4194],[128.77384,37.42771],[128.7781,37.43188],[128.7865,37.43449],[128.78508,37.44083],[128.78644,37.45667],[128.77861,37.46478],[128.77269,37.47543],[128.76464,37.47097],[128.76102,37.47654],[128.76612,37.48289],[128.78303,37.48748],[128.7874,37.49095],[128.78794,37.4947],[128.79486,37.49978],[128.79392,37.506],[128.80596,37.50574],[128.81339,37.50317],[128.8143,37.50634],[128.80532,37.51376],[128.79733,37.51864],[128.80439,37.52516],[128.80215,37.53168],[128.79727,37.5325],[128.79392,37.5366],[128.78089,37.54337],[128.76756,37.54311],[128.75853,37.54186],[128.74554,37.54662],[128.73398,37.54079],[128.73019,37.5377],[128.7251,37.5374],[128.7206,37.54177],[128.71544,37.53802],[128.70754,37.53735],[128.70458,37.53539],[128.69814,37.53757],[128.68887,37.54706],[128.67619,37.55146],[128.674,37.55593]]]},"properties":{"key":"강원특별자치도|정선군|여량면","code":"5177037000"}},{"type":"Feature","geometry":{"type":"Polygon","coordinates":[[[127.24544,38.33367],[127.23487,38.3316],[127.2189,38.32625],[127.21692,38.32201],[127.15836,38.30518],[127.1537,38.30424],[127.13911,38.31538],[127.13213,38.31357],[127.13051,38.30751],[127.12637,38.30158],[127.11563,38.29459],[127.10928,38.29204],[127.11399,38.26527],[127.11046,38.25169],[127.11013,38.24216],[127.113,38.23759],[127.12288,38.23251],[127.13054,38.23256],[127.13592,38.23615],[127.14697,38.23972],[127.14851,38.24251],[127.15836,38.2389],[127.16249,38.23222],[127.15956,38.22551],[127.15947,38.21941],[127.16956,38.21385],[127.17202,38.20559],[127.1665,38.19782],[127.17389,38.1917],[127.17938,38.18465],[127.1904,38.18886],[127.19096,38.20712],[127.19493,38.21092],[127.20419,38.21426],[127.20723,38.20835],[127.22039,38.21101],[127.21958,38.21835],[127.21513,38.22571],[127.21805,38.22971],[127.21746,38.23741],[127.21486,38.24667],[127.21675,38.24973],[127.2135,38.25788],[127.21051,38.26038],[127.24544,38.33367]]]},"properties":{"key":"강원특별자치도|철원군|철원읍","code":"5178025000"}},{"type":"Feature","geometry":{"type":"Polygon","coordinates":[[[127.48749,38.30371],[127.48393,38.30578],[127.47536,38.31808],[127.46546,38.32044],[127.45245,38.31701],[127.44461,38.31162],[127.43965,38.31321],[127.4374,38.30588],[127.42808,38.3014],[127.41811,38.28967],[127.41228,38.29099],[127.40498,38.28805],[127.3967,38.28773],[127.39081,38.29446],[127.38852,38.30275],[127.38209,38.30333],[127.37932,38.30967],[127.37374,38.31159],[127.36886,38.31028],[127.36352,38.3055],[127.35477,38.27965],[127.35046,38.2781],[127.35047,38.27359],[127.34571,38.26826],[127.35,38.26494],[127.34466,38.26187],[127.34771,38.25894],[127.35634,38.25722],[127.35299,38.24556],[127.34906,38.23921],[127.34998,38.23385],[127.35434,38.2294],[127.36306,38.22424],[127.36465,38.21945],[127.36411,38.21287],[127.36724,38.2084],[127.37446,38.20343],[127.37933,38.20711],[127.39884,38.2086],[127.4058,38.21435],[127.41318,38.21674],[127.41346,38.22553],[127.41896,38.23149],[127.41606,38.24726],[127.42343,38.24456],[127.4293,38.24945],[127.43804,38.25438],[127.44185,38.26601],[127.4507,38.26826],[127.45024,38.27874],[127.45253,38.28292],[127.45989,38.28297],[127.46835,38.28576],[127.47774,38.28456],[127.48834,38.27839],[127.49228,38.28797],[127.49612,38.29384],[127.49651,38.29966],[127.48749,38.30371]]]},"properties":{"key":"강원특별자치도|철원군|김화읍","code":"5178025300"}},{"type":"Feature","geometry":{"type":"Polygon","coordinates":[[[127.36352,38.3055],[127.35692,38.30682],[127.35913,38.31476],[127.36445,38.31556],[127.36595,38.32088],[127.36378,38.32638],[127.36935,38.32882],[127.37343,38.33479],[127.36883,38.33289],[127.34808,38.32898],[127.33832,38.33203],[127.32744,38.32679],[127.32314,38.3211],[127.31787,38.31852],[127.29841,38.31686],[127.31993,38.27845],[127.32656,38.27428],[127.29828,38.2647],[127.2942,38.26032],[127.28859,38.25828],[127.28841,38.25181],[127.28164,38.25525],[127.27215,38.25079],[127.27228,38.24688],[127.26676,38.24246],[127.25986,38.24735],[127.25731,38.24614],[127.25683,38.23599],[127.2532,38.23015],[127.26355,38.22207],[127.26064,38.21943],[127.26268,38.21371],[127.26998,38.2037],[127.27829,38.19853],[127.28481,38.19018],[127.29603,38.19038],[127.29999,38.18811],[127.29346,38.18251],[127.28946,38.18529],[127.28658,38.18034],[127.28933,38.1769],[127.29586,38.17642],[127.28725,38.16871],[127.28752,38.16088],[127.28464,38.15775],[127.28724,38.15233],[127.28417,38.14593],[127.27577,38.13722],[127.27739,38.13249],[127.27674,38.12545],[127.28305,38.12337],[127.2832,38.11648],[127.30274,38.11568],[127.30723,38.11936],[127.31129,38.11597],[127.314,38.10462],[127.32119,38.09522],[127.33032,38.09411],[127.33739,38.08982],[127.3381,38.1005],[127.34601,38.10426],[127.35337,38.10434],[127.35635,38.10631],[127.36445,38.10704],[127.37061,38.10984],[127.3727,38.11435],[127.37827,38.11776],[127.38131,38.12434],[127.37872,38.13359],[127.37876,38.14017],[127.3766,38.14612],[127.37167,38.15092],[127.3701,38.1595],[127.37356,38.16169],[127.3834,38.16354],[127.38931,38.16295],[127.39707,38.16688],[127.40171,38.16592],[127.40303,38.1768],[127.40311,38.18776],[127.40594,38.19417],[127.39884,38.2086],[127.37933,38.20711],[127.37446,38.20343],[127.36724,38.2084],[127.36411,38.21287],[127.36465,38.21945],[127.36306,38.22424],[127.35434,38.2294],[127.34998,38.23385],[127.34906,38.23921],[127.35299,38.24556],[127.35634,38.25722],[127.34771,38.25894],[127.34466,38.26187],[127.35,38.26494],[127.34571,38.26826],[127.35047,38.27359],[127.35046,38.2781],[127.35477,38.27965],[127.36352,38.3055]]]},"properties":{"key":"강원특별자치도|철원군|갈말읍","code":"5178025600"}},{"type":"Feature","geometry":{"type":"Polygon","coordinates":[[[127.29841,38.31686],[127.28684,38.32635],[127.2789,38.32538],[127.25189,38.33001],[127.24544,38.33367],[127.21051,38.26038],[127.2135,38.25788],[127.21675,38.24973],[127.21486,38.24667],[127.21746,38.23741],[127.21805,38.22971],[127.21513,38.22571],[127.21958,38.21835],[127.22039,38.21101],[127.20723,38.20835],[127.20419,38.21426],[127.19493,38.21092],[127.19096,38.20712],[127.1904,38.18886],[127.18885,38.18631],[127.18604,38.17339],[127.19025,38.16042],[127.20265,38.15357],[127.20859,38.14692],[127.22189,38.13763],[127.22327,38.14686],[127.23508,38.14801],[127.23962,38.15454],[127.25434,38.1628],[127.2585,38.16865],[127.26352,38.17146],[127.26651,38.18064],[127.28283,38.18291],[127.28658,38.18034],[127.28946,38.18529],[127.29346,38.18251],[127.29999,38.18811],[127.29603,38.19038],[127.28481,38.19018],[127.27829,38.19853],[127.26998,38.2037],[127.26268,38.21371],[127.26064,38.21943],[127.26355,38.22207],[127.2532,38.23015],[127.25683,38.23599],[127.25731,38.24614],[127.25986,38.24735],[127.26676,38.24246],[127.27228,38.24688],[127.27215,38.25079],[127.28164,38.25525],[127.28841,38.25181],[127.28859,38.25828],[127.2942,38.26032],[127.29828,38.2647],[127.32656,38.27428],[127.31993,38.27845],[127.29841,38.31686]]]},"properties":{"key":"강원특별자치도|철원군|동송읍","code":"5178025900"}},{"type":"Feature","geometry":{"type":"Polygon","coordinates":[[[127.45245,38.31701],[127.44911,38.31722],[127.43687,38.32418],[127.42454,38.33433],[127.4024,38.33882],[127.39823,38.33686],[127.38794,38.34],[127.37839,38.33804],[127.37343,38.33479],[127.36935,38.32882],[127.36378,38.32638],[127.36595,38.32088],[127.36445,38.31556],[127.35913,38.31476],[127.35692,38.30682],[127.36352,38.3055],[127.36886,38.31028],[127.37374,38.31159],[127.37932,38.30967],[127.38209,38.30333],[127.38852,38.30275],[127.39081,38.29446],[127.3967,38.28773],[127.40498,38.28805],[127.41228,38.29099],[127.41811,38.28967],[127.42808,38.3014],[127.4374,38.30588],[127.43965,38.31321],[127.44461,38.31162],[127.45245,38.31701]]]},"properties":{"key":"강원특별자치도|철원군|근북면","code":"5178033000"}},{"type":"Feature","geometry":{"type":"Polygon","coordinates":[[[127.44052,38.1244],[127.44072,38.13399],[127.43945,38.14103],[127.44379,38.1475],[127.44226,38.15714],[127.44604,38.16064],[127.44866,38.17185],[127.44602,38.17678],[127.45465,38.18286],[127.45385,38.18884],[127.45018,38.19265],[127.44863,38.19919],[127.45175,38.20335],[127.45139,38.21063],[127.45486,38.2215],[127.45887,38.22656],[127.46005,38.23228],[127.45816,38.24008],[127.4639,38.24562],[127.4641,38.24898],[127.45485,38.25375],[127.4507,38.26826],[127.44185,38.26601],[127.43804,38.25438],[127.4293,38.24945],[127.42343,38.24456],[127.41606,38.24726],[127.41896,38.23149],[127.41346,38.22553],[127.41318,38.21674],[127.4058,38.21435],[127.39884,38.2086],[127.40594,38.19417],[127.40311,38.18776],[127.40303,38.1768],[127.40171,38.16592],[127.39707,38.16688],[127.38931,38.16295],[127.3834,38.16354],[127.37356,38.16169],[127.3701,38.1595],[127.37167,38.15092],[127.3766,38.14612],[127.37876,38.14017],[127.37872,38.13359],[127.38131,38.12434],[127.37827,38.11776],[127.38576,38.11426],[127.4034,38.11289],[127.40581,38.10639],[127.41206,38.10272],[127.41519,38.10367],[127.43057,38.11528],[127.44052,38.1244]]]},"properties":{"key":"강원특별자치도|철원군|서면","code":"5178031000"}},{"type":"Feature","geometry":{"type":"Polygon","coordinates":[[[127.61015,38.34047],[127.58809,38.34011],[127.55715,38.33018],[127.55079,38.32951],[127.54165,38.32524],[127.53041,38.31587],[127.51507,38.30651],[127.50847,38.30378],[127.48749,38.30371],[127.49651,38.29966],[127.49612,38.29384],[127.49228,38.28797],[127.48834,38.27839],[127.47774,38.28456],[127.46835,38.28576],[127.45989,38.28297],[127.45253,38.28292],[127.45024,38.27874],[127.4507,38.26826],[127.45485,38.25375],[127.4641,38.24898],[127.4639,38.24562],[127.45816,38.24008],[127.46005,38.23228],[127.45887,38.22656],[127.45486,38.2215],[127.45139,38.21063],[127.45175,38.20335],[127.44863,38.19919],[127.45018,38.19265],[127.45385,38.18884],[127.45465,38.18286],[127.44602,38.17678],[127.44866,38.17185],[127.44604,38.16064],[127.44226,38.15714],[127.44379,38.1475],[127.43945,38.14103],[127.44072,38.13399],[127.44052,38.1244],[127.4479,38.11902],[127.45309,38.11853],[127.45756,38.12338],[127.46771,38.12553],[127.48234,38.12515],[127.48953,38.12774],[127.49529,38.13275],[127.49723,38.14293],[127.5027,38.14832],[127.49531,38.1528],[127.49056,38.15941],[127.50428,38.17468],[127.50326,38.18419],[127.50766,38.19492],[127.51247,38.19942],[127.52437,38.20009],[127.53054,38.21033],[127.53642,38.2109],[127.54033,38.21531],[127.53756,38.21857],[127.53861,38.22499],[127.54171,38.2292],[127.54769,38.23158],[127.55793,38.23246],[127.56767,38.23943],[127.57188,38.24973],[127.57678,38.25247],[127.5789,38.25779],[127.59044,38.26],[127.59315,38.2668],[127.59709,38.26995],[127.59912,38.27839],[127.59642,38.28358],[127.58655,38.28715],[127.58341,38.29269],[127.61015,38.34047]]]},"properties":{"key":"강원특별자치도|철원군|근남면","code":"5178032000"}},{"type":"Feature","geometry":{"type":"Polygon","coordinates":[[[127.83978,38.28909],[127.8128,38.32529],[127.80227,38.32527],[127.79779,38.32669],[127.79375,38.33128],[127.78568,38.34558],[127.77754,38.35376],[127.77249,38.35276],[127.76542,38.34771],[127.75794,38.34576],[127.74673,38.34817],[127.73815,38.34434],[127.73008,38.33773],[127.72108,38.33701],[127.71674,38.34282],[127.69994,38.34338],[127.69619,38.34116],[127.6902,38.33315],[127.68525,38.33128],[127.66881,38.33027],[127.71369,38.25348],[127.72623,38.23708],[127.72895,38.23003],[127.71728,38.22967],[127.70813,38.22425],[127.7087,38.21536],[127.70529,38.2093],[127.70708,38.20089],[127.70659,38.19138],[127.70468,38.18401],[127.7012,38.17881],[127.70151,38.17483],[127.69771,38.1722],[127.69463,38.16489],[127.68438,38.15523],[127.67468,38.15368],[127.67296,38.15053],[127.66334,38.14946],[127.6661,38.14327],[127.67404,38.14176],[127.67646,38.1392],[127.68373,38.13846],[127.68908,38.13087],[127.68239,38.12769],[127.68609,38.12432],[127.68706,38.11953],[127.67637,38.11214],[127.6783,38.10861],[127.69056,38.10177],[127.68644,38.09393],[127.69477,38.09109],[127.70095,38.09882],[127.71341,38.1002],[127.72317,38.09633],[127.72662,38.09351],[127.73746,38.08523],[127.74647,38.08309],[127.75195,38.08506],[127.76341,38.10387],[127.76264,38.11898],[127.76043,38.12619],[127.76731,38.13078],[127.77136,38.13001],[127.77843,38.12296],[127.77798,38.11578],[127.77387,38.10918],[127.77925,38.10209],[127.78939,38.10127],[127.81128,38.10423],[127.81727,38.1061],[127.82737,38.11291],[127.83096,38.11401],[127.84546,38.11066],[127.86234,38.10246],[127.87333,38.1036],[127.88023,38.11616],[127.88318,38.11889],[127.87517,38.12565],[127.87353,38.13632],[127.87405,38.14137],[127.87778,38.1496],[127.87502,38.15934],[127.88122,38.16642],[127.87924,38.17138],[127.87594,38.19176],[127.87822,38.19714],[127.86862,38.20472],[127.85853,38.20337],[127.85288,38.20823],[127.8543,38.21363],[127.85234,38.21676],[127.85209,38.22629],[127.8535,38.2307],[127.85835,38.23455],[127.85772,38.24105],[127.85408,38.24576],[127.85489,38.25238],[127.83978,38.28909]]]},"properties":{"key":"강원특별자치도|화천군|화천읍","code":"5179025000"}},{"type":"Feature","geometry":{"type":"Polygon","coordinates":[[[127.88318,38.11889],[127.88023,38.11616],[127.87333,38.1036],[127.86234,38.10246],[127.84546,38.11066],[127.83096,38.11401],[127.82737,38.11291],[127.81727,38.1061],[127.81128,38.10423],[127.78939,38.10127],[127.77925,38.10209],[127.77387,38.10918],[127.77798,38.11578],[127.77843,38.12296],[127.77136,38.13001],[127.76731,38.13078],[127.76043,38.12619],[127.76264,38.11898],[127.76341,38.10387],[127.75195,38.08506],[127.74647,38.08309],[127.73746,38.08523],[127.72662,38.09351],[127.7307,38.08456],[127.73663,38.08106],[127.73675,38.07163],[127.73485,38.06697],[127.73908,38.06198],[127.75067,38.06024],[127.7509,38.05177],[127.7475,38.04394],[127.74758,38.03713],[127.75686,38.03423],[127.76062,38.02972],[127.76975,38.02721],[127.77415,38.02118],[127.7755,38.01425],[127.77873,38.01399],[127.78792,38.00071],[127.78865,37.99465],[127.79363,37.99233],[127.79816,37.9973],[127.80458,38.00105],[127.80863,38.00015],[127.81294,38.00358],[127.82035,38.00401],[127.82707,38.00071],[127.83087,38.00692],[127.8373,38.01284],[127.85761,38.01831],[127.85499,38.02796],[127.84916,38.03612],[127.853,38.05126],[127.87273,38.04919],[127.88024,38.04718],[127.88785,38.05011],[127.90361,38.0509],[127.90438,38.05314],[127.91432,38.05909],[127.9045,38.07271],[127.90739,38.08047],[127.90353,38.08464],[127.90031,38.09303],[127.89198,38.0964],[127.88548,38.1018],[127.88442,38.10905],[127.88739,38.11594],[127.88318,38.11889]]]},"properties":{"key":"강원특별자치도|화천군|간동면","code":"5179031000"}},{"type":"Feature","geometry":{"type":"Polygon","coordinates":[[[127.67637,38.11214],[127.67309,38.11721],[127.66368,38.12105],[127.66146,38.12444],[127.65501,38.12377],[127.64649,38.12757],[127.63567,38.12722],[127.62511,38.12271],[127.61969,38.12173],[127.61192,38.1266],[127.60623,38.13323],[127.59832,38.13378],[127.59182,38.13194],[127.5658,38.13349],[127.55873,38.12704],[127.56234,38.11993],[127.56114,38.11198],[127.55436,38.10132],[127.56254,38.08739],[127.56598,38.08353],[127.57471,38.0852],[127.58429,38.0818],[127.59769,38.08041],[127.59812,38.07774],[127.60752,38.07158],[127.6051,38.06065],[127.61469,38.06116],[127.61837,38.05641],[127.62622,38.05072],[127.63257,38.05029],[127.64055,38.05205],[127.6454,38.05669],[127.65039,38.05555],[127.65326,38.05091],[127.65026,38.03793],[127.65244,38.02432],[127.66512,38.03043],[127.66817,38.03341],[127.67716,38.03625],[127.68724,38.0342],[127.70007,38.03816],[127.70863,38.0335],[127.7132,38.02429],[127.72432,38.02489],[127.73375,38.0363],[127.73818,38.03862],[127.74758,38.03713],[127.7475,38.04394],[127.7509,38.05177],[127.75067,38.06024],[127.73908,38.06198],[127.73485,38.06697],[127.73675,38.07163],[127.73663,38.08106],[127.7307,38.08456],[127.72662,38.09351],[127.72317,38.09633],[127.71341,38.1002],[127.70095,38.09882],[127.69477,38.09109],[127.68644,38.09393],[127.69056,38.10177],[127.6783,38.10861],[127.67637,38.11214]]]},"properties":{"key":"강원특별자치도|화천군|하남면","code":"5179032000"}},{"type":"Feature","geometry":{"type":"Polygon","coordinates":[[[127.66881,38.33027],[127.65602,38.33041],[127.63836,38.32912],[127.62466,38.33076],[127.61745,38.33278],[127.61015,38.34047],[127.58341,38.29269],[127.58655,38.28715],[127.59642,38.28358],[127.59912,38.27839],[127.59709,38.26995],[127.59315,38.2668],[127.59044,38.26],[127.5789,38.25779],[127.57678,38.25247],[127.57188,38.24973],[127.56767,38.23943],[127.55793,38.23246],[127.54769,38.23158],[127.54171,38.2292],[127.53861,38.22499],[127.53756,38.21857],[127.54033,38.21531],[127.53642,38.2109],[127.53054,38.21033],[127.52437,38.20009],[127.51247,38.19942],[127.50766,38.19492],[127.50326,38.18419],[127.50428,38.17468],[127.49056,38.15941],[127.49531,38.1528],[127.5027,38.14832],[127.51567,38.15082],[127.52262,38.15408],[127.54038,38.15644],[127.54907,38.15385],[127.54872,38.14624],[127.55002,38.13112],[127.55873,38.12704],[127.5658,38.13349],[127.59182,38.13194],[127.59832,38.13378],[127.60623,38.13323],[127.61192,38.1266],[127.61969,38.12173],[127.62511,38.12271],[127.63567,38.12722],[127.64649,38.12757],[127.65501,38.12377],[127.66146,38.12444],[127.66368,38.12105],[127.67309,38.11721],[127.67637,38.11214],[127.68706,38.11953],[127.68609,38.12432],[127.68239,38.12769],[127.68908,38.13087],[127.68373,38.13846],[127.67646,38.1392],[127.67404,38.14176],[127.6661,38.14327],[127.66334,38.14946],[127.67296,38.15053],[127.67468,38.15368],[127.68438,38.15523],[127.69463,38.16489],[127.69771,38.1722],[127.70151,38.17483],[127.7012,38.17881],[127.70468,38.18401],[127.70659,38.19138],[127.70708,38.20089],[127.70529,38.2093],[127.7087,38.21536],[127.70813,38.22425],[127.71728,38.22967],[127.72895,38.23003],[127.72623,38.23708],[127.71369,38.25348],[127.66881,38.33027]]]},"properties":{"key":"강원특별자치도|화천군|상서면","code":"5179033000"}},{"type":"Feature","geometry":{"type":"Polygon","coordinates":[[[127.55873,38.12704],[127.55002,38.13112],[127.54872,38.14624],[127.54907,38.15385],[127.54038,38.15644],[127.52262,38.15408],[127.51567,38.15082],[127.5027,38.14832],[127.49723,38.14293],[127.49529,38.13275],[127.48953,38.12774],[127.48234,38.12515],[127.46771,38.12553],[127.45756,38.12338],[127.45309,38.11853],[127.4479,38.11902],[127.44052,38.1244],[127.43057,38.11528],[127.441,38.10817],[127.4444,38.09752],[127.44694,38.07952],[127.44589,38.06235],[127.44394,38.0585],[127.44566,38.05098],[127.45222,38.04744],[127.45067,38.03898],[127.45799,38.01623],[127.47216,38.00606],[127.49727,38.00361],[127.50141,37.99956],[127.52351,38.00187],[127.52752,38.00071],[127.53974,38.00118],[127.54438,38.01955],[127.5635,38.02198],[127.56535,38.02974],[127.57862,38.03982],[127.57394,38.04747],[127.57707,38.05372],[127.57712,38.0604],[127.57411,38.06423],[127.5654,38.06832],[127.56408,38.07551],[127.56598,38.08353],[127.56254,38.08739],[127.55436,38.10132],[127.56114,38.11198],[127.56234,38.11993],[127.55873,38.12704]]]},"properties":{"key":"강원특별자치도|화천군|사내면","code":"5179034000"}},{"type":"Feature","geometry":{"type":"Polygon","coordinates":[[[128.00815,38.1972],[127.99622,38.19798],[127.98468,38.19273],[127.98327,38.18499],[127.9856,38.18044],[127.96287,38.17027],[127.95116,38.17064],[127.94549,38.1749],[127.93561,38.17501],[127.92968,38.17748],[127.92257,38.17531],[127.91556,38.16933],[127.90695,38.16692],[127.89581,38.16781],[127.88794,38.16456],[127.88122,38.16642],[127.87502,38.15934],[127.87778,38.1496],[127.87405,38.14137],[127.87353,38.13632],[127.87517,38.12565],[127.88318,38.11889],[127.88739,38.11594],[127.88442,38.10905],[127.88548,38.1018],[127.89198,38.0964],[127.90031,38.09303],[127.90353,38.08464],[127.90739,38.08047],[127.9045,38.07271],[127.91432,38.05909],[127.90438,38.05314],[127.90361,38.0509],[127.90468,38.049],[127.90232,38.03819],[127.90428,38.0298],[127.90774,38.02542],[127.91703,38.02177],[127.93028,38.01844],[127.93629,38.01433],[127.944,38.01708],[127.94778,38.02233],[127.94642,38.02998],[127.95134,38.0386],[127.95471,38.03972],[127.96622,38.0325],[127.9816,38.02879],[127.97699,38.03754],[127.97994,38.04068],[127.97912,38.04869],[127.98348,38.05993],[127.98981,38.06714],[127.99111,38.07989],[127.99592,38.08502],[128.00569,38.09061],[128.01107,38.09853],[128.00947,38.10402],[128.01088,38.1096],[128.02345,38.11815],[128.03346,38.13222],[128.03861,38.13391],[128.03747,38.13893],[128.03038,38.14674],[128.02919,38.15624],[128.02846,38.16275],[128.02284,38.16977],[128.02461,38.17402],[128.02276,38.18451],[128.01608,38.18903],[128.01314,38.19436],[128.00815,38.1972]]]},"properties":{"key":"강원특별자치도|양구군|양구읍","code":"5180025000"}},{"type":"Feature","geometry":{"type":"Polygon","coordinates":[[[128.1011,38.10265],[128.10385,38.10811],[128.10347,38.11439],[128.09461,38.13016],[128.08808,38.13802],[128.08924,38.14759],[128.08639,38.15187],[128.09713,38.16315],[128.09621,38.1732],[128.10373,38.17794],[128.10512,38.18526],[128.09925,38.18891],[128.09688,38.18648],[128.09196,38.17851],[128.08042,38.17222],[128.06979,38.16428],[128.05743,38.16294],[128.04694,38.16441],[128.04327,38.16143],[128.03482,38.16061],[128.02919,38.15624],[128.03038,38.14674],[128.03747,38.13893],[128.03861,38.13391],[128.03346,38.13222],[128.02345,38.11815],[128.01088,38.1096],[128.00947,38.10402],[128.01107,38.09853],[128.00569,38.09061],[127.99592,38.08502],[127.99111,38.07989],[127.98981,38.06714],[127.98348,38.05993],[127.97912,38.04869],[127.97994,38.04068],[127.97699,38.03754],[127.9816,38.02879],[127.98804,38.02382],[127.98394,38.0134],[127.98721,38.00676],[127.99207,38.00211],[127.99602,38.00131],[128.00228,38.00695],[128.00789,38.01563],[128.01347,38.01906],[128.02393,38.01891],[128.02917,38.01458],[128.03257,38.01471],[128.0449,38.01987],[128.05013,38.01961],[128.05706,38.01524],[128.06182,38.0191],[128.05644,38.03113],[128.05903,38.03555],[128.06213,38.04745],[128.06782,38.04725],[128.07002,38.04413],[128.07824,38.03893],[128.08009,38.03454],[128.08845,38.03321],[128.09563,38.02812],[128.10469,38.02973],[128.11375,38.03687],[128.11327,38.04228],[128.11797,38.04787],[128.11414,38.0565],[128.11322,38.07023],[128.099,38.07901],[128.08924,38.09221],[128.08976,38.10065],[128.1011,38.10265]]]},"properties":{"key":"강원특별자치도|양구군|국토정중앙면","code":"5180031500"}},{"type":"Feature","geometry":{"type":"Polygon","coordinates":[[[128.11508,38.22454],[128.10447,38.23198],[128.09621,38.24057],[128.09893,38.24583],[128.09797,38.24988],[128.08918,38.25937],[128.08469,38.27098],[128.08802,38.28387],[128.08387,38.30222],[128.08267,38.32072],[128.07096,38.31565],[128.06348,38.31351],[128.04897,38.31284],[128.03254,38.31624],[128.03227,38.31999],[128.01322,38.31745],[128.00878,38.31823],[128.00096,38.27738],[128.00898,38.2551],[128.01579,38.2424],[128.01655,38.23663],[128.01075,38.23186],[128.00856,38.22227],[128.01382,38.21896],[128.0096,38.21593],[128.01429,38.2108],[128.01307,38.20583],[128.00787,38.19971],[128.00815,38.1972],[128.01314,38.19436],[128.01608,38.18903],[128.02276,38.18451],[128.02461,38.17402],[128.02284,38.16977],[128.02846,38.16275],[128.02919,38.15624],[128.03482,38.16061],[128.04327,38.16143],[128.04694,38.16441],[128.05743,38.16294],[128.06979,38.16428],[128.08042,38.17222],[128.09196,38.17851],[128.09688,38.18648],[128.09811,38.19313],[128.10588,38.20049],[128.11281,38.20301],[128.1188,38.21186],[128.11342,38.21949],[128.11508,38.22454]]]},"properties":{"key":"강원특별자치도|양구군|동면","code":"5180032000"}},{"type":"Feature","geometry":{"type":"Polygon","coordinates":[[[127.83978,38.28909],[127.85489,38.25238],[127.85408,38.24576],[127.85772,38.24105],[127.85835,38.23455],[127.8535,38.2307],[127.85209,38.22629],[127.85234,38.21676],[127.8543,38.21363],[127.85288,38.20823],[127.85853,38.20337],[127.86862,38.20472],[127.87822,38.19714],[127.87594,38.19176],[127.87924,38.17138],[127.88122,38.16642],[127.88794,38.16456],[127.89581,38.16781],[127.90695,38.16692],[127.91556,38.16933],[127.92257,38.17531],[127.92968,38.17748],[127.93561,38.17501],[127.94549,38.1749],[127.95116,38.17064],[127.96287,38.17027],[127.9856,38.18044],[127.98327,38.18499],[127.98468,38.19273],[127.99622,38.19798],[128.00815,38.1972],[128.00787,38.19971],[128.01307,38.20583],[128.01429,38.2108],[128.0096,38.21593],[128.01382,38.21896],[128.00856,38.22227],[128.01075,38.23186],[128.01655,38.23663],[128.01579,38.2424],[128.00898,38.2551],[128.00096,38.27738],[127.97952,38.28358],[127.94223,38.30638],[127.91491,38.31075],[127.88756,38.30902],[127.83978,38.28909]]]},"properties":{"key":"강원특별자치도|양구군|방산면","code":"5180033000"}},{"type":"Feature","geometry":{"type":"Polygon","coordinates":[[[128.11508,38.22454],[128.11616,38.23071],[128.12166,38.23466],[128.12137,38.2381],[128.12992,38.24153],[128.13336,38.24504],[128.13986,38.2476],[128.14234,38.25308],[128.15056,38.25554],[128.15594,38.26115],[128.15427,38.26574],[128.16001,38.27437],[128.15805,38.27873],[128.15851,38.28953],[128.16091,38.29458],[128.16533,38.29833],[128.16243,38.30283],[128.16249,38.31073],[128.16485,38.31435],[128.1594,38.31868],[128.15653,38.32508],[128.14982,38.32728],[128.14178,38.3261],[128.13906,38.32329],[128.12668,38.3232],[128.12335,38.32694],[128.12323,38.34072],[128.10201,38.33126],[128.08267,38.32072],[128.08387,38.30222],[128.08802,38.28387],[128.08469,38.27098],[128.08918,38.25937],[128.09797,38.24988],[128.09893,38.24583],[128.09621,38.24057],[128.10447,38.23198],[128.11508,38.22454]]]},"properties":{"key":"강원특별자치도|양구군|해안면","code":"5180034000"}},{"type":"Feature","geometry":{"type":"Polygon","coordinates":[[[128.40424,38.09582],[128.38926,38.09695],[128.3806,38.099],[128.37589,38.09574],[128.36743,38.09421],[128.3587,38.09686],[128.34284,38.09283],[128.33272,38.09704],[128.32566,38.09638],[128.31676,38.09793],[128.30935,38.09214],[128.28598,38.08882],[128.27921,38.08602],[128.26828,38.08925],[128.26074,38.09608],[128.25234,38.09591],[128.23599,38.10002],[128.22854,38.10765],[128.22492,38.1095],[128.2072,38.10955],[128.20111,38.11177],[128.1941,38.10907],[128.18715,38.11032],[128.18152,38.11465],[128.17797,38.13356],[128.17458,38.14271],[128.16518,38.14614],[128.15932,38.14595],[128.14741,38.15761],[128.14864,38.1605],[128.13338,38.18016],[128.12891,38.18893],[128.12281,38.19129],[128.12072,38.19522],[128.11281,38.20301],[128.10588,38.20049],[128.09811,38.19313],[128.09688,38.18648],[128.09925,38.18891],[128.10512,38.18526],[128.10373,38.17794],[128.09621,38.1732],[128.09713,38.16315],[128.08639,38.15187],[128.08924,38.14759],[128.08808,38.13802],[128.09461,38.13016],[128.10347,38.11439],[128.10385,38.10811],[128.1011,38.10265],[128.11207,38.08631],[128.11912,38.07999],[128.12192,38.07502],[128.1281,38.07282],[128.13006,38.06766],[128.13721,38.06381],[128.13862,38.04998],[128.15033,38.0445],[128.15668,38.03803],[128.1713,38.03469],[128.17474,38.02438],[128.18001,38.02379],[128.1885,38.02581],[128.19178,38.02121],[128.19659,38.01924],[128.19739,38.01491],[128.19144,38.00769],[128.19102,38.00126],[128.19509,37.99532],[128.19377,37.99066],[128.19946,37.98525],[128.1934,37.97179],[128.19832,37.96869],[128.20978,37.97069],[128.21606,37.96776],[128.22668,37.96952],[128.23164,37.96848],[128.24207,37.96987],[128.24587,37.97198],[128.25739,37.97339],[128.26031,37.97806],[128.25896,37.98116],[128.26486,37.99409],[128.25873,38.0023],[128.26511,38.00143],[128.27702,38.0041],[128.28025,38.00973],[128.29321,38.01653],[128.30502,38.01766],[128.30772,38.0197],[128.31453,38.01876],[128.32133,38.02079],[128.32553,38.02524],[128.33558,38.02702],[128.33673,38.02429],[128.34488,38.02323],[128.34871,38.02695],[128.35464,38.02645],[128.35808,38.01967],[128.35435,38.01555],[128.35952,38.00989],[128.36774,38.00418],[128.39266,38.00001],[128.41026,38.00629],[128.41289,38.00462],[128.42407,38.00466],[128.42886,38.00724],[128.43178,38.01471],[128.43539,38.01493],[128.43961,38.02219],[128.4379,38.02719],[128.42582,38.03167],[128.42874,38.04094],[128.42535,38.04927],[128.42329,38.05378],[128.41479,38.06306],[128.40974,38.07478],[128.40944,38.08898],[128.40424,38.09582]]]},"properties":{"key":"강원특별자치도|인제군|인제읍","code":"5181025000"}},{"type":"Feature","geometry":{"type":"Polygon","coordinates":[[[128.21606,37.96776],[128.20978,37.97069],[128.19832,37.96869],[128.1934,37.97179],[128.19946,37.98525],[128.19377,37.99066],[128.19509,37.99532],[128.19102,38.00126],[128.19144,38.00769],[128.19739,38.01491],[128.19659,38.01924],[128.19178,38.02121],[128.1885,38.02581],[128.18001,38.02379],[128.17474,38.02438],[128.1713,38.03469],[128.15668,38.03803],[128.15033,38.0445],[128.13862,38.04998],[128.13721,38.06381],[128.13006,38.06766],[128.1281,38.07282],[128.12192,38.07502],[128.11912,38.07999],[128.11207,38.08631],[128.1011,38.10265],[128.08976,38.10065],[128.08924,38.09221],[128.099,38.07901],[128.11322,38.07023],[128.11414,38.0565],[128.11797,38.04787],[128.11327,38.04228],[128.11375,38.03687],[128.10469,38.02973],[128.09563,38.02812],[128.08845,38.03321],[128.08009,38.03454],[128.07824,38.03893],[128.07002,38.04413],[128.06782,38.04725],[128.06213,38.04745],[128.05903,38.03555],[128.05644,38.03113],[128.06182,38.0191],[128.05706,38.01524],[128.05013,38.01961],[128.0449,38.01987],[128.03257,38.01471],[128.02917,38.01458],[128.02474,38.00908],[128.01986,38.00722],[128.01886,38.00067],[128.01221,37.99582],[128.00347,37.99549],[127.99779,37.98986],[127.98316,37.99056],[127.98207,37.98356],[127.98524,37.97578],[127.98217,37.97207],[127.98485,37.96665],[127.97986,37.95881],[127.98001,37.95358],[127.98734,37.95126],[127.99344,37.94267],[128.00044,37.93882],[128.01251,37.93915],[128.01553,37.94306],[128.02504,37.94532],[128.03317,37.94017],[128.03971,37.92734],[128.04575,37.92284],[128.04991,37.9222],[128.06677,37.91047],[128.07572,37.90769],[128.08,37.90317],[128.08782,37.90108],[128.09789,37.89666],[128.10743,37.89992],[128.13333,37.89382],[128.1448,37.89292],[128.15637,37.89521],[128.1608,37.8954],[128.16276,37.90583],[128.15693,37.90805],[128.16536,37.92295],[128.17234,37.92693],[128.1763,37.94656],[128.18946,37.94126],[128.19545,37.93511],[128.19727,37.93004],[128.20349,37.93149],[128.22038,37.92978],[128.2277,37.93835],[128.22964,37.94882],[128.23186,37.9513],[128.22122,37.95868],[128.21468,37.96005],[128.21606,37.96776]]]},"properties":{"key":"강원특별자치도|인제군|남면","code":"5181031000"}},{"type":"Feature","geometry":{"type":"Polygon","coordinates":[[[128.41761,38.25436],[128.40429,38.2433],[128.39687,38.23974],[128.38779,38.24837],[128.38037,38.24423],[128.37332,38.24341],[128.36768,38.2355],[128.36275,38.25237],[128.36329,38.25479],[128.35864,38.26363],[128.34747,38.2662],[128.33703,38.26331],[128.32665,38.26629],[128.31905,38.26611],[128.30811,38.25751],[128.30547,38.24699],[128.30794,38.2445],[128.30802,38.23211],[128.29547,38.22813],[128.2843,38.23122],[128.2788,38.22636],[128.27162,38.21719],[128.27183,38.21426],[128.26523,38.20816],[128.26978,38.20008],[128.27059,38.19495],[128.27474,38.19132],[128.26529,38.18327],[128.25252,38.17908],[128.23623,38.17881],[128.23257,38.18427],[128.22603,38.1865],[128.22455,38.18118],[128.21153,38.17886],[128.20303,38.18271],[128.19832,38.17938],[128.19531,38.1859],[128.1896,38.18812],[128.16954,38.18939],[128.16692,38.19502],[128.14658,38.20031],[128.14443,38.20937],[128.14173,38.21212],[128.13155,38.21166],[128.12299,38.21354],[128.1188,38.21186],[128.11281,38.20301],[128.12072,38.19522],[128.12281,38.19129],[128.12891,38.18893],[128.13338,38.18016],[128.14864,38.1605],[128.14741,38.15761],[128.15932,38.14595],[128.16518,38.14614],[128.17458,38.14271],[128.17797,38.13356],[128.18152,38.11465],[128.18715,38.11032],[128.1941,38.10907],[128.20111,38.11177],[128.2072,38.10955],[128.22492,38.1095],[128.22854,38.10765],[128.23599,38.10002],[128.25234,38.09591],[128.26074,38.09608],[128.26828,38.08925],[128.27921,38.08602],[128.28598,38.08882],[128.30935,38.09214],[128.31676,38.09793],[128.32566,38.09638],[128.33272,38.09704],[128.34284,38.09283],[128.3587,38.09686],[128.36743,38.09421],[128.37589,38.09574],[128.3806,38.099],[128.38926,38.09695],[128.40424,38.09582],[128.41218,38.10417],[128.41231,38.11186],[128.42756,38.10953],[128.43376,38.11074],[128.44015,38.11487],[128.45085,38.116],[128.45748,38.12152],[128.46538,38.11949],[128.46424,38.12779],[128.46503,38.13786],[128.45577,38.14143],[128.4491,38.14924],[128.44225,38.15113],[128.4379,38.1566],[128.43853,38.1628],[128.4321,38.16984],[128.41982,38.17756],[128.42693,38.19001],[128.43641,38.19369],[128.44187,38.20233],[128.43742,38.21523],[128.44144,38.22133],[128.44053,38.22793],[128.4373,38.23059],[128.43934,38.23905],[128.43493,38.24107],[128.42444,38.25179],[128.41761,38.25436]]]},"properties":{"key":"강원특별자치도|인제군|북면","code":"5181032000"}},{"type":"Feature","geometry":{"type":"Polygon","coordinates":[[[128.48172,37.89311],[128.47357,37.90007],[128.47586,37.9062],[128.47481,37.90954],[128.47446,37.92599],[128.46341,37.93553],[128.46744,37.94025],[128.46634,37.9494],[128.47312,37.95376],[128.47203,37.96024],[128.47743,37.96278],[128.48841,37.96102],[128.49507,37.96407],[128.49785,37.97615],[128.4965,37.98233],[128.50124,37.98628],[128.50012,37.98958],[128.50224,37.99677],[128.51216,38.00497],[128.51219,38.01275],[128.50721,38.01241],[128.5022,38.01756],[128.50364,38.02063],[128.49832,38.02942],[128.5001,38.03834],[128.49697,38.04069],[128.49299,38.04909],[128.48359,38.05346],[128.4768,38.04828],[128.46738,38.05067],[128.45422,38.05611],[128.44085,38.05793],[128.43536,38.05282],[128.42535,38.04927],[128.42874,38.04094],[128.42582,38.03167],[128.4379,38.02719],[128.43961,38.02219],[128.43539,38.01493],[128.43178,38.01471],[128.42886,38.00724],[128.42407,38.00466],[128.41289,38.00462],[128.41026,38.00629],[128.39266,38.00001],[128.36774,38.00418],[128.35952,38.00989],[128.35435,38.01555],[128.35808,38.01967],[128.35464,38.02645],[128.34871,38.02695],[128.34488,38.02323],[128.33673,38.02429],[128.33558,38.02702],[128.32553,38.02524],[128.32133,38.02079],[128.31453,38.01876],[128.30772,38.0197],[128.30502,38.01766],[128.29321,38.01653],[128.28025,38.00973],[128.27702,38.0041],[128.26511,38.00143],[128.25873,38.0023],[128.26486,37.99409],[128.25896,37.98116],[128.26031,37.97806],[128.25739,37.97339],[128.24587,37.97198],[128.24207,37.96987],[128.23164,37.96848],[128.22668,37.96952],[128.21606,37.96776],[128.21468,37.96005],[128.22122,37.95868],[128.23186,37.9513],[128.24254,37.95245],[128.26656,37.94897],[128.27118,37.9427],[128.27999,37.94132],[128.28491,37.93617],[128.2842,37.9317],[128.29022,37.92594],[128.2962,37.92683],[128.2993,37.93047],[128.30745,37.92692],[128.31827,37.92555],[128.32428,37.92281],[128.32864,37.92357],[128.34261,37.91801],[128.35231,37.91021],[128.35805,37.89997],[128.35783,37.89628],[128.36628,37.89045],[128.3798,37.89076],[128.39054,37.88808],[128.39462,37.88876],[128.40285,37.88445],[128.41255,37.88487],[128.42938,37.87275],[128.43171,37.86658],[128.43574,37.86412],[128.44425,37.8646],[128.44771,37.8723],[128.45848,37.87953],[128.46649,37.88188],[128.471,37.88655],[128.4755,37.8855],[128.48172,37.89311]]]},"properties":{"key":"강원특별자치도|인제군|기린면","code":"5181033000"}},{"type":"Feature","geometry":{"type":"Polygon","coordinates":[[[128.31905,38.26611],[128.31769,38.27317],[128.31978,38.28022],[128.31883,38.28715],[128.32116,38.29057],[128.32052,38.30015],[128.31517,38.30234],[128.31469,38.30991],[128.31222,38.3131],[128.30913,38.32287],[128.31074,38.32762],[128.29559,38.33408],[128.2902,38.33454],[128.2792,38.32831],[128.27124,38.32749],[128.26522,38.32442],[128.25868,38.32721],[128.25738,38.34271],[128.26279,38.35279],[128.26088,38.36336],[128.25659,38.36357],[128.24398,38.36032],[128.23357,38.36389],[128.22757,38.36157],[128.22401,38.3677],[128.22883,38.37457],[128.21992,38.37777],[128.20395,38.37767],[128.18577,38.36807],[128.15067,38.35136],[128.12323,38.34072],[128.12335,38.32694],[128.12668,38.3232],[128.13906,38.32329],[128.14178,38.3261],[128.14982,38.32728],[128.15653,38.32508],[128.1594,38.31868],[128.16485,38.31435],[128.16249,38.31073],[128.16243,38.30283],[128.16533,38.29833],[128.16091,38.29458],[128.15851,38.28953],[128.15805,38.27873],[128.16001,38.27437],[128.15427,38.26574],[128.15594,38.26115],[128.15056,38.25554],[128.14234,38.25308],[128.13986,38.2476],[128.13336,38.24504],[128.12992,38.24153],[128.12137,38.2381],[128.12166,38.23466],[128.11616,38.23071],[128.11508,38.22454],[128.11342,38.21949],[128.1188,38.21186],[128.12299,38.21354],[128.13155,38.21166],[128.14173,38.21212],[128.14443,38.20937],[128.14658,38.20031],[128.16692,38.19502],[128.16954,38.18939],[128.1896,38.18812],[128.19531,38.1859],[128.19832,38.17938],[128.20303,38.18271],[128.21153,38.17886],[128.22455,38.18118],[128.22603,38.1865],[128.23257,38.18427],[128.23623,38.17881],[128.25252,38.17908],[128.26529,38.18327],[128.27474,38.19132],[128.27059,38.19495],[128.26978,38.20008],[128.26523,38.20816],[128.27183,38.21426],[128.27162,38.21719],[128.2788,38.22636],[128.2843,38.23122],[128.29547,38.22813],[128.30802,38.23211],[128.30794,38.2445],[128.30547,38.24699],[128.30811,38.25751],[128.31905,38.26611]]]},"properties":{"key":"강원특별자치도|인제군|서화면","code":"5181034000"}},{"type":"Feature","geometry":{"type":"Polygon","coordinates":[[[128.41255,37.88487],[128.40285,37.88445],[128.39462,37.88876],[128.39054,37.88808],[128.3798,37.89076],[128.36628,37.89045],[128.35783,37.89628],[128.35805,37.89997],[128.35231,37.91021],[128.34261,37.91801],[128.32864,37.92357],[128.32428,37.92281],[128.31827,37.92555],[128.30745,37.92692],[128.2993,37.93047],[128.2962,37.92683],[128.29022,37.92594],[128.2842,37.9317],[128.28491,37.93617],[128.27999,37.94132],[128.27118,37.9427],[128.26656,37.94897],[128.24254,37.95245],[128.23186,37.9513],[128.22964,37.94882],[128.2277,37.93835],[128.22038,37.92978],[128.20349,37.93149],[128.19727,37.93004],[128.19545,37.93511],[128.18946,37.94126],[128.1763,37.94656],[128.17234,37.92693],[128.16536,37.92295],[128.15693,37.90805],[128.16276,37.90583],[128.1608,37.8954],[128.1641,37.88756],[128.17339,37.88495],[128.17402,37.87681],[128.16883,37.87188],[128.16806,37.86589],[128.17229,37.85873],[128.16974,37.85138],[128.17892,37.84702],[128.18218,37.84326],[128.18111,37.83463],[128.18455,37.83058],[128.1877,37.82946],[128.1921,37.82265],[128.20888,37.81234],[128.21439,37.81206],[128.21897,37.81706],[128.22867,37.82174],[128.23768,37.82402],[128.24228,37.83133],[128.25411,37.83634],[128.25693,37.84454],[128.25958,37.84757],[128.26135,37.8563],[128.26765,37.86098],[128.27283,37.86088],[128.27558,37.86468],[128.28489,37.86643],[128.28748,37.86507],[128.29372,37.86991],[128.30525,37.85775],[128.30723,37.85141],[128.30743,37.84342],[128.31327,37.83974],[128.31946,37.83111],[128.32846,37.83394],[128.33328,37.82952],[128.34187,37.82583],[128.34777,37.82612],[128.35356,37.83069],[128.36445,37.83323],[128.3674,37.83793],[128.3639,37.84022],[128.36627,37.84719],[128.37835,37.85261],[128.38209,37.85861],[128.39048,37.85877],[128.3966,37.86244],[128.40097,37.86188],[128.40532,37.8702],[128.41018,37.8726],[128.41296,37.88011],[128.41255,37.88487]]]},"properties":{"key":"강원특별자치도|인제군|상남면","code":"5181035000"}},{"type":"Feature","geometry":{"type":"Polygon","coordinates":[[[128.47916,38.40244],[128.46529,38.39706],[128.46247,38.39339],[128.46534,38.38852],[128.45532,38.38524],[128.44961,38.38894],[128.43083,38.38958],[128.42516,38.39207],[128.41808,38.39155],[128.40636,38.40101],[128.40422,38.40431],[128.3938,38.40788],[128.39177,38.40166],[128.38519,38.39724],[128.36303,38.39774],[128.25535,38.41715],[128.24901,38.41264],[128.24306,38.40253],[128.23025,38.39436],[128.22221,38.38674],[128.21561,38.38226],[128.20395,38.37767],[128.21992,38.37777],[128.22883,38.37457],[128.22401,38.3677],[128.22757,38.36157],[128.23357,38.36389],[128.24398,38.36032],[128.25659,38.36357],[128.26088,38.36336],[128.26279,38.35279],[128.25738,38.34271],[128.25868,38.32721],[128.26522,38.32442],[128.27124,38.32749],[128.2792,38.32831],[128.2902,38.33454],[128.29559,38.33408],[128.31074,38.32762],[128.30913,38.32287],[128.31222,38.3131],[128.31469,38.30991],[128.31517,38.30234],[128.32052,38.30015],[128.32116,38.29057],[128.31883,38.28715],[128.31978,38.28022],[128.31769,38.27317],[128.31905,38.26611],[128.32665,38.26629],[128.33703,38.26331],[128.34747,38.2662],[128.35864,38.26363],[128.36329,38.25479],[128.36275,38.25237],[128.36768,38.2355],[128.37332,38.24341],[128.38037,38.24423],[128.38779,38.24837],[128.39687,38.23974],[128.40429,38.2433],[128.41761,38.25436],[128.41426,38.26076],[128.41002,38.2639],[128.40321,38.26067],[128.39962,38.26305],[128.40393,38.27823],[128.42052,38.2875],[128.43068,38.28903],[128.43381,38.29482],[128.43478,38.30801],[128.43755,38.31123],[128.44515,38.33125],[128.45119,38.33725],[128.45626,38.33289],[128.46457,38.33226],[128.47001,38.33344],[128.47935,38.33059],[128.48067,38.33528],[128.48689,38.34236],[128.48587,38.34947],[128.47845,38.35233],[128.4814,38.36258],[128.47412,38.36585],[128.48253,38.3704],[128.48031,38.37776],[128.49054,38.38406],[128.49803,38.38474],[128.47916,38.40244]]]},"properties":{"key":"강원특별자치도|고성군|간성읍","code":"5182025000"}},{"type":"Feature","geometry":{"type":"Polygon","coordinates":[[[128.47916,38.40244],[128.47187,38.41044],[128.4582,38.43001],[128.45467,38.43986],[128.45609,38.44661],[128.46309,38.44675],[128.46862,38.45109],[128.46194,38.45494],[128.45631,38.46287],[128.44993,38.46759],[128.44977,38.47176],[128.44172,38.47481],[128.43956,38.4791],[128.43604,38.47767],[128.43957,38.46982],[128.43527,38.46604],[128.42962,38.46439],[128.41701,38.45778],[128.40418,38.4665],[128.39462,38.46921],[128.39137,38.47385],[128.37431,38.47522],[128.36603,38.46705],[128.35644,38.46437],[128.29925,38.46785],[128.28222,38.43526],[128.2712,38.42975],[128.26557,38.42388],[128.25535,38.41715],[128.36303,38.39774],[128.38519,38.39724],[128.39177,38.40166],[128.3938,38.40788],[128.40422,38.40431],[128.40636,38.40101],[128.41808,38.39155],[128.42516,38.39207],[128.43083,38.38958],[128.44961,38.38894],[128.45532,38.38524],[128.46534,38.38852],[128.46247,38.39339],[128.46529,38.39706],[128.47916,38.40244]]]},"properties":{"key":"강원특별자치도|고성군|거진읍","code":"5182025300"}},{"type":"Feature","geometry":{"type":"Polygon","coordinates":[[[128.43956,38.4791],[128.4409,38.48805],[128.43543,38.48815],[128.43048,38.49366],[128.43042,38.49777],[128.42665,38.50085],[128.42815,38.50582],[128.42325,38.50608],[128.42481,38.51281],[128.4233,38.52253],[128.4174,38.52451],[128.41601,38.52938],[128.40615,38.54157],[128.40776,38.55415],[128.40496,38.55486],[128.40284,38.5656],[128.39718,38.56715],[128.38217,38.58176],[128.37185,38.59264],[128.3638,38.60535],[128.35997,38.60936],[128.35821,38.61695],[128.35105,38.61369],[128.32957,38.60929],[128.32126,38.60958],[128.31385,38.60334],[128.31087,38.59201],[128.31355,38.57991],[128.31528,38.56447],[128.31108,38.54687],[128.31157,38.53247],[128.30969,38.52527],[128.31327,38.51505],[128.30545,38.50675],[128.30146,38.48727],[128.3032,38.47924],[128.29925,38.46785],[128.35644,38.46437],[128.36603,38.46705],[128.37431,38.47522],[128.39137,38.47385],[128.39462,38.46921],[128.40418,38.4665],[128.41701,38.45778],[128.42962,38.46439],[128.43527,38.46604],[128.43957,38.46982],[128.43604,38.47767],[128.43956,38.4791]]]},"properties":{"key":"강원특별자치도|고성군|현내면","code":"5182031000"}},{"type":"Feature","geometry":{"type":"Polygon","coordinates":[[[128.56063,38.29141],[128.55106,38.31421],[128.54608,38.32244],[128.53969,38.3247],[128.53772,38.3376],[128.52634,38.33839],[128.51607,38.35755],[128.5158,38.37168],[128.5012,38.38486],[128.49803,38.38474],[128.49054,38.38406],[128.48031,38.37776],[128.48253,38.3704],[128.47412,38.36585],[128.4814,38.36258],[128.47845,38.35233],[128.48587,38.34947],[128.48689,38.34236],[128.48067,38.33528],[128.47935,38.33059],[128.47001,38.33344],[128.46457,38.33226],[128.45626,38.33289],[128.45119,38.33725],[128.44515,38.33125],[128.43755,38.31123],[128.43478,38.30801],[128.43381,38.29482],[128.43068,38.28903],[128.43917,38.28494],[128.45058,38.28368],[128.46216,38.29359],[128.46657,38.29172],[128.47728,38.29408],[128.4821,38.29274],[128.49039,38.29854],[128.50509,38.29844],[128.50823,38.30222],[128.51497,38.30245],[128.53191,38.29443],[128.54282,38.2965],[128.54718,38.29294],[128.56063,38.29141]]]},"properties":{"key":"강원특별자치도|고성군|죽왕면","code":"5182032000"}},{"type":"Feature","geometry":{"type":"Polygon","coordinates":[[[128.56063,38.29141],[128.54718,38.29294],[128.54282,38.2965],[128.53191,38.29443],[128.51497,38.30245],[128.50823,38.30222],[128.50509,38.29844],[128.49039,38.29854],[128.4821,38.29274],[128.47728,38.29408],[128.46657,38.29172],[128.46216,38.29359],[128.45058,38.28368],[128.43917,38.28494],[128.43068,38.28903],[128.42052,38.2875],[128.40393,38.27823],[128.39962,38.26305],[128.40321,38.26067],[128.41002,38.2639],[128.41426,38.26076],[128.41761,38.25436],[128.42444,38.25179],[128.43493,38.24107],[128.43934,38.23905],[128.4373,38.23059],[128.44053,38.22793],[128.44144,38.22133],[128.43742,38.21523],[128.44187,38.20233],[128.45003,38.19862],[128.46177,38.19706],[128.46772,38.19781],[128.48653,38.18922],[128.49087,38.19148],[128.49705,38.1962],[128.50076,38.20317],[128.50504,38.20364],[128.51299,38.20815],[128.5227,38.20792],[128.52572,38.20966],[128.53324,38.21596],[128.54074,38.21806],[128.54452,38.21699],[128.55567,38.21806],[128.56201,38.22067],[128.57245,38.22131],[128.57847,38.22438],[128.58486,38.23113],[128.58936,38.23461],[128.58992,38.24227],[128.58345,38.25522],[128.56881,38.26886],[128.56537,38.27518],[128.56063,38.29141]]]},"properties":{"key":"강원특별자치도|고성군|토성면","code":"5182033000"}},{"type":"Feature","geometry":{"type":"Polygon","coordinates":[[[128.64524,38.10791],[128.63591,38.1164],[128.62873,38.11254],[128.61337,38.11488],[128.60547,38.112],[128.60617,38.10892],[128.61224,38.1057],[128.59947,38.10203],[128.5956,38.10271],[128.58676,38.10772],[128.58317,38.10444],[128.57843,38.10824],[128.56125,38.11493],[128.55594,38.11528],[128.54025,38.11107],[128.52557,38.11174],[128.53196,38.10383],[128.53647,38.10076],[128.55005,38.10003],[128.56281,38.09638],[128.56778,38.09011],[128.57349,38.09141],[128.57513,38.08669],[128.58053,38.08369],[128.59045,38.07541],[128.6128,38.0682],[128.61323,38.05689],[128.6103,38.05478],[128.60996,38.04746],[128.6152,38.04873],[128.62274,38.05387],[128.62527,38.05872],[128.62989,38.06129],[128.6303,38.06529],[128.63456,38.07232],[128.63274,38.07776],[128.6381,38.08233],[128.64261,38.08947],[128.64231,38.09841],[128.64524,38.10791]]]},"properties":{"key":"강원특별자치도|양양군|양양읍","code":"5183025000"}},{"type":"Feature","geometry":{"type":"Polygon","coordinates":[[[128.46538,38.11949],[128.45748,38.12152],[128.45085,38.116],[128.44015,38.11487],[128.43376,38.11074],[128.42756,38.10953],[128.41231,38.11186],[128.41218,38.10417],[128.40424,38.09582],[128.40944,38.08898],[128.40974,38.07478],[128.41479,38.06306],[128.42329,38.05378],[128.42535,38.04927],[128.43536,38.05282],[128.44085,38.05793],[128.45422,38.05611],[128.46738,38.05067],[128.4768,38.04828],[128.48359,38.05346],[128.49299,38.04909],[128.49697,38.04069],[128.5001,38.03834],[128.49832,38.02942],[128.50364,38.02063],[128.5022,38.01756],[128.50721,38.01241],[128.51219,38.01275],[128.51216,38.00497],[128.50224,37.99677],[128.50012,37.98958],[128.50124,37.98628],[128.4965,37.98233],[128.49785,37.97615],[128.49507,37.96407],[128.48841,37.96102],[128.47743,37.96278],[128.47203,37.96024],[128.47312,37.95376],[128.46634,37.9494],[128.46744,37.94025],[128.46341,37.93553],[128.47446,37.92599],[128.47481,37.90954],[128.47586,37.9062],[128.47357,37.90007],[128.48172,37.89311],[128.49508,37.88757],[128.49834,37.8852],[128.5046,37.88711],[128.51135,37.8805],[128.51881,37.88083],[128.52615,37.88295],[128.53089,37.88894],[128.5395,37.89116],[128.54384,37.88698],[128.55549,37.88144],[128.55999,37.87548],[128.5669,37.87567],[128.57256,37.88252],[128.57351,37.88671],[128.56959,37.89593],[128.56888,37.90213],[128.57157,37.90401],[128.56862,37.91049],[128.56735,37.91794],[128.57145,37.92208],[128.57108,37.92943],[128.57751,37.93331],[128.58173,37.9383],[128.57639,37.9427],[128.58303,37.95205],[128.59111,37.96091],[128.58671,37.96471],[128.58772,37.96971],[128.58576,37.97423],[128.59938,37.97513],[128.60636,37.98776],[128.60499,37.99212],[128.60792,37.99785],[128.60601,38.00428],[128.6115,38.01054],[128.62224,38.0165],[128.62264,38.01809],[128.61277,38.02251],[128.61592,38.02656],[128.61009,38.04352],[128.60996,38.04746],[128.6103,38.05478],[128.61323,38.05689],[128.6128,38.0682],[128.59045,38.07541],[128.58053,38.08369],[128.57513,38.08669],[128.57349,38.09141],[128.56778,38.09011],[128.56281,38.09638],[128.55005,38.10003],[128.53647,38.10076],[128.53196,38.10383],[128.52557,38.11174],[128.51196,38.11044],[128.50178,38.11082],[128.4913,38.10894],[128.48472,38.11073],[128.47758,38.11477],[128.46932,38.11658],[128.46642,38.11928],[128.46538,38.11949]]]},"properties":{"key":"강원특별자치도|양양군|서면","code":"5183031000"}},{"type":"Feature","geometry":{"type":"Polygon","coordinates":[[[128.70438,38.0399],[128.68652,38.05596],[128.67645,38.06813],[128.67834,38.07509],[128.67329,38.07853],[128.66644,38.09249],[128.66245,38.09246],[128.64524,38.10791],[128.64231,38.09841],[128.64261,38.08947],[128.6381,38.08233],[128.63274,38.07776],[128.63456,38.07232],[128.6303,38.06529],[128.62989,38.06129],[128.62527,38.05872],[128.62274,38.05387],[128.6152,38.04873],[128.60996,38.04746],[128.61009,38.04352],[128.61592,38.02656],[128.61277,38.02251],[128.62264,38.01809],[128.6262,38.01379],[128.63155,38.01227],[128.62797,38.00825],[128.63629,38.00159],[128.64024,38.00041],[128.64782,38.00334],[128.65565,38.00966],[128.66192,38.01046],[128.67365,38.02524],[128.67339,38.02904],[128.68682,38.03138],[128.69644,38.03016],[128.6985,38.03473],[128.70438,38.0399]]]},"properties":{"key":"강원특별자치도|양양군|손양면","code":"5183032000"}},{"type":"Feature","geometry":{"type":"Polygon","coordinates":[[[128.74451,37.99425],[128.7342,38.00757],[128.73466,38.01723],[128.73744,38.02046],[128.73326,38.02427],[128.72638,38.02404],[128.70438,38.0399],[128.6985,38.03473],[128.69644,38.03016],[128.68682,38.03138],[128.67339,38.02904],[128.67365,38.02524],[128.66192,38.01046],[128.65565,38.00966],[128.64782,38.00334],[128.64024,38.00041],[128.63629,38.00159],[128.62797,38.00825],[128.63155,38.01227],[128.6262,38.01379],[128.62264,38.01809],[128.62224,38.0165],[128.6115,38.01054],[128.60601,38.00428],[128.60792,37.99785],[128.60499,37.99212],[128.60636,37.98776],[128.59938,37.97513],[128.58576,37.97423],[128.58772,37.96971],[128.58671,37.96471],[128.59111,37.96091],[128.58303,37.95205],[128.57639,37.9427],[128.58173,37.9383],[128.57751,37.93331],[128.57108,37.92943],[128.57145,37.92208],[128.56735,37.91794],[128.56862,37.91049],[128.57157,37.90401],[128.56888,37.90213],[128.56959,37.89593],[128.57351,37.88671],[128.57256,37.88252],[128.5669,37.87567],[128.57189,37.87042],[128.57376,37.86457],[128.58785,37.86188],[128.59166,37.86555],[128.5966,37.86596],[128.60091,37.87073],[128.61948,37.87187],[128.62353,37.87504],[128.62474,37.88202],[128.63492,37.88772],[128.63811,37.89293],[128.64347,37.89503],[128.64836,37.89084],[128.65956,37.89177],[128.66466,37.89061],[128.66686,37.88578],[128.67654,37.88995],[128.68327,37.8898],[128.6883,37.8926],[128.69055,37.90194],[128.69296,37.90543],[128.69214,37.91209],[128.69592,37.92189],[128.69418,37.92782],[128.69564,37.93288],[128.69283,37.93924],[128.69201,37.94768],[128.69576,37.95736],[128.70491,37.96433],[128.70661,37.97069],[128.71129,37.9765],[128.71975,37.97706],[128.72285,37.98183],[128.73029,37.98535],[128.73168,37.98899],[128.74451,37.99425]]]},"properties":{"key":"강원특별자치도|양양군|현북면","code":"5183033000"}},{"type":"Feature","geometry":{"type":"Polygon","coordinates":[[[128.81003,37.91834],[128.79909,37.92659],[128.79045,37.93457],[128.79053,37.94514],[128.78315,37.94748],[128.77313,37.95501],[128.7713,37.95991],[128.76416,37.96854],[128.76715,37.9716],[128.76026,37.97668],[128.76491,37.9803],[128.76143,37.98389],[128.75507,37.98434],[128.75036,37.9882],[128.75015,37.99292],[128.74451,37.99425],[128.73168,37.98899],[128.73029,37.98535],[128.72285,37.98183],[128.71975,37.97706],[128.71129,37.9765],[128.70661,37.97069],[128.70491,37.96433],[128.69576,37.95736],[128.69201,37.94768],[128.69283,37.93924],[128.69564,37.93288],[128.69418,37.92782],[128.69592,37.92189],[128.69214,37.91209],[128.69296,37.90543],[128.69055,37.90194],[128.6883,37.8926],[128.70197,37.89833],[128.70966,37.89766],[128.71812,37.90371],[128.73338,37.90034],[128.73622,37.90334],[128.74452,37.90422],[128.74699,37.90961],[128.75636,37.91245],[128.76207,37.90958],[128.77594,37.91016],[128.78239,37.915],[128.79332,37.91208],[128.80274,37.91288],[128.81003,37.91834]]]},"properties":{"key":"강원특별자치도|양양군|현남면","code":"5183034000"}},{"type":"Feature","geometry":{"type":"Polygon","coordinates":[[[128.60908,38.16105],[128.60207,38.15971],[128.59412,38.1605],[128.58012,38.16009],[128.57077,38.161],[128.5707,38.15451],[128.55941,38.14915],[128.53456,38.14834],[128.52976,38.13687],[128.52382,38.13824],[128.51658,38.13575],[128.50975,38.13667],[128.50144,38.13554],[128.49182,38.13805],[128.48307,38.13228],[128.47383,38.1218],[128.46642,38.11928],[128.46932,38.11658],[128.47758,38.11477],[128.48472,38.11073],[128.4913,38.10894],[128.50178,38.11082],[128.51196,38.11044],[128.52557,38.11174],[128.54025,38.11107],[128.55594,38.11528],[128.56125,38.11493],[128.57843,38.10824],[128.58317,38.10444],[128.58676,38.10772],[128.5956,38.10271],[128.59947,38.10203],[128.61224,38.1057],[128.60617,38.10892],[128.60547,38.112],[128.61337,38.11488],[128.62873,38.11254],[128.63591,38.1164],[128.63403,38.12412],[128.6295,38.12952],[128.6187,38.13744],[128.6096,38.15112],[128.61127,38.15837],[128.60908,38.16105]]]},"properties":{"key":"강원특별자치도|양양군|강현면","code":"5183035000"}}]}