{"type":"FeatureCollection","features":[{"type":"Feature","geometry":{"type":"Polygon","coordinates":[[[127.21728,35.80164],[127.21367,35.80472],[127.20713,35.80563],[127.20345,35.80944],[127.19787,35.81104],[127.19153,35.81001],[127.18786,35.80591],[127.18028,35.80528],[127.17211,35.81174],[127.16597,35.80704],[127.16084,35.81157],[127.15319,35.81067],[127.15135,35.8034],[127.15605,35.79455],[127.16165,35.7925],[127.16242,35.78394],[127.16365,35.78188],[127.1729,35.77917],[127.17885,35.77261],[127.18544,35.77915],[127.19541,35.77429],[127.1994,35.77607],[127.19969,35.78603],[127.21194,35.79397],[127.21728,35.80164]]]},"properties":{"key":"전북특별자치도|전주시완산구|동서학동","code":"5211165000"}},{"type":"Feature","geometry":{"type":"Polygon","coordinates":[[[127.15319,35.81067],[127.14895,35.81109],[127.14431,35.80284],[127.1413,35.80254],[127.14639,35.79685],[127.1456,35.79472],[127.15145,35.78477],[127.15194,35.78141],[127.15342,35.77857],[127.16242,35.78394],[127.16165,35.7925],[127.15605,35.79455],[127.15135,35.8034],[127.15319,35.81067]]]},"properties":{"key":"전북특별자치도|전주시완산구|서서학동","code":"5211166000"}},{"type":"Feature","geometry":{"type":"Polygon","coordinates":[[[127.1385,35.81374],[127.13537,35.82035],[127.12942,35.81944],[127.12293,35.8165],[127.12306,35.81205],[127.12347,35.80935],[127.12982,35.80861],[127.1385,35.81374]]]},"properties":{"key":"전북특별자치도|전주시완산구|중화산1동","code":"5211167100"}},{"type":"Feature","geometry":{"type":"Polygon","coordinates":[[[127.12665,35.82523],[127.11365,35.82532],[127.11324,35.81545],[127.12306,35.81205],[127.12293,35.8165],[127.12942,35.81944],[127.12665,35.82523]]]},"properties":{"key":"전북특별자치도|전주시완산구|중화산2동","code":"5211167200"}},{"type":"Feature","geometry":{"type":"Polygon","coordinates":[[[127.15194,35.78141],[127.15145,35.78477],[127.1456,35.79472],[127.14639,35.79685],[127.1413,35.80254],[127.14098,35.80208],[127.1376,35.80078],[127.1355,35.79976],[127.13624,35.79182],[127.14085,35.79105],[127.14934,35.78232],[127.15194,35.78141]]]},"properties":{"key":"전북특별자치도|전주시완산구|평화1동","code":"5211169100"}},{"type":"Feature","geometry":{"type":"Polygon","coordinates":[[[127.15194,35.78141],[127.14934,35.78232],[127.14085,35.79105],[127.13624,35.79182],[127.1355,35.79976],[127.13036,35.79779],[127.11687,35.79045],[127.1096,35.78587],[127.1128,35.77929],[127.1085,35.77605],[127.11098,35.77277],[127.10301,35.76747],[127.09976,35.75566],[127.10206,35.75187],[127.11587,35.74943],[127.11836,35.7531],[127.12401,35.75223],[127.13666,35.76097],[127.1463,35.7595],[127.14622,35.76371],[127.14969,35.76879],[127.14893,35.77318],[127.15342,35.77857],[127.15194,35.78141]]]},"properties":{"key":"전북특별자치도|전주시완산구|평화2동","code":"5211169200"}},{"type":"Feature","geometry":{"type":"Polygon","coordinates":[[[127.12388,35.83477],[127.11768,35.83823],[127.11203,35.83813],[127.10555,35.84223],[127.105,35.84486],[127.10474,35.8401],[127.10535,35.83285],[127.11157,35.82807],[127.11277,35.82585],[127.11365,35.82532],[127.12665,35.82523],[127.12861,35.82952],[127.12388,35.83477]]]},"properties":{"key":"전북특별자치도|전주시완산구|서신동","code":"5211168000"}},{"type":"Feature","geometry":{"type":"Polygon","coordinates":[[[127.1376,35.80078],[127.1319,35.80295],[127.1253,35.8026],[127.11688,35.80225],[127.11685,35.79862],[127.12571,35.79708],[127.13036,35.79779],[127.1355,35.79976],[127.1376,35.80078]]]},"properties":{"key":"전북특별자치도|전주시완산구|삼천1동","code":"5211170100"}},{"type":"Feature","geometry":{"type":"Polygon","coordinates":[[[127.13036,35.79779],[127.12571,35.79708],[127.11685,35.79862],[127.11687,35.79045],[127.13036,35.79779]]]},"properties":{"key":"전북특별자치도|전주시완산구|삼천2동","code":"5211170200"}},{"type":"Feature","geometry":{"type":"Polygon","coordinates":[[[127.11001,35.80128],[127.10778,35.79716],[127.09561,35.79477],[127.08554,35.80321],[127.06746,35.80379],[127.06524,35.80255],[127.06591,35.79076],[127.06486,35.78616],[127.07117,35.78214],[127.07435,35.77519],[127.06672,35.77039],[127.06427,35.76675],[127.05369,35.76288],[127.05147,35.75966],[127.05955,35.75842],[127.06621,35.74928],[127.07059,35.74678],[127.07051,35.74223],[127.07839,35.73663],[127.08172,35.72964],[127.08518,35.72843],[127.09147,35.73625],[127.09542,35.73732],[127.09621,35.74535],[127.10206,35.75187],[127.09976,35.75566],[127.10301,35.76747],[127.11098,35.77277],[127.1085,35.77605],[127.1128,35.77929],[127.1096,35.78587],[127.11687,35.79045],[127.11685,35.79862],[127.11001,35.80128]]]},"properties":{"key":"전북특별자치도|전주시완산구|삼천3동","code":"5211170300"}},{"type":"Feature","geometry":{"type":"Polygon","coordinates":[[[127.12982,35.80861],[127.12347,35.80935],[127.1253,35.8026],[127.1319,35.80295],[127.1376,35.80078],[127.14098,35.80208],[127.14095,35.80865],[127.13206,35.80655],[127.12982,35.80861]]]},"properties":{"key":"전북특별자치도|전주시완산구|효자1동","code":"5211171100"}},{"type":"Feature","geometry":{"type":"Polygon","coordinates":[[[127.12306,35.81205],[127.11324,35.81545],[127.11263,35.81365],[127.11682,35.80668],[127.11688,35.80225],[127.1253,35.8026],[127.12347,35.80935],[127.12306,35.81205]]]},"properties":{"key":"전북특별자치도|전주시완산구|효자2동","code":"5211171200"}},{"type":"Feature","geometry":{"type":"Polygon","coordinates":[[[127.11688,35.80225],[127.11682,35.80668],[127.11263,35.81365],[127.11199,35.81363],[127.10918,35.80677],[127.11001,35.80128],[127.11685,35.79862],[127.11688,35.80225]]]},"properties":{"key":"전북특별자치도|전주시완산구|효자3동","code":"5211171300"}},{"type":"Feature","geometry":{"type":"Polygon","coordinates":[[[127.11199,35.81363],[127.0944,35.81363],[127.09241,35.81836],[127.07992,35.82397],[127.0719,35.82524],[127.07037,35.82505],[127.05624,35.82526],[127.05681,35.82304],[127.06553,35.81853],[127.06763,35.81424],[127.06746,35.80379],[127.08554,35.80321],[127.09561,35.79477],[127.10778,35.79716],[127.11001,35.80128],[127.10918,35.80677],[127.11199,35.81363]]]},"properties":{"key":"전북특별자치도|전주시완산구|효자4동","code":"5211171400"}},{"type":"Feature","geometry":{"type":"Polygon","coordinates":[[[127.14566,35.82169],[127.14136,35.82783],[127.13216,35.82395],[127.13537,35.82035],[127.1385,35.81374],[127.14317,35.81283],[127.14665,35.81441],[127.14566,35.82169]]]},"properties":{"key":"전북특별자치도|전주시완산구|중앙동","code":"5211151000"}},{"type":"Feature","geometry":{"type":"Polygon","coordinates":[[[127.16932,35.81756],[127.15358,35.81765],[127.14936,35.82275],[127.14566,35.82169],[127.14665,35.81441],[127.14317,35.81283],[127.14895,35.81109],[127.15319,35.81067],[127.16084,35.81157],[127.16597,35.80704],[127.17211,35.81174],[127.16932,35.81756]]]},"properties":{"key":"전북특별자치도|전주시완산구|풍남동","code":"5211153000"}},{"type":"Feature","geometry":{"type":"Polygon","coordinates":[[[127.15154,35.82968],[127.14645,35.83067],[127.14136,35.82783],[127.14566,35.82169],[127.14936,35.82275],[127.15358,35.81765],[127.16932,35.81756],[127.16978,35.81845],[127.15819,35.82805],[127.1541,35.8296],[127.15154,35.82968]]]},"properties":{"key":"전북특별자치도|전주시완산구|노송동","code":"5211160500"}},{"type":"Feature","geometry":{"type":"Polygon","coordinates":[[[127.14317,35.81283],[127.1385,35.81374],[127.12982,35.80861],[127.13206,35.80655],[127.14095,35.80865],[127.14098,35.80208],[127.1413,35.80254],[127.14431,35.80284],[127.14895,35.81109],[127.14317,35.81283]]]},"properties":{"key":"전북특별자치도|전주시완산구|완산동","code":"5211163500"}},{"type":"Feature","geometry":{"type":"Polygon","coordinates":[[[127.16264,35.84301],[127.15288,35.84368],[127.15025,35.83618],[127.15154,35.82968],[127.1541,35.8296],[127.15828,35.8365],[127.16366,35.83759],[127.16264,35.84301]]]},"properties":{"key":"전북특별자치도|전주시덕진구|인후1동","code":"5211354000"}},{"type":"Feature","geometry":{"type":"Polygon","coordinates":[[[127.14991,35.8505],[127.14454,35.85061],[127.14365,35.84395],[127.1453,35.84116],[127.14257,35.83284],[127.14645,35.83067],[127.15154,35.82968],[127.15025,35.83618],[127.15288,35.84368],[127.14991,35.8505]]]},"properties":{"key":"전북특별자치도|전주시덕진구|인후2동","code":"5211355000"}},{"type":"Feature","geometry":{"type":"Polygon","coordinates":[[[127.16978,35.81845],[127.17054,35.82505],[127.16712,35.83562],[127.16366,35.83759],[127.15828,35.8365],[127.1541,35.8296],[127.15819,35.82805],[127.16978,35.81845]]]},"properties":{"key":"전북특별자치도|전주시덕진구|인후3동","code":"5211356000"}},{"type":"Feature","geometry":{"type":"Polygon","coordinates":[[[127.15031,35.85171],[127.1435,35.86158],[127.1404,35.85814],[127.13142,35.85634],[127.12816,35.85299],[127.12031,35.85108],[127.11498,35.85367],[127.105,35.84486],[127.10555,35.84223],[127.11203,35.83813],[127.11768,35.83823],[127.12388,35.83477],[127.12674,35.83427],[127.13064,35.84175],[127.13794,35.84465],[127.13606,35.85022],[127.14267,35.85268],[127.14454,35.85061],[127.14991,35.8505],[127.15031,35.85171]]]},"properties":{"key":"전북특별자치도|전주시덕진구|덕진동","code":"5211357000"}},{"type":"Feature","geometry":{"type":"Polygon","coordinates":[[[127.12674,35.83427],[127.13542,35.83199],[127.14257,35.83284],[127.1453,35.84116],[127.14365,35.84395],[127.14454,35.85061],[127.14267,35.85268],[127.13606,35.85022],[127.13794,35.84465],[127.13064,35.84175],[127.12674,35.83427]]]},"properties":{"key":"전북특별자치도|전주시덕진구|금암동","code":"5211357500"}},{"type":"Feature","geometry":{"type":"Polygon","coordinates":[[[127.11498,35.85367],[127.11415,35.85842],[127.10683,35.86193],[127.10711,35.86682],[127.1015,35.87362],[127.09222,35.86632],[127.09663,35.86371],[127.09265,35.86001],[127.08168,35.86485],[127.07882,35.86164],[127.08347,35.8571],[127.0826,35.85001],[127.0883,35.8469],[127.08727,35.84003],[127.09023,35.83813],[127.10474,35.8401],[127.105,35.84486],[127.11498,35.85367]]]},"properties":{"key":"전북특별자치도|전주시덕진구|팔복동","code":"5211360000"}},{"type":"Feature","geometry":{"type":"Polygon","coordinates":[[[127.1676,35.85699],[127.16659,35.85898],[127.15725,35.85722],[127.15031,35.85171],[127.14991,35.8505],[127.15288,35.84368],[127.16264,35.84301],[127.1681,35.8461],[127.1676,35.85699]]]},"properties":{"key":"전북특별자치도|전주시덕진구|우아1동","code":"5211361100"}},{"type":"Feature","geometry":{"type":"Polygon","coordinates":[[[127.23561,35.82149],[127.22753,35.82228],[127.2195,35.81987],[127.21418,35.82212],[127.20854,35.8292],[127.21022,35.84119],[127.20497,35.84511],[127.19812,35.85686],[127.19457,35.85877],[127.1854,35.85578],[127.17405,35.8547],[127.1676,35.85699],[127.1681,35.8461],[127.16264,35.84301],[127.16366,35.83759],[127.16712,35.83562],[127.17054,35.82505],[127.16978,35.81845],[127.16932,35.81756],[127.17211,35.81174],[127.18028,35.80528],[127.18786,35.80591],[127.19153,35.81001],[127.19787,35.81104],[127.20345,35.80944],[127.20713,35.80563],[127.21367,35.80472],[127.21728,35.80164],[127.22822,35.8088],[127.2311,35.81851],[127.23561,35.82149]]]},"properties":{"key":"전북특별자치도|전주시덕진구|우아2동","code":"5211361200"}},{"type":"Feature","geometry":{"type":"Polygon","coordinates":[[[127.16659,35.85898],[127.16223,35.86796],[127.15197,35.88059],[127.1479,35.89014],[127.14101,35.89775],[127.13637,35.90046],[127.12763,35.90149],[127.12888,35.89603],[127.13419,35.89338],[127.13317,35.88962],[127.13478,35.88096],[127.13712,35.87931],[127.1424,35.86905],[127.1435,35.86158],[127.15031,35.85171],[127.15725,35.85722],[127.16659,35.85898]]]},"properties":{"key":"전북특별자치도|전주시덕진구|호성동","code":"5211362000"}},{"type":"Feature","geometry":{"type":"Polygon","coordinates":[[[127.12135,35.86968],[127.12153,35.86103],[127.12031,35.85108],[127.12816,35.85299],[127.13142,35.85634],[127.1404,35.85814],[127.1435,35.86158],[127.1424,35.86905],[127.12135,35.86968]]]},"properties":{"key":"전북특별자치도|전주시덕진구|송천1동","code":"5211364100"}},{"type":"Feature","geometry":{"type":"Polygon","coordinates":[[[127.13478,35.88096],[127.13317,35.88962],[127.13419,35.89338],[127.12888,35.89603],[127.12763,35.90149],[127.11174,35.89793],[127.10583,35.89612],[127.0979,35.89613],[127.08864,35.89331],[127.0924,35.88085],[127.09887,35.87774],[127.1015,35.87362],[127.10711,35.86682],[127.10683,35.86193],[127.11415,35.85842],[127.11498,35.85367],[127.12031,35.85108],[127.12153,35.86103],[127.12135,35.86968],[127.12605,35.87551],[127.11853,35.87876],[127.13217,35.8816],[127.13478,35.88096]]]},"properties":{"key":"전북특별자치도|전주시덕진구|송천2동","code":"5211364200"}},{"type":"Feature","geometry":{"type":"Polygon","coordinates":[[[127.07668,35.89815],[127.06421,35.89898],[127.05262,35.89208],[127.04534,35.89337],[127.04198,35.89644],[127.03723,35.89346],[127.03404,35.89247],[127.02819,35.89783],[127.01905,35.89421],[127.0149,35.89573],[127.00032,35.89278],[127.00144,35.88905],[126.99787,35.8837],[127.00655,35.87671],[127.00666,35.87045],[127.00553,35.86204],[127.0162,35.85923],[127.02466,35.86471],[127.02846,35.8612],[127.02935,35.85381],[127.03408,35.85073],[127.04988,35.85387],[127.04855,35.85951],[127.04553,35.86152],[127.04681,35.86834],[127.05061,35.86965],[127.05861,35.86578],[127.06564,35.8662],[127.06933,35.87024],[127.07642,35.87154],[127.07713,35.88744],[127.07668,35.89815]]]},"properties":{"key":"전북특별자치도|전주시덕진구|조촌동","code":"5211365000"}},{"type":"Feature","geometry":{"type":"Polygon","coordinates":[[[127.08864,35.89331],[127.07668,35.89815],[127.07713,35.88744],[127.07642,35.87154],[127.06933,35.87024],[127.06564,35.8662],[127.05861,35.86578],[127.05061,35.86965],[127.04681,35.86834],[127.04553,35.86152],[127.04855,35.85951],[127.04988,35.85387],[127.04985,35.85181],[127.05634,35.83915],[127.05862,35.83828],[127.06722,35.8385],[127.06779,35.83282],[127.07202,35.83189],[127.07037,35.82505],[127.0719,35.82524],[127.07727,35.82953],[127.0856,35.83247],[127.08727,35.84003],[127.0883,35.8469],[127.0826,35.85001],[127.08347,35.8571],[127.07882,35.86164],[127.08168,35.86485],[127.09265,35.86001],[127.09663,35.86371],[127.09222,35.86632],[127.1015,35.87362],[127.09887,35.87774],[127.0924,35.88085],[127.08864,35.89331]]]},"properties":{"key":"전북특별자치도|전주시덕진구|여의동","code":"5211366500"}},{"type":"Feature","geometry":{"type":"Polygon","coordinates":[[[127.12674,35.83427],[127.12388,35.83477],[127.12861,35.82952],[127.12665,35.82523],[127.12942,35.81944],[127.13537,35.82035],[127.13216,35.82395],[127.14136,35.82783],[127.14645,35.83067],[127.14257,35.83284],[127.13542,35.83199],[127.12674,35.83427]]]},"properties":{"key":"전북특별자치도|전주시덕진구|진북동","code":"5211352500"}},{"type":"Feature","geometry":{"type":"Polygon","coordinates":[[[126.70935,35.94287],[126.7016,35.94266],[126.6882,35.93405],[126.68049,35.9337],[126.67664,35.92733],[126.66746,35.92751],[126.65061,35.93065],[126.65012,35.90214],[126.65897,35.89865],[126.65249,35.88527],[126.65051,35.88412],[126.65865,35.88467],[126.66767,35.88343],[126.67489,35.88914],[126.67639,35.89466],[126.69913,35.89374],[126.71313,35.88927],[126.71583,35.89544],[126.7149,35.89921],[126.72474,35.90194],[126.72988,35.90582],[126.7295,35.91996],[126.72647,35.92853],[126.71662,35.9286],[126.7102,35.93698],[126.70935,35.94287]]]},"properties":{"key":"전북특별자치도|군산시|옥구읍","code":"5213025000"}},{"type":"Feature","geometry":{"type":"Polygon","coordinates":[[[126.76859,35.955],[126.75455,35.95475],[126.73569,35.95895],[126.71847,35.95522],[126.70935,35.94287],[126.7102,35.93698],[126.71662,35.9286],[126.72647,35.92853],[126.7295,35.91996],[126.7354,35.91502],[126.74085,35.9142],[126.74259,35.91744],[126.74028,35.92488],[126.7483,35.93499],[126.75608,35.93166],[126.76034,35.93337],[126.77215,35.93239],[126.77384,35.93972],[126.76901,35.94796],[126.76859,35.955]]]},"properties":{"key":"전북특별자치도|군산시|옥산면","code":"5213031000"}},{"type":"Feature","geometry":{"type":"Polygon","coordinates":[[[126.78536,35.93442],[126.77384,35.93972],[126.77215,35.93239],[126.76034,35.93337],[126.75608,35.93166],[126.7483,35.93499],[126.74028,35.92488],[126.74259,35.91744],[126.74085,35.9142],[126.7354,35.91502],[126.7295,35.91996],[126.72988,35.90582],[126.72474,35.90194],[126.7149,35.89921],[126.71583,35.89544],[126.71313,35.88927],[126.725,35.88577],[126.73634,35.89157],[126.74175,35.89003],[126.76305,35.89147],[126.76999,35.88901],[126.78415,35.90237],[126.79895,35.90688],[126.80688,35.90814],[126.80271,35.91625],[126.79812,35.91629],[126.78689,35.92395],[126.78536,35.93442]]]},"properties":{"key":"전북특별자치도|군산시|회현면","code":"5213032000"}},{"type":"Feature","geometry":{"type":"Polygon","coordinates":[[[126.84367,36.00641],[126.84066,36.00498],[126.84042,35.99849],[126.8328,35.99139],[126.82858,35.98442],[126.83433,35.97803],[126.83198,35.97651],[126.83502,35.97205],[126.83354,35.96692],[126.83437,35.95828],[126.83263,35.9519],[126.84276,35.95337],[126.84943,35.95141],[126.85897,35.95221],[126.86449,35.94916],[126.87126,35.95193],[126.87906,35.95004],[126.88199,35.95481],[126.89034,35.95268],[126.89374,35.95512],[126.88521,35.96085],[126.89976,35.97092],[126.9029,35.97205],[126.90226,35.97863],[126.90947,35.98191],[126.90919,35.98354],[126.90777,35.98338],[126.87586,35.97388],[126.86509,35.97453],[126.85694,35.97358],[126.85719,35.97882],[126.86543,35.98672],[126.86727,35.99317],[126.85841,35.99754],[126.84745,36.00132],[126.84367,36.00641]]]},"properties":{"key":"전북특별자치도|군산시|임피면","code":"5213033000"}},{"type":"Feature","geometry":{"type":"Polygon","coordinates":[[[126.91479,36.00435],[126.90101,36.00786],[126.89657,36.0136],[126.89066,36.01744],[126.88401,36.02612],[126.8703,36.03283],[126.87145,36.02744],[126.86688,36.0224],[126.86652,36.01737],[126.85592,36.01829],[126.85362,36.02036],[126.84403,36.02022],[126.84024,36.01873],[126.84567,36.01221],[126.84367,36.00641],[126.84745,36.00132],[126.85841,35.99754],[126.86727,35.99317],[126.86543,35.98672],[126.85719,35.97882],[126.85694,35.97358],[126.86509,35.97453],[126.87586,35.97388],[126.90777,35.98338],[126.91201,35.98922],[126.91522,35.99676],[126.91479,36.00435]]]},"properties":{"key":"전북특별자치도|군산시|서수면","code":"5213034000"}},{"type":"Feature","geometry":{"type":"Polygon","coordinates":[[[126.89034,35.95268],[126.88199,35.95481],[126.87906,35.95004],[126.87126,35.95193],[126.86449,35.94916],[126.85897,35.95221],[126.84943,35.95141],[126.84276,35.95337],[126.83263,35.9519],[126.83437,35.95828],[126.83354,35.96692],[126.83502,35.97205],[126.83198,35.97651],[126.81615,35.972],[126.80584,35.97189],[126.80731,35.9658],[126.80615,35.95996],[126.80818,35.95345],[126.80719,35.94643],[126.80351,35.94027],[126.78536,35.93442],[126.78689,35.92395],[126.79812,35.91629],[126.80271,35.91625],[126.80688,35.90814],[126.81928,35.90814],[126.82812,35.90678],[126.83728,35.91156],[126.84749,35.92021],[126.8536,35.91679],[126.86076,35.91889],[126.86611,35.92439],[126.87719,35.93327],[126.88098,35.93832],[126.88183,35.94725],[126.89034,35.95268]]]},"properties":{"key":"전북특별자치도|군산시|대야면","code":"5213035000"}},{"type":"Feature","geometry":{"type":"Polygon","coordinates":[[[126.80584,35.97189],[126.80495,35.97659],[126.80031,35.97983],[126.79151,35.97921],[126.77561,35.98113],[126.76973,35.98865],[126.76501,35.99043],[126.76148,35.98341],[126.7633,35.98043],[126.76787,35.9769],[126.76688,35.96449],[126.76964,35.96191],[126.76859,35.955],[126.76901,35.94796],[126.77384,35.93972],[126.78536,35.93442],[126.80351,35.94027],[126.80719,35.94643],[126.80818,35.95345],[126.80615,35.95996],[126.80731,35.9658],[126.80584,35.97189]]]},"properties":{"key":"전북특별자치도|군산시|개정면","code":"5213036000"}},{"type":"Feature","geometry":{"type":"Polygon","coordinates":[[[126.78822,36.03068],[126.77527,36.03164],[126.76514,36.02941],[126.75667,36.02576],[126.74868,36.02354],[126.7448,36.01814],[126.74916,36.01304],[126.76484,36.00641],[126.76889,36.01026],[126.76995,35.99695],[126.76436,35.99482],[126.76501,35.99043],[126.76973,35.98865],[126.77561,35.98113],[126.79151,35.97921],[126.80031,35.97983],[126.80495,35.97659],[126.80584,35.97189],[126.81615,35.972],[126.83198,35.97651],[126.83433,35.97803],[126.82858,35.98442],[126.8328,35.99139],[126.82574,35.99734],[126.81927,36.00789],[126.81417,36.00421],[126.80629,36.01406],[126.79651,36.01625],[126.79344,36.01197],[126.78473,36.01713],[126.78822,36.03068]]]},"properties":{"key":"전북특별자치도|군산시|성산면","code":"5213037000"}},{"type":"Feature","geometry":{"type":"Polygon","coordinates":[[[126.87292,36.03963],[126.87369,36.04253],[126.86862,36.04598],[126.86358,36.06057],[126.84363,36.05245],[126.8297,36.0469],[126.81333,36.03557],[126.79767,36.03077],[126.78822,36.03068],[126.78473,36.01713],[126.79344,36.01197],[126.79651,36.01625],[126.80629,36.01406],[126.81417,36.00421],[126.81927,36.00789],[126.82574,35.99734],[126.8328,35.99139],[126.84042,35.99849],[126.84066,36.00498],[126.84367,36.00641],[126.84567,36.01221],[126.84024,36.01873],[126.84403,36.02022],[126.85362,36.02036],[126.85592,36.01829],[126.86652,36.01737],[126.86688,36.0224],[126.87145,36.02744],[126.8703,36.03283],[126.87292,36.03963]]]},"properties":{"key":"전북특별자치도|군산시|나포면","code":"5213038000"}},{"type":"Feature","geometry":{"type":"MultiPolygon","coordinates":[[[[126.4481,35.7486],[126.44005,35.74341],[126.44734,35.74],[126.45135,35.73608],[126.44845,35.73137],[126.45556,35.7297],[126.45843,35.7376],[126.45462,35.74492],[126.4481,35.7486]]],[[[126.44057,35.8061],[126.43755,35.81072],[126.43178,35.80226],[126.42122,35.80681],[126.41733,35.80482],[126.41343,35.79867],[126.41931,35.79359],[126.42512,35.79312],[126.42944,35.79738],[126.43784,35.80195],[126.44057,35.8061]]],[[[126.39742,35.8189],[126.38916,35.82189],[126.38713,35.81947],[126.39661,35.81443],[126.39742,35.8189]]],[[[126.37121,35.82066],[126.36671,35.81491],[126.36795,35.80849],[126.37298,35.80433],[126.37945,35.80566],[126.37601,35.81462],[126.37122,35.81589],[126.37121,35.82066]]],[[[126.40466,35.83211],[126.40522,35.82717],[126.4126,35.82323],[126.40956,35.81458],[126.40285,35.81202],[126.40981,35.80468],[126.41505,35.80594],[126.41726,35.82369],[126.41403,35.83057],[126.40466,35.83211]]],[[[126.49065,35.84699],[126.48584,35.84373],[126.49096,35.8382],[126.47561,35.82241],[126.45956,35.82612],[126.45538,35.83101],[126.44423,35.83168],[126.44157,35.82769],[126.44479,35.8233],[126.4522,35.82035],[126.44951,35.81618],[126.44927,35.80749],[126.45357,35.80599],[126.45715,35.81011],[126.45731,35.8145],[126.47034,35.81074],[126.48069,35.81208],[126.48742,35.81567],[126.48074,35.81888],[126.49657,35.83318],[126.49925,35.8374],[126.50045,35.84422],[126.49065,35.84699]]],[[[126.34125,35.85393],[126.34049,35.85048],[126.35245,35.84913],[126.35238,35.85343],[126.34125,35.85393]]],[[[126.38721,35.85556],[126.37816,35.85353],[126.37145,35.85387],[126.36171,35.84627],[126.37201,35.84602],[126.37988,35.84748],[126.38721,35.85556]]],[[[126.31615,35.85906],[126.31948,35.85293],[126.32624,35.85217],[126.32562,35.85755],[126.31615,35.85906]]],[[[126.53098,36.03529],[126.52838,36.04219],[126.52317,36.03716],[126.53098,36.03529]]],[[[126.55711,36.04469],[126.5549,36.04724],[126.54394,36.04447],[126.54071,36.03726],[126.55106,36.03338],[126.55688,36.02989],[126.55864,36.03762],[126.55711,36.04469]]],[[[126.43938,36.08563],[126.42789,36.08559],[126.43023,36.07992],[126.43508,36.07612],[126.44473,36.07869],[126.44603,36.08202],[126.43938,36.08563]]],[[[125.98405,36.12318],[125.97772,36.1262],[125.96924,36.12757],[125.96654,36.12484],[125.97343,36.11202],[125.98041,36.11043],[125.98431,36.11297],[125.99341,36.11161],[125.99568,36.11779],[125.9949,36.12245],[125.98405,36.12318]]]]},"properties":{"key":"전북특별자치도|군산시|옥도면","code":"5213039000"}},{"type":"Feature","geometry":{"type":"Polygon","coordinates":[[[126.65061,35.93065],[126.63641,35.93752],[126.63146,35.9446],[126.62505,35.94237],[126.61495,35.94267],[126.61696,35.9395],[126.61152,35.9296],[126.61038,35.9166],[126.61131,35.90713],[126.61475,35.89105],[126.61155,35.88757],[126.61792,35.88598],[126.62055,35.88837],[126.6307,35.8857],[126.65051,35.88412],[126.65249,35.88527],[126.65897,35.89865],[126.65012,35.90214],[126.65061,35.93065]]]},"properties":{"key":"전북특별자치도|군산시|옥서면","code":"5213040000"}},{"type":"Feature","geometry":{"type":"Polygon","coordinates":[[[126.71371,35.99729],[126.70412,35.99969],[126.68011,35.99929],[126.68626,35.99324],[126.69587,35.98289],[126.69976,35.98452],[126.70731,35.98707],[126.71371,35.99729]]]},"properties":{"key":"전북특별자치도|군산시|해신동","code":"5213051500"}},{"type":"Feature","geometry":{"type":"Polygon","coordinates":[[[126.72159,35.99541],[126.71371,35.99729],[126.70731,35.98707],[126.69976,35.98452],[126.70301,35.98215],[126.70776,35.98359],[126.71389,35.97993],[126.71722,35.98107],[126.71422,35.98266],[126.72159,35.99541]]]},"properties":{"key":"전북특별자치도|군산시|월명동","code":"5213053000"}},{"type":"Feature","geometry":{"type":"Polygon","coordinates":[[[126.70301,35.98215],[126.69976,35.98452],[126.69587,35.98289],[126.69391,35.97634],[126.70521,35.96979],[126.71067,35.96984],[126.70921,35.97488],[126.70301,35.98215]]]},"properties":{"key":"전북특별자치도|군산시|신풍동","code":"5213055000"}},{"type":"Feature","geometry":{"type":"Polygon","coordinates":[[[126.71389,35.97993],[126.70776,35.98359],[126.70301,35.98215],[126.70921,35.97488],[126.71472,35.97508],[126.71389,35.97993]]]},"properties":{"key":"전북특별자치도|군산시|삼학동","code":"5213056000"}},{"type":"Feature","geometry":{"type":"Polygon","coordinates":[[[126.721,35.98239],[126.72736,35.98184],[126.72858,35.98483],[126.72892,35.996],[126.72159,35.99541],[126.71422,35.98266],[126.71722,35.98107],[126.721,35.98239]]]},"properties":{"key":"전북특별자치도|군산시|중앙동","code":"5213060500"}},{"type":"Feature","geometry":{"type":"Polygon","coordinates":[[[126.72416,35.97668],[126.721,35.98239],[126.71722,35.98107],[126.71389,35.97993],[126.71472,35.97508],[126.70921,35.97488],[126.71067,35.96984],[126.71564,35.97287],[126.72411,35.97301],[126.72416,35.97668]]]},"properties":{"key":"전북특별자치도|군산시|흥남동","code":"5213064000"}},{"type":"Feature","geometry":{"type":"Polygon","coordinates":[[[126.75135,35.97307],[126.74932,35.97956],[126.74471,35.98316],[126.73928,35.98246],[126.73502,35.97746],[126.72919,35.97396],[126.72416,35.97668],[126.72411,35.97301],[126.7356,35.96413],[126.73569,35.95895],[126.7414,35.96043],[126.74162,35.9651],[126.7453,35.96959],[126.75135,35.97307]]]},"properties":{"key":"전북특별자치도|군산시|조촌동","code":"5213065000"}},{"type":"Feature","geometry":{"type":"Polygon","coordinates":[[[126.73928,35.98246],[126.73225,35.99755],[126.72892,35.996],[126.72858,35.98483],[126.72736,35.98184],[126.721,35.98239],[126.72416,35.97668],[126.72919,35.97396],[126.73502,35.97746],[126.73928,35.98246]]]},"properties":{"key":"전북특별자치도|군산시|경암동","code":"5213066000"}},{"type":"Feature","geometry":{"type":"Polygon","coordinates":[[[126.76501,35.99043],[126.76436,35.99482],[126.76995,35.99695],[126.76889,36.01026],[126.76484,36.00641],[126.74916,36.01304],[126.7448,36.01814],[126.73482,36.00088],[126.7348,36.00085],[126.73225,35.99755],[126.73928,35.98246],[126.74471,35.98316],[126.74932,35.97956],[126.75135,35.97307],[126.7633,35.98043],[126.76148,35.98341],[126.76501,35.99043]]]},"properties":{"key":"전북특별자치도|군산시|구암동","code":"5213067000"}},{"type":"Feature","geometry":{"type":"Polygon","coordinates":[[[126.76859,35.955],[126.76964,35.96191],[126.76688,35.96449],[126.76787,35.9769],[126.7633,35.98043],[126.75135,35.97307],[126.7453,35.96959],[126.74162,35.9651],[126.7414,35.96043],[126.73569,35.95895],[126.75455,35.95475],[126.76859,35.955]]]},"properties":{"key":"전북특별자치도|군산시|개정동","code":"5213068000"}},{"type":"Feature","geometry":{"type":"Polygon","coordinates":[[[126.72411,35.97301],[126.71564,35.97287],[126.71067,35.96984],[126.71071,35.96396],[126.70508,35.96075],[126.70376,35.94841],[126.7016,35.94266],[126.70935,35.94287],[126.71847,35.95522],[126.73569,35.95895],[126.7356,35.96413],[126.72411,35.97301]]]},"properties":{"key":"전북특별자치도|군산시|수송동","code":"5213069000"}},{"type":"Feature","geometry":{"type":"Polygon","coordinates":[[[126.70521,35.96979],[126.69391,35.97634],[126.68796,35.96734],[126.68914,35.96492],[126.69658,35.96246],[126.70287,35.96979],[126.70521,35.96979]]]},"properties":{"key":"전북특별자치도|군산시|나운1동","code":"5213070100"}},{"type":"Feature","geometry":{"type":"Polygon","coordinates":[[[126.70508,35.96075],[126.71071,35.96396],[126.71067,35.96984],[126.70521,35.96979],[126.70287,35.96979],[126.69658,35.96246],[126.70508,35.96075]]]},"properties":{"key":"전북특별자치도|군산시|나운2동","code":"5213070200"}},{"type":"Feature","geometry":{"type":"Polygon","coordinates":[[[126.69587,35.98289],[126.68626,35.99324],[126.67569,35.99063],[126.67771,35.9834],[126.66644,35.98406],[126.64279,35.97889],[126.63873,35.98015],[126.63164,35.97832],[126.6091,35.97853],[126.59572,35.97731],[126.56852,35.97591],[126.56869,35.97376],[126.55109,35.97504],[126.52114,35.97102],[126.52301,35.94977],[126.52566,35.93438],[126.53382,35.93248],[126.53704,35.94062],[126.5493,35.93967],[126.54943,35.94314],[126.59508,35.9475],[126.58374,35.95424],[126.59372,35.95527],[126.61114,35.96485],[126.62195,35.96543],[126.65281,35.97279],[126.67175,35.97892],[126.67766,35.97467],[126.67504,35.96943],[126.6843,35.96925],[126.68677,35.9664],[126.68796,35.96734],[126.69391,35.97634],[126.69587,35.98289]]]},"properties":{"key":"전북특별자치도|군산시|소룡동","code":"5213071000"}},{"type":"Feature","geometry":{"type":"Polygon","coordinates":[[[126.68677,35.9664],[126.6843,35.96925],[126.67504,35.96943],[126.67766,35.97467],[126.67175,35.97892],[126.65281,35.97279],[126.62195,35.96543],[126.61114,35.96485],[126.59372,35.95527],[126.58374,35.95424],[126.59508,35.9475],[126.61495,35.94267],[126.62505,35.94237],[126.63146,35.9446],[126.63641,35.93752],[126.65061,35.93065],[126.66746,35.92751],[126.66904,35.93145],[126.66854,35.95079],[126.67315,35.95066],[126.67506,35.95962],[126.6856,35.95841],[126.68677,35.9664]]]},"properties":{"key":"전북특별자치도|군산시|미성동","code":"5213072000"}},{"type":"Feature","geometry":{"type":"Polygon","coordinates":[[[126.69658,35.96246],[126.68914,35.96492],[126.68796,35.96734],[126.68677,35.9664],[126.6856,35.95841],[126.67506,35.95962],[126.67315,35.95066],[126.66854,35.95079],[126.66904,35.93145],[126.66746,35.92751],[126.67664,35.92733],[126.68049,35.9337],[126.6882,35.93405],[126.7016,35.94266],[126.70376,35.94841],[126.70508,35.96075],[126.69658,35.96246]]]},"properties":{"key":"전북특별자치도|군산시|나운3동","code":"5213070300"}},{"type":"Feature","geometry":{"type":"Polygon","coordinates":[[[126.98845,36.08714],[126.98263,36.08929],[126.97377,36.08394],[126.96738,36.08535],[126.96631,36.08821],[126.95764,36.094],[126.95158,36.09391],[126.9511,36.08742],[126.94811,36.08026],[126.95034,36.06387],[126.94873,36.05198],[126.94508,36.05182],[126.94335,36.03888],[126.95382,36.0302],[126.96205,36.02697],[126.97043,36.03471],[126.97389,36.03945],[126.97664,36.04704],[126.98291,36.0528],[126.98253,36.05751],[126.98524,36.06938],[126.98164,36.07936],[126.98902,36.08176],[126.98845,36.08714]]]},"properties":{"key":"전북특별자치도|익산시|함열읍","code":"5214025000"}},{"type":"Feature","geometry":{"type":"Polygon","coordinates":[[[126.92884,35.9601],[126.9227,35.96469],[126.92184,35.9727],[126.91679,35.97226],[126.90947,35.98191],[126.90226,35.97863],[126.9029,35.97205],[126.89976,35.97092],[126.88521,35.96085],[126.89374,35.95512],[126.89034,35.95268],[126.88183,35.94725],[126.88098,35.93832],[126.87719,35.93327],[126.86611,35.92439],[126.86076,35.91889],[126.8536,35.91679],[126.85493,35.90897],[126.86031,35.90524],[126.86681,35.90773],[126.87161,35.91087],[126.87818,35.90977],[126.89209,35.9151],[126.89948,35.91233],[126.90572,35.90532],[126.91782,35.90572],[126.92332,35.90834],[126.93261,35.91157],[126.92546,35.91278],[126.91144,35.91973],[126.91505,35.92798],[126.92188,35.93706],[126.93224,35.94649],[126.93368,35.95053],[126.93274,35.9575],[126.92884,35.9601]]]},"properties":{"key":"전북특별자치도|익산시|오산면","code":"5214031000"}},{"type":"Feature","geometry":{"type":"Polygon","coordinates":[[[126.95034,36.06387],[126.94704,36.06437],[126.94183,36.0593],[126.93354,36.05808],[126.92641,36.05611],[126.92101,36.04897],[126.91777,36.04033],[126.9139,36.03864],[126.92372,36.01946],[126.92055,36.01719],[126.92218,36.00975],[126.91796,36.00218],[126.91479,36.00435],[126.91522,35.99676],[126.91201,35.98922],[126.90777,35.98338],[126.90919,35.98354],[126.92152,35.98469],[126.93252,35.98453],[126.94187,35.98858],[126.94966,35.9866],[126.95759,35.98638],[126.96505,35.98808],[126.96082,35.99579],[126.96396,36.00189],[126.96469,36.0131],[126.96213,36.01996],[126.95901,36.02098],[126.96205,36.02697],[126.95382,36.0302],[126.94335,36.03888],[126.94508,36.05182],[126.94873,36.05198],[126.95034,36.06387]]]},"properties":{"key":"전북특별자치도|익산시|황등면","code":"5214032000"}},{"type":"Feature","geometry":{"type":"Polygon","coordinates":[[[126.91737,36.07928],[126.91373,36.07501],[126.9065,36.07269],[126.90408,36.06813],[126.89915,36.06528],[126.89424,36.05789],[126.89354,36.05363],[126.88605,36.04819],[126.87711,36.03962],[126.87292,36.03963],[126.8703,36.03283],[126.88401,36.02612],[126.89066,36.01744],[126.89657,36.0136],[126.90101,36.00786],[126.91479,36.00435],[126.91796,36.00218],[126.92218,36.00975],[126.92055,36.01719],[126.92372,36.01946],[126.9139,36.03864],[126.91777,36.04033],[126.92101,36.04897],[126.92641,36.05611],[126.93354,36.05808],[126.92911,36.06161],[126.93089,36.06529],[126.92589,36.0719],[126.91862,36.07435],[126.91737,36.07928]]]},"properties":{"key":"전북특별자치도|익산시|함라면","code":"5214033000"}},{"type":"Feature","geometry":{"type":"Polygon","coordinates":[[[126.91452,36.14138],[126.90492,36.14355],[126.89035,36.13937],[126.88406,36.13249],[126.87328,36.11293],[126.87237,36.10406],[126.8749,36.0915],[126.87315,36.07828],[126.87012,36.06925],[126.86358,36.06057],[126.86862,36.04598],[126.87369,36.04253],[126.87292,36.03963],[126.87711,36.03962],[126.88605,36.04819],[126.89354,36.05363],[126.89424,36.05789],[126.89915,36.06528],[126.90408,36.06813],[126.9065,36.07269],[126.91373,36.07501],[126.91737,36.07928],[126.91929,36.08184],[126.91674,36.08818],[126.90992,36.0964],[126.91239,36.1083],[126.91139,36.11536],[126.91375,36.11929],[126.91421,36.12874],[126.91306,36.13473],[126.91452,36.14138]]]},"properties":{"key":"전북특별자치도|익산시|웅포면","code":"5214034000"}},{"type":"Feature","geometry":{"type":"Polygon","coordinates":[[[126.91898,36.13917],[126.91452,36.14138],[126.91306,36.13473],[126.91421,36.12874],[126.91375,36.11929],[126.91139,36.11536],[126.91239,36.1083],[126.90992,36.0964],[126.91674,36.08818],[126.91929,36.08184],[126.91737,36.07928],[126.91862,36.07435],[126.92589,36.0719],[126.93089,36.06529],[126.92911,36.06161],[126.93354,36.05808],[126.94183,36.0593],[126.94704,36.06437],[126.95034,36.06387],[126.94811,36.08026],[126.9511,36.08742],[126.93711,36.09345],[126.94252,36.10644],[126.94023,36.10983],[126.93853,36.12099],[126.93671,36.1234],[126.92355,36.13032],[126.91898,36.13917]]]},"properties":{"key":"전북특별자치도|익산시|성당면","code":"5214035000"}},{"type":"Feature","geometry":{"type":"Polygon","coordinates":[[[126.97469,36.14854],[126.96879,36.15072],[126.96414,36.15502],[126.95698,36.15642],[126.94338,36.15332],[126.93916,36.15132],[126.93194,36.14677],[126.92339,36.13933],[126.91898,36.13917],[126.92355,36.13032],[126.93671,36.1234],[126.93853,36.12099],[126.94023,36.10983],[126.94252,36.10644],[126.93711,36.09345],[126.9511,36.08742],[126.95158,36.09391],[126.95764,36.094],[126.96631,36.08821],[126.96738,36.08535],[126.97377,36.08394],[126.98263,36.08929],[126.98845,36.08714],[126.98613,36.09642],[126.97812,36.11192],[126.97536,36.12885],[126.97072,36.1306],[126.96647,36.13631],[126.96915,36.14452],[126.97469,36.14854]]]},"properties":{"key":"전북특별자치도|익산시|용안면","code":"5214036000"}},{"type":"Feature","geometry":{"type":"Polygon","coordinates":[[[127.04907,36.07612],[127.03889,36.07588],[127.03801,36.08614],[127.03285,36.09133],[127.01965,36.09379],[127.01711,36.08681],[127.00862,36.08348],[126.99616,36.0809],[126.98845,36.08714],[126.98902,36.08176],[126.98164,36.07936],[126.98524,36.06938],[126.98253,36.05751],[126.98291,36.0528],[126.97664,36.04704],[126.97389,36.03945],[126.98206,36.03828],[126.98996,36.04247],[127.00095,36.04138],[127.00606,36.04275],[127.01225,36.04106],[127.01436,36.03529],[127.02585,36.03776],[127.03309,36.03554],[127.03876,36.03179],[127.04078,36.03686],[127.04974,36.04169],[127.05418,36.03886],[127.06083,36.04135],[127.06321,36.04759],[127.06087,36.05394],[127.06571,36.06169],[127.05665,36.06756],[127.05485,36.07553],[127.04907,36.07612]]]},"properties":{"key":"전북특별자치도|익산시|낭산면","code":"5214037000"}},{"type":"Feature","geometry":{"type":"Polygon","coordinates":[[[127.03959,36.14233],[127.03002,36.13671],[127.02055,36.13812],[127.01792,36.14529],[127.01028,36.14608],[127.00345,36.14914],[127.00026,36.14682],[126.99018,36.145],[126.97469,36.14854],[126.96915,36.14452],[126.96647,36.13631],[126.97378,36.13743],[126.97977,36.13602],[126.98382,36.13154],[126.991,36.12987],[126.98995,36.12539],[126.99395,36.11865],[126.99838,36.117],[127.00038,36.12182],[127.00486,36.11929],[127.01458,36.12077],[127.01876,36.11779],[127.02043,36.11129],[127.01926,36.1056],[127.01543,36.09873],[127.01965,36.09379],[127.03285,36.09133],[127.03801,36.08614],[127.03889,36.07588],[127.04907,36.07612],[127.04896,36.08143],[127.05518,36.08406],[127.06303,36.09211],[127.06086,36.09489],[127.06111,36.10499],[127.05824,36.10824],[127.05778,36.11716],[127.06058,36.11984],[127.05152,36.13518],[127.04976,36.14237],[127.0461,36.14378],[127.03959,36.14233]]]},"properties":{"key":"전북특별자치도|익산시|망성면","code":"5214038000"}},{"type":"Feature","geometry":{"type":"Polygon","coordinates":[[[127.12991,36.06565],[127.1229,36.06319],[127.10178,36.0757],[127.09093,36.07197],[127.08773,36.07586],[127.0816,36.07792],[127.07881,36.08164],[127.0718,36.08436],[127.06303,36.09211],[127.05518,36.08406],[127.04896,36.08143],[127.04907,36.07612],[127.05485,36.07553],[127.05665,36.06756],[127.06571,36.06169],[127.06087,36.05394],[127.06321,36.04759],[127.06083,36.04135],[127.06744,36.03781],[127.06512,36.02704],[127.06839,36.01992],[127.07351,36.0182],[127.08418,36.01805],[127.08354,36.01345],[127.08958,36.01175],[127.09178,36.01584],[127.09763,36.01851],[127.10093,36.02479],[127.10784,36.02578],[127.11614,36.03056],[127.11765,36.031],[127.1317,36.0455],[127.13532,36.05272],[127.1401,36.05711],[127.12991,36.06565]]]},"properties":{"key":"전북특별자치도|익산시|여산면","code":"5214039000"}},{"type":"Feature","geometry":{"type":"Polygon","coordinates":[[[127.06083,36.04135],[127.05418,36.03886],[127.04974,36.04169],[127.04078,36.03686],[127.03876,36.03179],[127.03954,36.02532],[127.0248,36.02557],[127.01969,36.01613],[127.00917,36.01502],[126.99987,36.00565],[126.99789,35.99256],[127.0054,35.99078],[127.0169,35.99336],[127.02408,35.99086],[127.02916,35.98605],[127.04097,35.98455],[127.04856,35.98148],[127.04868,35.97724],[127.05352,35.97714],[127.06049,35.97729],[127.07272,35.99276],[127.07094,35.99879],[127.06726,36.00124],[127.06644,36.00775],[127.06839,36.01992],[127.06512,36.02704],[127.06744,36.03781],[127.06083,36.04135]]]},"properties":{"key":"전북특별자치도|익산시|금마면","code":"5214040000"}},{"type":"Feature","geometry":{"type":"Polygon","coordinates":[[[127.12516,36.00547],[127.12493,36.01243],[127.12148,36.02007],[127.11601,36.02414],[127.11614,36.03056],[127.10784,36.02578],[127.10093,36.02479],[127.09763,36.01851],[127.09178,36.01584],[127.08958,36.01175],[127.08354,36.01345],[127.08418,36.01805],[127.07351,36.0182],[127.06839,36.01992],[127.06644,36.00775],[127.06726,36.00124],[127.07094,35.99879],[127.07272,35.99276],[127.06049,35.97729],[127.05352,35.97714],[127.05282,35.96899],[127.05192,35.95949],[127.05322,35.95645],[127.05381,35.94482],[127.0528,35.9382],[127.0543,35.92836],[127.05708,35.92091],[127.06618,35.9158],[127.07522,35.92155],[127.0806,35.92149],[127.09233,35.93099],[127.09421,35.93554],[127.09458,35.94034],[127.10225,35.95149],[127.10641,35.96042],[127.10426,35.96451],[127.10852,35.98376],[127.10734,35.99553],[127.12516,36.00547]]]},"properties":{"key":"전북특별자치도|익산시|왕궁면","code":"5214041000"}},{"type":"Feature","geometry":{"type":"Polygon","coordinates":[[[127.05282,35.96899],[127.04757,35.97002],[127.03971,35.96026],[127.03214,35.96308],[127.02832,35.96211],[127.01631,35.95418],[127.01392,35.94807],[127.0171,35.93998],[127.01328,35.92984],[127.00883,35.9285],[126.99878,35.92892],[126.99749,35.92611],[126.99424,35.91868],[126.98816,35.91741],[126.9811,35.90986],[126.99549,35.90375],[126.99182,35.89777],[126.99416,35.89219],[126.99408,35.88408],[126.99787,35.8837],[127.00144,35.88905],[127.00032,35.89278],[127.0149,35.89573],[127.01905,35.89421],[127.02819,35.89783],[127.03404,35.89247],[127.03723,35.89346],[127.03617,35.90278],[127.03298,35.90453],[127.02972,35.91855],[127.03592,35.91846],[127.04306,35.92584],[127.05708,35.92091],[127.0543,35.92836],[127.0528,35.9382],[127.05381,35.94482],[127.05322,35.95645],[127.05192,35.95949],[127.05282,35.96899]]]},"properties":{"key":"전북특별자치도|익산시|춘포면","code":"5214042000"}},{"type":"Feature","geometry":{"type":"Polygon","coordinates":[[[127.03876,36.03179],[127.03309,36.03554],[127.02585,36.03776],[127.01436,36.03529],[127.01225,36.04106],[127.00606,36.04275],[127.00095,36.04138],[126.98996,36.04247],[126.98206,36.03828],[126.97389,36.03945],[126.97043,36.03471],[126.96205,36.02697],[126.95901,36.02098],[126.96213,36.01996],[126.96469,36.0131],[126.96396,36.00189],[126.97826,35.99361],[126.99164,35.99428],[126.99789,35.99256],[126.99987,36.00565],[127.00917,36.01502],[127.01969,36.01613],[127.0248,36.02557],[127.03954,36.02532],[127.03876,36.03179]]]},"properties":{"key":"전북특별자치도|익산시|삼기면","code":"5214043000"}},{"type":"Feature","geometry":{"type":"Polygon","coordinates":[[[127.01965,36.09379],[127.01543,36.09873],[127.01926,36.1056],[127.02043,36.11129],[127.01876,36.11779],[127.01458,36.12077],[127.00486,36.11929],[127.00038,36.12182],[126.99838,36.117],[126.99395,36.11865],[126.98995,36.12539],[126.991,36.12987],[126.98382,36.13154],[126.97977,36.13602],[126.97378,36.13743],[126.96647,36.13631],[126.97072,36.1306],[126.97536,36.12885],[126.97812,36.11192],[126.98613,36.09642],[126.98845,36.08714],[126.99616,36.0809],[127.00862,36.08348],[127.01711,36.08681],[127.01965,36.09379]]]},"properties":{"key":"전북특별자치도|익산시|용동면","code":"5214044000"}},{"type":"Feature","geometry":{"type":"Polygon","coordinates":[[[126.94739,35.94488],[126.94303,35.94064],[126.94334,35.93642],[126.94934,35.93611],[126.95375,35.93393],[126.95525,35.9396],[126.95257,35.94314],[126.94739,35.94488]]]},"properties":{"key":"전북특별자치도|익산시|중앙동","code":"5214052000"}},{"type":"Feature","geometry":{"type":"Polygon","coordinates":[[[126.94934,35.93611],[126.94334,35.93642],[126.93065,35.93542],[126.92188,35.93706],[126.91505,35.92798],[126.91144,35.91973],[126.92546,35.91278],[126.93261,35.91157],[126.94136,35.91204],[126.94499,35.91863],[126.94282,35.92541],[126.94934,35.93611]]]},"properties":{"key":"전북특별자치도|익산시|평화동","code":"5214053000"}},{"type":"Feature","geometry":{"type":"Polygon","coordinates":[[[126.96127,35.93346],[126.95525,35.9396],[126.95375,35.93393],[126.94934,35.93611],[126.94282,35.92541],[126.94499,35.91863],[126.94136,35.91204],[126.94634,35.91033],[126.95072,35.91807],[126.95813,35.92578],[126.95772,35.93171],[126.96127,35.93346]]]},"properties":{"key":"전북특별자치도|익산시|인화동","code":"5214056000"}},{"type":"Feature","geometry":{"type":"Polygon","coordinates":[[[126.99749,35.92611],[126.98125,35.92985],[126.98255,35.93278],[126.97592,35.93948],[126.97061,35.93975],[126.96127,35.93346],[126.95772,35.93171],[126.95813,35.92578],[126.95072,35.91807],[126.94634,35.91033],[126.95348,35.90903],[126.96013,35.90329],[126.97214,35.89788],[126.9813,35.8982],[126.98682,35.89665],[126.99416,35.89219],[126.99182,35.89777],[126.99549,35.90375],[126.9811,35.90986],[126.98816,35.91741],[126.99424,35.91868],[126.99749,35.92611]]]},"properties":{"key":"전북특별자치도|익산시|동산동","code":"5214057000"}},{"type":"Feature","geometry":{"type":"Polygon","coordinates":[[[126.97018,35.94591],[126.96236,35.94808],[126.95525,35.9396],[126.96127,35.93346],[126.97061,35.93975],[126.97018,35.94591]]]},"properties":{"key":"전북특별자치도|익산시|마동","code":"5214058000"}},{"type":"Feature","geometry":{"type":"Polygon","coordinates":[[[126.96611,35.95569],[126.96068,35.95719],[126.95408,35.95517],[126.94907,35.94999],[126.94739,35.94488],[126.95257,35.94314],[126.95525,35.9396],[126.96236,35.94808],[126.96611,35.95569]]]},"properties":{"key":"전북특별자치도|익산시|남중동","code":"5214059500"}},{"type":"Feature","geometry":{"type":"Polygon","coordinates":[[[126.95408,35.95517],[126.95271,35.95952],[126.9469,35.96506],[126.9414,35.96028],[126.92884,35.9601],[126.93274,35.9575],[126.93368,35.95053],[126.93224,35.94649],[126.94303,35.94064],[126.94739,35.94488],[126.94907,35.94999],[126.95408,35.95517]]]},"properties":{"key":"전북특별자치도|익산시|모현동","code":"5214061000"}},{"type":"Feature","geometry":{"type":"Polygon","coordinates":[[[126.94303,35.94064],[126.93224,35.94649],[126.92188,35.93706],[126.93065,35.93542],[126.94334,35.93642],[126.94303,35.94064]]]},"properties":{"key":"전북특별자치도|익산시|송학동","code":"5214062000"}},{"type":"Feature","geometry":{"type":"Polygon","coordinates":[[[126.95759,35.98638],[126.94966,35.9866],[126.94187,35.98858],[126.93252,35.98453],[126.92152,35.98469],[126.90919,35.98354],[126.90947,35.98191],[126.91679,35.97226],[126.92184,35.9727],[126.9227,35.96469],[126.92884,35.9601],[126.9414,35.96028],[126.9469,35.96506],[126.95271,35.95952],[126.95408,35.95517],[126.96068,35.95719],[126.96611,35.95569],[126.96797,35.95929],[126.96741,35.96821],[126.96852,35.97467],[126.96358,35.97649],[126.96085,35.9839],[126.95759,35.98638]]]},"properties":{"key":"전북특별자치도|익산시|신동","code":"5214065600"}},{"type":"Feature","geometry":{"type":"Polygon","coordinates":[[[126.97852,35.95854],[126.96797,35.95929],[126.96611,35.95569],[126.96236,35.94808],[126.97018,35.94591],[126.97853,35.947],[126.97852,35.95854]]]},"properties":{"key":"전북특별자치도|익산시|영등1동","code":"5214064600"}},{"type":"Feature","geometry":{"type":"Polygon","coordinates":[[[127.05352,35.97714],[127.04868,35.97724],[127.04856,35.98148],[127.04097,35.98455],[127.02916,35.98605],[127.02408,35.99086],[127.0169,35.99336],[127.0054,35.99078],[127.00646,35.98693],[127.00207,35.98048],[127.00443,35.97363],[127.01014,35.9701],[127.00845,35.96488],[127.00207,35.96298],[127.00046,35.95795],[126.99438,35.95276],[126.98646,35.94749],[126.97853,35.947],[126.97018,35.94591],[126.97061,35.93975],[126.97592,35.93948],[126.98255,35.93278],[126.98125,35.92985],[126.99749,35.92611],[126.99878,35.92892],[127.00883,35.9285],[127.01328,35.92984],[127.0171,35.93998],[127.01392,35.94807],[127.01631,35.95418],[127.02832,35.96211],[127.03214,35.96308],[127.03971,35.96026],[127.04757,35.97002],[127.05282,35.96899],[127.05352,35.97714]]]},"properties":{"key":"전북특별자치도|익산시|팔봉동","code":"5214067000"}},{"type":"Feature","geometry":{"type":"Polygon","coordinates":[[[126.99789,35.99256],[126.99164,35.99428],[126.97826,35.99361],[126.96396,36.00189],[126.96082,35.99579],[126.96505,35.98808],[126.95759,35.98638],[126.96085,35.9839],[126.96358,35.97649],[126.96852,35.97467],[126.97342,35.97051],[126.97821,35.97229],[126.98476,35.96984],[126.98528,35.95574],[126.98975,35.95627],[126.99438,35.95276],[127.00046,35.95795],[127.00207,35.96298],[127.00845,35.96488],[127.01014,35.9701],[127.00443,35.97363],[127.00207,35.98048],[127.00646,35.98693],[127.0054,35.99078],[126.99789,35.99256]]]},"properties":{"key":"전북특별자치도|익산시|삼성동","code":"5214069000"}},{"type":"Feature","geometry":{"type":"Polygon","coordinates":[[[126.97342,35.97051],[126.96852,35.97467],[126.96741,35.96821],[126.96797,35.95929],[126.97852,35.95854],[126.97765,35.96533],[126.97342,35.97051]]]},"properties":{"key":"전북특별자치도|익산시|영등2동","code":"5214064700"}},{"type":"Feature","geometry":{"type":"Polygon","coordinates":[[[126.99438,35.95276],[126.98975,35.95627],[126.98528,35.95574],[126.98476,35.96984],[126.97821,35.97229],[126.97342,35.97051],[126.97765,35.96533],[126.97852,35.95854],[126.97853,35.947],[126.98646,35.94749],[126.99438,35.95276]]]},"properties":{"key":"전북특별자치도|익산시|어양동","code":"5214065200"}},{"type":"Feature","geometry":{"type":"Polygon","coordinates":[[[126.91743,35.69288],[126.92097,35.69752],[126.91598,35.70585],[126.90207,35.70808],[126.89812,35.70663],[126.88627,35.70837],[126.87746,35.72096],[126.87638,35.72746],[126.87184,35.72497],[126.86846,35.72866],[126.85486,35.72592],[126.84674,35.728],[126.82686,35.71809],[126.82527,35.71431],[126.82838,35.70939],[126.83952,35.69773],[126.85015,35.68769],[126.86146,35.68375],[126.86376,35.67933],[126.8615,35.67313],[126.87374,35.67331],[126.87364,35.68068],[126.88334,35.6764],[126.89169,35.67818],[126.90422,35.68472],[126.91305,35.68409],[126.91863,35.68777],[126.91743,35.69288]]]},"properties":{"key":"전북특별자치도|정읍시|신태인읍","code":"5218025000"}},{"type":"Feature","geometry":{"type":"Polygon","coordinates":[[[126.94009,35.60122],[126.94043,35.60671],[126.94423,35.60766],[126.94532,35.61312],[126.94299,35.61554],[126.9343,35.6126],[126.92385,35.61443],[126.91776,35.62257],[126.91746,35.62762],[126.92225,35.63146],[126.92275,35.63587],[126.9167,35.63953],[126.90672,35.62896],[126.89238,35.61751],[126.88374,35.62192],[126.87325,35.61446],[126.86213,35.61418],[126.85894,35.60818],[126.85814,35.60169],[126.86125,35.59975],[126.86725,35.60094],[126.87324,35.60455],[126.87738,35.59469],[126.87561,35.59155],[126.86786,35.58595],[126.8669,35.58011],[126.87306,35.57918],[126.88185,35.57989],[126.88713,35.58416],[126.89275,35.58188],[126.90109,35.56345],[126.90419,35.55862],[126.92171,35.56145],[126.93551,35.56968],[126.93832,35.57937],[126.93511,35.58931],[126.93732,35.59799],[126.94009,35.60122]]]},"properties":{"key":"전북특별자치도|정읍시|북면","code":"5218031000"}},{"type":"Feature","geometry":{"type":"Polygon","coordinates":[[[126.82613,35.4863],[126.82391,35.49379],[126.83137,35.5008],[126.82794,35.5033],[126.83133,35.51007],[126.82597,35.51404],[126.83036,35.51665],[126.82799,35.52037],[126.82696,35.52994],[126.82308,35.5342],[126.82276,35.53964],[126.81272,35.53958],[126.80693,35.54434],[126.80319,35.544],[126.80032,35.54343],[126.79929,35.53452],[126.78535,35.53011],[126.78674,35.52607],[126.78306,35.52063],[126.78008,35.52062],[126.7703,35.51336],[126.76411,35.51858],[126.75956,35.51543],[126.76001,35.51108],[126.76956,35.50854],[126.76856,35.49579],[126.76421,35.49306],[126.7669,35.4856],[126.77002,35.48262],[126.77252,35.46838],[126.78216,35.47034],[126.78791,35.46761],[126.80408,35.46756],[126.81357,35.46885],[126.81503,35.47364],[126.81293,35.47663],[126.81396,35.48294],[126.81858,35.48576],[126.82613,35.4863]]]},"properties":{"key":"전북특별자치도|정읍시|입암면","code":"5218032000"}},{"type":"Feature","geometry":{"type":"Polygon","coordinates":[[[126.80316,35.58348],[126.79974,35.57704],[126.79194,35.5771],[126.78347,35.58201],[126.78187,35.58523],[126.77553,35.58712],[126.77037,35.59153],[126.75928,35.58945],[126.75522,35.59002],[126.74164,35.58301],[126.74238,35.57765],[126.73904,35.56759],[126.7535,35.57338],[126.76405,35.57051],[126.76673,35.56381],[126.76093,35.55573],[126.76608,35.54937],[126.76207,35.54411],[126.7612,35.5329],[126.77371,35.52426],[126.76411,35.51858],[126.7703,35.51336],[126.78008,35.52062],[126.78306,35.52063],[126.78674,35.52607],[126.78535,35.53011],[126.79929,35.53452],[126.80032,35.54343],[126.80319,35.544],[126.80609,35.55449],[126.81073,35.56571],[126.81769,35.57109],[126.8194,35.58022],[126.81456,35.58679],[126.81179,35.58465],[126.80316,35.58348]]]},"properties":{"key":"전북특별자치도|정읍시|소성면","code":"5218033000"}},{"type":"Feature","geometry":{"type":"Polygon","coordinates":[[[126.79526,35.63152],[126.78209,35.63653],[126.77147,35.63227],[126.77245,35.62785],[126.76613,35.6233],[126.76156,35.62545],[126.75992,35.6305],[126.7527,35.63001],[126.74529,35.6342],[126.73928,35.63345],[126.72456,35.63804],[126.72366,35.63489],[126.72214,35.6232],[126.72323,35.61789],[126.72001,35.61059],[126.72212,35.60461],[126.7202,35.59856],[126.72542,35.59366],[126.71847,35.57956],[126.7217,35.57303],[126.72637,35.57073],[126.73065,35.57081],[126.73904,35.56759],[126.74238,35.57765],[126.74164,35.58301],[126.75522,35.59002],[126.75928,35.58945],[126.77037,35.59153],[126.77553,35.58712],[126.78187,35.58523],[126.78347,35.58201],[126.79194,35.5771],[126.79974,35.57704],[126.80316,35.58348],[126.80148,35.58638],[126.80477,35.59338],[126.79855,35.60663],[126.79409,35.60978],[126.79422,35.62351],[126.7965,35.62527],[126.79526,35.63152]]]},"properties":{"key":"전북특별자치도|정읍시|고부면","code":"5218034000"}},{"type":"Feature","geometry":{"type":"Polygon","coordinates":[[[126.7893,35.67553],[126.78351,35.67584],[126.77586,35.68281],[126.77182,35.68485],[126.7654,35.6738],[126.76509,35.66472],[126.76088,35.66119],[126.75469,35.66949],[126.75122,35.67028],[126.74932,35.66467],[126.74395,35.66673],[126.73355,35.65073],[126.72962,35.64928],[126.72524,35.64396],[126.72456,35.63804],[126.73928,35.63345],[126.74529,35.6342],[126.7527,35.63001],[126.75992,35.6305],[126.76156,35.62545],[126.76613,35.6233],[126.77245,35.62785],[126.77147,35.63227],[126.78209,35.63653],[126.79526,35.63152],[126.80018,35.64225],[126.79973,35.6455],[126.80331,35.65078],[126.79772,35.66175],[126.79059,35.6708],[126.7893,35.67553]]]},"properties":{"key":"전북특별자치도|정읍시|영원면","code":"5218035000"}},{"type":"Feature","geometry":{"type":"Polygon","coordinates":[[[126.8583,35.64956],[126.85564,35.65389],[126.84966,35.64907],[126.83988,35.64967],[126.83369,35.65261],[126.82936,35.65005],[126.82181,35.64237],[126.80944,35.64358],[126.80346,35.63972],[126.80018,35.64225],[126.79526,35.63152],[126.7965,35.62527],[126.79422,35.62351],[126.79409,35.60978],[126.79855,35.60663],[126.80366,35.60955],[126.81325,35.61018],[126.82168,35.60942],[126.82405,35.61604],[126.83122,35.61907],[126.84157,35.61526],[126.84651,35.61179],[126.85086,35.61247],[126.85329,35.61806],[126.8562,35.63192],[126.86379,35.63703],[126.86455,35.64145],[126.8583,35.64956]]]},"properties":{"key":"전북특별자치도|정읍시|덕천면","code":"5218036000"}},{"type":"Feature","geometry":{"type":"Polygon","coordinates":[[[126.8615,35.67313],[126.86376,35.67933],[126.86146,35.68375],[126.85015,35.68769],[126.83952,35.69773],[126.83474,35.68726],[126.82908,35.68499],[126.82725,35.67999],[126.8197,35.68062],[126.81573,35.68308],[126.80862,35.68036],[126.80579,35.6758],[126.79804,35.68463],[126.7893,35.67553],[126.79059,35.6708],[126.79772,35.66175],[126.80331,35.65078],[126.79973,35.6455],[126.80018,35.64225],[126.80346,35.63972],[126.80944,35.64358],[126.82181,35.64237],[126.82936,35.65005],[126.83369,35.65261],[126.83988,35.64967],[126.84966,35.64907],[126.85564,35.65389],[126.8583,35.64956],[126.86332,35.65277],[126.86445,35.66668],[126.8615,35.67313]]]},"properties":{"key":"전북특별자치도|정읍시|이평면","code":"5218037000"}},{"type":"Feature","geometry":{"type":"Polygon","coordinates":[[[126.89169,35.67818],[126.88334,35.6764],[126.87364,35.68068],[126.87374,35.67331],[126.8615,35.67313],[126.86445,35.66668],[126.86332,35.65277],[126.8583,35.64956],[126.86455,35.64145],[126.86379,35.63703],[126.8562,35.63192],[126.85329,35.61806],[126.86213,35.61418],[126.87325,35.61446],[126.88374,35.62192],[126.89238,35.61751],[126.90672,35.62896],[126.9167,35.63953],[126.92227,35.64543],[126.91165,35.65909],[126.91454,35.666],[126.90944,35.67427],[126.90237,35.67435],[126.89334,35.67629],[126.89169,35.67818]]]},"properties":{"key":"전북특별자치도|정읍시|정우면","code":"5218038000"}},{"type":"Feature","geometry":{"type":"Polygon","coordinates":[[[126.97324,35.68791],[126.96729,35.68531],[126.95917,35.69006],[126.95237,35.6903],[126.94411,35.6855],[126.93583,35.69095],[126.91743,35.69288],[126.91863,35.68777],[126.91305,35.68409],[126.90422,35.68472],[126.89169,35.67818],[126.89334,35.67629],[126.90237,35.67435],[126.90944,35.67427],[126.91454,35.666],[126.91165,35.65909],[126.92227,35.64543],[126.9167,35.63953],[126.92275,35.63587],[126.92225,35.63146],[126.91746,35.62762],[126.91776,35.62257],[126.92385,35.61443],[126.9343,35.6126],[126.94299,35.61554],[126.94532,35.61312],[126.94423,35.60766],[126.94043,35.60671],[126.94009,35.60122],[126.94806,35.59979],[126.95124,35.608],[126.95013,35.61187],[126.95287,35.61971],[126.95155,35.62768],[126.94772,35.6338],[126.94762,35.64351],[126.95353,35.64763],[126.95675,35.6543],[126.96106,35.65784],[126.96016,35.6636],[126.96773,35.67035],[126.96782,35.67636],[126.97267,35.68015],[126.97324,35.68791]]]},"properties":{"key":"전북특별자치도|정읍시|태인면","code":"5218039000"}},{"type":"Feature","geometry":{"type":"Polygon","coordinates":[[[126.8872,35.75421],[126.87305,35.75831],[126.87501,35.75212],[126.88199,35.74836],[126.88113,35.74009],[126.87326,35.73194],[126.86846,35.72866],[126.87184,35.72497],[126.87638,35.72746],[126.87746,35.72096],[126.88627,35.70837],[126.89812,35.70663],[126.90207,35.70808],[126.91598,35.70585],[126.92097,35.69752],[126.91743,35.69288],[126.93583,35.69095],[126.94411,35.6855],[126.95237,35.6903],[126.95917,35.69006],[126.96729,35.68531],[126.97324,35.68791],[126.98497,35.68668],[126.99115,35.68947],[126.99286,35.69948],[126.9896,35.70469],[126.97439,35.71766],[126.96168,35.72312],[126.95089,35.72479],[126.94509,35.72112],[126.93387,35.72032],[126.92867,35.73091],[126.92247,35.73901],[126.91378,35.74533],[126.90075,35.75021],[126.89511,35.75335],[126.8872,35.75421]]]},"properties":{"key":"전북특별자치도|정읍시|감곡면","code":"5218040000"}},{"type":"Feature","geometry":{"type":"Polygon","coordinates":[[[127.03074,35.66602],[127.02122,35.6692],[127.01487,35.67668],[127.0049,35.68062],[127.0024,35.68571],[126.99578,35.68638],[126.99115,35.68947],[126.98497,35.68668],[126.97324,35.68791],[126.97267,35.68015],[126.96782,35.67636],[126.96773,35.67035],[126.96016,35.6636],[126.96106,35.65784],[126.95675,35.6543],[126.95353,35.64763],[126.94762,35.64351],[126.94772,35.6338],[126.95155,35.62768],[126.95287,35.61971],[126.95983,35.61788],[126.97442,35.61635],[126.97595,35.61281],[126.9837,35.6159],[126.99546,35.61569],[127.00056,35.61386],[127.00484,35.61546],[127.0159,35.62285],[127.01452,35.6292],[127.00942,35.6359],[127.00926,35.64726],[127.01858,35.6525],[127.02334,35.65656],[127.02805,35.66474],[127.03074,35.66602]]]},"properties":{"key":"전북특별자치도|정읍시|옹동면","code":"5218041000"}},{"type":"Feature","geometry":{"type":"Polygon","coordinates":[[[127.00484,35.61546],[127.00056,35.61386],[126.99546,35.61569],[126.9837,35.6159],[126.97595,35.61281],[126.97442,35.61635],[126.95983,35.61788],[126.95287,35.61971],[126.95013,35.61187],[126.95124,35.608],[126.94806,35.59979],[126.94009,35.60122],[126.93732,35.59799],[126.93511,35.58931],[126.93832,35.57937],[126.93551,35.56968],[126.92171,35.56145],[126.90419,35.55862],[126.90125,35.55651],[126.90288,35.55243],[126.90062,35.54545],[126.91076,35.54491],[126.91464,35.54701],[126.92007,35.54492],[126.92384,35.53756],[126.92617,35.53708],[126.93705,35.54151],[126.94298,35.53901],[126.95111,35.5385],[126.95674,35.54273],[126.96358,35.54398],[126.97038,35.54924],[126.97165,35.55367],[126.97907,35.55566],[126.98315,35.55976],[126.98817,35.56099],[126.98778,35.56494],[126.99108,35.57001],[126.98951,35.57358],[127.00399,35.58464],[127.01181,35.5797],[127.02382,35.58295],[127.02472,35.58685],[127.02964,35.5909],[127.02109,35.5961],[127.01297,35.59746],[127.00751,35.60115],[127.01125,35.61052],[127.00484,35.61546]]]},"properties":{"key":"전북특별자치도|정읍시|칠보면","code":"5218042000"}},{"type":"Feature","geometry":{"type":"Polygon","coordinates":[[[127.08293,35.58441],[127.06811,35.58147],[127.05387,35.58097],[127.0518,35.58596],[127.04608,35.58638],[127.04244,35.59328],[127.03757,35.5961],[127.03513,35.59236],[127.02964,35.5909],[127.02472,35.58685],[127.02382,35.58295],[127.01181,35.5797],[127.00399,35.58464],[126.98951,35.57358],[126.99108,35.57001],[126.98778,35.56494],[126.98817,35.56099],[126.98315,35.55976],[126.97907,35.55566],[126.98347,35.54778],[126.9869,35.54535],[126.99262,35.53692],[126.99623,35.53997],[127.01103,35.54264],[127.01534,35.54535],[127.02186,35.53673],[127.02868,35.53173],[127.0387,35.52854],[127.04248,35.52263],[127.04999,35.52106],[127.05168,35.51796],[127.05028,35.51229],[127.05505,35.5092],[127.06176,35.5112],[127.06706,35.5162],[127.0723,35.51388],[127.08295,35.50645],[127.08791,35.50805],[127.09006,35.51553],[127.08649,35.51958],[127.09293,35.52352],[127.09903,35.52971],[127.10643,35.53455],[127.11659,35.5316],[127.11547,35.53865],[127.10775,35.54264],[127.08744,35.54913],[127.08564,35.55477],[127.09271,35.56704],[127.08359,35.57912],[127.08293,35.58441]]]},"properties":{"key":"전북특별자치도|정읍시|산내면","code":"5218043000"}},{"type":"Feature","geometry":{"type":"Polygon","coordinates":[[[127.0936,35.62144],[127.08979,35.62699],[127.09388,35.63321],[127.08938,35.63782],[127.08745,35.64661],[127.08947,35.65305],[127.08029,35.65891],[127.07899,35.66255],[127.08247,35.66616],[127.07751,35.67174],[127.07404,35.67161],[127.06412,35.67772],[127.06072,35.67044],[127.05068,35.67029],[127.04182,35.66598],[127.03074,35.66602],[127.02805,35.66474],[127.02334,35.65656],[127.01858,35.6525],[127.00926,35.64726],[127.00942,35.6359],[127.01452,35.6292],[127.0159,35.62285],[127.00484,35.61546],[127.01125,35.61052],[127.00751,35.60115],[127.01297,35.59746],[127.02109,35.5961],[127.02964,35.5909],[127.03513,35.59236],[127.03757,35.5961],[127.04244,35.59328],[127.04608,35.58638],[127.0518,35.58596],[127.05387,35.58097],[127.06811,35.58147],[127.08293,35.58441],[127.08855,35.5874],[127.09672,35.58725],[127.10423,35.59484],[127.10022,35.60398],[127.09221,35.61222],[127.09119,35.61572],[127.0936,35.62144]]]},"properties":{"key":"전북특별자치도|정읍시|산외면","code":"5218044000"}},{"type":"Feature","geometry":{"type":"Polygon","coordinates":[[[126.8669,35.58011],[126.86786,35.58595],[126.87561,35.59155],[126.87738,35.59469],[126.87324,35.60455],[126.86725,35.60094],[126.86125,35.59975],[126.85072,35.59442],[126.85271,35.58293],[126.84962,35.57859],[126.85037,35.56768],[126.85665,35.56588],[126.86171,35.56987],[126.86224,35.57514],[126.8669,35.58011]]]},"properties":{"key":"전북특별자치도|정읍시|수성동","code":"5218051000"}},{"type":"Feature","geometry":{"type":"Polygon","coordinates":[[[126.90419,35.55862],[126.90109,35.56345],[126.89275,35.58188],[126.88713,35.58416],[126.88185,35.57989],[126.87306,35.57918],[126.8669,35.58011],[126.86224,35.57514],[126.86171,35.56987],[126.85665,35.56588],[126.86124,35.56395],[126.86485,35.56342],[126.86839,35.56787],[126.87686,35.56629],[126.87973,35.56315],[126.88925,35.55921],[126.90125,35.55651],[126.90419,35.55862]]]},"properties":{"key":"전북특별자치도|정읍시|장명동","code":"5218052000"}},{"type":"Feature","geometry":{"type":"Polygon","coordinates":[[[126.90125,35.55651],[126.88925,35.55921],[126.87973,35.56315],[126.87686,35.56629],[126.86839,35.56787],[126.86485,35.56342],[126.86124,35.56395],[126.85789,35.55937],[126.86742,35.55643],[126.86621,35.55187],[126.8687,35.53559],[126.87465,35.53355],[126.8772,35.52765],[126.8748,35.52028],[126.87618,35.51585],[126.8734,35.51176],[126.88107,35.50652],[126.87885,35.4925],[126.88103,35.48571],[126.88171,35.48332],[126.88869,35.47835],[126.89409,35.48067],[126.90243,35.47797],[126.91342,35.4765],[126.92263,35.4826],[126.92756,35.47913],[126.93564,35.48158],[126.93792,35.48935],[126.93547,35.49596],[126.93324,35.50681],[126.92986,35.50943],[126.92958,35.51981],[126.93133,35.52303],[126.937,35.52533],[126.94987,35.53362],[126.95111,35.5385],[126.94298,35.53901],[126.93705,35.54151],[126.92617,35.53708],[126.92384,35.53756],[126.92007,35.54492],[126.91464,35.54701],[126.91076,35.54491],[126.90062,35.54545],[126.90288,35.55243],[126.90125,35.55651]]]},"properties":{"key":"전북특별자치도|정읍시|내장상동","code":"5218053500"}},{"type":"Feature","geometry":{"type":"Polygon","coordinates":[[[126.85037,35.56768],[126.84929,35.56452],[126.85789,35.55937],[126.86124,35.56395],[126.85665,35.56588],[126.85037,35.56768]]]},"properties":{"key":"전북특별자치도|정읍시|시기동","code":"5218054500"}},{"type":"Feature","geometry":{"type":"Polygon","coordinates":[[[126.84962,35.57859],[126.8468,35.58144],[126.84076,35.57979],[126.83293,35.57515],[126.84086,35.56781],[126.84547,35.56196],[126.84929,35.56452],[126.85037,35.56768],[126.84962,35.57859]]]},"properties":{"key":"전북특별자치도|정읍시|연지동","code":"5218057000"}},{"type":"Feature","geometry":{"type":"Polygon","coordinates":[[[126.85329,35.61806],[126.85086,35.61247],[126.84651,35.61179],[126.84157,35.61526],[126.83122,35.61907],[126.82405,35.61604],[126.82168,35.60942],[126.81325,35.61018],[126.80366,35.60955],[126.79855,35.60663],[126.80477,35.59338],[126.80148,35.58638],[126.80316,35.58348],[126.81179,35.58465],[126.81456,35.58679],[126.8194,35.58022],[126.81769,35.57109],[126.82157,35.57143],[126.82751,35.57628],[126.83293,35.57515],[126.84076,35.57979],[126.8468,35.58144],[126.84962,35.57859],[126.85271,35.58293],[126.85072,35.59442],[126.86125,35.59975],[126.85814,35.60169],[126.85894,35.60818],[126.86213,35.61418],[126.85329,35.61806]]]},"properties":{"key":"전북특별자치도|정읍시|농소동","code":"5218058000"}},{"type":"Feature","geometry":{"type":"Polygon","coordinates":[[[126.83293,35.57515],[126.82751,35.57628],[126.82157,35.57143],[126.81769,35.57109],[126.81073,35.56571],[126.80609,35.55449],[126.80319,35.544],[126.80693,35.54434],[126.81272,35.53958],[126.82276,35.53964],[126.82308,35.5342],[126.82696,35.52994],[126.82799,35.52037],[126.83036,35.51665],[126.82597,35.51404],[126.83133,35.51007],[126.82794,35.5033],[126.83137,35.5008],[126.82391,35.49379],[126.82613,35.4863],[126.8315,35.48004],[126.84027,35.4829],[126.84314,35.47599],[126.84045,35.46915],[126.84229,35.46389],[126.85062,35.46598],[126.86156,35.46165],[126.86869,35.46139],[126.86435,35.46483],[126.86063,35.47369],[126.86191,35.48031],[126.87341,35.47965],[126.88103,35.48571],[126.87885,35.4925],[126.88107,35.50652],[126.8734,35.51176],[126.87618,35.51585],[126.8748,35.52028],[126.8772,35.52765],[126.87465,35.53355],[126.8687,35.53559],[126.86621,35.55187],[126.86504,35.54662],[126.85665,35.54837],[126.83937,35.55544],[126.83999,35.55955],[126.84547,35.56196],[126.84086,35.56781],[126.83293,35.57515]]]},"properties":{"key":"전북특별자치도|정읍시|상교동","code":"5218059500"}},{"type":"Feature","geometry":{"type":"Polygon","coordinates":[[[126.85789,35.55937],[126.84929,35.56452],[126.84547,35.56196],[126.83999,35.55955],[126.83937,35.55544],[126.85665,35.54837],[126.86504,35.54662],[126.86621,35.55187],[126.86742,35.55643],[126.85789,35.55937]]]},"properties":{"key":"전북특별자치도|정읍시|초산동","code":"5218056500"}},{"type":"Feature","geometry":{"type":"Polygon","coordinates":[[[127.51401,35.4792],[127.50567,35.47768],[127.50367,35.47474],[127.49737,35.47378],[127.49751,35.4641],[127.4899,35.45912],[127.4891,35.45132],[127.49767,35.44858],[127.4987,35.44588],[127.4954,35.43447],[127.49947,35.43115],[127.49855,35.42316],[127.5015,35.41577],[127.49829,35.41356],[127.4959,35.40762],[127.50416,35.40118],[127.50736,35.38371],[127.51597,35.38357],[127.5212,35.37852],[127.52545,35.3701],[127.535,35.37684],[127.5407,35.37666],[127.55174,35.38125],[127.55397,35.38732],[127.55881,35.39212],[127.56421,35.4013],[127.56428,35.4113],[127.5681,35.41449],[127.5691,35.4193],[127.57612,35.42164],[127.58396,35.43251],[127.58133,35.43553],[127.58367,35.45305],[127.58015,35.45495],[127.57593,35.4625],[127.57317,35.46899],[127.56216,35.47482],[127.55838,35.47133],[127.55374,35.47126],[127.5465,35.46802],[127.54165,35.47155],[127.53587,35.47035],[127.52483,35.47323],[127.51914,35.47846],[127.51401,35.4792]]]},"properties":{"key":"전북특별자치도|남원시|운봉읍","code":"5219025000"}},{"type":"Feature","geometry":{"type":"Polygon","coordinates":[[[127.4959,35.40762],[127.48992,35.4068],[127.48115,35.40173],[127.474,35.39484],[127.46808,35.39621],[127.45884,35.40393],[127.44577,35.40657],[127.44175,35.40903],[127.43416,35.409],[127.4261,35.40605],[127.41382,35.41244],[127.40931,35.4094],[127.4021,35.39337],[127.39633,35.39305],[127.39493,35.38708],[127.39586,35.37826],[127.39411,35.3754],[127.39095,35.36729],[127.3928,35.36567],[127.39773,35.35813],[127.40957,35.3575],[127.4142,35.35381],[127.42276,35.35084],[127.43132,35.35953],[127.44134,35.36443],[127.44289,35.36128],[127.45421,35.36073],[127.45861,35.36362],[127.47058,35.36594],[127.47759,35.36501],[127.4861,35.35837],[127.49562,35.36081],[127.50141,35.35883],[127.50823,35.35334],[127.51422,35.35134],[127.52082,35.36006],[127.52116,35.36355],[127.52545,35.3701],[127.5212,35.37852],[127.51597,35.38357],[127.50736,35.38371],[127.50416,35.40118],[127.4959,35.40762]]]},"properties":{"key":"전북특별자치도|남원시|주천면","code":"5219031000"}},{"type":"Feature","geometry":{"type":"Polygon","coordinates":[[[127.42276,35.35084],[127.4142,35.35381],[127.40957,35.3575],[127.39773,35.35813],[127.3928,35.36567],[127.37916,35.35684],[127.3771,35.35235],[127.37153,35.35029],[127.37074,35.34603],[127.36492,35.34746],[127.35985,35.34606],[127.35263,35.34115],[127.33646,35.34542],[127.33304,35.33879],[127.32756,35.33616],[127.32313,35.32882],[127.32697,35.31879],[127.32617,35.31196],[127.32365,35.309],[127.33387,35.31536],[127.35619,35.32126],[127.36695,35.31459],[127.37168,35.31431],[127.37724,35.31075],[127.38029,35.30453],[127.38445,35.30328],[127.39404,35.31049],[127.39932,35.3129],[127.40155,35.3251],[127.40852,35.32945],[127.40987,35.33323],[127.4155,35.33728],[127.41598,35.34085],[127.42276,35.35084]]]},"properties":{"key":"전북특별자치도|남원시|수지면","code":"5219032000"}},{"type":"Feature","geometry":{"type":"Polygon","coordinates":[[[127.39411,35.3754],[127.38148,35.3743],[127.37606,35.3759],[127.3766,35.38255],[127.37009,35.38481],[127.37096,35.39242],[127.36825,35.39471],[127.35675,35.38857],[127.32743,35.37385],[127.31542,35.36687],[127.31053,35.35894],[127.30429,35.34241],[127.30367,35.33811],[127.30739,35.3293],[127.31183,35.32443],[127.31126,35.31907],[127.31391,35.31394],[127.3214,35.30574],[127.32411,35.30646],[127.32365,35.309],[127.32617,35.31196],[127.32697,35.31879],[127.32313,35.32882],[127.32756,35.33616],[127.33304,35.33879],[127.33646,35.34542],[127.35263,35.34115],[127.35985,35.34606],[127.36492,35.34746],[127.37074,35.34603],[127.37153,35.35029],[127.3771,35.35235],[127.37916,35.35684],[127.3928,35.36567],[127.39095,35.36729],[127.39411,35.3754]]]},"properties":{"key":"전북특별자치도|남원시|송동면","code":"5219033000"}},{"type":"Feature","geometry":{"type":"Polygon","coordinates":[[[127.34672,35.40445],[127.33161,35.40053],[127.32509,35.4007],[127.31965,35.39568],[127.31273,35.39408],[127.30834,35.39561],[127.30285,35.3921],[127.29014,35.39762],[127.28101,35.39837],[127.27175,35.40431],[127.26709,35.39985],[127.26752,35.39707],[127.26113,35.39121],[127.25949,35.38523],[127.26041,35.38028],[127.25448,35.37381],[127.26152,35.36916],[127.27124,35.36945],[127.27857,35.36691],[127.28848,35.36522],[127.29345,35.36599],[127.30378,35.3745],[127.30872,35.3665],[127.30705,35.3628],[127.31053,35.35894],[127.31542,35.36687],[127.32743,35.37385],[127.35675,35.38857],[127.35737,35.39565],[127.35412,35.40465],[127.34672,35.40445]]]},"properties":{"key":"전북특별자치도|남원시|주생면","code":"5219034000"}},{"type":"Feature","geometry":{"type":"Polygon","coordinates":[[[127.31053,35.35894],[127.30705,35.3628],[127.30872,35.3665],[127.30378,35.3745],[127.29345,35.36599],[127.28848,35.36522],[127.27857,35.36691],[127.27124,35.36945],[127.26152,35.36916],[127.25448,35.37381],[127.24761,35.36837],[127.24665,35.35613],[127.25382,35.34918],[127.25274,35.34343],[127.25511,35.33754],[127.26,35.33668],[127.2538,35.31909],[127.2512,35.31696],[127.26044,35.31163],[127.26452,35.31362],[127.27106,35.31302],[127.28854,35.31415],[127.3015,35.30846],[127.30494,35.3035],[127.30856,35.30313],[127.3214,35.30574],[127.31391,35.31394],[127.31126,35.31907],[127.31183,35.32443],[127.30739,35.3293],[127.30367,35.33811],[127.30429,35.34241],[127.31053,35.35894]]]},"properties":{"key":"전북특별자치도|남원시|금지면","code":"5219035000"}},{"type":"Feature","geometry":{"type":"Polygon","coordinates":[[[127.27569,35.42115],[127.2597,35.42677],[127.25457,35.41888],[127.25156,35.41631],[127.25055,35.40862],[127.24543,35.39856],[127.23946,35.39928],[127.22544,35.39833],[127.22261,35.39312],[127.22123,35.38831],[127.2134,35.37615],[127.21527,35.37052],[127.21035,35.36706],[127.20505,35.36062],[127.19733,35.36437],[127.18935,35.35085],[127.18719,35.34466],[127.19285,35.34179],[127.19493,35.33831],[127.1861,35.33619],[127.1834,35.32805],[127.18711,35.32236],[127.19625,35.31919],[127.20088,35.3158],[127.21485,35.31617],[127.21726,35.31892],[127.21602,35.32911],[127.21959,35.3354],[127.22265,35.3367],[127.23179,35.33527],[127.23741,35.32814],[127.25037,35.31856],[127.2512,35.31696],[127.2538,35.31909],[127.26,35.33668],[127.25511,35.33754],[127.25274,35.34343],[127.25382,35.34918],[127.24665,35.35613],[127.24761,35.36837],[127.25448,35.37381],[127.26041,35.38028],[127.25949,35.38523],[127.26113,35.39121],[127.26752,35.39707],[127.26709,35.39985],[127.27175,35.40431],[127.27009,35.41303],[127.27765,35.41685],[127.27569,35.42115]]]},"properties":{"key":"전북특별자치도|남원시|대강면","code":"5219036000"}},{"type":"Feature","geometry":{"type":"Polygon","coordinates":[[[127.34923,35.4498],[127.34097,35.4581],[127.33759,35.4596],[127.33287,35.4568],[127.32619,35.45781],[127.32157,35.4614],[127.31368,35.46359],[127.30961,35.45998],[127.30637,35.45277],[127.29789,35.44492],[127.29669,35.43506],[127.29376,35.42983],[127.28532,35.42398],[127.27864,35.42487],[127.27569,35.42115],[127.27765,35.41685],[127.27009,35.41303],[127.27175,35.40431],[127.28101,35.39837],[127.29014,35.39762],[127.30285,35.3921],[127.30834,35.39561],[127.31273,35.39408],[127.31965,35.39568],[127.32509,35.4007],[127.33161,35.40053],[127.34672,35.40445],[127.3422,35.41141],[127.33525,35.41656],[127.34613,35.41774],[127.34879,35.42336],[127.35332,35.4256],[127.34939,35.43153],[127.34828,35.44636],[127.34923,35.4498]]]},"properties":{"key":"전북특별자치도|남원시|대산면","code":"5219037000"}},{"type":"Feature","geometry":{"type":"Polygon","coordinates":[[[127.39101,35.48715],[127.38556,35.49621],[127.38104,35.49726],[127.37145,35.50347],[127.36195,35.50647],[127.35534,35.50463],[127.35625,35.50026],[127.35024,35.49669],[127.34138,35.4964],[127.33221,35.49237],[127.326,35.49583],[127.31041,35.49389],[127.30722,35.4864],[127.30866,35.47766],[127.31368,35.46359],[127.32157,35.4614],[127.32619,35.45781],[127.33287,35.4568],[127.33759,35.4596],[127.34097,35.4581],[127.34923,35.4498],[127.35413,35.45324],[127.36107,35.45495],[127.36352,35.45887],[127.3746,35.46033],[127.37714,35.46516],[127.38407,35.46353],[127.38718,35.45966],[127.39679,35.46846],[127.39557,35.47701],[127.39055,35.48128],[127.39101,35.48715]]]},"properties":{"key":"전북특별자치도|남원시|사매면","code":"5219038000"}},{"type":"Feature","geometry":{"type":"Polygon","coordinates":[[[127.36347,35.55823],[127.35841,35.55889],[127.35215,35.55238],[127.3441,35.55091],[127.33976,35.55408],[127.33412,35.55052],[127.3407,35.54388],[127.34899,35.54041],[127.3498,35.53723],[127.34662,35.52959],[127.34231,35.52574],[127.34317,35.52032],[127.3547,35.51231],[127.35534,35.50463],[127.36195,35.50647],[127.37145,35.50347],[127.38104,35.49726],[127.38556,35.49621],[127.39101,35.48715],[127.39437,35.49639],[127.39988,35.49937],[127.40378,35.50587],[127.40421,35.51002],[127.398,35.5103],[127.39778,35.5181],[127.38771,35.52396],[127.37951,35.5265],[127.37746,35.53136],[127.38515,35.53963],[127.38455,35.54652],[127.37766,35.54828],[127.36347,35.55823]]]},"properties":{"key":"전북특별자치도|남원시|덕과면","code":"5219039000"}},{"type":"Feature","geometry":{"type":"Polygon","coordinates":[[[127.43941,35.55282],[127.43223,35.5504],[127.42614,35.55019],[127.42033,35.55274],[127.41306,35.56019],[127.40772,35.55605],[127.40245,35.54844],[127.39203,35.54641],[127.38455,35.54652],[127.38515,35.53963],[127.37746,35.53136],[127.37951,35.5265],[127.38771,35.52396],[127.39778,35.5181],[127.398,35.5103],[127.40421,35.51002],[127.40378,35.50587],[127.39988,35.49937],[127.39437,35.49639],[127.39101,35.48715],[127.39055,35.48128],[127.39557,35.47701],[127.39679,35.46846],[127.3995,35.46162],[127.40735,35.46628],[127.41941,35.46803],[127.42049,35.47366],[127.42551,35.47921],[127.4334,35.48254],[127.43295,35.48579],[127.43749,35.49449],[127.44805,35.49996],[127.44465,35.5057],[127.44575,35.51291],[127.44456,35.51752],[127.44943,35.52677],[127.44878,35.53124],[127.4523,35.54075],[127.44676,35.54529],[127.43981,35.54832],[127.43941,35.55282]]]},"properties":{"key":"전북특별자치도|남원시|보절면","code":"5219040000"}},{"type":"Feature","geometry":{"type":"Polygon","coordinates":[[[127.51401,35.4792],[127.52698,35.48635],[127.52719,35.49529],[127.51594,35.4988],[127.513,35.50733],[127.50138,35.5176],[127.50182,35.52135],[127.49566,35.52296],[127.49123,35.52695],[127.49254,35.53377],[127.48229,35.53855],[127.47647,35.53845],[127.46946,35.54186],[127.46692,35.54626],[127.45687,35.54629],[127.4523,35.54075],[127.44878,35.53124],[127.44943,35.52677],[127.44456,35.51752],[127.44575,35.51291],[127.44465,35.5057],[127.44805,35.49996],[127.43749,35.49449],[127.43295,35.48579],[127.4334,35.48254],[127.42551,35.47921],[127.42049,35.47366],[127.41941,35.46803],[127.42113,35.465],[127.4286,35.45967],[127.4358,35.45762],[127.43893,35.46118],[127.44839,35.46607],[127.45616,35.46764],[127.46635,35.46373],[127.48104,35.46108],[127.48483,35.45744],[127.4899,35.45912],[127.49751,35.4641],[127.49737,35.47378],[127.50367,35.47474],[127.50567,35.47768],[127.51401,35.4792]]]},"properties":{"key":"전북특별자치도|남원시|산동면","code":"5219041000"}},{"type":"Feature","geometry":{"type":"Polygon","coordinates":[[[127.4899,35.45912],[127.48483,35.45744],[127.48104,35.46108],[127.46635,35.46373],[127.45616,35.46764],[127.44839,35.46607],[127.43893,35.46118],[127.4358,35.45762],[127.43252,35.44376],[127.42897,35.43914],[127.4182,35.43246],[127.41207,35.42162],[127.40522,35.41907],[127.40451,35.4154],[127.41382,35.41244],[127.4261,35.40605],[127.43416,35.409],[127.44175,35.40903],[127.44577,35.40657],[127.45884,35.40393],[127.46808,35.39621],[127.474,35.39484],[127.48115,35.40173],[127.48992,35.4068],[127.4959,35.40762],[127.49829,35.41356],[127.5015,35.41577],[127.49855,35.42316],[127.49947,35.43115],[127.4954,35.43447],[127.4987,35.44588],[127.49767,35.44858],[127.4891,35.45132],[127.4899,35.45912]]]},"properties":{"key":"전북특별자치도|남원시|이백면","code":"5219042000"}},{"type":"Feature","geometry":{"type":"Polygon","coordinates":[[[127.65084,35.49763],[127.64582,35.49819],[127.64187,35.50506],[127.63709,35.50919],[127.62816,35.5061],[127.61837,35.50856],[127.61348,35.50638],[127.61106,35.49936],[127.60732,35.49531],[127.60218,35.48068],[127.59871,35.47514],[127.58902,35.47344],[127.58683,35.46439],[127.57593,35.4625],[127.58015,35.45495],[127.58367,35.45305],[127.58133,35.43553],[127.58396,35.43251],[127.57612,35.42164],[127.58393,35.41772],[127.59703,35.41781],[127.61209,35.43264],[127.60874,35.436],[127.60936,35.43981],[127.61784,35.44741],[127.62389,35.44761],[127.63745,35.44549],[127.64507,35.44951],[127.6357,35.46231],[127.63786,35.47083],[127.63722,35.47893],[127.65272,35.48567],[127.65014,35.49145],[127.65084,35.49763]]]},"properties":{"key":"전북특별자치도|남원시|인월면","code":"5219047000"}},{"type":"Feature","geometry":{"type":"Polygon","coordinates":[[[127.63709,35.50919],[127.63124,35.52064],[127.6244,35.5279],[127.62576,35.53207],[127.61905,35.53697],[127.61193,35.53569],[127.60963,35.54037],[127.60496,35.54372],[127.594,35.54879],[127.59108,35.55417],[127.58541,35.55459],[127.57863,35.54713],[127.57307,35.54565],[127.57105,35.53448],[127.56858,35.53257],[127.56839,35.525],[127.57051,35.51962],[127.5786,35.51612],[127.58069,35.51141],[127.57923,35.5038],[127.57431,35.49469],[127.5636,35.48847],[127.55952,35.48107],[127.56216,35.47482],[127.57317,35.46899],[127.57593,35.4625],[127.58683,35.46439],[127.58902,35.47344],[127.59871,35.47514],[127.60218,35.48068],[127.60732,35.49531],[127.61106,35.49936],[127.61348,35.50638],[127.61837,35.50856],[127.62816,35.5061],[127.63709,35.50919]]]},"properties":{"key":"전북특별자치도|남원시|아영면","code":"5219045000"}},{"type":"Feature","geometry":{"type":"Polygon","coordinates":[[[127.6694,35.44734],[127.66302,35.44764],[127.65278,35.45073],[127.64507,35.44951],[127.63745,35.44549],[127.62389,35.44761],[127.61784,35.44741],[127.60936,35.43981],[127.60874,35.436],[127.61209,35.43264],[127.59703,35.41781],[127.58393,35.41772],[127.57612,35.42164],[127.5691,35.4193],[127.5681,35.41449],[127.56428,35.4113],[127.56421,35.4013],[127.55881,35.39212],[127.55397,35.38732],[127.55174,35.38125],[127.5407,35.37666],[127.535,35.37684],[127.52545,35.3701],[127.52116,35.36355],[127.52082,35.36006],[127.51422,35.35134],[127.51643,35.34772],[127.52474,35.3449],[127.53054,35.33728],[127.54066,35.33441],[127.54213,35.32913],[127.55207,35.32515],[127.55461,35.32234],[127.56815,35.31829],[127.57265,35.31205],[127.57745,35.30896],[127.58567,35.30914],[127.5923,35.31153],[127.60551,35.31896],[127.60813,35.32532],[127.61485,35.33056],[127.62042,35.33233],[127.62277,35.3384],[127.62286,35.34395],[127.61588,35.35016],[127.61212,35.35595],[127.61025,35.36579],[127.61327,35.36925],[127.6224,35.3732],[127.62462,35.37656],[127.62525,35.38475],[127.63134,35.39187],[127.63542,35.39982],[127.64645,35.40266],[127.65004,35.40773],[127.65936,35.41409],[127.66351,35.4255],[127.66534,35.42718],[127.66658,35.43786],[127.67283,35.44376],[127.6694,35.44734]]]},"properties":{"key":"전북특별자치도|남원시|산내면","code":"5219046000"}},{"type":"Feature","geometry":{"type":"Polygon","coordinates":[[[127.38859,35.41219],[127.38619,35.4139],[127.37684,35.41407],[127.37655,35.40932],[127.38707,35.40903],[127.39125,35.41182],[127.38859,35.41219]]]},"properties":{"key":"전북특별자치도|남원시|동충동","code":"5219051000"}},{"type":"Feature","geometry":{"type":"Polygon","coordinates":[[[127.39366,35.4111],[127.39125,35.41182],[127.38707,35.40903],[127.37655,35.40932],[127.37642,35.40649],[127.3808,35.40136],[127.38544,35.40384],[127.39366,35.4111]]]},"properties":{"key":"전북특별자치도|남원시|죽항동","code":"5219052000"}},{"type":"Feature","geometry":{"type":"Polygon","coordinates":[[[127.41382,35.41244],[127.40451,35.4154],[127.40522,35.41907],[127.39366,35.4111],[127.38544,35.40384],[127.3808,35.40136],[127.36825,35.39471],[127.37096,35.39242],[127.37009,35.38481],[127.3766,35.38255],[127.37606,35.3759],[127.38148,35.3743],[127.39411,35.3754],[127.39586,35.37826],[127.39493,35.38708],[127.39633,35.39305],[127.4021,35.39337],[127.40931,35.4094],[127.41382,35.41244]]]},"properties":{"key":"전북특별자치도|남원시|노암동","code":"5219054000"}},{"type":"Feature","geometry":{"type":"Polygon","coordinates":[[[127.37642,35.40649],[127.37013,35.40683],[127.35737,35.39565],[127.35675,35.38857],[127.36825,35.39471],[127.3808,35.40136],[127.37642,35.40649]]]},"properties":{"key":"전북특별자치도|남원시|금동","code":"5219055000"}},{"type":"Feature","geometry":{"type":"Polygon","coordinates":[[[127.37684,35.41407],[127.36535,35.41862],[127.36143,35.42284],[127.35332,35.4256],[127.34879,35.42336],[127.34613,35.41774],[127.33525,35.41656],[127.3422,35.41141],[127.34672,35.40445],[127.35412,35.40465],[127.35737,35.39565],[127.37013,35.40683],[127.37642,35.40649],[127.37655,35.40932],[127.37684,35.41407]]]},"properties":{"key":"전북특별자치도|남원시|왕정동","code":"5219056000"}},{"type":"Feature","geometry":{"type":"Polygon","coordinates":[[[127.3995,35.46162],[127.39679,35.46846],[127.38718,35.45966],[127.38407,35.46353],[127.37714,35.46516],[127.3746,35.46033],[127.36352,35.45887],[127.36107,35.45495],[127.35413,35.45324],[127.34923,35.4498],[127.34828,35.44636],[127.34939,35.43153],[127.35332,35.4256],[127.36143,35.42284],[127.36535,35.41862],[127.37684,35.41407],[127.38619,35.4139],[127.38859,35.41219],[127.39006,35.42003],[127.39345,35.42296],[127.39159,35.43181],[127.3948,35.43739],[127.39203,35.44753],[127.39741,35.45346],[127.4019,35.4557],[127.3995,35.46162]]]},"properties":{"key":"전북특별자치도|남원시|향교동","code":"5219057000"}},{"type":"Feature","geometry":{"type":"Polygon","coordinates":[[[127.4358,35.45762],[127.4286,35.45967],[127.42113,35.465],[127.41941,35.46803],[127.40735,35.46628],[127.3995,35.46162],[127.4019,35.4557],[127.39741,35.45346],[127.39203,35.44753],[127.3948,35.43739],[127.39159,35.43181],[127.39345,35.42296],[127.39006,35.42003],[127.38859,35.41219],[127.39125,35.41182],[127.39366,35.4111],[127.40522,35.41907],[127.41207,35.42162],[127.4182,35.43246],[127.42897,35.43914],[127.43252,35.44376],[127.4358,35.45762]]]},"properties":{"key":"전북특별자치도|남원시|도통동","code":"5219059000"}},{"type":"Feature","geometry":{"type":"Polygon","coordinates":[[[126.85606,35.86018],[126.84568,35.86406],[126.84178,35.86169],[126.83184,35.8637],[126.83317,35.86881],[126.83774,35.87047],[126.84011,35.87473],[126.82909,35.8821],[126.82764,35.88477],[126.8327,35.89016],[126.82839,35.89246],[126.82536,35.89851],[126.81965,35.89653],[126.8009,35.89375],[126.79672,35.88178],[126.79949,35.87795],[126.79863,35.87396],[126.80464,35.87069],[126.80118,35.86524],[126.8044,35.85961],[126.81333,35.85349],[126.81635,35.84348],[126.82016,35.84502],[126.82607,35.84129],[126.83193,35.83518],[126.84153,35.8381],[126.85139,35.84099],[126.85522,35.84015],[126.86251,35.84342],[126.86562,35.85061],[126.85795,35.85018],[126.85316,35.85322],[126.85606,35.86018]]]},"properties":{"key":"전북특별자치도|김제시|만경읍","code":"5221025000"}},{"type":"Feature","geometry":{"type":"Polygon","coordinates":[[[126.8494,35.75865],[126.84007,35.75956],[126.84152,35.76511],[126.84544,35.76509],[126.84871,35.76967],[126.84709,35.77216],[126.85208,35.77677],[126.846,35.78296],[126.84124,35.78298],[126.84118,35.78759],[126.83068,35.79617],[126.82293,35.79699],[126.81956,35.80391],[126.79889,35.79934],[126.78847,35.80097],[126.77684,35.80149],[126.77343,35.79719],[126.76782,35.78534],[126.76989,35.77752],[126.77674,35.7664],[126.77723,35.75765],[126.77748,35.75318],[126.79274,35.75354],[126.79915,35.74733],[126.80049,35.74131],[126.80491,35.73537],[126.81037,35.73732],[126.81109,35.74173],[126.81703,35.74422],[126.81823,35.74898],[126.83295,35.74636],[126.8388,35.75371],[126.84849,35.75562],[126.8494,35.75865]]]},"properties":{"key":"전북특별자치도|김제시|죽산면","code":"5221032000"}},{"type":"Feature","geometry":{"type":"Polygon","coordinates":[[[126.9412,35.85801],[126.92448,35.85669],[126.9123,35.85831],[126.90795,35.85593],[126.90112,35.85901],[126.90391,35.86455],[126.89834,35.8732],[126.89427,35.87093],[126.88688,35.87334],[126.8828,35.87661],[126.88097,35.86901],[126.86433,35.86615],[126.85606,35.86018],[126.85316,35.85322],[126.85795,35.85018],[126.86562,35.85061],[126.86251,35.84342],[126.85522,35.84015],[126.85139,35.84099],[126.84153,35.8381],[126.84715,35.83206],[126.84666,35.8279],[126.85023,35.82379],[126.84933,35.81549],[126.85745,35.81949],[126.86405,35.82605],[126.8667,35.82246],[126.87362,35.81904],[126.88166,35.81961],[126.88064,35.82339],[126.89293,35.82853],[126.89387,35.83518],[126.89911,35.83511],[126.89993,35.83996],[126.90647,35.84009],[126.90753,35.83381],[126.914,35.8345],[126.92474,35.83286],[126.93536,35.83993],[126.93665,35.84981],[126.9412,35.85801]]]},"properties":{"key":"전북특별자치도|김제시|백산면","code":"5221033000"}},{"type":"Feature","geometry":{"type":"Polygon","coordinates":[[[127.00666,35.87045],[126.97716,35.8645],[126.97014,35.86725],[126.96908,35.87361],[126.9611,35.87942],[126.95347,35.87469],[126.95213,35.87049],[126.94531,35.86844],[126.9353,35.86733],[126.93961,35.8634],[126.9412,35.85801],[126.93665,35.84981],[126.93536,35.83993],[126.93575,35.82978],[126.94447,35.82219],[126.94483,35.81912],[126.94809,35.81964],[126.95822,35.81666],[126.98487,35.8148],[126.99142,35.81516],[126.99787,35.81828],[126.99465,35.82932],[126.99911,35.83155],[127.00156,35.83887],[127.00967,35.84663],[127.00845,35.85736],[127.00553,35.86204],[127.00666,35.87045]]]},"properties":{"key":"전북특별자치도|김제시|용지면","code":"5221034000"}},{"type":"Feature","geometry":{"type":"Polygon","coordinates":[[[126.94136,35.91204],[126.93261,35.91157],[126.92332,35.90834],[126.92824,35.90178],[126.93471,35.89768],[126.93235,35.8876],[126.93933,35.87493],[126.9353,35.86733],[126.94531,35.86844],[126.95213,35.87049],[126.95347,35.87469],[126.9611,35.87942],[126.96908,35.87361],[126.97014,35.86725],[126.97716,35.8645],[127.00666,35.87045],[127.00655,35.87671],[126.99787,35.8837],[126.99408,35.88408],[126.99416,35.89219],[126.98682,35.89665],[126.9813,35.8982],[126.97214,35.89788],[126.96013,35.90329],[126.95348,35.90903],[126.94634,35.91033],[126.94136,35.91204]]]},"properties":{"key":"전북특별자치도|김제시|백구면","code":"5221035000"}},{"type":"Feature","geometry":{"type":"Polygon","coordinates":[[[126.87305,35.75831],[126.86141,35.76108],[126.8494,35.75865],[126.84849,35.75562],[126.8388,35.75371],[126.83295,35.74636],[126.81823,35.74898],[126.81703,35.74422],[126.81109,35.74173],[126.81037,35.73732],[126.80491,35.73537],[126.80821,35.73393],[126.81271,35.71583],[126.81749,35.71503],[126.82033,35.71812],[126.82527,35.71431],[126.82686,35.71809],[126.84674,35.728],[126.85486,35.72592],[126.86846,35.72866],[126.87326,35.73194],[126.88113,35.74009],[126.88199,35.74836],[126.87501,35.75212],[126.87305,35.75831]]]},"properties":{"key":"전북특별자치도|김제시|부량면","code":"5221036000"}},{"type":"Feature","geometry":{"type":"Polygon","coordinates":[[[126.92332,35.90834],[126.91782,35.90572],[126.90572,35.90532],[126.89948,35.91233],[126.89209,35.9151],[126.87818,35.90977],[126.87161,35.91087],[126.86681,35.90773],[126.86971,35.90458],[126.86955,35.89533],[126.86628,35.88909],[126.87026,35.88527],[126.86692,35.88264],[126.87258,35.87824],[126.87606,35.87979],[126.8828,35.87661],[126.88688,35.87334],[126.89427,35.87093],[126.89834,35.8732],[126.90391,35.86455],[126.90112,35.85901],[126.90795,35.85593],[126.9123,35.85831],[126.92448,35.85669],[126.9412,35.85801],[126.93961,35.8634],[126.9353,35.86733],[126.93933,35.87493],[126.93235,35.8876],[126.93471,35.89768],[126.92824,35.90178],[126.92332,35.90834]]]},"properties":{"key":"전북특별자치도|김제시|공덕면","code":"5221038000"}},{"type":"Feature","geometry":{"type":"Polygon","coordinates":[[[126.8536,35.91679],[126.84749,35.92021],[126.83728,35.91156],[126.83249,35.90484],[126.82536,35.89851],[126.82839,35.89246],[126.8327,35.89016],[126.82764,35.88477],[126.82909,35.8821],[126.84011,35.87473],[126.83774,35.87047],[126.83317,35.86881],[126.83184,35.8637],[126.84178,35.86169],[126.84568,35.86406],[126.85606,35.86018],[126.86433,35.86615],[126.88097,35.86901],[126.8828,35.87661],[126.87606,35.87979],[126.87258,35.87824],[126.86692,35.88264],[126.87026,35.88527],[126.86628,35.88909],[126.86955,35.89533],[126.86971,35.90458],[126.86681,35.90773],[126.86031,35.90524],[126.85493,35.90897],[126.8536,35.91679]]]},"properties":{"key":"전북특별자치도|김제시|청하면","code":"5221039000"}},{"type":"Feature","geometry":{"type":"Polygon","coordinates":[[[126.84153,35.8381],[126.83193,35.83518],[126.82607,35.84129],[126.82016,35.84502],[126.81635,35.84348],[126.81522,35.83939],[126.80399,35.82907],[126.79728,35.83179],[126.79266,35.82923],[126.78698,35.83023],[126.7808,35.82107],[126.78138,35.81496],[126.77382,35.80938],[126.76564,35.80741],[126.76584,35.80449],[126.77684,35.80149],[126.78847,35.80097],[126.79889,35.79934],[126.81956,35.80391],[126.82771,35.8052],[126.83717,35.81013],[126.84279,35.81439],[126.84933,35.81549],[126.85023,35.82379],[126.84666,35.8279],[126.84715,35.83206],[126.84153,35.8381]]]},"properties":{"key":"전북특별자치도|김제시|성덕면","code":"5221040000"}},{"type":"Feature","geometry":{"type":"Polygon","coordinates":[[[126.81635,35.84348],[126.81333,35.85349],[126.8044,35.85961],[126.80118,35.86524],[126.80464,35.87069],[126.79863,35.87396],[126.78798,35.86491],[126.76476,35.8661],[126.76621,35.86199],[126.75554,35.86568],[126.74529,35.86714],[126.73097,35.86665],[126.72916,35.86423],[126.71987,35.86],[126.71581,35.86054],[126.71086,35.85747],[126.69729,35.85476],[126.6853,35.84391],[126.69023,35.84166],[126.69705,35.84625],[126.70371,35.84668],[126.70739,35.84361],[126.71716,35.8395],[126.72389,35.84471],[126.73058,35.847],[126.7496,35.84594],[126.75462,35.84344],[126.75739,35.84707],[126.7684,35.8335],[126.7808,35.82107],[126.78698,35.83023],[126.79266,35.82923],[126.79728,35.83179],[126.80399,35.82907],[126.81522,35.83939],[126.81635,35.84348]]]},"properties":{"key":"전북특별자치도|김제시|진봉면","code":"5221041000"}},{"type":"Feature","geometry":{"type":"Polygon","coordinates":[[[127.06591,35.79076],[127.06159,35.79246],[127.05543,35.79135],[127.04245,35.79829],[127.03303,35.79842],[127.02906,35.80253],[127.01995,35.79992],[126.99969,35.81317],[126.99787,35.81828],[126.99142,35.81516],[126.98487,35.8148],[126.95822,35.81666],[126.96008,35.81014],[126.97181,35.80907],[126.97093,35.80484],[126.9841,35.80066],[126.98239,35.79139],[126.984,35.78769],[126.97891,35.78538],[126.97829,35.77804],[126.9801,35.77203],[126.97923,35.76862],[126.98408,35.76481],[126.98352,35.75987],[126.98876,35.7589],[126.99849,35.75914],[127.00361,35.7558],[127.0097,35.75637],[127.01812,35.75251],[127.01937,35.74827],[127.02816,35.74767],[127.03349,35.74582],[127.04203,35.75124],[127.05147,35.75966],[127.05369,35.76288],[127.06427,35.76675],[127.06672,35.77039],[127.07435,35.77519],[127.07117,35.78214],[127.06486,35.78616],[127.06591,35.79076]]]},"properties":{"key":"전북특별자치도|김제시|금구면","code":"5221042000"}},{"type":"Feature","geometry":{"type":"Polygon","coordinates":[[[126.9801,35.77203],[126.969,35.76099],[126.95842,35.76091],[126.95053,35.76672],[126.94677,35.76538],[126.94688,35.76041],[126.94008,35.76125],[126.94023,35.7545],[126.93343,35.75156],[126.9207,35.75135],[126.91378,35.74533],[126.92247,35.73901],[126.92867,35.73091],[126.93387,35.72032],[126.94509,35.72112],[126.95089,35.72479],[126.96168,35.72312],[126.97439,35.71766],[126.97647,35.72242],[126.98342,35.73121],[126.9887,35.73126],[126.98534,35.74012],[126.98783,35.74726],[126.98469,35.75206],[126.98876,35.7589],[126.98352,35.75987],[126.98408,35.76481],[126.97923,35.76862],[126.9801,35.77203]]]},"properties":{"key":"전북특별자치도|김제시|봉남면","code":"5221043000"}},{"type":"Feature","geometry":{"type":"Polygon","coordinates":[[[126.95822,35.81666],[126.94809,35.81964],[126.94483,35.81912],[126.94675,35.80698],[126.94058,35.80247],[126.94437,35.7987],[126.93848,35.79626],[126.94349,35.79139],[126.94208,35.78481],[126.93748,35.77938],[126.94826,35.7714],[126.95053,35.76672],[126.95842,35.76091],[126.969,35.76099],[126.9801,35.77203],[126.97829,35.77804],[126.97891,35.78538],[126.984,35.78769],[126.98239,35.79139],[126.9841,35.80066],[126.97093,35.80484],[126.97181,35.80907],[126.96008,35.81014],[126.95822,35.81666]]]},"properties":{"key":"전북특별자치도|김제시|황산면","code":"5221044000"}},{"type":"Feature","geometry":{"type":"Polygon","coordinates":[[[127.08518,35.72843],[127.08172,35.72964],[127.07839,35.73663],[127.07051,35.74223],[127.07059,35.74678],[127.06621,35.74928],[127.05955,35.75842],[127.05147,35.75966],[127.04203,35.75124],[127.03349,35.74582],[127.02816,35.74767],[127.01937,35.74827],[127.01812,35.75251],[127.0097,35.75637],[127.00361,35.7558],[126.99849,35.75914],[126.98876,35.7589],[126.98469,35.75206],[126.98783,35.74726],[126.98534,35.74012],[126.9887,35.73126],[126.98342,35.73121],[126.97647,35.72242],[126.97439,35.71766],[126.9896,35.70469],[126.99286,35.69948],[126.99115,35.68947],[126.99578,35.68638],[127.0024,35.68571],[127.0049,35.68062],[127.01487,35.67668],[127.02122,35.6692],[127.03074,35.66602],[127.04182,35.66598],[127.05068,35.67029],[127.06072,35.67044],[127.06412,35.67772],[127.06364,35.68024],[127.06887,35.68942],[127.06833,35.69463],[127.06042,35.70188],[127.06126,35.70468],[127.07006,35.71236],[127.07181,35.71786],[127.08598,35.72484],[127.08518,35.72843]]]},"properties":{"key":"전북특별자치도|김제시|금산면","code":"5221045000"}},{"type":"Feature","geometry":{"type":"Polygon","coordinates":[[[126.7808,35.82107],[126.7684,35.8335],[126.75739,35.84707],[126.75462,35.84344],[126.7496,35.84594],[126.73058,35.847],[126.72389,35.84471],[126.71716,35.8395],[126.70739,35.84361],[126.70371,35.84668],[126.69705,35.84625],[126.69023,35.84166],[126.6993,35.8399],[126.72258,35.82773],[126.73316,35.81861],[126.75108,35.81216],[126.75732,35.80875],[126.76564,35.80741],[126.77382,35.80938],[126.78138,35.81496],[126.7808,35.82107]]]},"properties":{"key":"전북특별자치도|김제시|광활면","code":"5221046000"}},{"type":"Feature","geometry":{"type":"Polygon","coordinates":[[[126.914,35.8345],[126.90753,35.83381],[126.90647,35.84009],[126.89993,35.83996],[126.89911,35.83511],[126.89387,35.83518],[126.89293,35.82853],[126.88064,35.82339],[126.88166,35.81961],[126.87362,35.81904],[126.8667,35.82246],[126.86405,35.82605],[126.85745,35.81949],[126.8642,35.81662],[126.86848,35.81149],[126.86639,35.80953],[126.88255,35.80135],[126.88401,35.79664],[126.88961,35.79613],[126.89475,35.79874],[126.89613,35.80402],[126.90027,35.81578],[126.92238,35.83185],[126.914,35.8345]]]},"properties":{"key":"전북특별자치도|김제시|요촌동","code":"5221051000"}},{"type":"Feature","geometry":{"type":"Polygon","coordinates":[[[126.93848,35.79626],[126.92324,35.79689],[126.91243,35.79476],[126.90588,35.79615],[126.89996,35.80347],[126.89613,35.80402],[126.89475,35.79874],[126.88961,35.79613],[126.88482,35.78717],[126.89098,35.78222],[126.89952,35.77822],[126.89971,35.76784],[126.89716,35.76093],[126.8872,35.75421],[126.89511,35.75335],[126.90075,35.75021],[126.91378,35.74533],[126.9207,35.75135],[126.93343,35.75156],[126.94023,35.7545],[126.94008,35.76125],[126.94688,35.76041],[126.94677,35.76538],[126.95053,35.76672],[126.94826,35.7714],[126.93748,35.77938],[126.94208,35.78481],[126.94349,35.79139],[126.93848,35.79626]]]},"properties":{"key":"전북특별자치도|김제시|신풍동","code":"5221052000"}},{"type":"Feature","geometry":{"type":"Polygon","coordinates":[[[126.94483,35.81912],[126.94447,35.82219],[126.93575,35.82978],[126.93536,35.83993],[126.92474,35.83286],[126.914,35.8345],[126.92238,35.83185],[126.90027,35.81578],[126.89613,35.80402],[126.89996,35.80347],[126.90588,35.79615],[126.91243,35.79476],[126.92324,35.79689],[126.93848,35.79626],[126.94437,35.7987],[126.94058,35.80247],[126.94675,35.80698],[126.94483,35.81912]]]},"properties":{"key":"전북특별자치도|김제시|검산동","code":"5221054000"}},{"type":"Feature","geometry":{"type":"Polygon","coordinates":[[[126.88961,35.79613],[126.88401,35.79664],[126.88255,35.80135],[126.86639,35.80953],[126.86848,35.81149],[126.8642,35.81662],[126.85745,35.81949],[126.84933,35.81549],[126.84279,35.81439],[126.83717,35.81013],[126.82771,35.8052],[126.81956,35.80391],[126.82293,35.79699],[126.83068,35.79617],[126.84118,35.78759],[126.84124,35.78298],[126.846,35.78296],[126.85208,35.77677],[126.84709,35.77216],[126.84871,35.76967],[126.84544,35.76509],[126.84152,35.76511],[126.84007,35.75956],[126.8494,35.75865],[126.86141,35.76108],[126.87305,35.75831],[126.8872,35.75421],[126.89716,35.76093],[126.89971,35.76784],[126.89952,35.77822],[126.89098,35.78222],[126.88482,35.78717],[126.88961,35.79613]]]},"properties":{"key":"전북특별자치도|김제시|교월동","code":"5221058000"}},{"type":"Feature","geometry":{"type":"Polygon","coordinates":[[[127.13461,35.91024],[127.13086,35.91355],[127.12455,35.92735],[127.12381,35.9391],[127.11617,35.93687],[127.09421,35.93554],[127.09233,35.93099],[127.0806,35.92149],[127.07522,35.92155],[127.06618,35.9158],[127.05708,35.92091],[127.04306,35.92584],[127.03592,35.91846],[127.02972,35.91855],[127.03298,35.90453],[127.03617,35.90278],[127.03723,35.89346],[127.04198,35.89644],[127.04534,35.89337],[127.05262,35.89208],[127.06421,35.89898],[127.07668,35.89815],[127.08864,35.89331],[127.0979,35.89613],[127.10583,35.89612],[127.11174,35.89793],[127.11399,35.90074],[127.12314,35.90433],[127.13461,35.91024]]]},"properties":{"key":"전북특별자치도|완주군|삼례읍","code":"5271025000"}},{"type":"Feature","geometry":{"type":"Polygon","coordinates":[[[127.12516,36.00547],[127.10734,35.99553],[127.10852,35.98376],[127.10426,35.96451],[127.10641,35.96042],[127.10225,35.95149],[127.09458,35.94034],[127.09421,35.93554],[127.11617,35.93687],[127.12381,35.9391],[127.12455,35.92735],[127.13086,35.91355],[127.13461,35.91024],[127.1413,35.90689],[127.1485,35.89735],[127.15382,35.89616],[127.15744,35.90226],[127.15639,35.9065],[127.16374,35.9143],[127.16959,35.92378],[127.17211,35.93012],[127.1698,35.93597],[127.17229,35.94342],[127.1812,35.94688],[127.18364,35.95334],[127.17884,35.95508],[127.17671,35.96084],[127.17118,35.96156],[127.16426,35.96598],[127.15396,35.97003],[127.14888,35.97492],[127.1431,35.97585],[127.14265,35.98183],[127.13213,35.98452],[127.13065,35.98809],[127.13294,35.99316],[127.12797,35.99936],[127.12516,36.00547]]]},"properties":{"key":"전북특별자치도|완주군|봉동읍","code":"5271025300"}},{"type":"Feature","geometry":{"type":"Polygon","coordinates":[[[127.21868,35.91598],[127.20615,35.91563],[127.20202,35.91932],[127.1958,35.91908],[127.1895,35.92267],[127.19041,35.93457],[127.1925,35.93754],[127.19081,35.94308],[127.18406,35.94228],[127.1812,35.94688],[127.17229,35.94342],[127.1698,35.93597],[127.17211,35.93012],[127.16959,35.92378],[127.16374,35.9143],[127.15639,35.9065],[127.15744,35.90226],[127.15382,35.89616],[127.1485,35.89735],[127.1413,35.90689],[127.13461,35.91024],[127.12314,35.90433],[127.11399,35.90074],[127.11174,35.89793],[127.12763,35.90149],[127.13637,35.90046],[127.14101,35.89775],[127.1479,35.89014],[127.15197,35.88059],[127.16223,35.86796],[127.16659,35.85898],[127.1676,35.85699],[127.17405,35.8547],[127.1854,35.85578],[127.19457,35.85877],[127.1922,35.86287],[127.19829,35.87156],[127.19988,35.87692],[127.20624,35.87937],[127.20468,35.89135],[127.20654,35.89753],[127.21121,35.89938],[127.21718,35.8986],[127.22706,35.90092],[127.22552,35.90534],[127.22663,35.91086],[127.21868,35.91598]]]},"properties":{"key":"전북특별자치도|완주군|용진읍","code":"5271025600"}},{"type":"Feature","geometry":{"type":"Polygon","coordinates":[[[127.27414,35.78945],[127.26921,35.79641],[127.27046,35.80293],[127.26699,35.81294],[127.2606,35.81366],[127.25106,35.81809],[127.24686,35.82167],[127.23561,35.82149],[127.2311,35.81851],[127.22822,35.8088],[127.21728,35.80164],[127.21194,35.79397],[127.19969,35.78603],[127.1994,35.77607],[127.19541,35.77429],[127.18544,35.77915],[127.17885,35.77261],[127.18124,35.76715],[127.18103,35.76039],[127.18733,35.75713],[127.19318,35.74837],[127.1936,35.74442],[127.18631,35.73582],[127.18795,35.73088],[127.19427,35.72976],[127.20452,35.72441],[127.20669,35.72046],[127.20546,35.71575],[127.20953,35.7093],[127.22396,35.71172],[127.24122,35.69787],[127.23985,35.69063],[127.24218,35.68707],[127.2514,35.69157],[127.25949,35.69308],[127.25629,35.69942],[127.25642,35.70585],[127.25316,35.71095],[127.25162,35.71891],[127.25519,35.72507],[127.25627,35.73282],[127.25143,35.73526],[127.25362,35.74191],[127.24678,35.74838],[127.24445,35.75626],[127.25326,35.76649],[127.25895,35.76873],[127.26476,35.77762],[127.2708,35.77796],[127.27455,35.78239],[127.27414,35.78945]]]},"properties":{"key":"전북특별자치도|완주군|상관면","code":"5271032000"}},{"type":"Feature","geometry":{"type":"Polygon","coordinates":[[[127.04988,35.85387],[127.03408,35.85073],[127.02935,35.85381],[127.02846,35.8612],[127.02466,35.86471],[127.0162,35.85923],[127.00553,35.86204],[127.00845,35.85736],[127.00967,35.84663],[127.00156,35.83887],[126.99911,35.83155],[126.99465,35.82932],[126.99787,35.81828],[126.99969,35.81317],[127.01995,35.79992],[127.02906,35.80253],[127.03303,35.79842],[127.04245,35.79829],[127.05543,35.79135],[127.06159,35.79246],[127.06591,35.79076],[127.06524,35.80255],[127.06746,35.80379],[127.06763,35.81424],[127.06553,35.81853],[127.05681,35.82304],[127.05624,35.82526],[127.05094,35.82864],[127.05177,35.83331],[127.05855,35.83296],[127.05862,35.83828],[127.05634,35.83915],[127.04985,35.85181],[127.04988,35.85387]]]},"properties":{"key":"전북특별자치도|완주군|이서면","code":"5271033000"}},{"type":"Feature","geometry":{"type":"Polygon","coordinates":[[[127.23904,35.92766],[127.23028,35.92839],[127.22289,35.92661],[127.22266,35.9217],[127.21868,35.91598],[127.22663,35.91086],[127.22552,35.90534],[127.22706,35.90092],[127.21718,35.8986],[127.21121,35.89938],[127.20654,35.89753],[127.20468,35.89135],[127.20624,35.87937],[127.19988,35.87692],[127.19829,35.87156],[127.1922,35.86287],[127.19457,35.85877],[127.19812,35.85686],[127.20497,35.84511],[127.21022,35.84119],[127.20854,35.8292],[127.21418,35.82212],[127.2195,35.81987],[127.22753,35.82228],[127.23561,35.82149],[127.24686,35.82167],[127.25106,35.81809],[127.2606,35.81366],[127.26699,35.81294],[127.27046,35.80293],[127.26921,35.79641],[127.27414,35.78945],[127.28702,35.79344],[127.29157,35.79688],[127.3032,35.80084],[127.29552,35.80867],[127.29879,35.81326],[127.29754,35.81782],[127.3084,35.82272],[127.31051,35.82498],[127.30879,35.83076],[127.31286,35.84197],[127.32004,35.84684],[127.32485,35.85437],[127.32562,35.85996],[127.31985,35.86348],[127.31192,35.85725],[127.30922,35.86417],[127.30512,35.86725],[127.29863,35.86866],[127.29371,35.87673],[127.29533,35.88152],[127.29325,35.8851],[127.28373,35.88511],[127.27653,35.88768],[127.27151,35.89394],[127.26209,35.89789],[127.26295,35.90851],[127.25987,35.91626],[127.25252,35.91646],[127.24511,35.91461],[127.24107,35.92026],[127.23904,35.92766]]]},"properties":{"key":"전북특별자치도|완주군|소양면","code":"5271034000"}},{"type":"Feature","geometry":{"type":"Polygon","coordinates":[[[127.17885,35.77261],[127.1729,35.77917],[127.16365,35.78188],[127.16242,35.78394],[127.15342,35.77857],[127.14893,35.77318],[127.14969,35.76879],[127.14622,35.76371],[127.1463,35.7595],[127.13666,35.76097],[127.12401,35.75223],[127.11836,35.7531],[127.11587,35.74943],[127.10206,35.75187],[127.09621,35.74535],[127.09542,35.73732],[127.09147,35.73625],[127.08518,35.72843],[127.08598,35.72484],[127.07181,35.71786],[127.07006,35.71236],[127.06126,35.70468],[127.06042,35.70188],[127.06833,35.69463],[127.06887,35.68942],[127.06364,35.68024],[127.06412,35.67772],[127.07404,35.67161],[127.07751,35.67174],[127.08247,35.66616],[127.07899,35.66255],[127.08029,35.65891],[127.08947,35.65305],[127.08745,35.64661],[127.08938,35.63782],[127.09388,35.63321],[127.08979,35.62699],[127.0936,35.62144],[127.10628,35.61954],[127.11244,35.62463],[127.12007,35.63348],[127.12941,35.63733],[127.13247,35.64424],[127.13553,35.6468],[127.13076,35.6542],[127.12698,35.65722],[127.1309,35.66574],[127.13097,35.66955],[127.12635,35.67368],[127.12476,35.67946],[127.12509,35.68965],[127.13024,35.69174],[127.13907,35.69969],[127.13732,35.70606],[127.13961,35.71253],[127.13866,35.71801],[127.15248,35.725],[127.15978,35.72397],[127.16346,35.7278],[127.17707,35.73771],[127.18631,35.73582],[127.1936,35.74442],[127.19318,35.74837],[127.18733,35.75713],[127.18103,35.76039],[127.18124,35.76715],[127.17885,35.77261]]]},"properties":{"key":"전북특별자치도|완주군|구이면","code":"5271035000"}},{"type":"Feature","geometry":{"type":"Polygon","coordinates":[[[127.33162,36.01356],[127.32837,36.02041],[127.32521,36.02105],[127.31126,36.01862],[127.30491,36.01961],[127.3012,36.01691],[127.29093,36.01771],[127.27604,36.01282],[127.27383,36.00774],[127.25935,36.00172],[127.24694,36.00312],[127.23717,35.99539],[127.2333,35.99392],[127.22266,35.99887],[127.20987,35.99383],[127.20615,36.00016],[127.20089,35.99608],[127.19404,35.99671],[127.18931,35.99337],[127.17521,35.98947],[127.17608,35.98599],[127.17123,35.98144],[127.16399,35.98084],[127.17655,35.97179],[127.17534,35.96836],[127.17671,35.96084],[127.17884,35.95508],[127.18364,35.95334],[127.1812,35.94688],[127.18406,35.94228],[127.19081,35.94308],[127.1925,35.93754],[127.19041,35.93457],[127.1895,35.92267],[127.1958,35.91908],[127.20202,35.91932],[127.20615,35.91563],[127.21868,35.91598],[127.22266,35.9217],[127.22289,35.92661],[127.23028,35.92839],[127.23904,35.92766],[127.24638,35.9299],[127.24419,35.94287],[127.25134,35.95283],[127.25489,35.95467],[127.25477,35.95961],[127.26066,35.95998],[127.26523,35.96754],[127.26431,35.971],[127.25841,35.97551],[127.26005,35.98244],[127.26622,35.9841],[127.26758,35.99056],[127.27751,35.99111],[127.28078,35.98905],[127.28812,35.98879],[127.29716,35.99185],[127.30351,36.0014],[127.3094,35.99964],[127.32018,36.00328],[127.33162,36.01356]]]},"properties":{"key":"전북특별자치도|완주군|고산면","code":"5271036000"}},{"type":"Feature","geometry":{"type":"Polygon","coordinates":[[[127.20615,36.00016],[127.21168,36.00555],[127.20432,36.01272],[127.19768,36.01354],[127.19149,36.0208],[127.18174,36.02672],[127.17405,36.02762],[127.16814,36.03101],[127.1502,36.03025],[127.15084,36.03364],[127.15857,36.03869],[127.17083,36.03803],[127.17945,36.03634],[127.18419,36.0397],[127.17483,36.04168],[127.16501,36.04981],[127.15725,36.04899],[127.15301,36.05597],[127.14617,36.05403],[127.1401,36.05711],[127.13532,36.05272],[127.1317,36.0455],[127.11765,36.031],[127.11614,36.03056],[127.11601,36.02414],[127.12148,36.02007],[127.12493,36.01243],[127.12516,36.00547],[127.12797,35.99936],[127.13294,35.99316],[127.13065,35.98809],[127.13213,35.98452],[127.14265,35.98183],[127.1431,35.97585],[127.14888,35.97492],[127.15396,35.97003],[127.16426,35.96598],[127.17118,35.96156],[127.17671,35.96084],[127.17534,35.96836],[127.17655,35.97179],[127.16399,35.98084],[127.17123,35.98144],[127.17608,35.98599],[127.17521,35.98947],[127.18931,35.99337],[127.19404,35.99671],[127.20089,35.99608],[127.20615,36.00016]]]},"properties":{"key":"전북특별자치도|완주군|비봉면","code":"5271037000"}},{"type":"Feature","geometry":{"type":"Polygon","coordinates":[[[127.36,36.08951],[127.34966,36.09523],[127.34789,36.09839],[127.35497,36.10831],[127.35094,36.11642],[127.34444,36.11807],[127.33848,36.13049],[127.323,36.13009],[127.32291,36.12589],[127.31438,36.11863],[127.30906,36.12388],[127.30237,36.12545],[127.29589,36.12008],[127.29447,36.11297],[127.28418,36.11201],[127.27348,36.10757],[127.26149,36.1105],[127.25685,36.11409],[127.25161,36.11226],[127.25019,36.10741],[127.24627,36.10475],[127.24626,36.09478],[127.25698,36.08752],[127.25405,36.08366],[127.24778,36.0833],[127.24175,36.0858],[127.23537,36.09385],[127.22549,36.09923],[127.21936,36.09696],[127.22598,36.09134],[127.22365,36.0808],[127.22841,36.07607],[127.22874,36.07282],[127.23714,36.06396],[127.24361,36.06155],[127.25297,36.06663],[127.25771,36.06614],[127.26053,36.07073],[127.2713,36.0759],[127.28,36.07452],[127.28499,36.07004],[127.29078,36.06766],[127.29082,36.06226],[127.29653,36.06021],[127.29847,36.05599],[127.31104,36.04638],[127.3125,36.03738],[127.31652,36.03543],[127.32429,36.02487],[127.32521,36.02105],[127.32837,36.02041],[127.33162,36.01356],[127.3384,36.01088],[127.34761,36.00188],[127.34828,35.99889],[127.34377,35.99481],[127.35325,35.98889],[127.36397,35.99178],[127.36469,35.99973],[127.36199,36.00534],[127.36221,36.01116],[127.36918,36.02087],[127.37376,36.02015],[127.37783,36.02282],[127.37935,36.03041],[127.37438,36.03427],[127.37308,36.04352],[127.36561,36.05113],[127.36114,36.05331],[127.3606,36.06107],[127.36455,36.06592],[127.35927,36.07057],[127.36173,36.07618],[127.35724,36.08316],[127.36,36.08951]]]},"properties":{"key":"전북특별자치도|완주군|운주면","code":"5271038000"}},{"type":"Feature","geometry":{"type":"Polygon","coordinates":[[[127.21936,36.09696],[127.21229,36.10057],[127.20547,36.10054],[127.20349,36.09394],[127.1961,36.08594],[127.18884,36.09245],[127.17939,36.09418],[127.17767,36.0909],[127.16868,36.08394],[127.16473,36.08523],[127.15777,36.08369],[127.15271,36.08575],[127.15125,36.08992],[127.14595,36.09044],[127.13716,36.08685],[127.13351,36.08134],[127.1337,36.06968],[127.12991,36.06565],[127.1401,36.05711],[127.14617,36.05403],[127.15301,36.05597],[127.15725,36.04899],[127.16501,36.04981],[127.17483,36.04168],[127.18419,36.0397],[127.17945,36.03634],[127.17083,36.03803],[127.15857,36.03869],[127.15084,36.03364],[127.1502,36.03025],[127.16814,36.03101],[127.17405,36.02762],[127.18174,36.02672],[127.19149,36.0208],[127.19768,36.01354],[127.20432,36.01272],[127.21168,36.00555],[127.20615,36.00016],[127.20987,35.99383],[127.22266,35.99887],[127.2333,35.99392],[127.23717,35.99539],[127.24694,36.00312],[127.24792,36.01314],[127.24086,36.01905],[127.24374,36.02357],[127.25124,36.02388],[127.25324,36.03855],[127.24978,36.04258],[127.2406,36.04712],[127.23504,36.05681],[127.23714,36.06396],[127.22874,36.07282],[127.22841,36.07607],[127.22365,36.0808],[127.22598,36.09134],[127.21936,36.09696]]]},"properties":{"key":"전북특별자치도|완주군|화산면","code":"5271039000"}},{"type":"Feature","geometry":{"type":"Polygon","coordinates":[[[127.35325,35.98889],[127.34377,35.99481],[127.34828,35.99889],[127.34761,36.00188],[127.3384,36.01088],[127.33162,36.01356],[127.32018,36.00328],[127.3094,35.99964],[127.30351,36.0014],[127.29716,35.99185],[127.28812,35.98879],[127.28078,35.98905],[127.27751,35.99111],[127.26758,35.99056],[127.26622,35.9841],[127.26005,35.98244],[127.25841,35.97551],[127.26431,35.971],[127.26523,35.96754],[127.26066,35.95998],[127.25477,35.95961],[127.25489,35.95467],[127.25134,35.95283],[127.24419,35.94287],[127.24638,35.9299],[127.23904,35.92766],[127.24107,35.92026],[127.24511,35.91461],[127.25252,35.91646],[127.25987,35.91626],[127.26295,35.90851],[127.26209,35.89789],[127.27151,35.89394],[127.27653,35.88768],[127.28373,35.88511],[127.29325,35.8851],[127.29533,35.88152],[127.29371,35.87673],[127.29863,35.86866],[127.30512,35.86725],[127.30922,35.86417],[127.31192,35.85725],[127.31985,35.86348],[127.32469,35.87143],[127.33334,35.87491],[127.33261,35.90791],[127.34196,35.91035],[127.3481,35.91401],[127.35322,35.91357],[127.34937,35.91851],[127.34723,35.92666],[127.3498,35.93511],[127.34559,35.94287],[127.35061,35.94868],[127.3496,35.95258],[127.34418,35.95976],[127.34502,35.969],[127.34135,35.97422],[127.34377,35.98045],[127.35028,35.98357],[127.35325,35.98889]]]},"properties":{"key":"전북특별자치도|완주군|동상면","code":"5271040000"}},{"type":"Feature","geometry":{"type":"Polygon","coordinates":[[[127.32521,36.02105],[127.32429,36.02487],[127.31652,36.03543],[127.3125,36.03738],[127.31104,36.04638],[127.29847,36.05599],[127.29653,36.06021],[127.29082,36.06226],[127.29078,36.06766],[127.28499,36.07004],[127.28,36.07452],[127.2713,36.0759],[127.26053,36.07073],[127.25771,36.06614],[127.25297,36.06663],[127.24361,36.06155],[127.23714,36.06396],[127.23504,36.05681],[127.2406,36.04712],[127.24978,36.04258],[127.25324,36.03855],[127.25124,36.02388],[127.24374,36.02357],[127.24086,36.01905],[127.24792,36.01314],[127.24694,36.00312],[127.25935,36.00172],[127.27383,36.00774],[127.27604,36.01282],[127.29093,36.01771],[127.3012,36.01691],[127.30491,36.01961],[127.31126,36.01862],[127.32521,36.02105]]]},"properties":{"key":"전북특별자치도|완주군|경천면","code":"5271041000"}},{"type":"Feature","geometry":{"type":"Polygon","coordinates":[[[127.45349,35.83335],[127.43603,35.83125],[127.43202,35.8329],[127.42526,35.82466],[127.41723,35.82459],[127.41044,35.8187],[127.40462,35.8116],[127.3961,35.80944],[127.38364,35.80838],[127.37874,35.81009],[127.37655,35.80513],[127.36963,35.80156],[127.36277,35.80476],[127.35869,35.79926],[127.3643,35.79346],[127.3671,35.78181],[127.36522,35.77565],[127.3595,35.77546],[127.36101,35.76274],[127.36733,35.75754],[127.3765,35.75855],[127.38836,35.75649],[127.38756,35.76183],[127.40542,35.76398],[127.4064,35.7594],[127.41294,35.75775],[127.4054,35.75043],[127.40093,35.7514],[127.39824,35.74682],[127.40497,35.74458],[127.40801,35.73985],[127.40895,35.73348],[127.41939,35.72439],[127.42841,35.73016],[127.43383,35.72846],[127.44186,35.72875],[127.45039,35.72599],[127.46347,35.72696],[127.46802,35.7298],[127.47448,35.72746],[127.47852,35.72129],[127.4833,35.72221],[127.489,35.73097],[127.49513,35.73688],[127.50554,35.74325],[127.51907,35.75031],[127.52255,35.75386],[127.51952,35.76133],[127.51321,35.77033],[127.51143,35.77663],[127.51376,35.78432],[127.51124,35.79077],[127.51341,35.7991],[127.52022,35.80455],[127.52337,35.81261],[127.51866,35.81792],[127.52493,35.8275],[127.51505,35.82945],[127.51452,35.82556],[127.50715,35.82114],[127.50495,35.81647],[127.49878,35.81629],[127.49682,35.80551],[127.50111,35.79625],[127.50032,35.7925],[127.49302,35.78771],[127.48716,35.78707],[127.48534,35.79131],[127.47767,35.79619],[127.47353,35.80198],[127.46254,35.80883],[127.46776,35.8211],[127.45547,35.83025],[127.45349,35.83335]]]},"properties":{"key":"전북특별자치도|진안군|진안읍","code":"5272025000"}},{"type":"Feature","geometry":{"type":"Polygon","coordinates":[[[127.46822,35.98774],[127.46343,35.98441],[127.45598,35.98378],[127.45209,35.97778],[127.4504,35.96954],[127.45438,35.96575],[127.45294,35.96031],[127.4476,35.95635],[127.44206,35.95514],[127.44589,35.94692],[127.45075,35.94037],[127.4483,35.93014],[127.44013,35.92561],[127.44255,35.91986],[127.44798,35.91587],[127.45329,35.90719],[127.45957,35.90799],[127.46358,35.91442],[127.4672,35.91428],[127.47075,35.919],[127.48218,35.9229],[127.49228,35.92411],[127.49812,35.9278],[127.51001,35.91842],[127.51264,35.91184],[127.51843,35.91043],[127.51996,35.91462],[127.51613,35.92113],[127.51107,35.92553],[127.51305,35.92921],[127.52115,35.92693],[127.52145,35.93137],[127.52494,35.93848],[127.52583,35.95287],[127.53461,35.95169],[127.5413,35.94569],[127.55331,35.94356],[127.5498,35.95315],[127.546,35.95819],[127.54518,35.9634],[127.54099,35.9637],[127.53471,35.97257],[127.53655,35.97811],[127.52831,35.97729],[127.52473,35.98557],[127.51411,35.98344],[127.50582,35.98036],[127.49912,35.98748],[127.49449,35.98609],[127.48761,35.97802],[127.47585,35.98052],[127.46822,35.98774]]]},"properties":{"key":"전북특별자치도|진안군|용담면","code":"5272031000"}},{"type":"Feature","geometry":{"type":"Polygon","coordinates":[[[127.55331,35.94356],[127.5413,35.94569],[127.53461,35.95169],[127.52583,35.95287],[127.52494,35.93848],[127.52145,35.93137],[127.52115,35.92693],[127.51305,35.92921],[127.51107,35.92553],[127.51613,35.92113],[127.51996,35.91462],[127.5232,35.91326],[127.52496,35.90659],[127.52303,35.8993],[127.52805,35.90016],[127.53056,35.89598],[127.53081,35.88881],[127.52623,35.87868],[127.52883,35.87362],[127.52794,35.86875],[127.53532,35.86388],[127.54039,35.85516],[127.55079,35.85539],[127.55505,35.85849],[127.55634,35.86746],[127.56333,35.86802],[127.57002,35.87656],[127.57488,35.87938],[127.57798,35.88728],[127.58385,35.89622],[127.58286,35.90294],[127.57563,35.90954],[127.57056,35.9124],[127.56332,35.92285],[127.5549,35.92286],[127.54835,35.93278],[127.5525,35.93744],[127.55331,35.94356]]]},"properties":{"key":"전북특별자치도|진안군|안천면","code":"5272032000"}},{"type":"Feature","geometry":{"type":"Polygon","coordinates":[[[127.5976,35.88081],[127.59259,35.8816],[127.58902,35.87756],[127.58264,35.87569],[127.57488,35.87938],[127.57002,35.87656],[127.56333,35.86802],[127.55634,35.86746],[127.55505,35.85849],[127.55079,35.85539],[127.54039,35.85516],[127.536,35.85283],[127.53778,35.84565],[127.5369,35.84145],[127.53087,35.83622],[127.52816,35.82891],[127.52493,35.8275],[127.51866,35.81792],[127.52337,35.81261],[127.53578,35.81331],[127.54362,35.80641],[127.55651,35.80463],[127.56022,35.79973],[127.56868,35.79711],[127.5722,35.79394],[127.57679,35.79509],[127.57934,35.7938],[127.59278,35.80179],[127.60263,35.81185],[127.60229,35.8166],[127.60711,35.8302],[127.61007,35.83362],[127.6198,35.8397],[127.62206,35.84281],[127.62838,35.84513],[127.6217,35.84901],[127.6164,35.85975],[127.60911,35.86081],[127.60799,35.86516],[127.5991,35.87233],[127.5976,35.88081]]]},"properties":{"key":"전북특별자치도|진안군|동향면","code":"5272033000"}},{"type":"Feature","geometry":{"type":"Polygon","coordinates":[[[127.52303,35.8993],[127.51489,35.89364],[127.51094,35.89338],[127.50869,35.90033],[127.50241,35.90025],[127.49297,35.89362],[127.48189,35.88203],[127.48822,35.87681],[127.47667,35.8728],[127.46576,35.86426],[127.46386,35.85871],[127.45781,35.85678],[127.4574,35.85385],[127.46313,35.85141],[127.46472,35.83698],[127.45349,35.83335],[127.45547,35.83025],[127.46776,35.8211],[127.46254,35.80883],[127.47353,35.80198],[127.47767,35.79619],[127.48534,35.79131],[127.48716,35.78707],[127.49302,35.78771],[127.50032,35.7925],[127.50111,35.79625],[127.49682,35.80551],[127.49878,35.81629],[127.50495,35.81647],[127.50715,35.82114],[127.51452,35.82556],[127.51505,35.82945],[127.52493,35.8275],[127.52816,35.82891],[127.53087,35.83622],[127.5369,35.84145],[127.53778,35.84565],[127.536,35.85283],[127.54039,35.85516],[127.53532,35.86388],[127.52794,35.86875],[127.52883,35.87362],[127.52623,35.87868],[127.53081,35.88881],[127.53056,35.89598],[127.52805,35.90016],[127.52303,35.8993]]]},"properties":{"key":"전북특별자치도|진안군|상전면","code":"5272034000"}},{"type":"Feature","geometry":{"type":"Polygon","coordinates":[[[127.47852,35.72129],[127.47448,35.72746],[127.46802,35.7298],[127.46347,35.72696],[127.45039,35.72599],[127.44186,35.72875],[127.43383,35.72846],[127.42841,35.73016],[127.41939,35.72439],[127.40895,35.73348],[127.39572,35.72877],[127.38938,35.72525],[127.3914,35.71964],[127.39148,35.71116],[127.38323,35.71007],[127.37673,35.70404],[127.3724,35.69632],[127.36919,35.69452],[127.36823,35.68765],[127.36467,35.67911],[127.37552,35.67469],[127.37502,35.66868],[127.37713,35.66424],[127.37874,35.65396],[127.38759,35.65557],[127.39268,35.65183],[127.39908,35.65172],[127.40364,35.648],[127.41445,35.64422],[127.42072,35.64066],[127.42858,35.64095],[127.43222,35.63642],[127.43152,35.62845],[127.43599,35.62186],[127.44212,35.61953],[127.45374,35.61883],[127.46856,35.6215],[127.47,35.62667],[127.46663,35.63791],[127.47008,35.64419],[127.47409,35.64766],[127.47462,35.65454],[127.47697,35.661],[127.46451,35.66819],[127.45994,35.67327],[127.46421,35.67869],[127.46657,35.68937],[127.46489,35.69337],[127.47324,35.69744],[127.47781,35.70327],[127.47565,35.71491],[127.47852,35.72129]]]},"properties":{"key":"전북특별자치도|진안군|백운면","code":"5272035000"}},{"type":"Feature","geometry":{"type":"Polygon","coordinates":[[[127.30415,35.78414],[127.29721,35.78874],[127.28702,35.79344],[127.27414,35.78945],[127.27455,35.78239],[127.2708,35.77796],[127.27299,35.77561],[127.26613,35.76966],[127.26557,35.76246],[127.26876,35.75831],[127.2761,35.75301],[127.27628,35.74914],[127.28084,35.74212],[127.28097,35.73766],[127.28577,35.73484],[127.28691,35.72988],[127.29359,35.71732],[127.2898,35.71232],[127.28971,35.708],[127.29276,35.70102],[127.29074,35.69587],[127.29222,35.6918],[127.29079,35.68617],[127.29627,35.68243],[127.30633,35.68484],[127.31571,35.67877],[127.32202,35.67018],[127.32336,35.66347],[127.32742,35.66082],[127.33858,35.66552],[127.34642,35.66542],[127.35714,35.66913],[127.36195,35.66691],[127.3647,35.66039],[127.36762,35.66269],[127.37713,35.66424],[127.37502,35.66868],[127.37552,35.67469],[127.36467,35.67911],[127.36823,35.68765],[127.36919,35.69452],[127.36582,35.69872],[127.36488,35.70663],[127.3658,35.71308],[127.36042,35.71517],[127.35259,35.71566],[127.34795,35.72218],[127.34408,35.73209],[127.33587,35.73853],[127.34138,35.74872],[127.34482,35.75085],[127.34269,35.75581],[127.33769,35.75856],[127.32942,35.75707],[127.31733,35.76183],[127.31493,35.76576],[127.30206,35.77135],[127.29904,35.77806],[127.30415,35.78414]]]},"properties":{"key":"전북특별자치도|진안군|성수면","code":"5272036000"}},{"type":"Feature","geometry":{"type":"Polygon","coordinates":[[[127.3595,35.77546],[127.35513,35.77598],[127.34834,35.78029],[127.34376,35.78072],[127.33403,35.78491],[127.32053,35.78013],[127.30938,35.78533],[127.30415,35.78414],[127.29904,35.77806],[127.30206,35.77135],[127.31493,35.76576],[127.31733,35.76183],[127.32942,35.75707],[127.33769,35.75856],[127.34269,35.75581],[127.34482,35.75085],[127.34138,35.74872],[127.33587,35.73853],[127.34408,35.73209],[127.34795,35.72218],[127.35259,35.71566],[127.36042,35.71517],[127.3658,35.71308],[127.36488,35.70663],[127.36582,35.69872],[127.36919,35.69452],[127.3724,35.69632],[127.37673,35.70404],[127.38323,35.71007],[127.39148,35.71116],[127.3914,35.71964],[127.38938,35.72525],[127.39572,35.72877],[127.40895,35.73348],[127.40801,35.73985],[127.40497,35.74458],[127.39824,35.74682],[127.40093,35.7514],[127.4054,35.75043],[127.41294,35.75775],[127.4064,35.7594],[127.40542,35.76398],[127.38756,35.76183],[127.38836,35.75649],[127.3765,35.75855],[127.36733,35.75754],[127.36101,35.76274],[127.3595,35.77546]]]},"properties":{"key":"전북특별자치도|진안군|마령면","code":"5272037000"}},{"type":"Feature","geometry":{"type":"Polygon","coordinates":[[[127.35322,35.91357],[127.3481,35.91401],[127.34196,35.91035],[127.33261,35.90791],[127.33334,35.87491],[127.32469,35.87143],[127.31985,35.86348],[127.32562,35.85996],[127.32485,35.85437],[127.32004,35.84684],[127.31286,35.84197],[127.30879,35.83076],[127.31051,35.82498],[127.3084,35.82272],[127.29754,35.81782],[127.29879,35.81326],[127.29552,35.80867],[127.3032,35.80084],[127.29157,35.79688],[127.28702,35.79344],[127.29721,35.78874],[127.30415,35.78414],[127.30938,35.78533],[127.32053,35.78013],[127.33403,35.78491],[127.34376,35.78072],[127.34834,35.78029],[127.35513,35.77598],[127.3595,35.77546],[127.36522,35.77565],[127.3671,35.78181],[127.3643,35.79346],[127.35869,35.79926],[127.36277,35.80476],[127.36963,35.80156],[127.37655,35.80513],[127.37874,35.81009],[127.38364,35.80838],[127.3961,35.80944],[127.40462,35.8116],[127.41044,35.8187],[127.41723,35.82459],[127.42526,35.82466],[127.43202,35.8329],[127.42964,35.84119],[127.43615,35.84895],[127.4284,35.85691],[127.42165,35.86677],[127.41934,35.86813],[127.40691,35.86857],[127.40099,35.87406],[127.39434,35.87684],[127.39388,35.87948],[127.38305,35.88268],[127.36347,35.89312],[127.35743,35.91158],[127.35322,35.91357]]]},"properties":{"key":"전북특별자치도|진안군|부귀면","code":"5272038000"}},{"type":"Feature","geometry":{"type":"Polygon","coordinates":[[[127.44798,35.91587],[127.44415,35.91402],[127.42332,35.91239],[127.41417,35.92426],[127.40577,35.92211],[127.39638,35.93139],[127.39126,35.93228],[127.38644,35.92557],[127.38118,35.92269],[127.38037,35.91829],[127.3712,35.92041],[127.35743,35.91158],[127.36347,35.89312],[127.38305,35.88268],[127.39388,35.87948],[127.39434,35.87684],[127.40099,35.87406],[127.40691,35.86857],[127.41934,35.86813],[127.42165,35.86677],[127.4284,35.85691],[127.43615,35.84895],[127.42964,35.84119],[127.43202,35.8329],[127.43603,35.83125],[127.45349,35.83335],[127.46472,35.83698],[127.46313,35.85141],[127.4574,35.85385],[127.45781,35.85678],[127.46386,35.85871],[127.46576,35.86426],[127.47667,35.8728],[127.48822,35.87681],[127.48189,35.88203],[127.49297,35.89362],[127.50241,35.90025],[127.50869,35.90033],[127.51094,35.89338],[127.51489,35.89364],[127.52303,35.8993],[127.52496,35.90659],[127.5232,35.91326],[127.51996,35.91462],[127.51843,35.91043],[127.51264,35.91184],[127.51001,35.91842],[127.49812,35.9278],[127.49228,35.92411],[127.48218,35.9229],[127.47075,35.919],[127.4672,35.91428],[127.46358,35.91442],[127.45957,35.90799],[127.45329,35.90719],[127.44798,35.91587]]]},"properties":{"key":"전북특별자치도|진안군|정천면","code":"5272039000"}},{"type":"Feature","geometry":{"type":"Polygon","coordinates":[[[127.45598,35.98378],[127.45488,35.98698],[127.44817,35.99345],[127.44791,35.99922],[127.44358,36.00808],[127.43741,36.00912],[127.43527,36.01421],[127.4373,36.02051],[127.43368,36.02794],[127.42627,36.02647],[127.41814,36.02115],[127.41173,36.01445],[127.40496,36.01176],[127.40115,36.0079],[127.39676,36.01007],[127.39186,36.01715],[127.38359,36.0218],[127.37783,36.02282],[127.37376,36.02015],[127.36918,36.02087],[127.36221,36.01116],[127.36199,36.00534],[127.36469,35.99973],[127.36397,35.99178],[127.35325,35.98889],[127.35028,35.98357],[127.34377,35.98045],[127.34135,35.97422],[127.34502,35.969],[127.34418,35.95976],[127.3496,35.95258],[127.35061,35.94868],[127.34559,35.94287],[127.3498,35.93511],[127.34723,35.92666],[127.34937,35.91851],[127.35322,35.91357],[127.35743,35.91158],[127.3712,35.92041],[127.38037,35.91829],[127.38118,35.92269],[127.38644,35.92557],[127.39126,35.93228],[127.39638,35.93139],[127.40577,35.92211],[127.41417,35.92426],[127.42332,35.91239],[127.44415,35.91402],[127.44798,35.91587],[127.44255,35.91986],[127.44013,35.92561],[127.4483,35.93014],[127.45075,35.94037],[127.44589,35.94692],[127.44206,35.95514],[127.4476,35.95635],[127.45294,35.96031],[127.45438,35.96575],[127.4504,35.96954],[127.45209,35.97778],[127.45598,35.98378]]]},"properties":{"key":"전북특별자치도|진안군|주천면","code":"5272040000"}},{"type":"Feature","geometry":{"type":"Polygon","coordinates":[[[127.69523,36.05867],[127.68922,36.06255],[127.67081,36.05192],[127.67262,36.04131],[127.66543,36.03677],[127.6604,36.03807],[127.65991,36.04216],[127.65503,36.05489],[127.64913,36.05801],[127.64861,36.06268],[127.64471,36.06657],[127.63776,36.06836],[127.62585,36.06699],[127.61998,36.06129],[127.6186,36.05154],[127.61874,36.04251],[127.62183,36.04046],[127.63074,36.04077],[127.63145,36.03658],[127.63559,36.03112],[127.62756,36.03144],[127.62701,36.0262],[127.62372,36.02454],[127.61263,36.02632],[127.61026,36.02345],[127.61626,36.01941],[127.61827,36.00861],[127.61511,36.00184],[127.61087,36.00219],[127.60495,36.0116],[127.60149,36.0026],[127.60006,35.99105],[127.59198,35.9837],[127.59575,35.97711],[127.59475,35.97286],[127.60052,35.97458],[127.60357,35.97795],[127.61598,35.97177],[127.61988,35.96854],[127.62861,35.97193],[127.63429,35.96848],[127.6365,35.96094],[127.64663,35.95519],[127.65166,35.9559],[127.6569,35.96352],[127.66413,35.96846],[127.66737,35.97539],[127.68174,35.96799],[127.68283,35.97539],[127.6776,35.98471],[127.68412,35.99124],[127.69903,35.99247],[127.70402,35.99015],[127.71282,35.9901],[127.7166,35.99725],[127.71414,36.00301],[127.70742,36.00611],[127.7083,36.02448],[127.71827,36.02458],[127.71984,36.03044],[127.71366,36.03536],[127.70499,36.03365],[127.69647,36.0412],[127.69505,36.04638],[127.69672,36.05622],[127.69523,36.05867]]]},"properties":{"key":"전북특별자치도|무주군|무주읍","code":"5273025000"}},{"type":"Feature","geometry":{"type":"Polygon","coordinates":[[[127.91147,35.94945],[127.90402,35.95452],[127.90039,35.96689],[127.89651,35.97204],[127.89624,35.97791],[127.8896,35.97953],[127.89374,35.98447],[127.8867,35.99211],[127.87581,35.99672],[127.87241,35.99181],[127.868,35.98995],[127.85514,35.99039],[127.84802,35.99235],[127.84175,35.99123],[127.8402,35.98852],[127.82467,35.98076],[127.82266,35.97372],[127.81257,35.97346],[127.80812,35.9721],[127.80844,35.96504],[127.81488,35.95454],[127.81874,35.94476],[127.81826,35.93607],[127.81123,35.92547],[127.80645,35.92503],[127.80663,35.91677],[127.80139,35.90929],[127.80409,35.90536],[127.79912,35.90109],[127.80043,35.89459],[127.79337,35.88471],[127.79549,35.87926],[127.80192,35.8745],[127.80138,35.8691],[127.80439,35.86194],[127.80387,35.85718],[127.81273,35.85283],[127.82117,35.8654],[127.83088,35.86974],[127.84094,35.86687],[127.84436,35.87006],[127.84467,35.87575],[127.85299,35.88122],[127.85075,35.89005],[127.85709,35.89499],[127.85954,35.90649],[127.8672,35.90411],[127.87723,35.9075],[127.8824,35.91308],[127.88761,35.91458],[127.88223,35.92015],[127.88222,35.92774],[127.88539,35.93086],[127.89617,35.9343],[127.90646,35.94057],[127.91147,35.94945]]]},"properties":{"key":"전북특별자치도|무주군|무풍면","code":"5273031000"}},{"type":"Feature","geometry":{"type":"Polygon","coordinates":[[[127.87693,36.02244],[127.86532,36.02507],[127.86065,36.03128],[127.85622,36.03296],[127.85342,36.03905],[127.84937,36.03966],[127.84248,36.03649],[127.83259,36.03514],[127.82581,36.03274],[127.81874,36.02802],[127.79762,36.02497],[127.78785,36.01425],[127.77796,36.01563],[127.76915,36.01228],[127.76471,36.01208],[127.75876,36.01499],[127.76305,36.0213],[127.76239,36.0248],[127.75262,36.02469],[127.7479,36.02935],[127.73948,36.02548],[127.7367,36.03086],[127.73107,36.03225],[127.7251,36.02751],[127.71984,36.03044],[127.71827,36.02458],[127.7083,36.02448],[127.70742,36.00611],[127.71414,36.00301],[127.7166,35.99725],[127.71282,35.9901],[127.71712,35.98915],[127.72701,35.98348],[127.73777,35.98513],[127.74597,35.98436],[127.75169,35.97797],[127.74973,35.96547],[127.74321,35.96038],[127.73859,35.95325],[127.7383,35.94734],[127.74179,35.94109],[127.73927,35.9334],[127.74327,35.92478],[127.74748,35.91259],[127.74237,35.90619],[127.74078,35.89963],[127.73129,35.89647],[127.72732,35.89073],[127.71717,35.88493],[127.71797,35.88086],[127.72229,35.87718],[127.73562,35.87616],[127.73988,35.87219],[127.74629,35.85799],[127.74734,35.851],[127.74417,35.84778],[127.74492,35.84392],[127.75074,35.84212],[127.75753,35.83672],[127.7645,35.83866],[127.77215,35.83893],[127.77924,35.84717],[127.78787,35.85163],[127.7993,35.85382],[127.80387,35.85718],[127.80439,35.86194],[127.80138,35.8691],[127.80192,35.8745],[127.79549,35.87926],[127.79337,35.88471],[127.80043,35.89459],[127.79912,35.90109],[127.80409,35.90536],[127.80139,35.90929],[127.80663,35.91677],[127.80645,35.92503],[127.81123,35.92547],[127.81826,35.93607],[127.81874,35.94476],[127.81488,35.95454],[127.80844,35.96504],[127.80812,35.9721],[127.81257,35.97346],[127.82266,35.97372],[127.82467,35.98076],[127.8402,35.98852],[127.84175,35.99123],[127.84802,35.99235],[127.85514,35.99039],[127.868,35.98995],[127.87241,35.99181],[127.87581,35.99672],[127.87882,36.00131],[127.87599,36.00985],[127.87538,36.01643],[127.87693,36.02244]]]},"properties":{"key":"전북특별자치도|무주군|설천면","code":"5273032000"}},{"type":"Feature","geometry":{"type":"Polygon","coordinates":[[[127.71282,35.9901],[127.70402,35.99015],[127.69903,35.99247],[127.68412,35.99124],[127.6776,35.98471],[127.68283,35.97539],[127.68174,35.96799],[127.66737,35.97539],[127.66413,35.96846],[127.6569,35.96352],[127.65166,35.9559],[127.64663,35.95519],[127.6365,35.96094],[127.63429,35.96848],[127.62861,35.97193],[127.61988,35.96854],[127.61598,35.97177],[127.60357,35.97795],[127.60052,35.97458],[127.59475,35.97286],[127.58689,35.96438],[127.5845,35.9574],[127.59185,35.94891],[127.5888,35.93675],[127.59248,35.92515],[127.59715,35.9231],[127.60481,35.91185],[127.60552,35.9069],[127.60318,35.90097],[127.60221,35.88818],[127.60686,35.88474],[127.61687,35.88412],[127.62682,35.88764],[127.6362,35.88794],[127.64286,35.89221],[127.65115,35.88157],[127.65954,35.87834],[127.66931,35.88304],[127.67399,35.88731],[127.6782,35.88421],[127.68595,35.88791],[127.70277,35.89205],[127.70555,35.88922],[127.71717,35.88493],[127.72732,35.89073],[127.73129,35.89647],[127.74078,35.89963],[127.74237,35.90619],[127.74748,35.91259],[127.74327,35.92478],[127.73927,35.9334],[127.74179,35.94109],[127.7383,35.94734],[127.73859,35.95325],[127.74321,35.96038],[127.74973,35.96547],[127.75169,35.97797],[127.74597,35.98436],[127.73777,35.98513],[127.72701,35.98348],[127.71712,35.98915],[127.71282,35.9901]]]},"properties":{"key":"전북특별자치도|무주군|적상면","code":"5273033000"}},{"type":"Feature","geometry":{"type":"Polygon","coordinates":[[[127.71717,35.88493],[127.70555,35.88922],[127.70277,35.89205],[127.68595,35.88791],[127.6782,35.88421],[127.67399,35.88731],[127.66931,35.88304],[127.65954,35.87834],[127.65115,35.88157],[127.64286,35.89221],[127.6362,35.88794],[127.62682,35.88764],[127.61687,35.88412],[127.60686,35.88474],[127.60372,35.88077],[127.5976,35.88081],[127.5991,35.87233],[127.60799,35.86516],[127.60911,35.86081],[127.6164,35.85975],[127.6217,35.84901],[127.62838,35.84513],[127.62206,35.84281],[127.6198,35.8397],[127.62268,35.83141],[127.62082,35.82545],[127.62421,35.81961],[127.62985,35.81473],[127.63694,35.81616],[127.64576,35.81168],[127.65479,35.81159],[127.66332,35.81817],[127.66897,35.81415],[127.67124,35.80987],[127.67723,35.81033],[127.68212,35.80567],[127.68688,35.80388],[127.68829,35.79541],[127.69965,35.78822],[127.70652,35.79186],[127.70936,35.79125],[127.71955,35.79741],[127.72432,35.80672],[127.72509,35.81293],[127.7298,35.81308],[127.7326,35.82084],[127.73865,35.82697],[127.73794,35.8347],[127.74492,35.84392],[127.74417,35.84778],[127.74734,35.851],[127.74629,35.85799],[127.73988,35.87219],[127.73562,35.87616],[127.72229,35.87718],[127.71797,35.88086],[127.71717,35.88493]]]},"properties":{"key":"전북특별자치도|무주군|안성면","code":"5273034000"}},{"type":"Feature","geometry":{"type":"Polygon","coordinates":[[[127.60495,36.0116],[127.60082,36.01247],[127.59362,36.02007],[127.59151,36.02449],[127.58314,36.0267],[127.57557,36.02266],[127.56819,36.02975],[127.55733,36.03274],[127.55238,36.03281],[127.54714,36.03807],[127.53165,36.04114],[127.5316,36.03486],[127.53792,36.03297],[127.5393,36.02601],[127.53629,36.02139],[127.54018,36.01173],[127.53242,36.0072],[127.53633,36.0007],[127.53367,35.99211],[127.52847,35.98995],[127.52473,35.98557],[127.52831,35.97729],[127.53655,35.97811],[127.53471,35.97257],[127.54099,35.9637],[127.54518,35.9634],[127.546,35.95819],[127.5498,35.95315],[127.55331,35.94356],[127.5525,35.93744],[127.54835,35.93278],[127.5549,35.92286],[127.56332,35.92285],[127.57056,35.9124],[127.57563,35.90954],[127.58286,35.90294],[127.58385,35.89622],[127.57798,35.88728],[127.57488,35.87938],[127.58264,35.87569],[127.58902,35.87756],[127.59259,35.8816],[127.5976,35.88081],[127.60372,35.88077],[127.60686,35.88474],[127.60221,35.88818],[127.60318,35.90097],[127.60552,35.9069],[127.60481,35.91185],[127.59715,35.9231],[127.59248,35.92515],[127.5888,35.93675],[127.59185,35.94891],[127.5845,35.9574],[127.58689,35.96438],[127.59475,35.97286],[127.59575,35.97711],[127.59198,35.9837],[127.60006,35.99105],[127.60149,36.0026],[127.60495,36.0116]]]},"properties":{"key":"전북특별자치도|무주군|부남면","code":"5273035000"}},{"type":"Feature","geometry":{"type":"Polygon","coordinates":[[[127.5437,35.6821],[127.5383,35.68122],[127.53668,35.67282],[127.53299,35.67048],[127.5217,35.67415],[127.51876,35.67759],[127.51405,35.6733],[127.5086,35.67531],[127.50312,35.67381],[127.50018,35.66985],[127.4945,35.66714],[127.48017,35.66649],[127.47697,35.661],[127.47462,35.65454],[127.47409,35.64766],[127.47008,35.64419],[127.46663,35.63791],[127.47,35.62667],[127.46856,35.6215],[127.45374,35.61883],[127.44212,35.61953],[127.44192,35.61045],[127.44582,35.60021],[127.4427,35.58994],[127.44654,35.58757],[127.45031,35.57825],[127.45546,35.57435],[127.45035,35.56542],[127.45695,35.56198],[127.46686,35.5626],[127.47642,35.55871],[127.48304,35.55943],[127.4818,35.56672],[127.48719,35.57238],[127.48394,35.57583],[127.48558,35.5831],[127.48857,35.58576],[127.50215,35.58088],[127.51161,35.58521],[127.51387,35.59525],[127.51874,35.6012],[127.52294,35.60896],[127.53502,35.60905],[127.53642,35.59986],[127.5427,35.59218],[127.54796,35.60058],[127.55753,35.60259],[127.56122,35.60468],[127.56773,35.60386],[127.57659,35.60493],[127.57984,35.60735],[127.58098,35.6147],[127.5902,35.61924],[127.59507,35.62903],[127.58858,35.63232],[127.58249,35.63788],[127.57909,35.64734],[127.57582,35.65047],[127.56873,35.6534],[127.56356,35.66649],[127.56118,35.66811],[127.5498,35.669],[127.54475,35.67727],[127.5437,35.6821]]]},"properties":{"key":"전북특별자치도|장수군|장수읍","code":"5274025000"}},{"type":"Feature","geometry":{"type":"Polygon","coordinates":[[[127.44212,35.61953],[127.43599,35.62186],[127.42569,35.61465],[127.41107,35.61486],[127.39996,35.61279],[127.38681,35.61493],[127.3815,35.61329],[127.37436,35.60758],[127.37572,35.59918],[127.37219,35.59277],[127.37208,35.58669],[127.37665,35.58473],[127.37911,35.57745],[127.37195,35.57167],[127.36471,35.56859],[127.36157,35.56409],[127.36347,35.55823],[127.37766,35.54828],[127.38455,35.54652],[127.39203,35.54641],[127.40245,35.54844],[127.40772,35.55605],[127.41306,35.56019],[127.42033,35.55274],[127.42614,35.55019],[127.43223,35.5504],[127.43941,35.55282],[127.44419,35.56159],[127.45035,35.56542],[127.45546,35.57435],[127.45031,35.57825],[127.44654,35.58757],[127.4427,35.58994],[127.44582,35.60021],[127.44192,35.61045],[127.44212,35.61953]]]},"properties":{"key":"전북특별자치도|장수군|산서면","code":"5274031000"}},{"type":"Feature","geometry":{"type":"Polygon","coordinates":[[[127.62008,35.64272],[127.61345,35.64375],[127.6045,35.63779],[127.59984,35.63115],[127.59507,35.62903],[127.5902,35.61924],[127.58098,35.6147],[127.57984,35.60735],[127.57659,35.60493],[127.56773,35.60386],[127.56122,35.60468],[127.55753,35.60259],[127.54796,35.60058],[127.5427,35.59218],[127.53642,35.59986],[127.53502,35.60905],[127.52294,35.60896],[127.51874,35.6012],[127.51387,35.59525],[127.51161,35.58521],[127.50215,35.58088],[127.48857,35.58576],[127.48558,35.5831],[127.48394,35.57583],[127.48719,35.57238],[127.4818,35.56672],[127.48304,35.55943],[127.47642,35.55871],[127.46686,35.5626],[127.45695,35.56198],[127.45035,35.56542],[127.44419,35.56159],[127.43941,35.55282],[127.43981,35.54832],[127.44676,35.54529],[127.4523,35.54075],[127.45687,35.54629],[127.46692,35.54626],[127.46946,35.54186],[127.47647,35.53845],[127.48229,35.53855],[127.49254,35.53377],[127.49123,35.52695],[127.49566,35.52296],[127.50182,35.52135],[127.50138,35.5176],[127.513,35.50733],[127.51594,35.4988],[127.52719,35.49529],[127.52698,35.48635],[127.51401,35.4792],[127.51914,35.47846],[127.52483,35.47323],[127.53587,35.47035],[127.54165,35.47155],[127.5465,35.46802],[127.55374,35.47126],[127.55838,35.47133],[127.56216,35.47482],[127.55952,35.48107],[127.5636,35.48847],[127.57431,35.49469],[127.57923,35.5038],[127.58069,35.51141],[127.5786,35.51612],[127.57051,35.51962],[127.56839,35.525],[127.56858,35.53257],[127.57105,35.53448],[127.57307,35.54565],[127.57863,35.54713],[127.58541,35.55459],[127.58663,35.56278],[127.59459,35.57336],[127.60428,35.57864],[127.61059,35.58486],[127.60757,35.59477],[127.61268,35.5997],[127.6124,35.60695],[127.61731,35.60976],[127.62113,35.61501],[127.63547,35.61847],[127.62812,35.62576],[127.62422,35.63219],[127.62449,35.63808],[127.62008,35.64272]]]},"properties":{"key":"전북특별자치도|장수군|번암면","code":"5274032000"}},{"type":"Feature","geometry":{"type":"Polygon","coordinates":[[[127.66906,35.77147],[127.66201,35.77663],[127.65543,35.77188],[127.64708,35.77072],[127.64149,35.76502],[127.6328,35.76164],[127.62695,35.75228],[127.62047,35.74905],[127.61677,35.75189],[127.60421,35.75599],[127.59611,35.7633],[127.5851,35.76644],[127.57988,35.76493],[127.58037,35.7714],[127.5749,35.77788],[127.56962,35.77615],[127.55988,35.76856],[127.55838,35.7622],[127.55266,35.75613],[127.55349,35.74606],[127.56163,35.75017],[127.56991,35.74208],[127.57901,35.72887],[127.58732,35.72759],[127.5947,35.7207],[127.59848,35.71123],[127.60486,35.70497],[127.60564,35.70012],[127.60926,35.69677],[127.60655,35.6898],[127.61307,35.68197],[127.61102,35.67417],[127.61216,35.67037],[127.61048,35.66387],[127.61277,35.65967],[127.6122,35.64936],[127.61345,35.64375],[127.62008,35.64272],[127.62238,35.65084],[127.6296,35.65663],[127.62915,35.66427],[127.63893,35.66989],[127.63928,35.67893],[127.64209,35.69277],[127.64955,35.70162],[127.64927,35.70408],[127.65764,35.70657],[127.66077,35.70975],[127.65971,35.71583],[127.66344,35.72476],[127.6603,35.7384],[127.6636,35.74502],[127.66182,35.74972],[127.66226,35.76099],[127.66414,35.76701],[127.66906,35.77147]]]},"properties":{"key":"전북특별자치도|장수군|장계면","code":"5274033500"}},{"type":"Feature","geometry":{"type":"Polygon","coordinates":[[[127.57679,35.79509],[127.5722,35.79394],[127.56868,35.79711],[127.56022,35.79973],[127.55651,35.80463],[127.54362,35.80641],[127.53578,35.81331],[127.52337,35.81261],[127.52022,35.80455],[127.51341,35.7991],[127.51124,35.79077],[127.51376,35.78432],[127.51143,35.77663],[127.51321,35.77033],[127.51952,35.76133],[127.52255,35.75386],[127.51907,35.75031],[127.50554,35.74325],[127.49513,35.73688],[127.489,35.73097],[127.4833,35.72221],[127.47852,35.72129],[127.47565,35.71491],[127.47781,35.70327],[127.47324,35.69744],[127.46489,35.69337],[127.46657,35.68937],[127.46421,35.67869],[127.45994,35.67327],[127.46451,35.66819],[127.47697,35.661],[127.48017,35.66649],[127.4945,35.66714],[127.50018,35.66985],[127.50312,35.67381],[127.5086,35.67531],[127.51405,35.6733],[127.51876,35.67759],[127.5217,35.67415],[127.53299,35.67048],[127.53668,35.67282],[127.5383,35.68122],[127.5437,35.6821],[127.5444,35.68603],[127.5503,35.6972],[127.54555,35.70702],[127.54897,35.71424],[127.55605,35.71697],[127.55445,35.72659],[127.55668,35.73532],[127.55876,35.73773],[127.55349,35.74606],[127.55266,35.75613],[127.55838,35.7622],[127.55988,35.76856],[127.56962,35.77615],[127.5749,35.77788],[127.58036,35.78964],[127.57679,35.79509]]]},"properties":{"key":"전북특별자치도|장수군|천천면","code":"5274034000"}},{"type":"Feature","geometry":{"type":"Polygon","coordinates":[[[127.61345,35.64375],[127.6122,35.64936],[127.61277,35.65967],[127.61048,35.66387],[127.61216,35.67037],[127.61102,35.67417],[127.61307,35.68197],[127.60655,35.6898],[127.60926,35.69677],[127.60564,35.70012],[127.60486,35.70497],[127.59848,35.71123],[127.5947,35.7207],[127.58732,35.72759],[127.57901,35.72887],[127.56991,35.74208],[127.56163,35.75017],[127.55349,35.74606],[127.55876,35.73773],[127.55668,35.73532],[127.55445,35.72659],[127.55605,35.71697],[127.54897,35.71424],[127.54555,35.70702],[127.5503,35.6972],[127.5444,35.68603],[127.5437,35.6821],[127.54475,35.67727],[127.5498,35.669],[127.56118,35.66811],[127.56356,35.66649],[127.56873,35.6534],[127.57582,35.65047],[127.57909,35.64734],[127.58249,35.63788],[127.58858,35.63232],[127.59507,35.62903],[127.59984,35.63115],[127.6045,35.63779],[127.61345,35.64375]]]},"properties":{"key":"전북특별자치도|장수군|계남면","code":"5274035000"}},{"type":"Feature","geometry":{"type":"Polygon","coordinates":[[[127.69965,35.78822],[127.68829,35.79541],[127.68688,35.80388],[127.68212,35.80567],[127.67723,35.81033],[127.67124,35.80987],[127.66897,35.81415],[127.66332,35.81817],[127.65479,35.81159],[127.64576,35.81168],[127.63694,35.81616],[127.62985,35.81473],[127.62421,35.81961],[127.62082,35.82545],[127.62268,35.83141],[127.6198,35.8397],[127.61007,35.83362],[127.60711,35.8302],[127.60229,35.8166],[127.60263,35.81185],[127.59278,35.80179],[127.57934,35.7938],[127.57679,35.79509],[127.58036,35.78964],[127.5749,35.77788],[127.58037,35.7714],[127.57988,35.76493],[127.5851,35.76644],[127.59611,35.7633],[127.60421,35.75599],[127.61677,35.75189],[127.62047,35.74905],[127.62695,35.75228],[127.6328,35.76164],[127.64149,35.76502],[127.64708,35.77072],[127.65543,35.77188],[127.66201,35.77663],[127.66906,35.77147],[127.67903,35.76927],[127.68499,35.77785],[127.69965,35.78822]]]},"properties":{"key":"전북특별자치도|장수군|계북면","code":"5274036000"}},{"type":"Feature","geometry":{"type":"Polygon","coordinates":[[[127.32023,35.65092],[127.31519,35.65429],[127.30322,35.6463],[127.29653,35.65008],[127.28779,35.64595],[127.28518,35.63843],[127.27958,35.63837],[127.27818,35.64455],[127.27438,35.64192],[127.2716,35.63589],[127.26748,35.63302],[127.2634,35.63448],[127.25386,35.63242],[127.25049,35.63443],[127.23987,35.63012],[127.22456,35.61983],[127.22436,35.6174],[127.22922,35.61062],[127.22383,35.60133],[127.22379,35.59784],[127.2287,35.59118],[127.23733,35.58415],[127.23693,35.57656],[127.24021,35.57053],[127.24398,35.56835],[127.24026,35.55986],[127.24076,35.55608],[127.23358,35.54623],[127.22954,35.54526],[127.22665,35.53664],[127.24432,35.53576],[127.25223,35.53172],[127.25495,35.52585],[127.25926,35.5247],[127.26306,35.53136],[127.27017,35.53485],[127.27834,35.55016],[127.27723,35.55548],[127.28796,35.56836],[127.28951,35.57547],[127.29333,35.58156],[127.29919,35.58254],[127.30586,35.59175],[127.31194,35.60884],[127.30492,35.61491],[127.30555,35.62686],[127.29399,35.6308],[127.29706,35.6333],[127.30838,35.635],[127.31891,35.64528],[127.32023,35.65092]]]},"properties":{"key":"전북특별자치도|임실군|임실읍","code":"5275025000"}},{"type":"Feature","geometry":{"type":"Polygon","coordinates":[[[127.22665,35.53664],[127.22954,35.54526],[127.23358,35.54623],[127.24076,35.55608],[127.24026,35.55986],[127.24398,35.56835],[127.24021,35.57053],[127.23693,35.57656],[127.23733,35.58415],[127.2287,35.59118],[127.22379,35.59784],[127.22383,35.60133],[127.21867,35.60016],[127.2163,35.59662],[127.2117,35.59668],[127.19874,35.59122],[127.19408,35.59598],[127.18886,35.59471],[127.18426,35.58782],[127.17835,35.58753],[127.16666,35.59164],[127.15721,35.58903],[127.15566,35.58464],[127.1615,35.58009],[127.16789,35.56769],[127.1719,35.57005],[127.19091,35.57425],[127.19954,35.56602],[127.19696,35.56008],[127.1977,35.55023],[127.18439,35.54546],[127.17974,35.54254],[127.18986,35.53622],[127.20352,35.53443],[127.20842,35.5305],[127.21304,35.5195],[127.21745,35.51922],[127.22442,35.52194],[127.22665,35.53664]]]},"properties":{"key":"전북특별자치도|임실군|청웅면","code":"5275031000"}},{"type":"Feature","geometry":{"type":"Polygon","coordinates":[[[127.19163,35.65243],[127.18949,35.65709],[127.17738,35.66427],[127.16541,35.66772],[127.1494,35.66912],[127.15303,35.65845],[127.14967,35.64945],[127.14573,35.64566],[127.14191,35.64754],[127.13553,35.6468],[127.13247,35.64424],[127.12941,35.63733],[127.12007,35.63348],[127.11244,35.62463],[127.10628,35.61954],[127.0936,35.62144],[127.09119,35.61572],[127.09221,35.61222],[127.10022,35.60398],[127.10423,35.59484],[127.09672,35.58725],[127.08855,35.5874],[127.08293,35.58441],[127.08359,35.57912],[127.09271,35.56704],[127.09804,35.56313],[127.10854,35.56253],[127.11211,35.55891],[127.11688,35.56042],[127.11731,35.56469],[127.12379,35.56594],[127.12932,35.565],[127.1315,35.5716],[127.13094,35.57794],[127.13365,35.58049],[127.14269,35.5839],[127.15063,35.58269],[127.15566,35.58464],[127.15721,35.58903],[127.16666,35.59164],[127.17835,35.58753],[127.18426,35.58782],[127.18886,35.59471],[127.19408,35.59598],[127.19874,35.59122],[127.2117,35.59668],[127.2163,35.59662],[127.21867,35.60016],[127.22383,35.60133],[127.22922,35.61062],[127.22436,35.6174],[127.22456,35.61983],[127.2116,35.61986],[127.20614,35.61733],[127.20258,35.61908],[127.2012,35.6282],[127.19398,35.62855],[127.19225,35.63591],[127.18614,35.64073],[127.19163,35.65243]]]},"properties":{"key":"전북특별자치도|임실군|운암면","code":"5275032000"}},{"type":"Feature","geometry":{"type":"Polygon","coordinates":[[[127.27818,35.64455],[127.27409,35.64995],[127.27602,35.65891],[127.27382,35.66265],[127.267,35.66763],[127.2587,35.66809],[127.25444,35.67163],[127.25048,35.67161],[127.24348,35.67751],[127.23642,35.6725],[127.22826,35.67649],[127.22254,35.67469],[127.22117,35.67033],[127.21312,35.66934],[127.2172,35.66119],[127.21096,35.66024],[127.20651,35.65356],[127.20036,35.65537],[127.19163,35.65243],[127.18614,35.64073],[127.19225,35.63591],[127.19398,35.62855],[127.2012,35.6282],[127.20258,35.61908],[127.20614,35.61733],[127.2116,35.61986],[127.22456,35.61983],[127.23987,35.63012],[127.25049,35.63443],[127.25386,35.63242],[127.2634,35.63448],[127.26748,35.63302],[127.2716,35.63589],[127.27438,35.64192],[127.27818,35.64455]]]},"properties":{"key":"전북특별자치도|임실군|신평면","code":"5275033000"}},{"type":"Feature","geometry":{"type":"Polygon","coordinates":[[[127.43599,35.62186],[127.43152,35.62845],[127.43222,35.63642],[127.42858,35.64095],[127.42072,35.64066],[127.41445,35.64422],[127.40364,35.648],[127.39908,35.65172],[127.39268,35.65183],[127.38759,35.65557],[127.37874,35.65396],[127.37713,35.66424],[127.36762,35.66269],[127.3647,35.66039],[127.35963,35.65826],[127.35073,35.66232],[127.34281,35.65899],[127.33795,35.64958],[127.33141,35.64764],[127.3235,35.65215],[127.32023,35.65092],[127.31891,35.64528],[127.30838,35.635],[127.29706,35.6333],[127.29399,35.6308],[127.30555,35.62686],[127.30492,35.61491],[127.31194,35.60884],[127.30586,35.59175],[127.30807,35.58997],[127.31951,35.58806],[127.32699,35.58343],[127.33547,35.58374],[127.33864,35.59183],[127.34493,35.60193],[127.34903,35.60498],[127.36502,35.60421],[127.37436,35.60758],[127.3815,35.61329],[127.38681,35.61493],[127.39996,35.61279],[127.41107,35.61486],[127.42569,35.61465],[127.43599,35.62186]]]},"properties":{"key":"전북특별자치도|임실군|성수면","code":"5275034000"}},{"type":"Feature","geometry":{"type":"Polygon","coordinates":[[[127.33547,35.58374],[127.32699,35.58343],[127.31951,35.58806],[127.30807,35.58997],[127.30586,35.59175],[127.29919,35.58254],[127.29333,35.58156],[127.28951,35.57547],[127.28796,35.56836],[127.27723,35.55548],[127.27834,35.55016],[127.28726,35.545],[127.29117,35.53956],[127.30405,35.54207],[127.31898,35.52855],[127.31845,35.52067],[127.31587,35.51748],[127.31012,35.50319],[127.30187,35.49648],[127.29915,35.49127],[127.30722,35.4864],[127.31041,35.49389],[127.326,35.49583],[127.33221,35.49237],[127.34138,35.4964],[127.35024,35.49669],[127.35625,35.50026],[127.35534,35.50463],[127.3547,35.51231],[127.34317,35.52032],[127.34231,35.52574],[127.34662,35.52959],[127.3498,35.53723],[127.34899,35.54041],[127.3407,35.54388],[127.33412,35.55052],[127.32877,35.55266],[127.33297,35.5616],[127.33279,35.56802],[127.33709,35.57644],[127.33547,35.58374]]]},"properties":{"key":"전북특별자치도|임실군|오수면","code":"5275035500"}},{"type":"Feature","geometry":{"type":"Polygon","coordinates":[[[127.18631,35.73582],[127.17707,35.73771],[127.16346,35.7278],[127.15978,35.72397],[127.15248,35.725],[127.13866,35.71801],[127.13961,35.71253],[127.13732,35.70606],[127.13907,35.69969],[127.13024,35.69174],[127.12509,35.68965],[127.12476,35.67946],[127.12635,35.67368],[127.13097,35.66955],[127.1309,35.66574],[127.12698,35.65722],[127.13076,35.6542],[127.13553,35.6468],[127.14191,35.64754],[127.14573,35.64566],[127.14967,35.64945],[127.15303,35.65845],[127.1494,35.66912],[127.16541,35.66772],[127.17738,35.66427],[127.18949,35.65709],[127.19163,35.65243],[127.20036,35.65537],[127.20651,35.65356],[127.21096,35.66024],[127.2172,35.66119],[127.21312,35.66934],[127.22117,35.67033],[127.22254,35.67469],[127.22826,35.67649],[127.23642,35.6725],[127.24348,35.67751],[127.24218,35.68707],[127.23985,35.69063],[127.24122,35.69787],[127.22396,35.71172],[127.20953,35.7093],[127.20546,35.71575],[127.20669,35.72046],[127.20452,35.72441],[127.19427,35.72976],[127.18795,35.73088],[127.18631,35.73582]]]},"properties":{"key":"전북특별자치도|임실군|신덕면","code":"5275036000"}},{"type":"Feature","geometry":{"type":"Polygon","coordinates":[[[127.30722,35.4864],[127.29915,35.49127],[127.30187,35.49648],[127.31012,35.50319],[127.31587,35.51748],[127.31845,35.52067],[127.31898,35.52855],[127.30405,35.54207],[127.29117,35.53956],[127.28726,35.545],[127.27834,35.55016],[127.27017,35.53485],[127.26306,35.53136],[127.25926,35.5247],[127.25495,35.52585],[127.25223,35.53172],[127.24432,35.53576],[127.22665,35.53664],[127.22442,35.52194],[127.21745,35.51922],[127.21304,35.5195],[127.20879,35.51224],[127.20878,35.50664],[127.21497,35.50067],[127.21412,35.49356],[127.21659,35.48991],[127.22001,35.48525],[127.22805,35.47881],[127.23074,35.47414],[127.23718,35.47734],[127.24444,35.48445],[127.25421,35.48022],[127.25879,35.48],[127.26378,35.47488],[127.27453,35.47343],[127.28419,35.47913],[127.2952,35.47509],[127.29795,35.47772],[127.30866,35.47766],[127.30722,35.4864]]]},"properties":{"key":"전북특별자치도|임실군|삼계면","code":"5275037000"}},{"type":"Feature","geometry":{"type":"Polygon","coordinates":[[[127.2708,35.77796],[127.26476,35.77762],[127.25895,35.76873],[127.25326,35.76649],[127.24445,35.75626],[127.24678,35.74838],[127.25362,35.74191],[127.25143,35.73526],[127.25627,35.73282],[127.25519,35.72507],[127.25162,35.71891],[127.25316,35.71095],[127.25642,35.70585],[127.25629,35.69942],[127.25949,35.69308],[127.2514,35.69157],[127.24218,35.68707],[127.24348,35.67751],[127.25048,35.67161],[127.25444,35.67163],[127.2587,35.66809],[127.267,35.66763],[127.27382,35.66265],[127.27602,35.65891],[127.27409,35.64995],[127.27818,35.64455],[127.27958,35.63837],[127.28518,35.63843],[127.28779,35.64595],[127.29653,35.65008],[127.30322,35.6463],[127.31519,35.65429],[127.32023,35.65092],[127.3235,35.65215],[127.33141,35.64764],[127.33795,35.64958],[127.34281,35.65899],[127.35073,35.66232],[127.35963,35.65826],[127.3647,35.66039],[127.36195,35.66691],[127.35714,35.66913],[127.34642,35.66542],[127.33858,35.66552],[127.32742,35.66082],[127.32336,35.66347],[127.32202,35.67018],[127.31571,35.67877],[127.30633,35.68484],[127.29627,35.68243],[127.29079,35.68617],[127.29222,35.6918],[127.29074,35.69587],[127.29276,35.70102],[127.28971,35.708],[127.2898,35.71232],[127.29359,35.71732],[127.28691,35.72988],[127.28577,35.73484],[127.28097,35.73766],[127.28084,35.74212],[127.27628,35.74914],[127.2761,35.75301],[127.26876,35.75831],[127.26557,35.76246],[127.26613,35.76966],[127.27299,35.77561],[127.2708,35.77796]]]},"properties":{"key":"전북특별자치도|임실군|관촌면","code":"5275038000"}},{"type":"Feature","geometry":{"type":"Polygon","coordinates":[[[127.15566,35.58464],[127.15063,35.58269],[127.14269,35.5839],[127.13365,35.58049],[127.13094,35.57794],[127.1315,35.5716],[127.12932,35.565],[127.12379,35.56594],[127.11731,35.56469],[127.11688,35.56042],[127.11211,35.55891],[127.10854,35.56253],[127.09804,35.56313],[127.09271,35.56704],[127.08564,35.55477],[127.08744,35.54913],[127.10775,35.54264],[127.11547,35.53865],[127.11659,35.5316],[127.10643,35.53455],[127.09903,35.52971],[127.09293,35.52352],[127.08649,35.51958],[127.09006,35.51553],[127.08791,35.50805],[127.09223,35.50583],[127.11086,35.509],[127.11663,35.50363],[127.12772,35.50325],[127.13166,35.50402],[127.13333,35.51129],[127.13151,35.5208],[127.13407,35.52203],[127.15617,35.52187],[127.1702,35.52626],[127.17784,35.52411],[127.18402,35.52637],[127.18388,35.52912],[127.18986,35.53622],[127.17974,35.54254],[127.18439,35.54546],[127.1977,35.55023],[127.19696,35.56008],[127.19954,35.56602],[127.19091,35.57425],[127.1719,35.57005],[127.16789,35.56769],[127.1615,35.58009],[127.15566,35.58464]]]},"properties":{"key":"전북특별자치도|임실군|강진면","code":"5275039000"}},{"type":"Feature","geometry":{"type":"Polygon","coordinates":[[[127.21304,35.5195],[127.20842,35.5305],[127.20352,35.53443],[127.18986,35.53622],[127.18388,35.52912],[127.18402,35.52637],[127.17784,35.52411],[127.1702,35.52626],[127.15617,35.52187],[127.13407,35.52203],[127.13151,35.5208],[127.13333,35.51129],[127.13166,35.50402],[127.12772,35.50325],[127.12997,35.49713],[127.13423,35.49266],[127.13637,35.48272],[127.1421,35.47641],[127.14014,35.47032],[127.14319,35.46778],[127.14433,35.46178],[127.15546,35.46086],[127.16605,35.46224],[127.1733,35.45888],[127.17739,35.46422],[127.17744,35.47081],[127.17894,35.47633],[127.18966,35.48242],[127.19458,35.48638],[127.20413,35.48999],[127.21659,35.48991],[127.21412,35.49356],[127.21497,35.50067],[127.20878,35.50664],[127.20879,35.51224],[127.21304,35.5195]]]},"properties":{"key":"전북특별자치도|임실군|덕치면","code":"5275040000"}},{"type":"Feature","geometry":{"type":"Polygon","coordinates":[[[127.36347,35.55823],[127.36157,35.56409],[127.36471,35.56859],[127.37195,35.57167],[127.37911,35.57745],[127.37665,35.58473],[127.37208,35.58669],[127.37219,35.59277],[127.37572,35.59918],[127.37436,35.60758],[127.36502,35.60421],[127.34903,35.60498],[127.34493,35.60193],[127.33864,35.59183],[127.33547,35.58374],[127.33709,35.57644],[127.33279,35.56802],[127.33297,35.5616],[127.32877,35.55266],[127.33412,35.55052],[127.33976,35.55408],[127.3441,35.55091],[127.35215,35.55238],[127.35841,35.55889],[127.36347,35.55823]]]},"properties":{"key":"전북특별자치도|임실군|지사면","code":"5275041000"}},{"type":"Feature","geometry":{"type":"Polygon","coordinates":[[[127.1615,35.37948],[127.15885,35.37881],[127.15252,35.38466],[127.15469,35.38786],[127.1482,35.39565],[127.14255,35.39913],[127.13996,35.4057],[127.13627,35.40364],[127.13469,35.39429],[127.12742,35.39071],[127.12049,35.39465],[127.11727,35.39316],[127.11773,35.38647],[127.11425,35.37598],[127.1016,35.36855],[127.09976,35.36599],[127.10443,35.35548],[127.10662,35.35223],[127.11216,35.35151],[127.11349,35.35474],[127.12024,35.35919],[127.12917,35.35202],[127.13414,35.34206],[127.13995,35.33867],[127.15612,35.34887],[127.15273,35.35557],[127.1568,35.35775],[127.15274,35.36011],[127.14915,35.36612],[127.15332,35.36849],[127.1615,35.37948]]]},"properties":{"key":"전북특별자치도|순창군|순창읍","code":"5277025000"}},{"type":"Feature","geometry":{"type":"Polygon","coordinates":[[[127.1733,35.45888],[127.16605,35.46224],[127.15546,35.46086],[127.14433,35.46178],[127.13531,35.45013],[127.13562,35.43953],[127.12937,35.43109],[127.12926,35.4227],[127.1234,35.42205],[127.12179,35.4193],[127.12367,35.41436],[127.13627,35.40364],[127.13996,35.4057],[127.14255,35.39913],[127.1482,35.39565],[127.15469,35.38786],[127.15252,35.38466],[127.15885,35.37881],[127.1615,35.37948],[127.1718,35.38234],[127.17987,35.3878],[127.18689,35.38732],[127.19019,35.39059],[127.18317,35.40284],[127.18227,35.40907],[127.17692,35.41337],[127.17537,35.42128],[127.17818,35.42248],[127.1851,35.4183],[127.19199,35.43099],[127.18985,35.43823],[127.18404,35.438],[127.17279,35.45649],[127.1733,35.45888]]]},"properties":{"key":"전북특별자치도|순창군|인계면","code":"5277031000"}},{"type":"Feature","geometry":{"type":"Polygon","coordinates":[[[127.21659,35.48991],[127.20413,35.48999],[127.19458,35.48638],[127.18966,35.48242],[127.17894,35.47633],[127.17744,35.47081],[127.19337,35.46845],[127.20295,35.45985],[127.20395,35.45238],[127.20087,35.44594],[127.20315,35.44188],[127.20512,35.43199],[127.2092,35.43433],[127.21866,35.43401],[127.22921,35.43938],[127.23073,35.431],[127.23393,35.43085],[127.23909,35.42572],[127.25457,35.41888],[127.2597,35.42677],[127.27569,35.42115],[127.27864,35.42487],[127.28532,35.42398],[127.29376,35.42983],[127.29669,35.43506],[127.29789,35.44492],[127.30637,35.45277],[127.30961,35.45998],[127.31368,35.46359],[127.30866,35.47766],[127.29795,35.47772],[127.2952,35.47509],[127.28419,35.47913],[127.27453,35.47343],[127.26378,35.47488],[127.25879,35.48],[127.25421,35.48022],[127.24444,35.48445],[127.23718,35.47734],[127.23074,35.47414],[127.22805,35.47881],[127.22001,35.48525],[127.21659,35.48991]]]},"properties":{"key":"전북특별자치도|순창군|동계면","code":"5277032000"}},{"type":"Feature","geometry":{"type":"Polygon","coordinates":[[[127.17744,35.47081],[127.17739,35.46422],[127.1733,35.45888],[127.17279,35.45649],[127.18404,35.438],[127.18985,35.43823],[127.19199,35.43099],[127.1851,35.4183],[127.17818,35.42248],[127.17537,35.42128],[127.17692,35.41337],[127.18227,35.40907],[127.18317,35.40284],[127.19019,35.39059],[127.19687,35.39267],[127.20999,35.39293],[127.21437,35.39655],[127.22261,35.39312],[127.22544,35.39833],[127.23946,35.39928],[127.24543,35.39856],[127.25055,35.40862],[127.25156,35.41631],[127.25457,35.41888],[127.23909,35.42572],[127.23393,35.43085],[127.23073,35.431],[127.22921,35.43938],[127.21866,35.43401],[127.2092,35.43433],[127.20512,35.43199],[127.20315,35.44188],[127.20087,35.44594],[127.20395,35.45238],[127.20295,35.45985],[127.19337,35.46845],[127.17744,35.47081]]]},"properties":{"key":"전북특별자치도|순창군|적성면","code":"5277038000"}},{"type":"Feature","geometry":{"type":"Polygon","coordinates":[[[127.22261,35.39312],[127.21437,35.39655],[127.20999,35.39293],[127.19687,35.39267],[127.19019,35.39059],[127.18689,35.38732],[127.17987,35.3878],[127.1718,35.38234],[127.1615,35.37948],[127.15332,35.36849],[127.14915,35.36612],[127.15274,35.36011],[127.1568,35.35775],[127.16231,35.35513],[127.16808,35.35565],[127.1733,35.3607],[127.17912,35.36263],[127.18368,35.36176],[127.18935,35.35085],[127.19733,35.36437],[127.20505,35.36062],[127.21035,35.36706],[127.21527,35.37052],[127.2134,35.37615],[127.22123,35.38831],[127.22261,35.39312]]]},"properties":{"key":"전북특별자치도|순창군|유등면","code":"5277039000"}},{"type":"Feature","geometry":{"type":"Polygon","coordinates":[[[127.18935,35.35085],[127.18368,35.36176],[127.17912,35.36263],[127.1733,35.3607],[127.16808,35.35565],[127.16231,35.35513],[127.1568,35.35775],[127.15273,35.35557],[127.15612,35.34887],[127.13995,35.33867],[127.13414,35.34206],[127.12917,35.35202],[127.12024,35.35919],[127.11349,35.35474],[127.11216,35.35151],[127.10662,35.35223],[127.10582,35.34722],[127.11137,35.34382],[127.11799,35.32942],[127.11012,35.32491],[127.10378,35.31602],[127.10533,35.30487],[127.1023,35.30113],[127.1055,35.2992],[127.11568,35.29955],[127.12622,35.30365],[127.12986,35.30925],[127.14558,35.30925],[127.14657,35.31541],[127.15139,35.31798],[127.15948,35.32663],[127.1679,35.3317],[127.1729,35.33033],[127.17963,35.33239],[127.18163,35.33802],[127.1861,35.33619],[127.19493,35.33831],[127.19285,35.34179],[127.18719,35.34466],[127.18935,35.35085]]]},"properties":{"key":"전북특별자치도|순창군|풍산면","code":"5277033000"}},{"type":"Feature","geometry":{"type":"Polygon","coordinates":[[[127.10443,35.35548],[127.10098,35.35612],[127.09179,35.36537],[127.08395,35.36582],[127.07613,35.36459],[127.07028,35.36612],[127.06547,35.35778],[127.06968,35.35158],[127.06727,35.3455],[127.07029,35.33973],[127.06495,35.33649],[127.05212,35.33991],[127.04941,35.32729],[127.04291,35.32339],[127.04671,35.31819],[127.06132,35.31722],[127.06558,35.31056],[127.07222,35.3126],[127.08926,35.30678],[127.09667,35.30174],[127.1023,35.30113],[127.10533,35.30487],[127.10378,35.31602],[127.11012,35.32491],[127.11799,35.32942],[127.11137,35.34382],[127.10582,35.34722],[127.10662,35.35223],[127.10443,35.35548]]]},"properties":{"key":"전북특별자치도|순창군|금과면","code":"5277034000"}},{"type":"Feature","geometry":{"type":"Polygon","coordinates":[[[127.12179,35.4193],[127.10685,35.41922],[127.10535,35.42414],[127.10013,35.42511],[127.09533,35.41995],[127.0893,35.4209],[127.07842,35.4197],[127.07467,35.42184],[127.06787,35.4186],[127.06563,35.41457],[127.04786,35.4056],[127.04222,35.39891],[127.03173,35.40117],[127.02727,35.39994],[127.02728,35.39493],[127.03021,35.39046],[127.04034,35.38259],[127.03913,35.37996],[127.04643,35.37694],[127.05165,35.37924],[127.05664,35.38437],[127.06488,35.37573],[127.06389,35.36973],[127.07028,35.36612],[127.07613,35.36459],[127.08395,35.36582],[127.09179,35.36537],[127.10098,35.35612],[127.10443,35.35548],[127.09976,35.36599],[127.1016,35.36855],[127.11425,35.37598],[127.11773,35.38647],[127.11727,35.39316],[127.12049,35.39465],[127.12742,35.39071],[127.13469,35.39429],[127.13627,35.40364],[127.12367,35.41436],[127.12179,35.4193]]]},"properties":{"key":"전북특별자치도|순창군|팔덕면","code":"5277035000"}},{"type":"Feature","geometry":{"type":"Polygon","coordinates":[[[127.0024,35.46312],[126.99517,35.46831],[126.98471,35.47257],[126.97844,35.46523],[126.97882,35.46203],[126.9707,35.4625],[126.95872,35.46745],[126.95891,35.4721],[126.95523,35.47966],[126.94713,35.48363],[126.94645,35.48877],[126.93547,35.49596],[126.93792,35.48935],[126.93564,35.48158],[126.92756,35.47913],[126.92263,35.4826],[126.91342,35.4765],[126.90243,35.47797],[126.89409,35.48067],[126.88869,35.47835],[126.88171,35.48332],[126.88103,35.48571],[126.87341,35.47965],[126.86191,35.48031],[126.86063,35.47369],[126.86435,35.46483],[126.86869,35.46139],[126.87626,35.45624],[126.8805,35.45547],[126.884,35.45099],[126.89484,35.44848],[126.89972,35.44263],[126.90451,35.44043],[126.89758,35.43587],[126.89793,35.43268],[126.90372,35.42995],[126.90196,35.42277],[126.90737,35.42028],[126.90863,35.4166],[126.91628,35.41549],[126.92067,35.41089],[126.91696,35.40519],[126.9196,35.40197],[126.92972,35.40582],[126.93007,35.40028],[126.93276,35.39515],[126.94134,35.39439],[126.95441,35.39665],[126.96148,35.39491],[126.96859,35.39638],[126.97705,35.40339],[126.97624,35.40746],[126.97177,35.41358],[126.96978,35.42451],[126.97039,35.42743],[126.97677,35.42807],[126.98164,35.4265],[126.98403,35.43497],[126.98973,35.43918],[126.99431,35.43999],[126.99792,35.44611],[126.99962,35.46109],[127.0024,35.46312]]]},"properties":{"key":"전북특별자치도|순창군|복흥면","code":"5277037000"}},{"type":"Feature","geometry":{"type":"Polygon","coordinates":[[[126.97907,35.55566],[126.97165,35.55367],[126.97038,35.54924],[126.96358,35.54398],[126.95674,35.54273],[126.95111,35.5385],[126.94987,35.53362],[126.937,35.52533],[126.93133,35.52303],[126.92958,35.51981],[126.92986,35.50943],[126.93324,35.50681],[126.93547,35.49596],[126.94645,35.48877],[126.94713,35.48363],[126.95523,35.47966],[126.95891,35.4721],[126.95872,35.46745],[126.9707,35.4625],[126.97882,35.46203],[126.97844,35.46523],[126.98471,35.47257],[126.99517,35.46831],[127.0024,35.46312],[127.01443,35.45745],[127.0237,35.46347],[127.03463,35.4658],[127.03474,35.47292],[127.03931,35.47833],[127.03892,35.48168],[127.04803,35.48805],[127.05268,35.48909],[127.04941,35.49785],[127.04609,35.50119],[127.05505,35.5092],[127.05028,35.51229],[127.05168,35.51796],[127.04999,35.52106],[127.04248,35.52263],[127.0387,35.52854],[127.02868,35.53173],[127.02186,35.53673],[127.01534,35.54535],[127.01103,35.54264],[126.99623,35.53997],[126.99262,35.53692],[126.9869,35.54535],[126.98347,35.54778],[126.97907,35.55566]]]},"properties":{"key":"전북특별자치도|순창군|쌍치면","code":"5277036000"}},{"type":"Feature","geometry":{"type":"Polygon","coordinates":[[[127.08791,35.50805],[127.08295,35.50645],[127.0723,35.51388],[127.06706,35.5162],[127.06176,35.5112],[127.05505,35.5092],[127.04609,35.50119],[127.04941,35.49785],[127.05268,35.48909],[127.04803,35.48805],[127.03892,35.48168],[127.03931,35.47833],[127.03474,35.47292],[127.03463,35.4658],[127.03591,35.45877],[127.03462,35.44753],[127.03633,35.44529],[127.03732,35.43341],[127.04396,35.43379],[127.04907,35.43126],[127.0523,35.42686],[127.04911,35.42189],[127.04559,35.40806],[127.04786,35.4056],[127.06563,35.41457],[127.06787,35.4186],[127.07467,35.42184],[127.07842,35.4197],[127.0893,35.4209],[127.09533,35.41995],[127.10013,35.42511],[127.10535,35.42414],[127.10685,35.41922],[127.12179,35.4193],[127.1234,35.42205],[127.12926,35.4227],[127.12937,35.43109],[127.13562,35.43953],[127.13531,35.45013],[127.14433,35.46178],[127.14319,35.46778],[127.14014,35.47032],[127.1421,35.47641],[127.13637,35.48272],[127.13423,35.49266],[127.12997,35.49713],[127.12772,35.50325],[127.11663,35.50363],[127.11086,35.509],[127.09223,35.50583],[127.08791,35.50805]]]},"properties":{"key":"전북특별자치도|순창군|구림면","code":"5277040000"}},{"type":"Feature","geometry":{"type":"Polygon","coordinates":[[[126.73812,35.44903],[126.72908,35.45127],[126.7228,35.44818],[126.71961,35.44887],[126.71149,35.45502],[126.70831,35.45573],[126.68765,35.45516],[126.68699,35.46319],[126.67717,35.46169],[126.66376,35.4647],[126.65935,35.45736],[126.65364,35.45339],[126.64547,35.45072],[126.64601,35.44678],[126.65041,35.44415],[126.64942,35.43787],[126.65492,35.43287],[126.6551,35.42848],[126.6613,35.43376],[126.68413,35.42378],[126.6903,35.41246],[126.6902,35.40572],[126.70273,35.404],[126.70545,35.39823],[126.71614,35.39544],[126.72204,35.39835],[126.73608,35.40325],[126.74443,35.40929],[126.74841,35.41516],[126.75396,35.41624],[126.75183,35.42298],[126.75118,35.43708],[126.74438,35.44075],[126.73812,35.44903]]]},"properties":{"key":"전북특별자치도|고창군|고창읍","code":"5279025000"}},{"type":"Feature","geometry":{"type":"Polygon","coordinates":[[[126.72204,35.39835],[126.71614,35.39544],[126.70545,35.39823],[126.70273,35.404],[126.6902,35.40572],[126.6903,35.41246],[126.68413,35.42378],[126.6613,35.43376],[126.6551,35.42848],[126.65178,35.42472],[126.64165,35.42421],[126.63008,35.41056],[126.63598,35.40268],[126.637,35.39842],[126.64138,35.39585],[126.65079,35.39406],[126.65496,35.39134],[126.65466,35.38734],[126.65887,35.38478],[126.66461,35.37449],[126.66471,35.36712],[126.66824,35.35855],[126.66673,35.35155],[126.68198,35.34715],[126.68548,35.34459],[126.69067,35.35086],[126.69924,35.34968],[126.70458,35.36511],[126.71026,35.36402],[126.71943,35.36492],[126.7312,35.37678],[126.73071,35.38019],[126.73204,35.38317],[126.72961,35.39449],[126.72204,35.39835]]]},"properties":{"key":"전북특별자치도|고창군|고수면","code":"5279031000"}},{"type":"Feature","geometry":{"type":"Polygon","coordinates":[[[126.59629,35.5153],[126.58839,35.51802],[126.57683,35.51773],[126.57338,35.51301],[126.56829,35.49764],[126.56332,35.49723],[126.55622,35.48994],[126.55985,35.48504],[126.5597,35.4768],[126.55523,35.47117],[126.55588,35.46586],[126.55992,35.46385],[126.5648,35.46709],[126.57108,35.46076],[126.56992,35.45187],[126.57968,35.44662],[126.58282,35.43802],[126.58066,35.4315],[126.58252,35.42904],[126.59255,35.42834],[126.59911,35.42213],[126.61208,35.42232],[126.61799,35.42691],[126.6214,35.41816],[126.63008,35.41056],[126.64165,35.42421],[126.65178,35.42472],[126.6551,35.42848],[126.65492,35.43287],[126.64942,35.43787],[126.65041,35.44415],[126.64601,35.44678],[126.64547,35.45072],[126.65364,35.45339],[126.65935,35.45736],[126.66376,35.4647],[126.66813,35.46757],[126.66965,35.47334],[126.66353,35.48601],[126.65817,35.48842],[126.65263,35.49744],[126.64754,35.49925],[126.63586,35.49355],[126.62119,35.50241],[126.61924,35.50687],[126.61222,35.50616],[126.59847,35.50944],[126.59629,35.5153]]]},"properties":{"key":"전북특별자치도|고창군|아산면","code":"5279032000"}},{"type":"Feature","geometry":{"type":"Polygon","coordinates":[[[126.6214,35.41816],[126.61799,35.42691],[126.61208,35.42232],[126.59911,35.42213],[126.59255,35.42834],[126.58252,35.42904],[126.58066,35.4315],[126.58282,35.43802],[126.57968,35.44662],[126.56992,35.45187],[126.56871,35.44577],[126.56082,35.43893],[126.54922,35.44348],[126.54204,35.44421],[126.53685,35.44226],[126.52971,35.44407],[126.52582,35.43484],[126.53096,35.42954],[126.52756,35.41052],[126.53098,35.40617],[126.53872,35.40541],[126.54437,35.4015],[126.54124,35.39236],[126.55192,35.39212],[126.55796,35.39018],[126.56348,35.39213],[126.56724,35.39673],[126.57789,35.39455],[126.57751,35.38712],[126.57925,35.38437],[126.58619,35.38493],[126.59618,35.3821],[126.60061,35.37242],[126.60717,35.3713],[126.61704,35.37438],[126.62216,35.38598],[126.62075,35.39204],[126.6136,35.39716],[126.61279,35.40075],[126.62078,35.41499],[126.6214,35.41816]]]},"properties":{"key":"전북특별자치도|고창군|무장면","code":"5279033000"}},{"type":"Feature","geometry":{"type":"Polygon","coordinates":[[[126.52582,35.43484],[126.51407,35.4354],[126.50697,35.43707],[126.50684,35.42923],[126.50193,35.41438],[126.49281,35.40914],[126.49088,35.40439],[126.49051,35.39521],[126.47758,35.3861],[126.48158,35.38563],[126.4862,35.37759],[126.4975,35.37235],[126.49529,35.36263],[126.49921,35.35405],[126.50776,35.3614],[126.51282,35.36202],[126.5141,35.3563],[126.52024,35.34979],[126.51969,35.34327],[126.51573,35.33167],[126.51797,35.33065],[126.5268,35.33417],[126.53578,35.34515],[126.55752,35.35153],[126.56203,35.35651],[126.55631,35.36462],[126.56385,35.36937],[126.56938,35.36889],[126.57812,35.37419],[126.58125,35.38091],[126.57925,35.38437],[126.57751,35.38712],[126.57789,35.39455],[126.56724,35.39673],[126.56348,35.39213],[126.55796,35.39018],[126.55192,35.39212],[126.54124,35.39236],[126.54437,35.4015],[126.53872,35.40541],[126.53098,35.40617],[126.52756,35.41052],[126.53096,35.42954],[126.52582,35.43484]]]},"properties":{"key":"전북특별자치도|고창군|공음면","code":"5279034000"}},{"type":"Feature","geometry":{"type":"Polygon","coordinates":[[[126.52971,35.44407],[126.5221,35.4503],[126.5212,35.45353],[126.51402,35.45579],[126.51481,35.46293],[126.51046,35.46442],[126.50218,35.45865],[126.49001,35.4602],[126.4828,35.45699],[126.47722,35.46088],[126.46764,35.46362],[126.47149,35.47062],[126.47171,35.47644],[126.46953,35.48229],[126.46217,35.4824],[126.45795,35.47856],[126.44208,35.45366],[126.43592,35.44925],[126.42904,35.43806],[126.42793,35.43435],[126.43184,35.43226],[126.44184,35.43564],[126.44632,35.43523],[126.44757,35.42981],[126.45203,35.42691],[126.46947,35.42524],[126.47247,35.42648],[126.47871,35.42423],[126.48755,35.41304],[126.49281,35.40914],[126.50193,35.41438],[126.50684,35.42923],[126.50697,35.43707],[126.51407,35.4354],[126.52582,35.43484],[126.52971,35.44407]]]},"properties":{"key":"전북특별자치도|고창군|상하면","code":"5279035000"}},{"type":"Feature","geometry":{"type":"Polygon","coordinates":[[[126.49656,35.51005],[126.4912,35.51191],[126.4878,35.51719],[126.48341,35.51928],[126.47814,35.50919],[126.47368,35.5063],[126.46217,35.4824],[126.46953,35.48229],[126.47171,35.47644],[126.47149,35.47062],[126.46764,35.46362],[126.47722,35.46088],[126.4828,35.45699],[126.49001,35.4602],[126.50218,35.45865],[126.51046,35.46442],[126.51481,35.46293],[126.51402,35.45579],[126.5212,35.45353],[126.5221,35.4503],[126.52971,35.44407],[126.53685,35.44226],[126.54204,35.44421],[126.54922,35.44348],[126.56082,35.43893],[126.56871,35.44577],[126.56992,35.45187],[126.57108,35.46076],[126.5648,35.46709],[126.55992,35.46385],[126.55588,35.46586],[126.55523,35.47117],[126.54267,35.47331],[126.53836,35.47898],[126.5192,35.48528],[126.51706,35.49514],[126.50875,35.49931],[126.50694,35.50801],[126.50061,35.51157],[126.49656,35.51005]]]},"properties":{"key":"전북특별자치도|고창군|해리면","code":"5279036000"}},{"type":"Feature","geometry":{"type":"Polygon","coordinates":[[[126.63008,35.41056],[126.6214,35.41816],[126.62078,35.41499],[126.61279,35.40075],[126.6136,35.39716],[126.62075,35.39204],[126.62216,35.38598],[126.61704,35.37438],[126.60717,35.3713],[126.60061,35.37242],[126.60432,35.368],[126.60763,35.35952],[126.60822,35.35322],[126.60404,35.34672],[126.61029,35.34094],[126.60861,35.33706],[126.61259,35.33296],[126.61597,35.3334],[126.63453,35.33042],[126.64422,35.32727],[126.65261,35.32769],[126.65953,35.33456],[126.66019,35.34389],[126.66673,35.35155],[126.66824,35.35855],[126.66471,35.36712],[126.66461,35.37449],[126.65887,35.38478],[126.65466,35.38734],[126.65496,35.39134],[126.65079,35.39406],[126.64138,35.39585],[126.637,35.39842],[126.63598,35.40268],[126.63008,35.41056]]]},"properties":{"key":"전북특별자치도|고창군|성송면","code":"5279037000"}},{"type":"Feature","geometry":{"type":"Polygon","coordinates":[[[126.60061,35.37242],[126.59618,35.3821],[126.58619,35.38493],[126.57925,35.38437],[126.58125,35.38091],[126.57812,35.37419],[126.56938,35.36889],[126.56385,35.36937],[126.55631,35.36462],[126.56203,35.35651],[126.55752,35.35153],[126.53578,35.34515],[126.5268,35.33417],[126.51797,35.33065],[126.51573,35.33167],[126.51407,35.32707],[126.52075,35.32504],[126.52326,35.31544],[126.53119,35.30747],[126.54479,35.31045],[126.55095,35.3136],[126.55794,35.31178],[126.56436,35.30975],[126.57322,35.30964],[126.5783,35.30339],[126.58494,35.3008],[126.58838,35.30621],[126.58965,35.31198],[126.58337,35.31802],[126.58134,35.32289],[126.58395,35.32951],[126.58686,35.33071],[126.59541,35.32923],[126.604,35.33558],[126.60916,35.33117],[126.61555,35.3285],[126.62507,35.32134],[126.62955,35.32038],[126.64175,35.32086],[126.64473,35.31987],[126.64696,35.32458],[126.64422,35.32727],[126.63453,35.33042],[126.61597,35.3334],[126.61259,35.33296],[126.60861,35.33706],[126.61029,35.34094],[126.60404,35.34672],[126.60822,35.35322],[126.60763,35.35952],[126.60432,35.368],[126.60061,35.37242]]]},"properties":{"key":"전북특별자치도|고창군|대산면","code":"5279038000"}},{"type":"Feature","geometry":{"type":"MultiPolygon","coordinates":[[[[126.59399,35.53512],[126.59358,35.54091],[126.58976,35.54207],[126.57512,35.54153],[126.56513,35.54266],[126.55037,35.53303],[126.5459,35.53255],[126.54185,35.5274],[126.53643,35.53138],[126.52946,35.53142],[126.51932,35.53354],[126.51002,35.53034],[126.5006,35.52435],[126.49576,35.51154],[126.49656,35.51005],[126.50061,35.51157],[126.50694,35.50801],[126.50875,35.49931],[126.51706,35.49514],[126.5192,35.48528],[126.53836,35.47898],[126.54267,35.47331],[126.55523,35.47117],[126.5597,35.4768],[126.55985,35.48504],[126.55622,35.48994],[126.56332,35.49723],[126.56829,35.49764],[126.57338,35.51301],[126.57683,35.51773],[126.58839,35.51802],[126.59629,35.5153],[126.59927,35.52035],[126.59922,35.52501],[126.59419,35.53211],[126.59399,35.53512]]],[[[126.48107,35.54666],[126.47676,35.5442],[126.48193,35.5404],[126.48515,35.54413],[126.48107,35.54666]]]]},"properties":{"key":"전북특별자치도|고창군|심원면","code":"5279039000"}},{"type":"Feature","geometry":{"type":"Polygon","coordinates":[[[126.7217,35.57303],[126.70243,35.57451],[126.69222,35.56945],[126.68473,35.56995],[126.68046,35.57248],[126.67225,35.5714],[126.67421,35.56817],[126.66853,35.56595],[126.66583,35.55984],[126.66713,35.55432],[126.6686,35.55377],[126.67397,35.5416],[126.67368,35.539],[126.67932,35.53056],[126.68002,35.52524],[126.67791,35.52084],[126.6811,35.51681],[126.6782,35.5006],[126.6843,35.49576],[126.68793,35.49945],[126.69926,35.50431],[126.71098,35.50225],[126.7121,35.50377],[126.72414,35.50274],[126.73147,35.49999],[126.73504,35.50425],[126.72798,35.51968],[126.72271,35.51854],[126.71344,35.52143],[126.71858,35.52774],[126.72004,35.54981],[126.72637,35.57073],[126.7217,35.57303]]]},"properties":{"key":"전북특별자치도|고창군|흥덕면","code":"5279040000"}},{"type":"Feature","geometry":{"type":"Polygon","coordinates":[[[126.76411,35.51858],[126.77371,35.52426],[126.7612,35.5329],[126.76207,35.54411],[126.76608,35.54937],[126.76093,35.55573],[126.76673,35.56381],[126.76405,35.57051],[126.7535,35.57338],[126.73904,35.56759],[126.73065,35.57081],[126.72637,35.57073],[126.72004,35.54981],[126.71858,35.52774],[126.71344,35.52143],[126.72271,35.51854],[126.72798,35.51968],[126.73504,35.50425],[126.74671,35.50732],[126.75044,35.50315],[126.74494,35.49641],[126.75198,35.49275],[126.75597,35.4946],[126.76421,35.49306],[126.76856,35.49579],[126.76956,35.50854],[126.76001,35.51108],[126.75956,35.51543],[126.76411,35.51858]]]},"properties":{"key":"전북특별자치도|고창군|성내면","code":"5279041000"}},{"type":"Feature","geometry":{"type":"Polygon","coordinates":[[[126.73504,35.50425],[126.73147,35.49999],[126.72414,35.50274],[126.7121,35.50377],[126.71098,35.50225],[126.69926,35.50431],[126.68793,35.49945],[126.6843,35.49576],[126.68692,35.48858],[126.68072,35.48127],[126.68075,35.47547],[126.66965,35.47334],[126.66813,35.46757],[126.66376,35.4647],[126.67717,35.46169],[126.68699,35.46319],[126.68765,35.45516],[126.70831,35.45573],[126.71149,35.45502],[126.71961,35.44887],[126.7228,35.44818],[126.72908,35.45127],[126.73812,35.44903],[126.74091,35.45232],[126.74787,35.45033],[126.75427,35.45527],[126.75676,35.46078],[126.76405,35.46604],[126.77252,35.46838],[126.77002,35.48262],[126.7669,35.4856],[126.76421,35.49306],[126.75597,35.4946],[126.75198,35.49275],[126.74494,35.49641],[126.75044,35.50315],[126.74671,35.50732],[126.73504,35.50425]]]},"properties":{"key":"전북특별자치도|고창군|신림면","code":"5279042000"}},{"type":"Feature","geometry":{"type":"Polygon","coordinates":[[[126.66713,35.55432],[126.66461,35.55491],[126.65244,35.56468],[126.6479,35.56967],[126.63194,35.5727],[126.62408,35.56849],[126.61704,35.56953],[126.61641,35.55689],[126.61046,35.55496],[126.60228,35.54613],[126.6026,35.54252],[126.59399,35.53512],[126.59419,35.53211],[126.59922,35.52501],[126.59927,35.52035],[126.59629,35.5153],[126.59847,35.50944],[126.61222,35.50616],[126.61924,35.50687],[126.62119,35.50241],[126.63586,35.49355],[126.64754,35.49925],[126.65263,35.49744],[126.65817,35.48842],[126.66353,35.48601],[126.66965,35.47334],[126.68075,35.47547],[126.68072,35.48127],[126.68692,35.48858],[126.6843,35.49576],[126.6782,35.5006],[126.6811,35.51681],[126.67791,35.52084],[126.68002,35.52524],[126.67932,35.53056],[126.67368,35.539],[126.67397,35.5416],[126.6686,35.55377],[126.66713,35.55432]]]},"properties":{"key":"전북특별자치도|고창군|부안면","code":"5279043000"}},{"type":"Feature","geometry":{"type":"Polygon","coordinates":[[[126.77567,35.72066],[126.77022,35.71856],[126.76106,35.73158],[126.7603,35.73658],[126.75155,35.73647],[126.74886,35.73427],[126.74242,35.74069],[126.73519,35.74257],[126.73026,35.74026],[126.73019,35.73336],[126.72403,35.72807],[126.72443,35.72316],[126.72876,35.71179],[126.72322,35.70982],[126.72734,35.69952],[126.72662,35.69658],[126.72015,35.69042],[126.70907,35.69255],[126.71405,35.6871],[126.71361,35.68275],[126.72818,35.67548],[126.73438,35.67992],[126.74172,35.68394],[126.74371,35.67976],[126.74813,35.67871],[126.75049,35.685],[126.75705,35.68351],[126.76169,35.69324],[126.76399,35.69242],[126.76994,35.69833],[126.77901,35.71633],[126.77567,35.72066]]]},"properties":{"key":"전북특별자치도|부안군|부안읍","code":"5280025000"}},{"type":"Feature","geometry":{"type":"Polygon","coordinates":[[[126.72662,35.69658],[126.70918,35.69578],[126.70088,35.69634],[126.69764,35.70033],[126.6914,35.6799],[126.68897,35.66977],[126.67165,35.65997],[126.66923,35.64915],[126.67261,35.64479],[126.67891,35.64935],[126.68752,35.65161],[126.69612,35.64803],[126.69905,35.64446],[126.70721,35.6422],[126.71143,35.6433],[126.71925,35.63606],[126.72366,35.63489],[126.72456,35.63804],[126.72524,35.64396],[126.72962,35.64928],[126.73355,35.65073],[126.74395,35.66673],[126.74019,35.67464],[126.73438,35.67992],[126.72818,35.67548],[126.71361,35.68275],[126.71405,35.6871],[126.70907,35.69255],[126.72015,35.69042],[126.72662,35.69658]]]},"properties":{"key":"전북특별자치도|부안군|주산면","code":"5280031000"}},{"type":"Feature","geometry":{"type":"Polygon","coordinates":[[[126.77723,35.75765],[126.7722,35.76309],[126.77115,35.77113],[126.7523,35.78519],[126.74127,35.78819],[126.72829,35.7941],[126.72789,35.7787],[126.72028,35.77429],[126.71409,35.76834],[126.70918,35.75938],[126.69421,35.74872],[126.69309,35.74486],[126.69712,35.74171],[126.70331,35.7377],[126.70917,35.74093],[126.713,35.74552],[126.71218,35.75088],[126.71828,35.7552],[126.71921,35.7499],[126.72657,35.74492],[126.73026,35.74026],[126.73519,35.74257],[126.74242,35.74069],[126.74886,35.73427],[126.75155,35.73647],[126.7603,35.73658],[126.76106,35.73158],[126.77022,35.71856],[126.77567,35.72066],[126.77837,35.72042],[126.78673,35.72581],[126.78909,35.73038],[126.78744,35.73482],[126.78302,35.73704],[126.77979,35.74382],[126.78401,35.74914],[126.77748,35.75318],[126.77723,35.75765]]]},"properties":{"key":"전북특별자치도|부안군|동진면","code":"5280032000"}},{"type":"Feature","geometry":{"type":"Polygon","coordinates":[[[126.73026,35.74026],[126.72657,35.74492],[126.71921,35.7499],[126.71828,35.7552],[126.71218,35.75088],[126.713,35.74552],[126.70917,35.74093],[126.70331,35.7377],[126.69712,35.74171],[126.67621,35.74213],[126.66735,35.74069],[126.67859,35.72524],[126.69045,35.72488],[126.69006,35.71688],[126.6863,35.71241],[126.69027,35.70574],[126.69764,35.70033],[126.70088,35.69634],[126.70918,35.69578],[126.72662,35.69658],[126.72734,35.69952],[126.72322,35.70982],[126.72876,35.71179],[126.72443,35.72316],[126.72403,35.72807],[126.73019,35.73336],[126.73026,35.74026]]]},"properties":{"key":"전북특별자치도|부안군|행안면","code":"5280033000"}},{"type":"Feature","geometry":{"type":"Polygon","coordinates":[[[126.72829,35.7941],[126.71727,35.79396],[126.69926,35.79944],[126.68729,35.79949],[126.64299,35.79769],[126.63235,35.80041],[126.62623,35.79513],[126.62263,35.7887],[126.62597,35.78217],[126.62421,35.77869],[126.62688,35.74864],[126.62604,35.74758],[126.63112,35.74596],[126.63699,35.73989],[126.65261,35.74948],[126.66167,35.75076],[126.66735,35.74069],[126.67621,35.74213],[126.69712,35.74171],[126.69309,35.74486],[126.69421,35.74872],[126.70918,35.75938],[126.71409,35.76834],[126.72028,35.77429],[126.72789,35.7787],[126.72829,35.7941]]]},"properties":{"key":"전북특별자치도|부안군|계화면","code":"5280034000"}},{"type":"Feature","geometry":{"type":"Polygon","coordinates":[[[126.72366,35.63489],[126.71925,35.63606],[126.71143,35.6433],[126.70721,35.6422],[126.69905,35.64446],[126.69612,35.64803],[126.68752,35.65161],[126.67891,35.64935],[126.67261,35.64479],[126.66586,35.64037],[126.66096,35.64452],[126.6573,35.65101],[126.65058,35.6493],[126.64498,35.63412],[126.63375,35.63774],[126.62191,35.63454],[126.62287,35.62857],[126.61696,35.62541],[126.62452,35.61767],[126.62319,35.61333],[126.63016,35.6094],[126.62659,35.60162],[126.62512,35.59297],[126.62695,35.59072],[126.63604,35.59342],[126.63579,35.59926],[126.64164,35.59651],[126.64236,35.59201],[126.64731,35.59139],[126.65146,35.5951],[126.6574,35.5906],[126.66306,35.59927],[126.67259,35.60131],[126.67669,35.60664],[126.69173,35.61175],[126.70217,35.61233],[126.7023,35.61872],[126.71403,35.61722],[126.72214,35.6232],[126.72366,35.63489]]]},"properties":{"key":"전북특별자치도|부안군|보안면","code":"5280035000"}},{"type":"Feature","geometry":{"type":"Polygon","coordinates":[[[126.56816,35.69458],[126.56089,35.69872],[126.55004,35.69601],[126.53896,35.68998],[126.53261,35.69053],[126.53105,35.68143],[126.52741,35.67665],[126.52065,35.67636],[126.51469,35.66745],[126.50039,35.65736],[126.49729,35.65791],[126.48428,35.65561],[126.48279,35.64924],[126.4766,35.64334],[126.46594,35.64422],[126.4613,35.6381],[126.46862,35.62832],[126.46819,35.61859],[126.46376,35.61831],[126.46065,35.6137],[126.46394,35.607],[126.46562,35.5986],[126.47052,35.60282],[126.47723,35.60223],[126.48418,35.59802],[126.48573,35.59152],[126.49171,35.58597],[126.50672,35.58123],[126.51325,35.58634],[126.51647,35.58072],[126.52783,35.5793],[126.52709,35.58446],[126.52201,35.59438],[126.51786,35.59511],[126.51756,35.60201],[126.50911,35.60848],[126.5092,35.61336],[126.51517,35.61438],[126.5229,35.61875],[126.53163,35.61775],[126.53309,35.62193],[126.53984,35.62351],[126.54752,35.61748],[126.55087,35.62087],[126.56181,35.62163],[126.56944,35.62026],[126.57351,35.62374],[126.58096,35.6218],[126.58643,35.6264],[126.58985,35.62671],[126.58682,35.63382],[126.59021,35.64085],[126.59506,35.64416],[126.59703,35.64904],[126.60135,35.6526],[126.60053,35.65603],[126.60475,35.66624],[126.61118,35.66884],[126.61074,35.67291],[126.61904,35.67736],[126.61108,35.67798],[126.60659,35.68208],[126.602,35.68265],[126.59823,35.67793],[126.59105,35.67841],[126.58764,35.68188],[126.58061,35.68223],[126.5784,35.68598],[126.56914,35.6916],[126.56816,35.69458]]]},"properties":{"key":"전북특별자치도|부안군|변산면","code":"5280036000"}},{"type":"Feature","geometry":{"type":"Polygon","coordinates":[[[126.61696,35.62541],[126.61329,35.62726],[126.60409,35.62211],[126.58985,35.62671],[126.58643,35.6264],[126.58096,35.6218],[126.57351,35.62374],[126.56944,35.62026],[126.56181,35.62163],[126.55087,35.62087],[126.54752,35.61748],[126.53984,35.62351],[126.53309,35.62193],[126.53163,35.61775],[126.5229,35.61875],[126.51517,35.61438],[126.5092,35.61336],[126.50911,35.60848],[126.51756,35.60201],[126.51786,35.59511],[126.52201,35.59438],[126.52709,35.58446],[126.52783,35.5793],[126.53174,35.58379],[126.5411,35.58801],[126.54916,35.58557],[126.5601,35.58543],[126.56332,35.58752],[126.57525,35.59014],[126.58537,35.58764],[126.59296,35.58817],[126.59862,35.59425],[126.60328,35.59085],[126.60453,35.58585],[126.61214,35.58722],[126.61716,35.58495],[126.62512,35.59297],[126.62659,35.60162],[126.63016,35.6094],[126.62319,35.61333],[126.62452,35.61767],[126.61696,35.62541]]]},"properties":{"key":"전북특별자치도|부안군|진서면","code":"5280037000"}},{"type":"Feature","geometry":{"type":"Polygon","coordinates":[[[126.80491,35.73537],[126.80049,35.74131],[126.79915,35.74733],[126.79274,35.75354],[126.77748,35.75318],[126.78401,35.74914],[126.77979,35.74382],[126.78302,35.73704],[126.78744,35.73482],[126.78909,35.73038],[126.78673,35.72581],[126.77837,35.72042],[126.77567,35.72066],[126.77901,35.71633],[126.76994,35.69833],[126.76399,35.69242],[126.76169,35.69324],[126.75705,35.68351],[126.75049,35.685],[126.74813,35.67871],[126.74371,35.67976],[126.74172,35.68394],[126.73438,35.67992],[126.74019,35.67464],[126.74395,35.66673],[126.74932,35.66467],[126.75122,35.67028],[126.75469,35.66949],[126.76088,35.66119],[126.76509,35.66472],[126.7654,35.6738],[126.77182,35.68485],[126.77586,35.68281],[126.78351,35.67584],[126.7893,35.67553],[126.79804,35.68463],[126.80579,35.6758],[126.80862,35.68036],[126.81573,35.68308],[126.8197,35.68062],[126.82725,35.67999],[126.82908,35.68499],[126.83474,35.68726],[126.83952,35.69773],[126.82838,35.70939],[126.82527,35.71431],[126.82033,35.71812],[126.81749,35.71503],[126.81271,35.71583],[126.80821,35.73393],[126.80491,35.73537]]]},"properties":{"key":"전북특별자치도|부안군|백산면","code":"5280038000"}},{"type":"Feature","geometry":{"type":"Polygon","coordinates":[[[126.6863,35.71241],[126.68543,35.717],[126.67921,35.71779],[126.66212,35.7149],[126.6593,35.71006],[126.64548,35.69812],[126.64108,35.69249],[126.63974,35.6867],[126.62614,35.68771],[126.62167,35.68533],[126.61904,35.67736],[126.61074,35.67291],[126.61118,35.66884],[126.60475,35.66624],[126.60053,35.65603],[126.60135,35.6526],[126.59703,35.64904],[126.59506,35.64416],[126.59021,35.64085],[126.58682,35.63382],[126.58985,35.62671],[126.60409,35.62211],[126.61329,35.62726],[126.61696,35.62541],[126.62287,35.62857],[126.62191,35.63454],[126.63375,35.63774],[126.64498,35.63412],[126.65058,35.6493],[126.6573,35.65101],[126.66096,35.64452],[126.66586,35.64037],[126.67261,35.64479],[126.66923,35.64915],[126.67165,35.65997],[126.68897,35.66977],[126.6914,35.6799],[126.69764,35.70033],[126.69027,35.70574],[126.6863,35.71241]]]},"properties":{"key":"전북특별자치도|부안군|상서면","code":"5280039000"}},{"type":"Feature","geometry":{"type":"Polygon","coordinates":[[[126.66735,35.74069],[126.66167,35.75076],[126.65261,35.74948],[126.63699,35.73989],[126.63112,35.74596],[126.62604,35.74758],[126.61155,35.73683],[126.61129,35.73415],[126.60582,35.72758],[126.60122,35.71956],[126.58892,35.70842],[126.58489,35.70834],[126.57057,35.69513],[126.56816,35.69458],[126.56914,35.6916],[126.5784,35.68598],[126.58061,35.68223],[126.58764,35.68188],[126.59105,35.67841],[126.59823,35.67793],[126.602,35.68265],[126.60659,35.68208],[126.61108,35.67798],[126.61904,35.67736],[126.62167,35.68533],[126.62614,35.68771],[126.63974,35.6867],[126.64108,35.69249],[126.64548,35.69812],[126.6593,35.71006],[126.66212,35.7149],[126.67921,35.71779],[126.68543,35.717],[126.6863,35.71241],[126.69006,35.71688],[126.69045,35.72488],[126.67859,35.72524],[126.66735,35.74069]]]},"properties":{"key":"전북특별자치도|부안군|하서면","code":"5280040000"}},{"type":"Feature","geometry":{"type":"Polygon","coordinates":[[[126.7217,35.57303],[126.71847,35.57956],[126.72542,35.59366],[126.7202,35.59856],[126.72212,35.60461],[126.72001,35.61059],[126.72323,35.61789],[126.72214,35.6232],[126.71403,35.61722],[126.7023,35.61872],[126.70217,35.61233],[126.69173,35.61175],[126.67669,35.60664],[126.67259,35.60131],[126.66306,35.59927],[126.6574,35.5906],[126.66585,35.57551],[126.67225,35.5714],[126.68046,35.57248],[126.68473,35.56995],[126.69222,35.56945],[126.70243,35.57451],[126.7217,35.57303]]]},"properties":{"key":"전북특별자치도|부안군|줄포면","code":"5280041000"}},{"type":"Feature","geometry":{"type":"MultiPolygon","coordinates":[[[[126.30426,35.6217],[126.30333,35.61266],[126.29767,35.61168],[126.29529,35.60518],[126.29068,35.60605],[126.29188,35.60976],[126.29231,35.61852],[126.28779,35.61464],[126.29177,35.60977],[126.28719,35.60855],[126.28411,35.61414],[126.27553,35.6173],[126.27596,35.61277],[126.28501,35.60675],[126.28331,35.60401],[126.27071,35.60851],[126.26786,35.60461],[126.27289,35.5989],[126.26934,35.5935],[126.27031,35.58956],[126.26493,35.58852],[126.25409,35.5899],[126.2496,35.58865],[126.24897,35.58466],[126.25401,35.58275],[126.25676,35.57459],[126.26263,35.57112],[126.26634,35.5762],[126.27534,35.57784],[126.28893,35.58951],[126.28896,35.59184],[126.29827,35.59535],[126.3028,35.59509],[126.30482,35.60039],[126.31117,35.60462],[126.31549,35.611],[126.3076,35.62043],[126.30426,35.6217]]],[[[126.28841,35.63412],[126.2764,35.63486],[126.27367,35.63246],[126.27589,35.62844],[126.29446,35.62802],[126.28841,35.63412]]],[[[126.12644,35.64005],[126.12231,35.6445],[126.11572,35.64509],[126.11136,35.64269],[126.111,35.63907],[126.11617,35.63707],[126.12061,35.63948],[126.12347,35.63337],[126.12962,35.63575],[126.12644,35.64005]]],[[[126.1098,35.66348],[126.10667,35.66764],[126.09895,35.66173],[126.10778,35.65971],[126.1098,35.66348]]]]},"properties":{"key":"전북특별자치도|부안군|위도면","code":"5280042000"}},{"type":"Feature","geometry":{"type":"Polygon","coordinates":[[[127.08727,35.84003],[127.0856,35.83247],[127.07727,35.82953],[127.0719,35.82524],[127.07992,35.82397],[127.09241,35.81836],[127.0944,35.81363],[127.11199,35.81363],[127.11263,35.81365],[127.11324,35.81545],[127.11365,35.82532],[127.11277,35.82585],[127.11157,35.82807],[127.10535,35.83285],[127.10474,35.8401],[127.09023,35.83813],[127.08727,35.84003]]]},"properties":{"key":"전북특별자치도|전주시완산구|효자5동","code":"5211173000"}},{"type":"Feature","geometry":{"type":"Polygon","coordinates":[[[127.07037,35.82505],[127.07202,35.83189],[127.06779,35.83282],[127.06722,35.8385],[127.05862,35.83828],[127.05855,35.83296],[127.05177,35.83331],[127.05094,35.82864],[127.05624,35.82526],[127.07037,35.82505]]]},"properties":{"key":"전북특별자치도|전주시덕진구|혁신동","code":"5211367000"}},{"type":"Feature","geometry":{"type":"Polygon","coordinates":[[[127.1424,35.86905],[127.13712,35.87931],[127.13478,35.88096],[127.13217,35.8816],[127.11853,35.87876],[127.12605,35.87551],[127.12135,35.86968],[127.1424,35.86905]]]},"properties":{"key":"전북특별자치도|전주시덕진구|송천3동","code":"5211364300"}}]}